--
-- PostgreSQL database dump
--

-- Dumped from database version 12.2
-- Dumped by pg_dump version 12.2

-- Started on 2020-11-23 14:41:44

SET statement_timeout = 0;
SET lock_timeout = 0;
SET idle_in_transaction_session_timeout = 0;
SET client_encoding = 'UTF8';
SET standard_conforming_strings = on;
SELECT pg_catalog.set_config('search_path', '', false);
SET check_function_bodies = false;
SET xmloption = content;
SET client_min_messages = warning;
SET row_security = off;

SET default_tablespace = '';

SET default_table_access_method = heap;

--
-- TOC entry 202 (class 1259 OID 49625)
-- Name: itemfamilies; Type: TABLE; Schema: public; Owner: postgres
--

CREATE TABLE public.itemfamilies (
    id character varying(16) NOT NULL,
    friendlyname character varying(64) NOT NULL,
    meta jsonb NOT NULL
);


ALTER TABLE public.itemfamilies OWNER TO postgres;

--
-- TOC entry 203 (class 1259 OID 49631)
-- Name: items; Type: TABLE; Schema: public; Owner: postgres
--

CREATE TABLE public.items (
    id uuid NOT NULL,
    itemtypeid uuid NOT NULL,
    meta jsonb NOT NULL
);


ALTER TABLE public.items OWNER TO postgres;

--
-- TOC entry 204 (class 1259 OID 49637)
-- Name: itemtypes; Type: TABLE; Schema: public; Owner: postgres
--

CREATE TABLE public.itemtypes (
    id uuid NOT NULL,
    family character varying(16) NOT NULL,
    name character varying(64) NOT NULL,
    meta jsonb NOT NULL
);


ALTER TABLE public.itemtypes OWNER TO postgres;

--
-- TOC entry 205 (class 1259 OID 49643)
-- Name: sessions; Type: TABLE; Schema: public; Owner: postgres
--

CREATE TABLE public.sessions (
    id uuid NOT NULL,
    userid uuid NOT NULL
);


ALTER TABLE public.sessions OWNER TO postgres;

--
-- TOC entry 206 (class 1259 OID 49646)
-- Name: ships; Type: TABLE; Schema: public; Owner: postgres
--

CREATE TABLE public.ships (
    id uuid NOT NULL,
    universe_systemid uuid NOT NULL,
    userid uuid NOT NULL,
    pos_x double precision DEFAULT 0 NOT NULL,
    pos_y double precision DEFAULT 0 NOT NULL,
    created time with time zone DEFAULT now() NOT NULL,
    shipname character varying(32) NOT NULL,
    texture character varying(32) DEFAULT 'Mass Testing Brick'::character varying NOT NULL,
    theta double precision DEFAULT 0 NOT NULL,
    vel_x double precision DEFAULT 0 NOT NULL,
    vel_y double precision DEFAULT 0 NOT NULL,
    shield double precision NOT NULL,
    armor double precision NOT NULL,
    hull double precision NOT NULL,
    fuel double precision NOT NULL,
    heat double precision NOT NULL,
    energy double precision NOT NULL,
    shiptemplateid uuid NOT NULL,
    dockedat_stationid uuid,
    fitting jsonb DEFAULT '{}'::jsonb NOT NULL,
    destroyed boolean DEFAULT false NOT NULL,
    destroyedat timestamp with time zone
);


ALTER TABLE public.ships OWNER TO postgres;

--
-- TOC entry 207 (class 1259 OID 49660)
-- Name: shiptemplates; Type: TABLE; Schema: public; Owner: postgres
--

CREATE TABLE public.shiptemplates (
    id uuid NOT NULL,
    created time with time zone DEFAULT now() NOT NULL,
    shiptemplatename character varying(32) NOT NULL,
    texture character varying(32) DEFAULT 'Mass Testing Brick'::character varying NOT NULL,
    radius double precision DEFAULT 0 NOT NULL,
    baseaccel double precision DEFAULT 0 NOT NULL,
    basemass double precision DEFAULT 0 NOT NULL,
    baseturn double precision DEFAULT 0 NOT NULL,
    baseshield double precision DEFAULT 0 NOT NULL,
    baseshieldregen double precision DEFAULT 0 NOT NULL,
    basearmor double precision DEFAULT 0 NOT NULL,
    basehull double precision DEFAULT 0 NOT NULL,
    basefuel double precision DEFAULT 0 NOT NULL,
    baseheatcap double precision DEFAULT 0 NOT NULL,
    baseheatsink double precision DEFAULT 0 NOT NULL,
    baseenergy double precision DEFAULT 0 NOT NULL,
    baseenergyregen double precision DEFAULT 0 NOT NULL,
    shiptypeid uuid NOT NULL,
    slotlayout jsonb DEFAULT '{}'::jsonb NOT NULL
);


ALTER TABLE public.shiptemplates OWNER TO postgres;

--
-- TOC entry 208 (class 1259 OID 49682)
-- Name: shiptypes; Type: TABLE; Schema: public; Owner: postgres
--

CREATE TABLE public.shiptypes (
    id uuid NOT NULL,
    name character varying(64) NOT NULL
);


ALTER TABLE public.shiptypes OWNER TO postgres;

--
-- TOC entry 209 (class 1259 OID 49685)
-- Name: universe_jumpholes; Type: TABLE; Schema: public; Owner: postgres
--

CREATE TABLE public.universe_jumpholes (
    id uuid NOT NULL,
    universe_systemid uuid NOT NULL,
    out_systemid uuid NOT NULL,
    jumpholename character varying(64) NOT NULL,
    pos_x double precision NOT NULL,
    pos_y double precision NOT NULL,
    texture character varying(64) NOT NULL,
    radius double precision DEFAULT 0 NOT NULL,
    mass double precision DEFAULT 0 NOT NULL,
    theta double precision DEFAULT 0 NOT NULL
);


ALTER TABLE public.universe_jumpholes OWNER TO postgres;

--
-- TOC entry 210 (class 1259 OID 49691)
-- Name: universe_planets; Type: TABLE; Schema: public; Owner: postgres
--

CREATE TABLE public.universe_planets (
    id uuid NOT NULL,
    universe_systemid uuid NOT NULL,
    planetname character varying(64) NOT NULL,
    pos_x double precision NOT NULL,
    pos_y double precision NOT NULL,
    texture character varying(64) NOT NULL,
    radius double precision DEFAULT 0 NOT NULL,
    mass double precision DEFAULT 0 NOT NULL,
    theta double precision DEFAULT 0 NOT NULL
);


ALTER TABLE public.universe_planets OWNER TO postgres;

--
-- TOC entry 211 (class 1259 OID 49697)
-- Name: universe_regions; Type: TABLE; Schema: public; Owner: postgres
--

CREATE TABLE public.universe_regions (
    id uuid NOT NULL,
    regionname character varying(32) NOT NULL
);


ALTER TABLE public.universe_regions OWNER TO postgres;

--
-- TOC entry 212 (class 1259 OID 49700)
-- Name: universe_stars; Type: TABLE; Schema: public; Owner: postgres
--

CREATE TABLE public.universe_stars (
    id uuid NOT NULL,
    universe_systemid uuid NOT NULL,
    pos_x double precision NOT NULL,
    pos_y double precision NOT NULL,
    texture character varying(64) NOT NULL,
    radius double precision DEFAULT 0 NOT NULL,
    mass double precision DEFAULT 0 NOT NULL,
    theta double precision DEFAULT 0 NOT NULL
);


ALTER TABLE public.universe_stars OWNER TO postgres;

--
-- TOC entry 213 (class 1259 OID 49706)
-- Name: universe_stations; Type: TABLE; Schema: public; Owner: postgres
--

CREATE TABLE public.universe_stations (
    id uuid NOT NULL,
    universe_systemid uuid NOT NULL,
    stationname character varying(64) NOT NULL,
    pos_x double precision NOT NULL,
    pos_y double precision NOT NULL,
    texture character varying(64) NOT NULL,
    radius double precision DEFAULT 0 NOT NULL,
    mass double precision DEFAULT 0 NOT NULL,
    theta double precision DEFAULT 0 NOT NULL
);


ALTER TABLE public.universe_stations OWNER TO postgres;

--
-- TOC entry 214 (class 1259 OID 49712)
-- Name: universe_systems; Type: TABLE; Schema: public; Owner: postgres
--

CREATE TABLE public.universe_systems (
    id uuid NOT NULL,
    systemname character varying(32) NOT NULL,
    regionid uuid NOT NULL
);


ALTER TABLE public.universe_systems OWNER TO postgres;

--
-- TOC entry 215 (class 1259 OID 49715)
-- Name: users; Type: TABLE; Schema: public; Owner: postgres
--

CREATE TABLE public.users (
    id uuid NOT NULL,
    username character varying(16) NOT NULL,
    hashpass character(64) NOT NULL,
    registered timestamp with time zone NOT NULL,
    banned bit(1) NOT NULL,
    current_shipid uuid
);


ALTER TABLE public.users OWNER TO postgres;

--
-- TOC entry 2958 (class 0 OID 49625)
-- Dependencies: 202
-- Data for Name: itemfamilies; Type: TABLE DATA; Schema: public; Owner: postgres
--

COPY public.itemfamilies (id, friendlyname, meta) FROM stdin;
gun_turret	Gun Turret	{}
missile_launcher	Missile Launcher	{}
\.


--
-- TOC entry 2959 (class 0 OID 49631)
-- Dependencies: 203
-- Data for Name: items; Type: TABLE DATA; Schema: public; Owner: postgres
--

COPY public.items (id, itemtypeid, meta) FROM stdin;
49381757-36b7-44e1-8a27-84c75cd405d7	9d1014c5-3422-4a0f-9839-f585269b4b16	{"health": 10}
7286cb5d-5ded-4ff5-9a5a-7f56932ada9a	9d1014c5-3422-4a0f-9839-f585269b4b16	{"health": 10}
\.


--
-- TOC entry 2960 (class 0 OID 49637)
-- Dependencies: 204
-- Data for Name: itemtypes; Type: TABLE DATA; Schema: public; Owner: postgres
--

COPY public.itemtypes (id, family, name, meta) FROM stdin;
9d1014c5-3422-4a0f-9839-f585269b4b16	gun_turret	Basic Laser Tool	{"hp": 10, "rack": "a", "range": 1528, "volume": 4, "falloff": "linear", "cooldown": 5, "hull_damage": 4, "armor_damage": 1, "can_mine_gas": false, "can_mine_ice": false, "can_mine_ore": true, "needs_target": true, "shield_damage": 2, "activation_heat": 30, "activation_energy": 5, "ore_mining_volume": 1, "activation_gfx_effect": "basic_laser_tool"}
\.


--
-- TOC entry 2961 (class 0 OID 49643)
-- Dependencies: 205
-- Data for Name: sessions; Type: TABLE DATA; Schema: public; Owner: postgres
--

COPY public.sessions (id, userid) FROM stdin;
629b75b4-24ec-44ae-a4f7-c2340b8f90e2	06ddd20c-bc9a-4833-ac19-7915789efc42
5804ad7c-be2c-489b-8d70-9bba51b8aa2c	27c88822-09f0-47cd-bc20-376b2f2cc295
526a0dc9-fbd1-4c4b-b47b-14b60c92d26c	271d25f3-cc35-49ca-932c-b2addfff1093
\.


--
-- TOC entry 2962 (class 0 OID 49646)
-- Dependencies: 206
-- Data for Name: ships; Type: TABLE DATA; Schema: public; Owner: postgres
--

COPY public.ships (id, universe_systemid, userid, pos_x, pos_y, created, shipname, texture, theta, vel_x, vel_y, shield, armor, hull, fuel, heat, energy, shiptemplateid, dockedat_stationid, fitting, destroyed, destroyedat) FROM stdin;
0fb2bb2b-a649-4b60-8f6e-634016fbaad7	1d4e0a33-9f67-4f24-8b7b-1af4d5aa2ef1	06ddd20c-bc9a-4833-ac19-7915789efc42	230438.4536976168	-341812.0417404656	03:34:27.903963-05	asdf's Starter Ship	Sparrow	333.53580707805884	1.3969113221915144e-41	4.1950959225485545e-42	0	15.852800902005129	45.515973192436256	221.45341010249177	0	138	8d9e032c-d9b1-4a36-8bbf-1448fa60a09a	\N	{"a_rack": null, "b_rack": null, "c_rack": null}	f	\N
c5bb86e3-5447-409e-aa8a-fba56db164b0	1d4e0a33-9f67-4f24-8b7b-1af4d5aa2ef1	27c88822-09f0-47cd-bc20-376b2f2cc295	230591.23261577002	-341785.7583716486	03:18:04.439264-05	nwiehoff's Starter Ship	Sparrow	249.31600664934652	-0.12674890644167372	0.7475704810773663	209	169	134.28230584826818	114.2377254477232	0.002050592308950175	138	8d9e032c-d9b1-4a36-8bbf-1448fa60a09a	\N	{"a_rack": [{"item_id": "49381757-36b7-44e1-8a27-84c75cd405d7", "item_type_id": "9d1014c5-3422-4a0f-9839-f585269b4b16"}, {"item_id": "7286cb5d-5ded-4ff5-9a5a-7f56932ada9a", "item_type_id": "9d1014c5-3422-4a0f-9839-f585269b4b16"}], "b_rack": null, "c_rack": null}	f	\N
24619744-ba06-498d-990c-9b77cee47629	1d4e0a33-9f67-4f24-8b7b-1af4d5aa2ef1	271d25f3-cc35-49ca-932c-b2addfff1093	-419	387	14:40:29.902155-05	qqqq's Starter Ship	Sparrow	0	0	0	209	169	135	265	0	138	8d9e032c-d9b1-4a36-8bbf-1448fa60a09a	\N	{"a_rack": null, "b_rack": null, "c_rack": null}	f	\N
\.


--
-- TOC entry 2963 (class 0 OID 49660)
-- Dependencies: 207
-- Data for Name: shiptemplates; Type: TABLE DATA; Schema: public; Owner: postgres
--

COPY public.shiptemplates (id, created, shiptemplatename, texture, radius, baseaccel, basemass, baseturn, baseshield, baseshieldregen, basearmor, basehull, basefuel, baseheatcap, baseheatsink, baseenergy, baseenergyregen, shiptypeid, slotlayout) FROM stdin;
8d9e032c-d9b1-4a36-8bbf-1448fa60a09a	12:34:26.294578-04	Sparrow	Sparrow	12.5	4.3	100	4.7	209	6	169	135	265	737	11	138	9	e364a553-1dc5-4e8d-9195-0ca4989bec49	{"a_slots": [{"hp_pos": [0, 0, 0], "volume": 10, "mod_family": "gun"}, {"hp_pos": [0, 0, 0], "volume": 10, "mod_family": "gun"}, {"hp_pos": [0, 0, 0], "volume": 10, "mod_family": "utility"}], "b_slots": [{"hp_pos": [0, 0, 0], "volume": 8, "mod_family": "any"}, {"hp_pos": [0, 0, 0], "volume": 8, "mod_family": "any"}], "c_slots": [{"hp_pos": [0, 0, 0], "volume": 6, "mod_family": "any"}, {"hp_pos": [0, 0, 0], "volume": 6, "mod_family": "any"}]}
\.


--
-- TOC entry 2964 (class 0 OID 49682)
-- Dependencies: 208
-- Data for Name: shiptypes; Type: TABLE DATA; Schema: public; Owner: postgres
--

COPY public.shiptypes (id, name) FROM stdin;
e364a553-1dc5-4e8d-9195-0ca4989bec49	Skiff
dcc89c69-28cb-4018-8ee0-1c9e34ff0bca	Transport
bed0330f-eba3-47ed-8e55-84c753c6c376	Frigate
b6be8bdb-37d4-4899-9092-0c5c1901ed62	Cruiser
a7b8e2cf-9e69-480e-a5fa-dc19d8be9a57	Battleship
2d8c098a-b7d8-4518-940b-8c6bfcac311b	Freighter
\.


--
-- TOC entry 2965 (class 0 OID 49685)
-- Dependencies: 209
-- Data for Name: universe_jumpholes; Type: TABLE DATA; Schema: public; Owner: postgres
--

COPY public.universe_jumpholes (id, universe_systemid, out_systemid, jumpholename, pos_x, pos_y, texture, radius, mass, theta) FROM stdin;
0602c3bf-7d70-4a4f-9ebd-77e7cec7ff12	1d4e0a33-9f67-4f24-8b7b-1af4d5aa2ef1	edf08406-0879-4141-8af1-f68d32e31c8d	Test Jumphole 1	25000	25000	Jumphole	250	9999999	25
834572ef-b709-4ea7-9cd9-b526744f38cc	edf08406-0879-4141-8af1-f68d32e31c8d	1d4e0a33-9f67-4f24-8b7b-1af4d5aa2ef1	Test Jumphole 2	-600000	350000	Jumphole	250	9999999	112
\.


--
-- TOC entry 2966 (class 0 OID 49691)
-- Dependencies: 210
-- Data for Name: universe_planets; Type: TABLE DATA; Schema: public; Owner: postgres
--

COPY public.universe_planets (id, universe_systemid, planetname, pos_x, pos_y, texture, radius, mass, theta) FROM stdin;
695f28ec-941d-405c-b1ca-fbeace169d92	1d4e0a33-9f67-4f24-8b7b-1af4d5aa2ef1	Test Planet	207460	-335230	vh_unshaded\\planet03	3960	1000000	23
e20d3b80-f44f-4e16-91c7-d5489a95bf4a	1d4e0a33-9f67-4f24-8b7b-1af4d5aa2ef1	Another Planet	-303350	-100230	vh_unshaded\\planet09	2352	2000000	112
\.


--
-- TOC entry 2967 (class 0 OID 49697)
-- Dependencies: 211
-- Data for Name: universe_regions; Type: TABLE DATA; Schema: public; Owner: postgres
--

COPY public.universe_regions (id, regionname) FROM stdin;
bfca1f47-e182-4b4d-8632-48d8ead08647	The Core
\.


--
-- TOC entry 2968 (class 0 OID 49700)
-- Dependencies: 212
-- Data for Name: universe_stars; Type: TABLE DATA; Schema: public; Owner: postgres
--

COPY public.universe_stars (id, universe_systemid, pos_x, pos_y, texture, radius, mass, theta) FROM stdin;
058618fc-1bb3-42a6-a240-14922782de41	edf08406-0879-4141-8af1-f68d32e31c8d	10570	15130	vh_main_sequence\\star_yellow03	28380	30000000000	0
42805a07-9f38-484c-9aaf-9ec55e74f725	1d4e0a33-9f67-4f24-8b7b-1af4d5aa2ef1	32670	-11350	vh_main_sequence\\star_red01	15010	1000000000	0
\.


--
-- TOC entry 2969 (class 0 OID 49706)
-- Dependencies: 213
-- Data for Name: universe_stations; Type: TABLE DATA; Schema: public; Owner: postgres
--

COPY public.universe_stations (id, universe_systemid, stationname, pos_x, pos_y, texture, radius, mass, theta) FROM stdin;
cf07bba9-90b2-4599-b1e3-84d797a67f0a	1d4e0a33-9f67-4f24-8b7b-1af4d5aa2ef1	Another Station	24771.795632863843	-9938.30877953488	Sunfarm	740	25300	112.4
526f57f5-09e0-41c7-9a89-cd803ec0a065	1d4e0a33-9f67-4f24-8b7b-1af4d5aa2ef1	Test Station	207460	-335230	Fleet Armory	810	65000	23.33
\.


--
-- TOC entry 2970 (class 0 OID 49712)
-- Dependencies: 214
-- Data for Name: universe_systems; Type: TABLE DATA; Schema: public; Owner: postgres
--

COPY public.universe_systems (id, systemname, regionid) FROM stdin;
1d4e0a33-9f67-4f24-8b7b-1af4d5aa2ef1	Test System	bfca1f47-e182-4b4d-8632-48d8ead08647
edf08406-0879-4141-8af1-f68d32e31c8d	Another System	bfca1f47-e182-4b4d-8632-48d8ead08647
\.


--
-- TOC entry 2971 (class 0 OID 49715)
-- Dependencies: 215
-- Data for Name: users; Type: TABLE DATA; Schema: public; Owner: postgres
--

COPY public.users (id, username, hashpass, registered, banned, current_shipid) FROM stdin;
27c88822-09f0-47cd-bc20-376b2f2cc295	nwiehoff	02c4bf7d7e35c6bab999ac03ece60b8586a27f7ecd4830983b138b74262bf3f9	2020-11-21 03:18:04.376197-05	0	c5bb86e3-5447-409e-aa8a-fba56db164b0
06ddd20c-bc9a-4833-ac19-7915789efc42	asdf	32c90262d31219416430b3d6883c0c16e01d937c546861b98ed8c70491adc3e1	2020-11-21 03:34:27.833965-05	0	0fb2bb2b-a649-4b60-8f6e-634016fbaad7
271d25f3-cc35-49ca-932c-b2addfff1093	qqqq	6e2d0aa3b753f58cbf8e6f5397f3fb475824cc1c5961f8d48cd6ef087b63a9a5	2020-11-23 14:40:29.835123-05	0	24619744-ba06-498d-990c-9b77cee47629
\.


--
-- TOC entry 2786 (class 2606 OID 49719)
-- Name: sessions sessions_pkey; Type: CONSTRAINT; Schema: public; Owner: postgres
--

ALTER TABLE ONLY public.sessions
    ADD CONSTRAINT sessions_pkey PRIMARY KEY (id);


--
-- TOC entry 2790 (class 2606 OID 49721)
-- Name: ships ships_pkey; Type: CONSTRAINT; Schema: public; Owner: postgres
--

ALTER TABLE ONLY public.ships
    ADD CONSTRAINT ships_pkey PRIMARY KEY (id);


--
-- TOC entry 2792 (class 2606 OID 49723)
-- Name: shiptemplates shiptemplates_pkey; Type: CONSTRAINT; Schema: public; Owner: postgres
--

ALTER TABLE ONLY public.shiptemplates
    ADD CONSTRAINT shiptemplates_pkey PRIMARY KEY (id);


--
-- TOC entry 2794 (class 2606 OID 49725)
-- Name: shiptypes shiptypes_name_uq; Type: CONSTRAINT; Schema: public; Owner: postgres
--

ALTER TABLE ONLY public.shiptypes
    ADD CONSTRAINT shiptypes_name_uq UNIQUE (name);


--
-- TOC entry 2796 (class 2606 OID 49727)
-- Name: shiptypes shiptypes_pkey; Type: CONSTRAINT; Schema: public; Owner: postgres
--

ALTER TABLE ONLY public.shiptypes
    ADD CONSTRAINT shiptypes_pkey PRIMARY KEY (id);


--
-- TOC entry 2798 (class 2606 OID 49729)
-- Name: universe_jumpholes universe_jumphole_pk; Type: CONSTRAINT; Schema: public; Owner: postgres
--

ALTER TABLE ONLY public.universe_jumpholes
    ADD CONSTRAINT universe_jumphole_pk PRIMARY KEY (id);


--
-- TOC entry 2800 (class 2606 OID 49731)
-- Name: universe_planets universe_planet_pk; Type: CONSTRAINT; Schema: public; Owner: postgres
--

ALTER TABLE ONLY public.universe_planets
    ADD CONSTRAINT universe_planet_pk PRIMARY KEY (id);


--
-- TOC entry 2802 (class 2606 OID 49733)
-- Name: universe_regions universe_regions_name_uq; Type: CONSTRAINT; Schema: public; Owner: postgres
--

ALTER TABLE ONLY public.universe_regions
    ADD CONSTRAINT universe_regions_name_uq UNIQUE (regionname);


--
-- TOC entry 2804 (class 2606 OID 49735)
-- Name: universe_regions universe_regions_pk_uq; Type: CONSTRAINT; Schema: public; Owner: postgres
--

ALTER TABLE ONLY public.universe_regions
    ADD CONSTRAINT universe_regions_pk_uq PRIMARY KEY (id);


--
-- TOC entry 2806 (class 2606 OID 49737)
-- Name: universe_stars universe_star_pk; Type: CONSTRAINT; Schema: public; Owner: postgres
--

ALTER TABLE ONLY public.universe_stars
    ADD CONSTRAINT universe_star_pk PRIMARY KEY (id);


--
-- TOC entry 2808 (class 2606 OID 49739)
-- Name: universe_stations universe_station_pk; Type: CONSTRAINT; Schema: public; Owner: postgres
--

ALTER TABLE ONLY public.universe_stations
    ADD CONSTRAINT universe_station_pk PRIMARY KEY (id);


--
-- TOC entry 2810 (class 2606 OID 49741)
-- Name: universe_systems universe_systems_name_uq; Type: CONSTRAINT; Schema: public; Owner: postgres
--

ALTER TABLE ONLY public.universe_systems
    ADD CONSTRAINT universe_systems_name_uq UNIQUE (systemname);


--
-- TOC entry 2812 (class 2606 OID 49743)
-- Name: universe_systems universe_systems_pk_uq; Type: CONSTRAINT; Schema: public; Owner: postgres
--

ALTER TABLE ONLY public.universe_systems
    ADD CONSTRAINT universe_systems_pk_uq PRIMARY KEY (id);


--
-- TOC entry 2780 (class 2606 OID 49745)
-- Name: itemfamilies uq_itemfamily_id; Type: CONSTRAINT; Schema: public; Owner: postgres
--

ALTER TABLE ONLY public.itemfamilies
    ADD CONSTRAINT uq_itemfamily_id PRIMARY KEY (id);


--
-- TOC entry 2782 (class 2606 OID 49747)
-- Name: items uq_items_id; Type: CONSTRAINT; Schema: public; Owner: postgres
--

ALTER TABLE ONLY public.items
    ADD CONSTRAINT uq_items_id PRIMARY KEY (id);


--
-- TOC entry 2784 (class 2606 OID 49749)
-- Name: itemtypes uq_itemtype_id; Type: CONSTRAINT; Schema: public; Owner: postgres
--

ALTER TABLE ONLY public.itemtypes
    ADD CONSTRAINT uq_itemtype_id PRIMARY KEY (id);


--
-- TOC entry 2788 (class 2606 OID 49751)
-- Name: sessions userid_uq; Type: CONSTRAINT; Schema: public; Owner: postgres
--

ALTER TABLE ONLY public.sessions
    ADD CONSTRAINT userid_uq UNIQUE (userid);


--
-- TOC entry 2815 (class 2606 OID 49753)
-- Name: users users_pk_uq; Type: CONSTRAINT; Schema: public; Owner: postgres
--

ALTER TABLE ONLY public.users
    ADD CONSTRAINT users_pk_uq PRIMARY KEY (id);


--
-- TOC entry 2817 (class 2606 OID 49755)
-- Name: users users_username_uq; Type: CONSTRAINT; Schema: public; Owner: postgres
--

ALTER TABLE ONLY public.users
    ADD CONSTRAINT users_username_uq UNIQUE (username);


--
-- TOC entry 2813 (class 1259 OID 49756)
-- Name: fki_fk_users_ships; Type: INDEX; Schema: public; Owner: postgres
--

CREATE INDEX fki_fk_users_ships ON public.users USING btree (current_shipid);


--
-- TOC entry 2818 (class 2606 OID 49757)
-- Name: items fk_items_itemtypes; Type: FK CONSTRAINT; Schema: public; Owner: postgres
--

ALTER TABLE ONLY public.items
    ADD CONSTRAINT fk_items_itemtypes FOREIGN KEY (itemtypeid) REFERENCES public.itemtypes(id);


--
-- TOC entry 2819 (class 2606 OID 49762)
-- Name: itemtypes fk_itemtypes_itemfamilies; Type: FK CONSTRAINT; Schema: public; Owner: postgres
--

ALTER TABLE ONLY public.itemtypes
    ADD CONSTRAINT fk_itemtypes_itemfamilies FOREIGN KEY (family) REFERENCES public.itemfamilies(id);


--
-- TOC entry 2820 (class 2606 OID 49767)
-- Name: ships fk_ships_dockstations; Type: FK CONSTRAINT; Schema: public; Owner: postgres
--

ALTER TABLE ONLY public.ships
    ADD CONSTRAINT fk_ships_dockstations FOREIGN KEY (dockedat_stationid) REFERENCES public.universe_stations(id) NOT VALID;


--
-- TOC entry 2821 (class 2606 OID 49772)
-- Name: ships fk_ships_shiptemplates; Type: FK CONSTRAINT; Schema: public; Owner: postgres
--

ALTER TABLE ONLY public.ships
    ADD CONSTRAINT fk_ships_shiptemplates FOREIGN KEY (shiptemplateid) REFERENCES public.shiptemplates(id) NOT VALID;


--
-- TOC entry 2822 (class 2606 OID 49777)
-- Name: ships fk_ships_systems; Type: FK CONSTRAINT; Schema: public; Owner: postgres
--

ALTER TABLE ONLY public.ships
    ADD CONSTRAINT fk_ships_systems FOREIGN KEY (universe_systemid) REFERENCES public.universe_systems(id);


--
-- TOC entry 2823 (class 2606 OID 49782)
-- Name: ships fk_ships_users; Type: FK CONSTRAINT; Schema: public; Owner: postgres
--

ALTER TABLE ONLY public.ships
    ADD CONSTRAINT fk_ships_users FOREIGN KEY (userid) REFERENCES public.users(id);


--
-- TOC entry 2824 (class 2606 OID 49787)
-- Name: shiptemplates fk_shiptemplates_shiptypes; Type: FK CONSTRAINT; Schema: public; Owner: postgres
--

ALTER TABLE ONLY public.shiptemplates
    ADD CONSTRAINT fk_shiptemplates_shiptypes FOREIGN KEY (shiptypeid) REFERENCES public.shiptypes(id) NOT VALID;


--
-- TOC entry 2830 (class 2606 OID 49792)
-- Name: universe_systems fk_system_region; Type: FK CONSTRAINT; Schema: public; Owner: postgres
--

ALTER TABLE ONLY public.universe_systems
    ADD CONSTRAINT fk_system_region FOREIGN KEY (regionid) REFERENCES public.universe_regions(id);


--
-- TOC entry 2831 (class 2606 OID 49797)
-- Name: users fk_users_ships; Type: FK CONSTRAINT; Schema: public; Owner: postgres
--

ALTER TABLE ONLY public.users
    ADD CONSTRAINT fk_users_ships FOREIGN KEY (current_shipid) REFERENCES public.ships(id);


--
-- TOC entry 2825 (class 2606 OID 49802)
-- Name: universe_jumpholes jumphole_out_fk; Type: FK CONSTRAINT; Schema: public; Owner: postgres
--

ALTER TABLE ONLY public.universe_jumpholes
    ADD CONSTRAINT jumphole_out_fk FOREIGN KEY (out_systemid) REFERENCES public.universe_systems(id);


--
-- TOC entry 2826 (class 2606 OID 49807)
-- Name: universe_jumpholes jumphole_system_fk; Type: FK CONSTRAINT; Schema: public; Owner: postgres
--

ALTER TABLE ONLY public.universe_jumpholes
    ADD CONSTRAINT jumphole_system_fk FOREIGN KEY (universe_systemid) REFERENCES public.universe_systems(id);


--
-- TOC entry 2827 (class 2606 OID 49812)
-- Name: universe_planets planet_system_fk; Type: FK CONSTRAINT; Schema: public; Owner: postgres
--

ALTER TABLE ONLY public.universe_planets
    ADD CONSTRAINT planet_system_fk FOREIGN KEY (universe_systemid) REFERENCES public.universe_systems(id);


--
-- TOC entry 2828 (class 2606 OID 49817)
-- Name: universe_stars star_system_fk; Type: FK CONSTRAINT; Schema: public; Owner: postgres
--

ALTER TABLE ONLY public.universe_stars
    ADD CONSTRAINT star_system_fk FOREIGN KEY (universe_systemid) REFERENCES public.universe_systems(id);


--
-- TOC entry 2829 (class 2606 OID 49822)
-- Name: universe_stations station_system_fk; Type: FK CONSTRAINT; Schema: public; Owner: postgres
--

ALTER TABLE ONLY public.universe_stations
    ADD CONSTRAINT station_system_fk FOREIGN KEY (universe_systemid) REFERENCES public.universe_systems(id);


-- Completed on 2020-11-23 14:41:44

--
-- PostgreSQL database dump complete
--

