-- Condor --------------------------------------
INSERT INTO public.itemtypes (id, family, name, meta) VALUES ('d450354e-6b87-44a8-a31d-dc1439539e5d', 'ship', 'Condor', '{"volume": 1254400, "shiptemplateid": "f44ad4b0-ad96-416a-b8e9-7bd0bb2bef22", "industrialmarket": {"maxprice": 326543189, "minprice": 87552031, "silosize": 5}}');
INSERT INTO public.shiptemplates (id, created, shiptemplatename, texture, radius, baseaccel, basemass, baseturn, baseshield, baseshieldregen, basearmor, basehull, basefuel, baseheatcap, baseheatsink, baseenergy, baseenergyregen, shiptypeid, slotlayout, basecargobayvolume, itemtypeid, canundock, wrecktexture, explosiontexture) VALUES ('f44ad4b0-ad96-416a-b8e9-7bd0bb2bef22', '2024-09-28 00:00:00+00', 'Condor', 'Condor', 141, 1.4, 220872, 1.6, 20360, 297, 16278, 12992, 24889, 35282, 496, 8638, 435, 'a7b8e2cf-9e69-480e-a5fa-dc19d8be9a57', '{"a_slots": [{"hp_pos": [25, 0], "volume": 320, "mod_family": "gun"}, {"hp_pos": [15, 0], "volume": 320, "mod_family": "gun"}, {"hp_pos": [5, 0], "volume": 320, "mod_family": "gun"}, {"hp_pos": [-5, 0], "volume": 320, "mod_family": "gun"}, {"hp_pos": [-15, 0], "volume": 320, "mod_family": "gun"}, {"hp_pos": [-25, 0], "volume": 320, "mod_family": "gun"}, {"hp_pos": [-25, 55], "volume": 320, "mod_family": "utility"}, {"hp_pos": [-25, -55], "volume": 320, "mod_family": "utility"}], "b_slots": [{"hp_pos": [0, 0], "volume": 280, "mod_family": "any"}, {"hp_pos": [0, 0], "volume": 280, "mod_family": "any"}, {"hp_pos": [0, 0], "volume": 280, "mod_family": "any"}, {"hp_pos": [0, 0], "volume": 280, "mod_family": "any"}, {"hp_pos": [0, 0], "volume": 280, "mod_family": "any"}, {"hp_pos": [0, 0], "volume": 280, "mod_family": "any"}], "c_slots": [{"hp_pos": [0, 0], "volume": 200, "mod_family": "any"}, {"hp_pos": [0, 0], "volume": 200, "mod_family": "any"}, {"hp_pos": [0, 0], "volume": 200, "mod_family": "any"}, {"hp_pos": [0, 0], "volume": 200, "mod_family": "any"}, {"hp_pos": [0, 0], "volume": 200, "mod_family": "any"}, {"hp_pos": [0, 0], "volume": 200, "mod_family": "any"}]}', 2884, 'd450354e-6b87-44a8-a31d-dc1439539e5d', true, 'basic-wreck', 'basic_explosion');

-- Apparition ----------------------------------
INSERT INTO public.itemtypes (id, family, name, meta) VALUES ('bf42de0d-91f9-42ae-abf2-a94a5dc88cfb', 'ship', 'Apparition', '{"volume": 1203292, "shiptemplateid": "b70ed730-b2df-4ee3-8a73-1f900d132602", "industrialmarket": {"maxprice": 317440398, "minprice": 101704837, "silosize": 5}}');
INSERT INTO public.shiptemplates (id, created, shiptemplatename, texture, radius, baseaccel, basemass, baseturn, baseshield, baseshieldregen, basearmor, basehull, basefuel, baseheatcap, baseheatsink, baseenergy, baseenergyregen, shiptypeid, slotlayout, basecargobayvolume, itemtypeid, canundock, wrecktexture, explosiontexture) VALUES ('b70ed730-b2df-4ee3-8a73-1f900d132602', '2024-09-28 00:00:00+00', 'Apparition', 'Apparition', 156, 1.4, 282145, 1.6, 18206, 238, 19187, 2154, 5855, 56142, 562, 9774, 430, 'a7b8e2cf-9e69-480e-a5fa-dc19d8be9a57', '{"a_slots": [{"hp_pos": [35, 0], "volume": 320, "mod_family": "gun"}, {"hp_pos": [15, 0], "volume": 320, "mod_family": "gun"}, {"hp_pos": [0, 0], "volume": 320, "mod_family": "gun"}, {"hp_pos": [15, 0], "volume": 320, "mod_family": "gun"}, {"hp_pos": [-35, 0], "volume": 320, "mod_family": "gun"}, {"hp_pos": [-20, 0], "volume": 350, "mod_family": "utility"}, {"hp_pos": [-10, 0], "volume": 350, "mod_family": "utility"}, {"hp_pos": [10, 0], "volume": 350, "mod_family": "utility"}], "b_slots": [{"hp_pos": [0, 0], "volume": 360, "mod_family": "any"}, {"hp_pos": [0, 0], "volume": 360, "mod_family": "any"}, {"hp_pos": [0, 0], "volume": 360, "mod_family": "any"}, {"hp_pos": [0, 0], "volume": 360, "mod_family": "any"}, {"hp_pos": [0, 0], "volume": 320, "mod_family": "any"}, {"hp_pos": [0, 0], "volume": 320, "mod_family": "any"}], "c_slots": [{"hp_pos": [0, 0], "volume": 390, "mod_family": "any"}, {"hp_pos": [0, 0], "volume": 390, "mod_family": "any"}, {"hp_pos": [0, 0], "volume": 390, "mod_family": "any"}, {"hp_pos": [0, 0], "volume": 390, "mod_family": "any"}, {"hp_pos": [0, 0], "volume": 350, "mod_family": "any"}, {"hp_pos": [0, 0], "volume": 350, "mod_family": "any"}]}', 2886, 'bf42de0d-91f9-42ae-abf2-a94a5dc88cfb', true, 'basic-wreck', 'basic_explosion');

-- Goanna --------------------------------------
INSERT INTO public.itemtypes (id, family, name, meta) VALUES ('27d601ab-a8fa-4c55-a37b-2b81876db670', 'ship', 'Goanna', '{"volume": 1472590, "shiptemplateid": "6090dfc9-43c4-47fb-be7e-be9fb4130319", "industrialmarket": {"maxprice": 214650752, "minprice": 65177258, "silosize": 5}}');
INSERT INTO public.shiptemplates (id, created, shiptemplatename, texture, radius, baseaccel, basemass, baseturn, baseshield, baseshieldregen, basearmor, basehull, basefuel, baseheatcap, baseheatsink, baseenergy, baseenergyregen, shiptypeid, slotlayout, basecargobayvolume, itemtypeid, canundock, wrecktexture, explosiontexture) VALUES ('6090dfc9-43c4-47fb-be7e-be9fb4130319', '2024-09-28 00:00:00+00', 'Goanna', 'Goanna', 171, 1.2, 473825, 1.4, 38575, 67, 42057, 13915, 26317, 24902, 513, 8659, 347, 'a7b8e2cf-9e69-480e-a5fa-dc19d8be9a57', '{"a_slots": [{"hp_pos": [-35, 35], "volume": 320, "mod_family": "missile"}, {"hp_pos": [-24, 0], "volume": 320, "mod_family": "missile"}, {"hp_pos": [35, -35], "volume": 320, "mod_family": "missile"}, {"hp_pos": [24, 0], "volume": 320, "mod_family": "missile"}, {"hp_pos": [15, -25], "volume": 330, "mod_family": "missile"}, {"hp_pos": [-15, 25], "volume": 330, "mod_family": "missile"}, {"hp_pos": [-10, 20], "volume": 365, "mod_family": "utility"}, {"hp_pos": [10, 0], "volume": 365, "mod_family": "utility"}], "b_slots": [{"hp_pos": [0, 0], "volume": 235, "mod_family": "any"}, {"hp_pos": [0, 0], "volume": 235, "mod_family": "any"}, {"hp_pos": [0, 0], "volume": 255, "mod_family": "any"}, {"hp_pos": [0, 0], "volume": 255, "mod_family": "any"}], "c_slots": [{"hp_pos": [0, 0], "volume": 290, "mod_family": "any"}, {"hp_pos": [0, 0], "volume": 290, "mod_family": "any"}, {"hp_pos": [0, 0], "volume": 290, "mod_family": "any"}, {"hp_pos": [0, 0], "volume": 310, "mod_family": "any"}, {"hp_pos": [0, 0], "volume": 310, "mod_family": "any"}, {"hp_pos": [0, 0], "volume": 310, "mod_family": "any"}, {"hp_pos": [0, 0], "volume": 310, "mod_family": "any"}]}', 4707, '27d601ab-a8fa-4c55-a37b-2b81876db670', true, 'basic-wreck', 'basic_explosion');

-- Lion ----------------------------------------
INSERT INTO public.itemtypes (id, family, name, meta) VALUES ('2500f3f2-3aac-4b06-9585-81cc74617d09', 'ship', 'Lion', '{"volume": 1220353, "shiptemplateid": "50da40a8-6f7f-40b2-be10-4e1350cb614d", "industrialmarket": {"maxprice": 302634200, "minprice": 100620105, "silosize": 5}}');
INSERT INTO public.shiptemplates (id, created, shiptemplatename, texture, radius, baseaccel, basemass, baseturn, baseshield, baseshieldregen, basearmor, basehull, basefuel, baseheatcap, baseheatsink, baseenergy, baseenergyregen, shiptypeid, slotlayout, basecargobayvolume, itemtypeid, canundock, wrecktexture, explosiontexture) VALUES ('50da40a8-6f7f-40b2-be10-4e1350cb614d', '2024-09-28 00:00:00+00', 'Lion', 'Lion', 150, 1.7, 185925, 2.3, 42685, 505, 12105, 7758, 31055, 30528, 435, 8769, 420, 'a7b8e2cf-9e69-480e-a5fa-dc19d8be9a57', '{"a_slots": [{"hp_pos": [10, 45], "volume": 350, "mod_family": "missile"}, {"hp_pos": [10, -45], "volume": 350, "mod_family": "missile"}, {"hp_pos": [-10, 45], "volume": 350, "mod_family": "missile"}, {"hp_pos": [-10, -45], "volume": 350, "mod_family": "missile"}, {"hp_pos": [-15, 0], "volume": 280, "mod_family": "utility"}, {"hp_pos": [15, 0], "volume": 280, "mod_family": "utility"}, {"hp_pos": [-15, -15], "volume": 200, "mod_family": "utility"}, {"hp_pos": [15, 15], "volume": 200, "mod_family": "utility"}], "b_slots": [{"hp_pos": [0, 0], "volume": 400, "mod_family": "any"}, {"hp_pos": [0, 0], "volume": 400, "mod_family": "any"}, {"hp_pos": [0, 0], "volume": 320, "mod_family": "any"}, {"hp_pos": [0, 0], "volume": 320, "mod_family": "any"}, {"hp_pos": [0, 0], "volume": 240, "mod_family": "any"}, {"hp_pos": [0, 0], "volume": 240, "mod_family": "any"}, {"hp_pos": [0, 0], "volume": 240, "mod_family": "any"}], "c_slots": [{"hp_pos": [0, 0], "volume": 215, "mod_family": "any"}, {"hp_pos": [0, 0], "volume": 215, "mod_family": "any"}, {"hp_pos": [0, 0], "volume": 215, "mod_family": "any"}, {"hp_pos": [0, 0], "volume": 215, "mod_family": "any"}, {"hp_pos": [0, 0], "volume": 215, "mod_family": "any"}]}', 1839, '2500f3f2-3aac-4b06-9585-81cc74617d09', true, 'basic-wreck', 'basic_explosion');

-- schematic item types (todo make not cruisers)
INSERT INTO public.itemtypes (id, family, name, meta) VALUES ('b1e96825-0462-4062-952f-c7a6ee0da541', 'schematic', 'Condor Schematic', '{"industrialmarket": {"maxprice": 2260447, "minprice": 744541, "silosize": 100, "process_id": "0943b741-2b1e-4cd3-882a-bd5bce8cdd2c"}}');
INSERT INTO public.itemtypes (id, family, name, meta) VALUES ('fa519c1d-85ea-40b7-a099-8a17b4172172', 'schematic', 'Apparition Schematic', '{"industrialmarket": {"maxprice": 20408756, "minprice": 1009733, "silosize": 100, "process_id": "0a09848d-d3bf-4413-bf12-47fca1d94937"}}');
INSERT INTO public.itemtypes (id, family, name, meta) VALUES ('6ed79f0d-964e-413a-9f28-d47dbcd3a3fd', 'schematic', 'Goanna Schematic', '{"industrialmarket": {"maxprice": 2035627, "minprice": 895097, "silosize": 100, "process_id": "f525ff17-b1ab-4263-9b97-aa42ac5dca85"}}');
INSERT INTO public.itemtypes (id, family, name, meta) VALUES ('6a48e73c-550f-418c-bd5a-ac1055f35e65', 'schematic', 'Lion Schematic', '{"industrialmarket": {"maxprice": 2332915, "minprice": 565279, "silosize": 100, "process_id": "45fb6989-42a3-4692-8f9f-00ebc34be8cb"}}');

-- processes (todo make not cruisers)
INSERT INTO public.processes (id, name, meta, "time") VALUES ('0943b741-2b1e-4cd3-882a-bd5bce8cdd2c', 'Make Condor', '{}', 52779);
INSERT INTO public.processes (id, name, meta, "time") VALUES ('f525ff17-b1ab-4263-9b97-aa42ac5dca85', 'Make Goanna', '{}', 42047);
INSERT INTO public.processes (id, name, meta, "time") VALUES ('45fb6989-42a3-4692-8f9f-00ebc34be8cb', 'Make Lion', '{}', 60006);
INSERT INTO public.processes (id, name, meta, "time") VALUES ('0a09848d-d3bf-4413-bf12-47fca1d94937', 'Make Apparition', '{}', 65053);
INSERT INTO public.processes (id, name, meta, "time") VALUES ('7417c585-0a47-42cf-a63a-286c2ff2ad1d', 'Condor Schematic Faucet', '{}', 66687);
INSERT INTO public.processes (id, name, meta, "time") VALUES ('7319ee8a-07d6-4596-9804-18715322b15a', 'Condor Schematic Sink', '{}', 175214);
INSERT INTO public.processes (id, name, meta, "time") VALUES ('6c2231c2-9f7f-43ce-b310-17f408e57f81', 'Goanna Schematic Faucet', '{}', 84448);
INSERT INTO public.processes (id, name, meta, "time") VALUES ('ce32493b-5723-43a7-993f-432b5d649f31', 'Goanna Schematic Sink', '{}', 93018);
INSERT INTO public.processes (id, name, meta, "time") VALUES ('80105c1a-b66f-4383-ba70-6a68d274e746', 'Lion Schematic Faucet', '{}', 22392);
INSERT INTO public.processes (id, name, meta, "time") VALUES ('f1d865f2-a11e-45d5-ab45-dfc5142e1592', 'Lion Schematic Sink', '{}', 49554);
INSERT INTO public.processes (id, name, meta, "time") VALUES ('a3d79b89-1031-455a-a01e-a7b2002a03c3', 'Apparition Schematic Faucet', '{}', 227485);
INSERT INTO public.processes (id, name, meta, "time") VALUES ('5bc85509-59d5-4978-8ace-94f14b5da425', 'Apparition Schematic Sink', '{}', 250700);

-- process inputs (todo make not cruisers)
INSERT INTO public.processinputs (id, itemtypeid, quantity, meta, processid) VALUES ('44f5e0ad-48f2-4c9c-a708-26754a373b77', '24800206-2c58-45b0-8238-81974d0ebb3b', 205842, '{}', '0943b741-2b1e-4cd3-882a-bd5bce8cdd2c');
INSERT INTO public.processinputs (id, itemtypeid, quantity, meta, processid) VALUES ('5e221521-e83d-496c-9198-a3f3bc7120e5', '24800206-2c58-45b0-8238-81974d0ebb3b', 269178, '{}', 'f525ff17-b1ab-4263-9b97-aa42ac5dca85');
INSERT INTO public.processinputs (id, itemtypeid, quantity, meta, processid) VALUES ('9f0af580-b47e-4976-9478-3b82afb5f573', '24800206-2c58-45b0-8238-81974d0ebb3b', 201086, '{}', '45fb6989-42a3-4692-8f9f-00ebc34be8cb');
INSERT INTO public.processinputs (id, itemtypeid, quantity, meta, processid) VALUES ('f5ce2887-198c-4489-aa05-3666222db4e6', '24800206-2c58-45b0-8238-81974d0ebb3b', 366995, '{}', '0a09848d-d3bf-4413-bf12-47fca1d94937');
INSERT INTO public.processinputs (id, itemtypeid, quantity, meta, processid) VALUES ('da1adf92-0061-4ad8-a30b-856a6197143f', '61f52ba3-654b-45cf-88e3-33399d12350d', 14050, '{}', '0943b741-2b1e-4cd3-882a-bd5bce8cdd2c');
INSERT INTO public.processinputs (id, itemtypeid, quantity, meta, processid) VALUES ('38e671cb-a1fd-4799-991c-3a21a05410be', '66b7a322-8cfc-4467-9410-492e6b58f159', 10107, '{}', '0943b741-2b1e-4cd3-882a-bd5bce8cdd2c');
INSERT INTO public.processinputs (id, itemtypeid, quantity, meta, processid) VALUES ('9b4d3685-9b3d-4868-a84b-1098595cd267', '1d0d344b-ef28-43c8-a7a6-3275936b2dea', 9392, '{}', '0943b741-2b1e-4cd3-882a-bd5bce8cdd2c');
INSERT INTO public.processinputs (id, itemtypeid, quantity, meta, processid) VALUES ('7a67e378-bc24-455a-9044-484aee156948', 'dd0c9b0a-279e-418e-b3b6-2f569fda0186', 11382, '{}', '0943b741-2b1e-4cd3-882a-bd5bce8cdd2c');
INSERT INTO public.processinputs (id, itemtypeid, quantity, meta, processid) VALUES ('5ea65e63-8f95-4e02-a3fa-2774fd94c3c4', 'dd522f03-2f52-4e82-b2f8-d7e0029cb82f', 44474, '{}', '0943b741-2b1e-4cd3-882a-bd5bce8cdd2c');
INSERT INTO public.processinputs (id, itemtypeid, quantity, meta, processid) VALUES ('ca8f2c67-f929-4437-ba74-b1dcda676624', '0cd04eea-a150-410c-91eb-6af00d8c6eae', 10561, '{}', '0943b741-2b1e-4cd3-882a-bd5bce8cdd2c');
INSERT INTO public.processinputs (id, itemtypeid, quantity, meta, processid) VALUES ('8b92046b-c162-4a66-a830-59fa8dc0b04e', '26a3fc9e-db2f-439d-a929-ba755d11d09c', 9738, '{}', '0943b741-2b1e-4cd3-882a-bd5bce8cdd2c');
INSERT INTO public.processinputs (id, itemtypeid, quantity, meta, processid) VALUES ('f8e8aa9b-7a70-407e-80bd-597936f7cb74', '56617d30-6c30-425c-84bf-2484ae8c1156', 9660, '{}', '0943b741-2b1e-4cd3-882a-bd5bce8cdd2c');
INSERT INTO public.processinputs (id, itemtypeid, quantity, meta, processid) VALUES ('c3afe828-4c0e-4e28-a008-a190b82303bc', 'dd522f03-2f52-4e82-b2f8-d7e0029cb82f', 48472, '{}', 'f525ff17-b1ab-4263-9b97-aa42ac5dca85');
INSERT INTO public.processinputs (id, itemtypeid, quantity, meta, processid) VALUES ('9138afed-ccea-4071-9029-dddfecd5e683', '56617d30-6c30-425c-84bf-2484ae8c1156', 13159, '{}', 'f525ff17-b1ab-4263-9b97-aa42ac5dca85');
INSERT INTO public.processinputs (id, itemtypeid, quantity, meta, processid) VALUES ('ab954f02-cbbb-4529-beab-a35433f42402', '39b8eedf-ef80-4c29-a4bf-99abc4d84fa6', 11463, '{}', 'f525ff17-b1ab-4263-9b97-aa42ac5dca85');
INSERT INTO public.processinputs (id, itemtypeid, quantity, meta, processid) VALUES ('fb7230ce-1f14-44bd-92c8-ebeb1d20ff8a', '1d0d344b-ef28-43c8-a7a6-3275936b2dea', 10271, '{}', 'f525ff17-b1ab-4263-9b97-aa42ac5dca85');
INSERT INTO public.processinputs (id, itemtypeid, quantity, meta, processid) VALUES ('c85fe4c4-fc92-4b2a-a053-c7ef350239f8', '66b7a322-8cfc-4467-9410-492e6b58f159', 12423, '{}', 'f525ff17-b1ab-4263-9b97-aa42ac5dca85');
INSERT INTO public.processinputs (id, itemtypeid, quantity, meta, processid) VALUES ('1f644a52-a134-47ef-93d6-01c1a7277903', '26a3fc9e-db2f-439d-a929-ba755d11d09c', 11695, '{}', 'f525ff17-b1ab-4263-9b97-aa42ac5dca85');
INSERT INTO public.processinputs (id, itemtypeid, quantity, meta, processid) VALUES ('00468d42-7978-44af-a813-91f5238d6f01', '7dcd5138-d7e0-419f-867a-6f0f23b99b5b', 12420, '{}', 'f525ff17-b1ab-4263-9b97-aa42ac5dca85');
INSERT INTO public.processinputs (id, itemtypeid, quantity, meta, processid) VALUES ('f245fed2-c619-4c3c-96fc-8c23cba85684', '11688112-f3d4-4d30-864a-684a8b96ea23', 8845, '{}', 'f525ff17-b1ab-4263-9b97-aa42ac5dca85');
INSERT INTO public.processinputs (id, itemtypeid, quantity, meta, processid) VALUES ('dbb94b0f-c7b5-48c8-826f-2815d662161b', 'dd522f03-2f52-4e82-b2f8-d7e0029cb82f', 30053, '{}', '45fb6989-42a3-4692-8f9f-00ebc34be8cb');
INSERT INTO public.processinputs (id, itemtypeid, quantity, meta, processid) VALUES ('3facaf9a-796d-41ac-aa3e-855b2651a2b1', 'd1866be4-5c3e-4b95-b6d9-020832338014', 1328, '{}', '45fb6989-42a3-4692-8f9f-00ebc34be8cb');
INSERT INTO public.processinputs (id, itemtypeid, quantity, meta, processid) VALUES ('72d10c56-8471-4d9d-b1a7-2e3997d6373c', '0cd04eea-a150-410c-91eb-6af00d8c6eae', 5819, '{}', '45fb6989-42a3-4692-8f9f-00ebc34be8cb');
INSERT INTO public.processinputs (id, itemtypeid, quantity, meta, processid) VALUES ('a9cf74a2-c309-4d90-99ae-c6674da80a15', '66b7a322-8cfc-4467-9410-492e6b58f159', 7072, '{}', '45fb6989-42a3-4692-8f9f-00ebc34be8cb');
INSERT INTO public.processinputs (id, itemtypeid, quantity, meta, processid) VALUES ('2536be90-c400-44e8-b59b-adf437871391', '2ce48bef-f06b-4550-b20c-0e64864db051', 7127, '{}', '45fb6989-42a3-4692-8f9f-00ebc34be8cb');
INSERT INTO public.processinputs (id, itemtypeid, quantity, meta, processid) VALUES ('e3f9a5ad-6c91-4639-bdc1-ec2186d1d172', '61f52ba3-654b-45cf-88e3-33399d12350d', 6903, '{}', '45fb6989-42a3-4692-8f9f-00ebc34be8cb');
INSERT INTO public.processinputs (id, itemtypeid, quantity, meta, processid) VALUES ('c85dcf3b-6b23-4c37-9fb5-89302ebfb032', '7dcd5138-d7e0-419f-867a-6f0f23b99b5b', 7584, '{}', '45fb6989-42a3-4692-8f9f-00ebc34be8cb');
INSERT INTO public.processinputs (id, itemtypeid, quantity, meta, processid) VALUES ('5fe3c555-f3cc-48d7-b80e-f5af668600c1', '1d0d344b-ef28-43c8-a7a6-3275936b2dea', 7122, '{}', '45fb6989-42a3-4692-8f9f-00ebc34be8cb');
INSERT INTO public.processinputs (id, itemtypeid, quantity, meta, processid) VALUES ('43a1d9c7-b670-4e06-8ff1-7cbdd9c29039', '66b7a322-8cfc-4467-9410-492e6b58f159', 9439, '{}', '0a09848d-d3bf-4413-bf12-47fca1d94937');
INSERT INTO public.processinputs (id, itemtypeid, quantity, meta, processid) VALUES ('ef10de1e-3148-4c24-a5e6-329f1b067dd2', '39b8eedf-ef80-4c29-a4bf-99abc4d84fa6', 8246, '{}', '0a09848d-d3bf-4413-bf12-47fca1d94937');
INSERT INTO public.processinputs (id, itemtypeid, quantity, meta, processid) VALUES ('15acbb1b-a444-4d5d-93b3-9c9685d82911', '61f52ba3-654b-45cf-88e3-33399d12350d', 8931, '{}', '0a09848d-d3bf-4413-bf12-47fca1d94937');
INSERT INTO public.processinputs (id, itemtypeid, quantity, meta, processid) VALUES ('a320be6f-296a-49e6-9c3a-9a2f857662b3', '11688112-f3d4-4d30-864a-684a8b96ea23', 8795, '{}', '0a09848d-d3bf-4413-bf12-47fca1d94937');
INSERT INTO public.processinputs (id, itemtypeid, quantity, meta, processid) VALUES ('a7cf352c-8044-4b05-a65d-8ae79c35c32b', '7dcd5138-d7e0-419f-867a-6f0f23b99b5b', 9513, '{}', '0a09848d-d3bf-4413-bf12-47fca1d94937');
INSERT INTO public.processinputs (id, itemtypeid, quantity, meta, processid) VALUES ('094a3d94-18f4-47f0-b94a-18f078f9d83a', 'dd522f03-2f52-4e82-b2f8-d7e0029cb82f', 39923, '{}', '0a09848d-d3bf-4413-bf12-47fca1d94937');
INSERT INTO public.processinputs (id, itemtypeid, quantity, meta, processid) VALUES ('66168ade-60bb-40f0-9dbe-dbd201aecb7e', 'b1e96825-0462-4062-952f-c7a6ee0da541', 3, '{}', '7319ee8a-07d6-4596-9804-18715322b15a');
INSERT INTO public.processinputs (id, itemtypeid, quantity, meta, processid) VALUES ('8812fa08-eece-45b7-b8ff-c4e15558917c', '6ed79f0d-964e-413a-9f28-d47dbcd3a3fd', 2, '{}', 'ce32493b-5723-43a7-993f-432b5d649f31');
INSERT INTO public.processinputs (id, itemtypeid, quantity, meta, processid) VALUES ('45ff24e6-6a6a-4d9d-87a0-5738bc7124f2', 'f61bcec3-7228-4a89-9d3f-361de9d82519', 7, '{}', 'f1d865f2-a11e-45d5-ab45-dfc5142e1592');
INSERT INTO public.processinputs (id, itemtypeid, quantity, meta, processid) VALUES ('e35b31c6-1013-484d-8665-68d0f5975e75', 'fa519c1d-85ea-40b7-a099-8a17b4172172', 5, '{}', '5bc85509-59d5-4978-8ace-94f14b5da425');

-- process outputs (todo make not cruisers)
INSERT INTO public.processoutputs (id, itemtypeid, quantity, meta, processid) VALUES ('1892164e-0d12-4a7b-a162-78ba4ca29892', '5c1049c4-f631-4066-9f2a-b0798b2c4399', 205842, '{}', '0943b741-2b1e-4cd3-882a-bd5bce8cdd2c');
INSERT INTO public.processoutputs (id, itemtypeid, quantity, meta, processid) VALUES ('d6172132-e46e-420b-9cab-ce97dc45bdd1', '5c1049c4-f631-4066-9f2a-b0798b2c4399', 269178, '{}', 'f525ff17-b1ab-4263-9b97-aa42ac5dca85');
INSERT INTO public.processoutputs (id, itemtypeid, quantity, meta, processid) VALUES ('a11fd1a5-c162-457f-b51a-94e5ec69a24a', '5c1049c4-f631-4066-9f2a-b0798b2c4399', 201086, '{}', '45fb6989-42a3-4692-8f9f-00ebc34be8cb');
INSERT INTO public.processoutputs (id, itemtypeid, quantity, meta, processid) VALUES ('60aee3cd-0dd1-4d20-a73b-9c8bd28b3f0e', '5c1049c4-f631-4066-9f2a-b0798b2c4399', 366995, '{}', '0a09848d-d3bf-4413-bf12-47fca1d94937');
INSERT INTO public.processoutputs (id, itemtypeid, quantity, meta, processid) VALUES ('84db27f2-13b1-4289-93f5-26a2907cedf0', '6ed79f0d-964e-413a-9f28-d47dbcd3a3fd', 4, '{}', '6c2231c2-9f7f-43ce-b310-17f408e57f81');
INSERT INTO public.processoutputs (id, itemtypeid, quantity, meta, processid) VALUES ('fc7b064d-8529-4e34-b67e-33d5901900b0', 'd450354e-6b87-44a8-a31d-dc1439539e5d', 1, '{}', '0943b741-2b1e-4cd3-882a-bd5bce8cdd2c');
INSERT INTO public.processoutputs (id, itemtypeid, quantity, meta, processid) VALUES ('32bd20ac-fcaf-4958-9ddd-1cdee1f40f9d', '27d601ab-a8fa-4c55-a37b-2b81876db670', 1, '{}', 'f525ff17-b1ab-4263-9b97-aa42ac5dca85');
INSERT INTO public.processoutputs (id, itemtypeid, quantity, meta, processid) VALUES ('7afea269-01ff-46c0-958e-88bc8bd89746', '2500f3f2-3aac-4b06-9585-81cc74617d09', 1, '{}', '45fb6989-42a3-4692-8f9f-00ebc34be8cb');
INSERT INTO public.processoutputs (id, itemtypeid, quantity, meta, processid) VALUES ('7e6984cc-6198-438e-8905-407280e6bc40', 'bf42de0d-91f9-42ae-abf2-a94a5dc88cfb', 1, '{}', '0a09848d-d3bf-4413-bf12-47fca1d94937');
INSERT INTO public.processoutputs (id, itemtypeid, quantity, meta, processid) VALUES ('2f105e15-6181-4f42-872b-57573dbd267a', 'b1e96825-0462-4062-952f-c7a6ee0da541', 1, '{}', '7417c585-0a47-42cf-a63a-286c2ff2ad1d');
INSERT INTO public.processoutputs (id, itemtypeid, quantity, meta, processid) VALUES ('637d3098-67a9-4f7e-9580-9e2eeba777c4', 'f61bcec3-7228-4a89-9d3f-361de9d82519', 3, '{}', '80105c1a-b66f-4383-ba70-6a68d274e746');
INSERT INTO public.processoutputs (id, itemtypeid, quantity, meta, processid) VALUES ('96d2decf-d6d2-4070-81a0-16e2cf9cfecd', 'fa519c1d-85ea-40b7-a099-8a17b4172172', 2, '{}', 'a3d79b89-1031-455a-a01e-a7b2002a03c3');
