-- item types
INSERT INTO public.itemtypes (id, family, name, meta) VALUES ('f07715dc-184e-45ab-a1c4-0aad13ebac77', 'trade_good', 'Artwork', '{"hp": 1, "volume": 5, "industrialmarket": {"maxprice": 218, "minprice": 3, "silosize": 880000}}');
INSERT INTO public.itemtypes (id, family, name, meta) VALUES ('c753ac8d-a032-4f70-b620-e7ab82863314', 'trade_good', 'Antiques', '{"hp": 1, "volume": 7, "industrialmarket": {"maxprice": 1609, "minprice": 21, "silosize": 740000}}');
INSERT INTO public.itemtypes (id, family, name, meta) VALUES ('9bb7828f-5c4b-4039-b2aa-5c6fbb2c0ffc', 'trade_good', 'Stamps', '{"hp": 1, "volume": 11, "industrialmarket": {"maxprice": 16, "minprice": 2, "silosize": 770000}}');
INSERT INTO public.itemtypes (id, family, name, meta) VALUES ('f6dfa7c8-443e-41ad-94c1-ac6de4ad0882', 'trade_good', 'Jewelry', '{"hp": 1, "volume": 8, "industrialmarket": {"maxprice": 1178, "minprice": 12, "silosize": 440000}}');
INSERT INTO public.itemtypes (id, family, name, meta) VALUES ('758b31c8-f0ac-4397-ba2b-819c988380c5', 'trade_good', 'Audiovisual Equipment', '{"hp": 1, "volume": 4, "industrialmarket": {"maxprice": 14, "minprice": 8, "silosize": 850000}}');
INSERT INTO public.itemtypes (id, family, name, meta) VALUES ('8dc333de-5f9e-47a9-af70-cbe26f14b8ea', 'trade_good', 'Cosmetics', '{"hp": 1, "volume": 3, "industrialmarket": {"maxprice": 1344, "minprice": 20, "silosize": 80000}}');
INSERT INTO public.itemtypes (id, family, name, meta) VALUES ('e825dab1-f93f-4416-8b02-136e3822483f', 'trade_good', 'Toys', '{"hp": 1, "volume": 2, "industrialmarket": {"maxprice": 1127, "minprice": 19, "silosize": 580000}}');
INSERT INTO public.itemtypes (id, family, name, meta) VALUES ('6c99dc21-0b32-45e8-927d-6a10227bbe14', 'trade_good', 'Board Games', '{"hp": 1, "volume": 2, "industrialmarket": {"maxprice": 1158, "minprice": 16, "silosize": 250000}}');
INSERT INTO public.itemtypes (id, family, name, meta) VALUES ('467c465c-1e54-461d-ab1f-02dfcf0f8d78', 'trade_good', 'Apparel', '{"hp": 1, "volume": 10, "industrialmarket": {"maxprice": 817, "minprice": 14, "silosize": 780000}}');
INSERT INTO public.itemtypes (id, family, name, meta) VALUES ('e4c50a83-b945-460b-aa7e-72790eac6016', 'trade_good', 'Consumer Goods', '{"hp": 1, "volume": 10, "industrialmarket": {"maxprice": 361, "minprice": 4, "silosize": 500000}}');
INSERT INTO public.itemtypes (id, family, name, meta) VALUES ('5a2a0b95-b829-40f2-8a2f-3f0bb5880256', 'trade_good', 'Textiles', '{"hp": 1, "volume": 3, "industrialmarket": {"maxprice": 840, "minprice": 9, "silosize": 330000}}');
INSERT INTO public.itemtypes (id, family, name, meta) VALUES ('c421b720-d872-4ba8-aa9b-e45410c5947a', 'trade_good', 'Furniture', '{"hp": 1, "volume": 10, "industrialmarket": {"maxprice": 390, "minprice": 13, "silosize": 340000}}');
INSERT INTO public.itemtypes (id, family, name, meta) VALUES ('c91fe4f9-b364-465f-9971-eca7ce179527', 'trade_good', 'Books', '{"hp": 1, "volume": 6, "industrialmarket": {"maxprice": 718, "minprice": 18, "silosize": 180000}}');
INSERT INTO public.itemtypes (id, family, name, meta) VALUES ('b636016b-ad8e-4cbd-9d06-0622b0d39e66', 'trade_good', 'Nondurables', '{"hp": 1, "volume": 6, "industrialmarket": {"maxprice": 807, "minprice": 18, "silosize": 100000}}');
INSERT INTO public.itemtypes (id, family, name, meta) VALUES ('c39c3f69-10a8-43b4-99bd-65bec3abc5d1', 'trade_good', 'Appliances', '{"hp": 1, "volume": 6, "industrialmarket": {"maxprice": 132, "minprice": 3, "silosize": 390000}}');
INSERT INTO public.itemtypes (id, family, name, meta) VALUES ('e9cb175c-fe2b-4a8d-a0b1-176f049f5a05', 'trade_good', 'Pleasure Vehicles', '{"hp": 1, "volume": 11, "industrialmarket": {"maxprice": 117, "minprice": 3, "silosize": 840000}}');
INSERT INTO public.itemtypes (id, family, name, meta) VALUES ('7f6c0bea-0ae0-4cde-8141-066a873679f9', 'trade_good', 'Musical Instruments', '{"hp": 1, "volume": 5, "industrialmarket": {"maxprice": 714, "minprice": 18, "silosize": 230000}}');
INSERT INTO public.itemtypes (id, family, name, meta) VALUES ('77e7a626-56dd-4d53-9f05-896122834054', 'trade_good', 'Recorded Media', '{"hp": 1, "volume": 2, "industrialmarket": {"maxprice": 135, "minprice": 9, "silosize": 110000}}');
INSERT INTO public.itemtypes (id, family, name, meta) VALUES ('cacf6b68-99c9-42b5-8f6c-0e70ee1998b9', 'trade_good', 'Sports Gear', '{"hp": 1, "volume": 7, "industrialmarket": {"maxprice": 337, "minprice": 4, "silosize": 170000}}');
INSERT INTO public.itemtypes (id, family, name, meta) VALUES ('75252347-4e37-4cb6-9cc0-408e5a733b08', 'trade_good', 'Rugs', '{"hp": 1, "volume": 10, "industrialmarket": {"maxprice": 117, "minprice": 18, "silosize": 490000}}');
INSERT INTO public.itemtypes (id, family, name, meta) VALUES ('031ea25d-9ae0-40cc-8bd5-fdebe0cdd082', 'trade_good', 'Glassware', '{"hp": 1, "volume": 5, "industrialmarket": {"maxprice": 905, "minprice": 12, "silosize": 940000}}');
INSERT INTO public.itemtypes (id, family, name, meta) VALUES ('5b0d3b99-2a0d-4181-9965-d013694f2773', 'trade_good', 'Nursery Stock', '{"hp": 1, "volume": 3, "industrialmarket": {"maxprice": 888, "minprice": 14, "silosize": 240000}}');
INSERT INTO public.itemtypes (id, family, name, meta) VALUES ('9330ca84-8808-4a28-b989-7efd6247fa1d', 'trade_good', 'Numismatics', '{"hp": 1, "volume": 5, "industrialmarket": {"maxprice": 536, "minprice": 12, "silosize": 130000}}');
INSERT INTO public.itemtypes (id, family, name, meta) VALUES ('e9c789fe-23b9-4484-906a-f3147252d835', 'trade_good', 'Computer Accessories', '{"hp": 1, "volume": 4, "industrialmarket": {"maxprice": 477, "minprice": 6, "silosize": 760000}}');
INSERT INTO public.itemtypes (id, family, name, meta) VALUES ('9a13019d-161a-41d7-b8f5-028af929f6bd', 'trade_good', 'Electric Apparatus', '{"hp": 1, "volume": 11, "industrialmarket": {"maxprice": 113, "minprice": 19, "silosize": 770000}}');
INSERT INTO public.itemtypes (id, family, name, meta) VALUES ('58990e27-7eb0-420e-b540-15f7571ab2b3', 'trade_good', 'Telecom Equipment', '{"hp": 1, "volume": 10, "industrialmarket": {"maxprice": 18, "minprice": 1, "silosize": 180000}}');
INSERT INTO public.itemtypes (id, family, name, meta) VALUES ('52e94cfc-f4ae-425b-8e21-5e388d84f07d', 'trade_good', 'Measuring Instruments', '{"hp": 1, "volume": 6, "industrialmarket": {"maxprice": 583, "minprice": 15, "silosize": 420000}}');
INSERT INTO public.itemtypes (id, family, name, meta) VALUES ('5cb21f99-f0c2-4517-bd8f-f390202448bb', 'trade_good', 'Drilling Equipment', '{"hp": 1, "volume": 3, "industrialmarket": {"maxprice": 1766, "minprice": 19, "silosize": 290000}}');
INSERT INTO public.itemtypes (id, family, name, meta) VALUES ('f8e63305-f215-4348-adc5-ec40300d3bce', 'trade_good', 'Service Machinery', '{"hp": 1, "volume": 10, "industrialmarket": {"maxprice": 875, "minprice": 15, "silosize": 610000}}');
INSERT INTO public.itemtypes (id, family, name, meta) VALUES ('6faad544-6fa1-4119-8cc3-5a76887b5ade', 'trade_good', 'Excavating Machinery', '{"hp": 1, "volume": 4, "industrialmarket": {"maxprice": 94, "minprice": 11, "silosize": 900000}}');
INSERT INTO public.itemtypes (id, family, name, meta) VALUES ('0ebbc66f-e45e-4221-a92c-dbfd71c65e29', 'trade_good', 'Handling Equipment', '{"hp": 1, "volume": 1, "industrialmarket": {"maxprice": 361, "minprice": 15, "silosize": 300000}}');
INSERT INTO public.itemtypes (id, family, name, meta) VALUES ('54f56706-412e-42fe-8422-06cd882f9693', 'trade_good', 'Metalworking Tools', '{"hp": 1, "volume": 1, "industrialmarket": {"maxprice": 135, "minprice": 4, "silosize": 630000}}');
INSERT INTO public.itemtypes (id, family, name, meta) VALUES ('161e165c-aeee-4b03-9048-9ba47715ed64', 'trade_good', 'Woodworking Tools', '{"hp": 1, "volume": 3, "industrialmarket": {"maxprice": 561, "minprice": 12, "silosize": 990000}}');
INSERT INTO public.itemtypes (id, family, name, meta) VALUES ('8f8ebd30-5072-488b-bfe0-a152233b9cde', 'trade_good', 'Masonry Tools', '{"hp": 1, "volume": 7, "industrialmarket": {"maxprice": 360, "minprice": 5, "silosize": 940000}}');
INSERT INTO public.itemtypes (id, family, name, meta) VALUES ('d6fa44c7-87b1-4da1-9c98-e9c5c7191115', 'trade_good', 'Agricultural Equipment', '{"hp": 1, "volume": 3, "industrialmarket": {"maxprice": 479, "minprice": 6, "silosize": 280000}}');
INSERT INTO public.itemtypes (id, family, name, meta) VALUES ('3a205427-3e92-4a68-b892-845d9d87c0cc', 'trade_good', 'Railway Equipment', '{"hp": 1, "volume": 6, "industrialmarket": {"maxprice": 585, "minprice": 6, "silosize": 550000}}');
INSERT INTO public.itemtypes (id, family, name, meta) VALUES ('bd802a62-5c03-49b1-a38e-8cb1e0041826', 'trade_good', 'Wood', '{"hp": 1, "volume": 10, "industrialmarket": {"maxprice": 570, "minprice": 6, "silosize": 270000}}');
INSERT INTO public.itemtypes (id, family, name, meta) VALUES ('e9168b79-5018-49e1-82aa-cfa40a14ff57', 'trade_good', 'Glass', '{"hp": 1, "volume": 4, "industrialmarket": {"maxprice": 836, "minprice": 12, "silosize": 810000}}');
INSERT INTO public.itemtypes (id, family, name, meta) VALUES ('f32617cf-3487-430d-827b-b399f0ff9303', 'trade_good', 'Plastic', '{"hp": 1, "volume": 2, "industrialmarket": {"maxprice": 1419, "minprice": 20, "silosize": 440000}}');
INSERT INTO public.itemtypes (id, family, name, meta) VALUES ('418282e5-ad38-4c00-ba8e-cb257ba0a8c3', 'trade_good', 'Spare Parts', '{"hp": 1, "volume": 9, "industrialmarket": {"maxprice": 67, "minprice": 7, "silosize": 380000}}');
INSERT INTO public.itemtypes (id, family, name, meta) VALUES ('6771dc69-6e67-4645-a5ef-52dc0f0d1740', 'trade_good', 'Computers', '{"hp": 1, "volume": 3, "industrialmarket": {"maxprice": 1247, "minprice": 14, "silosize": 990000}}');
INSERT INTO public.itemtypes (id, family, name, meta) VALUES ('686fea62-7669-43bc-a394-c3b703f2a506', 'trade_good', 'Business Equipment', '{"hp": 1, "volume": 1, "industrialmarket": {"maxprice": 346, "minprice": 20, "silosize": 690000}}');
INSERT INTO public.itemtypes (id, family, name, meta) VALUES ('1f3c9eed-da7e-4729-95a5-5176dc42680f', 'trade_good', 'Sewing Machines', '{"hp": 1, "volume": 11, "industrialmarket": {"maxprice": 651, "minprice": 15, "silosize": 630000}}');
INSERT INTO public.itemtypes (id, family, name, meta) VALUES ('3c89d35b-8f83-4b77-aec4-996560d999a1', 'trade_good', 'Pulp Machinery', '{"hp": 1, "volume": 5, "industrialmarket": {"maxprice": 251, "minprice": 10, "silosize": 230000}}');
INSERT INTO public.itemtypes (id, family, name, meta) VALUES ('310d26e7-2dcb-45bd-a65f-277b8caff5b1', 'trade_good', 'Laboratory Equipment', '{"hp": 1, "volume": 7, "industrialmarket": {"maxprice": 32, "minprice": 2, "silosize": 660000}}');
INSERT INTO public.itemtypes (id, family, name, meta) VALUES ('ec896300-4844-4b6c-bf9d-80f85c8afdcc', 'trade_good', 'Semiconductors', '{"hp": 1, "volume": 2, "industrialmarket": {"maxprice": 292, "minprice": 9, "silosize": 450000}}');
INSERT INTO public.itemtypes (id, family, name, meta) VALUES ('ae0b1eb9-671e-4e72-a6fb-359b74ac874d', 'trade_good', 'Aerospace Equipment', '{"hp": 1, "volume": 9, "industrialmarket": {"maxprice": 489, "minprice": 10, "silosize": 910000}}');
INSERT INTO public.itemtypes (id, family, name, meta) VALUES ('c55aee97-60c9-4e13-bcbd-7f0cddc26a43', 'trade_good', 'Industrial Vehicles', '{"hp": 1, "volume": 5, "industrialmarket": {"maxprice": 851, "minprice": 11, "silosize": 420000}}');
INSERT INTO public.itemtypes (id, family, name, meta) VALUES ('fbed9211-cc78-4a4b-b95c-bd61facbe253', 'trade_good', 'Construction Equipment', '{"hp": 1, "volume": 6, "industrialmarket": {"maxprice": 293, "minprice": 14, "silosize": 870000}}');
INSERT INTO public.itemtypes (id, family, name, meta) VALUES ('42711f31-e904-4018-ba28-b222d489b67d', 'trade_good', 'Industrial Chemicals', '{"hp": 1, "volume": 5, "industrialmarket": {"maxprice": 1078, "minprice": 14, "silosize": 480000}}');
INSERT INTO public.itemtypes (id, family, name, meta) VALUES ('4b5c0dd0-5576-4556-a9f2-642f6c97f0f1', 'trade_good', 'Common Tools', '{"hp": 1, "volume": 6, "industrialmarket": {"maxprice": 1509, "minprice": 17, "silosize": 370000}}');
INSERT INTO public.itemtypes (id, family, name, meta) VALUES ('50b64db5-b17f-42c7-938c-63ff1920556a', 'trade_good', 'Hardware', '{"hp": 1, "volume": 10, "industrialmarket": {"maxprice": 48, "minprice": 18, "silosize": 370000}}');
INSERT INTO public.itemtypes (id, family, name, meta) VALUES ('23c36039-381d-4060-95f2-52a2e0e1670d', 'trade_good', 'Wheat', '{"hp": 1, "volume": 6, "industrialmarket": {"maxprice": 1209, "minprice": 14, "silosize": 310000}}');
INSERT INTO public.itemtypes (id, family, name, meta) VALUES ('a94b18a9-b70f-4096-a0e8-f7bd4067fa6d', 'trade_good', 'Corn', '{"hp": 1, "volume": 6, "industrialmarket": {"maxprice": 59, "minprice": 12, "silosize": 1010000}}');
INSERT INTO public.itemtypes (id, family, name, meta) VALUES ('60bbbaa8-7cd7-4d1f-b91d-e6dfec8beea0', 'trade_good', 'Cotton', '{"hp": 1, "volume": 11, "industrialmarket": {"maxprice": 636, "minprice": 14, "silosize": 440000}}');
INSERT INTO public.itemtypes (id, family, name, meta) VALUES ('c372d8c1-dae3-45f5-a8f7-72a06ca1bbb4', 'trade_good', 'Wool', '{"hp": 1, "volume": 6, "industrialmarket": {"maxprice": 333, "minprice": 5, "silosize": 680000}}');
INSERT INTO public.itemtypes (id, family, name, meta) VALUES ('016bfe77-fb95-42cc-83ac-e4e4f9c973b3', 'trade_good', 'Luxury Goods', '{"hp": 1, "volume": 10, "industrialmarket": {"maxprice": 528, "minprice": 8, "silosize": 730000}}');
INSERT INTO public.itemtypes (id, family, name, meta) VALUES ('a59106f0-baae-48db-bee9-81b0c7551842', 'trade_good', 'Swineskin', '{"hp": 1, "volume": 9, "industrialmarket": {"maxprice": 19, "minprice": 14, "silosize": 40000}}');
INSERT INTO public.itemtypes (id, family, name, meta) VALUES ('63579687-6100-47bd-9797-ceaa4ede6da1', 'trade_good', 'Snakeskin', '{"hp": 1, "volume": 6, "industrialmarket": {"maxprice": 244, "minprice": 20, "silosize": 510000}}');
INSERT INTO public.itemtypes (id, family, name, meta) VALUES ('649704a2-8b1c-4847-8ebd-fd28637d820f', 'trade_good', 'Leather', '{"hp": 1, "volume": 8, "industrialmarket": {"maxprice": 157, "minprice": 2, "silosize": 890000}}');
INSERT INTO public.itemtypes (id, family, name, meta) VALUES ('10270569-ea5a-48e5-bb3a-e6e981974576', 'trade_good', 'Animal Furs', '{"hp": 1, "volume": 9, "industrialmarket": {"maxprice": 345, "minprice": 6, "silosize": 690000}}');
INSERT INTO public.itemtypes (id, family, name, meta) VALUES ('32e74081-9983-4284-9a63-3a9b69dcf309', 'trade_good', 'Animal Feathers', '{"hp": 1, "volume": 8, "industrialmarket": {"maxprice": 606, "minprice": 7, "silosize": 590000}}');
INSERT INTO public.itemtypes (id, family, name, meta) VALUES ('e4c6415a-02b0-4b38-bddf-764186e3c5d1', 'trade_good', 'Newsprint', '{"hp": 1, "volume": 2, "industrialmarket": {"maxprice": 126, "minprice": 7, "silosize": 810000}}');
INSERT INTO public.itemtypes (id, family, name, meta) VALUES ('54403ed5-6b0c-42b4-aa8a-2feb94a15055', 'trade_good', 'Animal Feed', '{"hp": 1, "volume": 11, "industrialmarket": {"maxprice": 274, "minprice": 18, "silosize": 730000}}');
INSERT INTO public.itemtypes (id, family, name, meta) VALUES ('50c413af-0944-412e-bdc2-fb6b07744a58', 'trade_good', 'Veterinary Supplies', '{"hp": 1, "volume": 8, "industrialmarket": {"maxprice": 393, "minprice": 16, "silosize": 830000}}');
INSERT INTO public.itemtypes (id, family, name, meta) VALUES ('38ca7482-089a-431f-ba6d-8a73eaa62343', 'trade_good', 'Finished Metal Shapes', '{"hp": 1, "volume": 3, "industrialmarket": {"maxprice": 284, "minprice": 4, "silosize": 580000}}');
INSERT INTO public.itemtypes (id, family, name, meta) VALUES ('fb1e05a1-2af7-4418-bdf3-39b3e22528bb', 'trade_good', 'Transparent Coal', '{"hp": 1, "volume": 5, "industrialmarket": {"maxprice": 185, "minprice": 7, "silosize": 1000000}}');
INSERT INTO public.itemtypes (id, family, name, meta) VALUES ('e9e71195-2a7c-494b-881b-cb4d3b240469', 'trade_good', 'Transparent Wood', '{"hp": 1, "volume": 5, "industrialmarket": {"maxprice": 20, "minprice": 3, "silosize": 290000}}');
INSERT INTO public.itemtypes (id, family, name, meta) VALUES ('b0c4b7cb-b56c-4504-b2dd-fb2bb81c1f06', 'trade_good', 'Transparent Lead', '{"hp": 1, "volume": 1, "industrialmarket": {"maxprice": 527, "minprice": 11, "silosize": 360000}}');
INSERT INTO public.itemtypes (id, family, name, meta) VALUES ('34cc9d25-2934-4df1-8fe2-95dfc14900ba', 'trade_good', 'Salvaged Synth Hair', '{"hp": 1, "volume": 8, "industrialmarket": {"maxprice": 255, "minprice": 3, "silosize": 200000}}');
INSERT INTO public.itemtypes (id, family, name, meta) VALUES ('c25d8a46-d17a-4cf4-b2ca-9a362c3f9138', 'trade_good', 'Salvaged Synth Skin', '{"hp": 1, "volume": 7, "industrialmarket": {"maxprice": 866, "minprice": 10, "silosize": 480000}}');
INSERT INTO public.itemtypes (id, family, name, meta) VALUES ('427bf659-b64f-4a54-8063-e78f5257f37b', 'trade_good', 'Salvaged Synth Parts', '{"hp": 1, "volume": 11, "industrialmarket": {"maxprice": 871, "minprice": 16, "silosize": 590000}}');
INSERT INTO public.itemtypes (id, family, name, meta) VALUES ('ca25ac03-ef06-4fa9-aa5d-bf63374cafd3', 'trade_good', 'Tiles', '{"hp": 1, "volume": 3, "industrialmarket": {"maxprice": 489, "minprice": 7, "silosize": 220000}}');
INSERT INTO public.itemtypes (id, family, name, meta) VALUES ('9c3328a5-2aad-4559-8da0-6ee3a2982984', 'trade_good', 'Office Supplies', '{"hp": 1, "volume": 8, "industrialmarket": {"maxprice": 78, "minprice": 10, "silosize": 780000}}');
INSERT INTO public.itemtypes (id, family, name, meta) VALUES ('a13d0ab5-e73b-48a8-b005-dbd7bcfab96e', 'trade_good', 'Land Tires', '{"hp": 1, "volume": 1, "industrialmarket": {"maxprice": 635, "minprice": 8, "silosize": 520000}}');
INSERT INTO public.itemtypes (id, family, name, meta) VALUES ('5cde5d12-ba41-4a16-b587-e0e38fb0dab2', 'trade_good', 'Malt Extract', '{"hp": 1, "volume": 4, "industrialmarket": {"maxprice": 37, "minprice": 7, "silosize": 620000}}');
INSERT INTO public.itemtypes (id, family, name, meta) VALUES ('ed51a699-91e4-43e6-8c12-86cd8b8c71f6', 'trade_good', 'Palm Oil', '{"hp": 1, "volume": 6, "industrialmarket": {"maxprice": 70, "minprice": 1, "silosize": 810000}}');
INSERT INTO public.itemtypes (id, family, name, meta) VALUES ('1e7ff327-e506-45c1-932a-801c21ac3754', 'trade_good', 'Fine Jewelry', '{"hp": 1, "volume": 8, "industrialmarket": {"maxprice": 658, "minprice": 12, "silosize": 690000}}');
INSERT INTO public.itemtypes (id, family, name, meta) VALUES ('2e6cc293-db5d-4bc0-b8a3-1f161798dd24', 'trade_good', 'Durables', '{"hp": 1, "volume": 2, "industrialmarket": {"maxprice": 1399, "minprice": 15, "silosize": 270000}}');
INSERT INTO public.itemtypes (id, family, name, meta) VALUES ('2eff9475-a21a-4056-b921-1778afa3104d', 'trade_good', 'Agrochemicals', '{"hp": 1, "volume": 8, "industrialmarket": {"maxprice": 1496, "minprice": 21, "silosize": 270000}}');
INSERT INTO public.itemtypes (id, family, name, meta) VALUES ('5888a2c9-4223-46cf-93f4-fae5453f1e3a', 'trade_good', 'Task Robots', '{"hp": 1, "volume": 3, "industrialmarket": {"maxprice": 1227, "minprice": 15, "silosize": 760000}}');
INSERT INTO public.itemtypes (id, family, name, meta) VALUES ('0ec66635-1359-46fd-b328-6a87f35620da', 'trade_good', 'Modified Bacteria', '{"hp": 1, "volume": 4, "industrialmarket": {"maxprice": 381, "minprice": 4, "silosize": 900000}}');
INSERT INTO public.itemtypes (id, family, name, meta) VALUES ('ae7c3216-b35a-4c0e-b125-f35073c2dcab', 'trade_good', 'Superconductors', '{"hp": 1, "volume": 5, "industrialmarket": {"maxprice": 323, "minprice": 12, "silosize": 70000}}');
INSERT INTO public.itemtypes (id, family, name, meta) VALUES ('d01c5d65-a413-4daf-bbe9-061c5a6ddd5c', 'trade_good', 'Cryoinsulators', '{"hp": 1, "volume": 8, "industrialmarket": {"maxprice": 448, "minprice": 5, "silosize": 540000}}');
INSERT INTO public.itemtypes (id, family, name, meta) VALUES ('a92f6bef-a8a0-4ab2-848d-acbf28fa3ae4', 'trade_good', 'Perennial Biosilica', '{"hp": 1, "volume": 2, "industrialmarket": {"maxprice": 1078, "minprice": 13, "silosize": 310000}}');
INSERT INTO public.itemtypes (id, family, name, meta) VALUES ('dc487469-c5f6-4ece-9e68-6a424f2bd935', 'trade_good', 'Sublimation Enzyme', '{"hp": 1, "volume": 10, "industrialmarket": {"maxprice": 330, "minprice": 15, "silosize": 160000}}');
INSERT INTO public.itemtypes (id, family, name, meta) VALUES ('8564dfe5-dc28-459e-bc20-beba0913c58d', 'trade_good', 'Yeast Snares', '{"hp": 1, "volume": 3, "industrialmarket": {"maxprice": 1148, "minprice": 16, "silosize": 160000}}');
INSERT INTO public.itemtypes (id, family, name, meta) VALUES ('57164671-451f-4c7a-b958-d3fc053fb103', 'trade_good', 'Fish Organs', '{"hp": 1, "volume": 9, "industrialmarket": {"maxprice": 32, "minprice": 12, "silosize": 10000}}');
INSERT INTO public.itemtypes (id, family, name, meta) VALUES ('612a6021-a931-4e58-b914-9282d0f60282', 'trade_good', 'Photronic Gates', '{"hp": 1, "volume": 4, "industrialmarket": {"maxprice": 342, "minprice": 5, "silosize": 950000}}');
INSERT INTO public.itemtypes (id, family, name, meta) VALUES ('c4dc62fc-57ce-4f19-85f0-c6fdaba3cde4', 'trade_good', 'Hydronics', '{"hp": 1, "volume": 8, "industrialmarket": {"maxprice": 202, "minprice": 10, "silosize": 680000}}');
INSERT INTO public.itemtypes (id, family, name, meta) VALUES ('5eddbd00-40b3-4fa8-8604-fe2deacac7c0', 'trade_good', 'Paracytonics', '{"hp": 1, "volume": 6, "industrialmarket": {"maxprice": 45, "minprice": 4, "silosize": 120000}}');
INSERT INTO public.itemtypes (id, family, name, meta) VALUES ('e2785a67-2aa8-4038-bbea-78e76a0b7e3e', 'trade_good', 'Caecilian Milk', '{"hp": 1, "volume": 5, "industrialmarket": {"maxprice": 120, "minprice": 10, "silosize": 940000}}');
INSERT INTO public.itemtypes (id, family, name, meta) VALUES ('22d63e3d-6a28-4793-a526-076058ed5e0a', 'trade_good', 'Amphibian Neurons', '{"hp": 1, "volume": 3, "industrialmarket": {"maxprice": 437, "minprice": 15, "silosize": 1010000}}');
INSERT INTO public.itemtypes (id, family, name, meta) VALUES ('04a03959-d914-4224-93bb-171a1c0dc704', 'trade_good', 'Monotreme Eggs', '{"hp": 1, "volume": 6, "industrialmarket": {"maxprice": 33, "minprice": 14, "silosize": 610000}}');
INSERT INTO public.itemtypes (id, family, name, meta) VALUES ('48b8ab9c-59db-4289-9c7f-ba655b7268d0', 'trade_good', 'Araneuonics', '{"hp": 1, "volume": 3, "industrialmarket": {"maxprice": 810, "minprice": 11, "silosize": 10000}}');
INSERT INTO public.itemtypes (id, family, name, meta) VALUES ('f98da5a5-eb5b-4682-b18c-20429b0e4eb1', 'trade_good', 'Livestock', '{"hp": 1, "volume": 4, "industrialmarket": {"maxprice": 369, "minprice": 7, "silosize": 980000}}');
INSERT INTO public.itemtypes (id, family, name, meta) VALUES ('54fdcda9-ac98-4924-9fbb-8f7b126a07d5', 'trade_good', 'Psuedoamalgamoids', '{"hp": 1, "volume": 5, "industrialmarket": {"maxprice": 1079, "minprice": 19, "silosize": 530000}}');
INSERT INTO public.itemtypes (id, family, name, meta) VALUES ('b5249503-4e7b-4bc7-9758-498f52f1cfdb', 'trade_good', 'Nanosieves', '{"hp": 1, "volume": 7, "industrialmarket": {"maxprice": 11, "minprice": 7, "silosize": 860000}}');

-- processes
INSERT INTO public.processes (id, name, meta, "time") VALUES ('582fff52-332a-4c9c-814f-f70b3db0d361', 'Artwork Faucet [wm]', '{}', 3474);
INSERT INTO public.processes (id, name, meta, "time") VALUES ('6b2490f3-d274-4a49-9a11-315f6964ba5a', 'Artwork Sink [wm]', '{}', 308);
INSERT INTO public.processes (id, name, meta, "time") VALUES ('5972c81e-aabd-4a74-ae79-19aee544f568', 'Antiques Faucet [wm]', '{}', 1503);
INSERT INTO public.processes (id, name, meta, "time") VALUES ('a07d4ad0-1be1-4e33-8ed1-c1391942b3be', 'Antiques Sink [wm]', '{}', 2827);
INSERT INTO public.processes (id, name, meta, "time") VALUES ('4433e336-0969-49d1-98a7-135ec025dfb4', 'Stamps Faucet [wm]', '{}', 5007);
INSERT INTO public.processes (id, name, meta, "time") VALUES ('b18afe73-7de1-4f42-9e23-c15b9047558e', 'Stamps Sink [wm]', '{}', 3083);
INSERT INTO public.processes (id, name, meta, "time") VALUES ('92b0f6c5-7a1c-4a8b-a6a9-3ec0faad9626', 'Jewelry Faucet [wm]', '{}', 990);
INSERT INTO public.processes (id, name, meta, "time") VALUES ('18b4ec68-86bf-43be-b16d-89c74da81794', 'Jewelry Sink [wm]', '{}', 1344);
INSERT INTO public.processes (id, name, meta, "time") VALUES ('cc72c386-f4a9-4d6d-b772-6e52b8025065', 'Audiovisual Equipment Faucet [wm]', '{}', 234);
INSERT INTO public.processes (id, name, meta, "time") VALUES ('5d4e46a6-5b4c-4a42-b5f7-1f8ebea75157', 'Audiovisual Equipment Sink [wm]', '{}', 2717);
INSERT INTO public.processes (id, name, meta, "time") VALUES ('f659e665-c0f4-4390-801c-ebb0bead5c53', 'Cosmetics Faucet [wm]', '{}', 3885);
INSERT INTO public.processes (id, name, meta, "time") VALUES ('9614167a-e4d3-4581-a5cf-a603a06429bf', 'Cosmetics Sink [wm]', '{}', 1942);
INSERT INTO public.processes (id, name, meta, "time") VALUES ('e49a2920-5e84-47e8-9233-f8fbe9b7549e', 'Toys Faucet [wm]', '{}', 300);
INSERT INTO public.processes (id, name, meta, "time") VALUES ('b7ac86bc-6e37-4519-aa55-326af2374f34', 'Toys Sink [wm]', '{}', 1210);
INSERT INTO public.processes (id, name, meta, "time") VALUES ('c44f265b-4cd2-4694-894a-9956b94a76fb', 'Board Games Faucet [wm]', '{}', 844);
INSERT INTO public.processes (id, name, meta, "time") VALUES ('3f3039f8-6f87-485b-9e5c-ddb9eed47acf', 'Board Games Sink [wm]', '{}', 3839);
INSERT INTO public.processes (id, name, meta, "time") VALUES ('64d480d8-45ec-46a9-8f45-4943b7015372', 'Apparel Faucet [wm]', '{}', 1600);
INSERT INTO public.processes (id, name, meta, "time") VALUES ('0ce85f9b-2933-4f46-9684-efa261956d4e', 'Apparel Sink [wm]', '{}', 2149);
INSERT INTO public.processes (id, name, meta, "time") VALUES ('bd86fbc8-6c2d-4a8c-b4f8-aa04c9814415', 'Consumer Goods Faucet [wm]', '{}', 1462);
INSERT INTO public.processes (id, name, meta, "time") VALUES ('e69a83a8-3e8b-4bca-ad46-951ff118b423', 'Consumer Goods Sink [wm]', '{}', 1039);
INSERT INTO public.processes (id, name, meta, "time") VALUES ('84942262-e00f-48b4-baeb-3e6c38aa77f1', 'Textiles Faucet [wm]', '{}', 1870);
INSERT INTO public.processes (id, name, meta, "time") VALUES ('41d6a990-1b15-40fe-a56d-46a9be56201d', 'Textiles Sink [wm]', '{}', 3081);
INSERT INTO public.processes (id, name, meta, "time") VALUES ('e4f62fc2-e70c-421d-a4a1-10f38b006d55', 'Furniture Faucet [wm]', '{}', 1019);
INSERT INTO public.processes (id, name, meta, "time") VALUES ('16d2fb12-f69b-4f50-bbab-39f43de250f6', 'Furniture Sink [wm]', '{}', 2155);
INSERT INTO public.processes (id, name, meta, "time") VALUES ('7b2402f7-97ca-4889-8b8a-d74cd7839623', 'Books Faucet [wm]', '{}', 2797);
INSERT INTO public.processes (id, name, meta, "time") VALUES ('a7f2e536-ecc4-4e40-ac76-0dde649203e2', 'Books Sink [wm]', '{}', 575);
INSERT INTO public.processes (id, name, meta, "time") VALUES ('28687a8a-834f-4395-92dc-2a1993f5e8f2', 'Nondurables Faucet [wm]', '{}', 1630);
INSERT INTO public.processes (id, name, meta, "time") VALUES ('5755a002-7820-47e4-aa57-72a56a8ddc3d', 'Nondurables Sink [wm]', '{}', 476);
INSERT INTO public.processes (id, name, meta, "time") VALUES ('5502f886-5a5d-4a9a-8251-c97b82b56ebd', 'Appliances Faucet [wm]', '{}', 846);
INSERT INTO public.processes (id, name, meta, "time") VALUES ('811feeb2-1647-436b-96c2-74f868b21fe8', 'Appliances Sink [wm]', '{}', 4864);
INSERT INTO public.processes (id, name, meta, "time") VALUES ('f2fd6193-3592-4d48-aa30-3f62d6eb3c2c', 'Pleasure Vehicles Faucet [wm]', '{}', 1268);
INSERT INTO public.processes (id, name, meta, "time") VALUES ('2b0e62b7-b344-4b4a-9f7c-be9f928589ce', 'Pleasure Vehicles Sink [wm]', '{}', 1246);
INSERT INTO public.processes (id, name, meta, "time") VALUES ('30bdef7e-07cf-4ddf-a3c3-f0ad9d03773c', 'Musical Instruments Faucet [wm]', '{}', 472);
INSERT INTO public.processes (id, name, meta, "time") VALUES ('7db4c707-8d8b-42de-af55-16e13b992e91', 'Musical Instruments Sink [wm]', '{}', 3395);
INSERT INTO public.processes (id, name, meta, "time") VALUES ('08c8dfdd-2679-49f7-a371-64057a8b6dd9', 'Recorded Media Faucet [wm]', '{}', 2841);
INSERT INTO public.processes (id, name, meta, "time") VALUES ('b2f48189-e44d-4629-9213-ff612ca5230b', 'Recorded Media Sink [wm]', '{}', 7529);
INSERT INTO public.processes (id, name, meta, "time") VALUES ('37670065-b364-45e6-a3f0-c5bdb9f80e74', 'Sports Gear Faucet [wm]', '{}', 1147);
INSERT INTO public.processes (id, name, meta, "time") VALUES ('aa354e12-2535-4a39-ab77-4302520bc4d4', 'Sports Gear Sink [wm]', '{}', 3079);
INSERT INTO public.processes (id, name, meta, "time") VALUES ('13ba35d6-67cf-4ea4-ae89-19c86f188a12', 'Rugs Faucet [wm]', '{}', 2973);
INSERT INTO public.processes (id, name, meta, "time") VALUES ('557fa68c-a88c-4d4b-ae76-9ddfe55d3d43', 'Rugs Sink [wm]', '{}', 4805);
INSERT INTO public.processes (id, name, meta, "time") VALUES ('2a12bb7f-8f71-406a-bb65-c839d97a64e4', 'Glassware Faucet [wm]', '{}', 1163);
INSERT INTO public.processes (id, name, meta, "time") VALUES ('06e95f1c-0652-4d44-bef2-7fae08df8772', 'Glassware Sink [wm]', '{}', 4627);
INSERT INTO public.processes (id, name, meta, "time") VALUES ('795d9c9d-0cef-47c3-afd2-1e47118bfc3a', 'Nursery Stock Faucet [wm]', '{}', 4881);
INSERT INTO public.processes (id, name, meta, "time") VALUES ('72bef950-8f04-4175-acbc-49778ccc7f90', 'Nursery Stock Sink [wm]', '{}', 2091);
INSERT INTO public.processes (id, name, meta, "time") VALUES ('2b3677fe-5fed-4af1-a500-ad1291813d7e', 'Numismatics Faucet [wm]', '{}', 4040);
INSERT INTO public.processes (id, name, meta, "time") VALUES ('0f3d0718-ede0-4701-a191-d7e6c44e35ce', 'Numismatics Sink [wm]', '{}', 5176);
INSERT INTO public.processes (id, name, meta, "time") VALUES ('bace7d32-1bf6-4d18-acee-3e4ed86cb451', 'Computer Accessories Faucet [wm]', '{}', 2612);
INSERT INTO public.processes (id, name, meta, "time") VALUES ('996dbb36-a33b-4f79-bf87-8190f0d0def2', 'Computer Accessories Sink [wm]', '{}', 4679);
INSERT INTO public.processes (id, name, meta, "time") VALUES ('ddf890ab-7d42-4cf2-a110-fed0a6bd4ad5', 'Electric Apparatus Faucet [wm]', '{}', 823);
INSERT INTO public.processes (id, name, meta, "time") VALUES ('a61858aa-40a8-470f-93dd-d2b803f12b4e', 'Electric Apparatus Sink [wm]', '{}', 1551);
INSERT INTO public.processes (id, name, meta, "time") VALUES ('a9e7244b-2ce1-4336-b5db-21978d8b434c', 'Telecom Equipment Faucet [wm]', '{}', 1112);
INSERT INTO public.processes (id, name, meta, "time") VALUES ('5c89c2d3-e258-4c05-840c-90e2cc5a590d', 'Telecom Equipment Sink [wm]', '{}', 872);
INSERT INTO public.processes (id, name, meta, "time") VALUES ('71baf14d-49fb-46fb-aae3-003e5b39fd19', 'Measuring Instruments Faucet [wm]', '{}', 1737);
INSERT INTO public.processes (id, name, meta, "time") VALUES ('927680ff-5a0f-4982-b07c-935457cb48bc', 'Measuring Instruments Sink [wm]', '{}', 1666);
INSERT INTO public.processes (id, name, meta, "time") VALUES ('f521294d-d881-4804-8396-9e1f195f2526', 'Drilling Equipment Faucet [wm]', '{}', 308);
INSERT INTO public.processes (id, name, meta, "time") VALUES ('ec19248b-0132-409a-81ff-956aa04980d5', 'Drilling Equipment Sink [wm]', '{}', 746);
INSERT INTO public.processes (id, name, meta, "time") VALUES ('08c625e5-ff68-436f-aea4-d9ef0bc8cd33', 'Service Machinery Faucet [wm]', '{}', 3949);
INSERT INTO public.processes (id, name, meta, "time") VALUES ('9e48337d-eea1-4f3b-b667-3d3b39d6681e', 'Service Machinery Sink [wm]', '{}', 3387);
INSERT INTO public.processes (id, name, meta, "time") VALUES ('94a1780b-f137-431e-b655-da3d8da1290b', 'Excavating Machinery Faucet [wm]', '{}', 1029);
INSERT INTO public.processes (id, name, meta, "time") VALUES ('3347ddf4-71de-4051-a93a-cfa6be10f0cf', 'Excavating Machinery Sink [wm]', '{}', 2091);
INSERT INTO public.processes (id, name, meta, "time") VALUES ('08456917-debf-4950-9361-1f47b7298337', 'Handling Equipment Faucet [wm]', '{}', 1024);
INSERT INTO public.processes (id, name, meta, "time") VALUES ('b08ca0ce-7201-46cb-bcda-76bc922bd25a', 'Handling Equipment Sink [wm]', '{}', 2251);
INSERT INTO public.processes (id, name, meta, "time") VALUES ('dcd00169-33ce-42a0-b9d7-4d7276a6daf6', 'Metalworking Tools Faucet [wm]', '{}', 3538);
INSERT INTO public.processes (id, name, meta, "time") VALUES ('da8241e5-9f95-4f16-99fd-2c6a49208450', 'Metalworking Tools Sink [wm]', '{}', 2726);
INSERT INTO public.processes (id, name, meta, "time") VALUES ('12bbb205-51fd-44e9-adc9-e849b8542410', 'Woodworking Tools Faucet [wm]', '{}', 2624);
INSERT INTO public.processes (id, name, meta, "time") VALUES ('16077bb6-911b-4852-8247-24e561b17364', 'Woodworking Tools Sink [wm]', '{}', 93);
INSERT INTO public.processes (id, name, meta, "time") VALUES ('b5309636-5352-4759-981d-bc31b92567b6', 'Masonry Tools Faucet [wm]', '{}', 1867);
INSERT INTO public.processes (id, name, meta, "time") VALUES ('19ac42b2-65b1-43f3-b85a-8c6b375affa4', 'Masonry Tools Sink [wm]', '{}', 318);
INSERT INTO public.processes (id, name, meta, "time") VALUES ('986ebe82-4219-46c4-a057-02c3694b1e07', 'Agricultural Equipment Faucet [wm]', '{}', 4237);
INSERT INTO public.processes (id, name, meta, "time") VALUES ('a0f67820-a3fb-45ce-b0c8-45e117e25126', 'Agricultural Equipment Sink [wm]', '{}', 3841);
INSERT INTO public.processes (id, name, meta, "time") VALUES ('6a7fc1b6-c331-461d-9839-2f855beb1259', 'Railway Equipment Faucet [wm]', '{}', 2328);
INSERT INTO public.processes (id, name, meta, "time") VALUES ('ef08d1fc-4660-4edd-aa47-1fa72a6ea730', 'Railway Equipment Sink [wm]', '{}', 2784);
INSERT INTO public.processes (id, name, meta, "time") VALUES ('a9b761e2-96fb-4f64-84cf-e6b069fcd516', 'Wood Faucet [wm]', '{}', 4175);
INSERT INTO public.processes (id, name, meta, "time") VALUES ('c6e69ed3-0cb0-44b7-87aa-52d657d3ef2c', 'Wood Sink [wm]', '{}', 4446);
INSERT INTO public.processes (id, name, meta, "time") VALUES ('1eeb2a8f-1ce4-4ccf-abb7-19f12aa9bbcc', 'Glass Faucet [wm]', '{}', 2317);
INSERT INTO public.processes (id, name, meta, "time") VALUES ('b5938172-3ec4-4b34-92e0-cdac33b15c52', 'Glass Sink [wm]', '{}', 2275);
INSERT INTO public.processes (id, name, meta, "time") VALUES ('bf25d1c2-5bce-4261-9bf7-e93b527f96d1', 'Plastic Faucet [wm]', '{}', 69);
INSERT INTO public.processes (id, name, meta, "time") VALUES ('892c9822-38f8-4e5a-a78e-07bb150daf7b', 'Plastic Sink [wm]', '{}', 878);
INSERT INTO public.processes (id, name, meta, "time") VALUES ('99f147ba-741d-4495-b40f-a9e318e47962', 'Spare Parts Faucet [wm]', '{}', 2275);
INSERT INTO public.processes (id, name, meta, "time") VALUES ('38df3baa-64b0-483c-bb7f-7155d57f708a', 'Spare Parts Sink [wm]', '{}', 5773);
INSERT INTO public.processes (id, name, meta, "time") VALUES ('57fc41d9-7919-40e4-b9b0-44cb58c6d6ee', 'Computers Faucet [wm]', '{}', 1647);
INSERT INTO public.processes (id, name, meta, "time") VALUES ('5481487f-212c-4bfa-839c-575caa510f9a', 'Computers Sink [wm]', '{}', 4739);
INSERT INTO public.processes (id, name, meta, "time") VALUES ('7f239a88-9da2-4a47-81bf-d5168ef1894d', 'Business Equipment Faucet [wm]', '{}', 60);
INSERT INTO public.processes (id, name, meta, "time") VALUES ('96ca2647-a68c-4eec-aae3-8b368f53c5ef', 'Business Equipment Sink [wm]', '{}', 4996);
INSERT INTO public.processes (id, name, meta, "time") VALUES ('b02b72e8-fa3e-46ed-9ae3-438183fe1c8b', 'Sewing Machines Faucet [wm]', '{}', 892);
INSERT INTO public.processes (id, name, meta, "time") VALUES ('6dc20625-d3c6-42c6-ac77-017b4f4aa9c8', 'Sewing Machines Sink [wm]', '{}', 1756);
INSERT INTO public.processes (id, name, meta, "time") VALUES ('925b4d12-fbf4-442d-bb7c-b301063e1072', 'Pulp Machinery Faucet [wm]', '{}', 2225);
INSERT INTO public.processes (id, name, meta, "time") VALUES ('f7e3f476-a038-4095-bb3a-941d239282b4', 'Pulp Machinery Sink [wm]', '{}', 4654);
INSERT INTO public.processes (id, name, meta, "time") VALUES ('062301b8-c647-4998-93be-d9b94690c167', 'Laboratory Equipment Faucet [wm]', '{}', 2312);
INSERT INTO public.processes (id, name, meta, "time") VALUES ('e4da1804-8500-4150-aaae-55f32bdd3b16', 'Laboratory Equipment Sink [wm]', '{}', 1718);
INSERT INTO public.processes (id, name, meta, "time") VALUES ('6229c660-4de0-4095-bd0d-8b6ca29eaf4c', 'Semiconductors Faucet [wm]', '{}', 651);
INSERT INTO public.processes (id, name, meta, "time") VALUES ('05444e33-02d6-4f8a-9261-324a8bafb75d', 'Semiconductors Sink [wm]', '{}', 3337);
INSERT INTO public.processes (id, name, meta, "time") VALUES ('e48bbd32-44fb-4ebb-8a9c-83e48c1334e2', 'Aerospace Equipment Faucet [wm]', '{}', 971);
INSERT INTO public.processes (id, name, meta, "time") VALUES ('91fe1440-6cea-4b44-b488-02fcf916d45f', 'Aerospace Equipment Sink [wm]', '{}', 2042);
INSERT INTO public.processes (id, name, meta, "time") VALUES ('bb22aedd-5ce3-4184-aa02-65c9f2d73ee4', 'Industrial Vehicles Faucet [wm]', '{}', 5059);
INSERT INTO public.processes (id, name, meta, "time") VALUES ('65afee21-290c-4627-989d-920b4c2b8b72', 'Industrial Vehicles Sink [wm]', '{}', 119);
INSERT INTO public.processes (id, name, meta, "time") VALUES ('9721c28a-8539-4f5d-92b6-ecab36fc4d73', 'Construction Equipment Faucet [wm]', '{}', 1971);
INSERT INTO public.processes (id, name, meta, "time") VALUES ('a389fea4-da61-4f63-b25f-d403060d532f', 'Construction Equipment Sink [wm]', '{}', 1948);
INSERT INTO public.processes (id, name, meta, "time") VALUES ('ee1b7245-5404-470f-a5da-f0f44e024ca4', 'Industrial Chemicals Faucet [wm]', '{}', 1262);
INSERT INTO public.processes (id, name, meta, "time") VALUES ('22b329a6-d612-41b7-9cdd-78204d2304fd', 'Industrial Chemicals Sink [wm]', '{}', 5055);
INSERT INTO public.processes (id, name, meta, "time") VALUES ('42950c84-48a5-49e8-a0c6-7614994630c8', 'Common Tools Faucet [wm]', '{}', 796);
INSERT INTO public.processes (id, name, meta, "time") VALUES ('788a5389-db4d-4f77-b838-d3caace35ed5', 'Common Tools Sink [wm]', '{}', 2052);
INSERT INTO public.processes (id, name, meta, "time") VALUES ('04a421da-a218-4ca0-8324-28c481923f25', 'Hardware Faucet [wm]', '{}', 1168);
INSERT INTO public.processes (id, name, meta, "time") VALUES ('01c0dfc7-3670-4bd6-9a3c-e263f5652f50', 'Hardware Sink [wm]', '{}', 3525);
INSERT INTO public.processes (id, name, meta, "time") VALUES ('1e09eff9-d52e-41a3-86f1-803ab97f93a7', 'Wheat Faucet [wm]', '{}', 3807);
INSERT INTO public.processes (id, name, meta, "time") VALUES ('9cdf16ed-dd7e-4c35-9f03-e102e5884cb0', 'Wheat Sink [wm]', '{}', 611);
INSERT INTO public.processes (id, name, meta, "time") VALUES ('30e0c788-0f5f-425a-bbc7-b239e9ef6313', 'Corn Faucet [wm]', '{}', 692);
INSERT INTO public.processes (id, name, meta, "time") VALUES ('6043530e-5e75-43f8-a85d-84556a20ea88', 'Corn Sink [wm]', '{}', 43);
INSERT INTO public.processes (id, name, meta, "time") VALUES ('1ab7e519-d41b-494d-b1c1-f92e8c3068df', 'Cotton Faucet [wm]', '{}', 1421);
INSERT INTO public.processes (id, name, meta, "time") VALUES ('2520372d-2b32-4879-8aea-8fe07cc2f4d9', 'Cotton Sink [wm]', '{}', 1938);
INSERT INTO public.processes (id, name, meta, "time") VALUES ('3fe252ed-0932-4017-92b0-ee8988dc28c6', 'Wool Faucet [wm]', '{}', 2166);
INSERT INTO public.processes (id, name, meta, "time") VALUES ('c5413194-fe43-4ef8-a62b-828d2b1d7e51', 'Wool Sink [wm]', '{}', 1537);
INSERT INTO public.processes (id, name, meta, "time") VALUES ('5051eb13-d3ff-4df0-b77c-938d325b0ed0', 'Luxury Goods Faucet [wm]', '{}', 125);
INSERT INTO public.processes (id, name, meta, "time") VALUES ('ecab61ab-75a9-492c-8145-03a8e3075bcd', 'Luxury Goods Sink [wm]', '{}', 995);
INSERT INTO public.processes (id, name, meta, "time") VALUES ('209d6e90-2263-4448-a1dc-06d6b8d0db11', 'Swineskin Faucet [wm]', '{}', 1250);
INSERT INTO public.processes (id, name, meta, "time") VALUES ('23df5e75-7b3a-4e75-b6a9-ad89f726fee7', 'Swineskin Sink [wm]', '{}', 269);
INSERT INTO public.processes (id, name, meta, "time") VALUES ('564fee33-bf23-4861-93ba-b45302d17c96', 'Snakeskin Faucet [wm]', '{}', 3756);
INSERT INTO public.processes (id, name, meta, "time") VALUES ('f0826569-b124-4c75-92af-eef339d4c1d2', 'Snakeskin Sink [wm]', '{}', 155);
INSERT INTO public.processes (id, name, meta, "time") VALUES ('c28340ec-cd77-4e78-8cd6-ce753c9cc806', 'Leather Faucet [wm]', '{}', 941);
INSERT INTO public.processes (id, name, meta, "time") VALUES ('fe51093a-d690-48ac-a156-0142a635e69a', 'Leather Sink [wm]', '{}', 30);
INSERT INTO public.processes (id, name, meta, "time") VALUES ('6bbd9ff7-8d23-48c3-b298-19b8d443f1ea', 'Animal Furs Faucet [wm]', '{}', 1418);
INSERT INTO public.processes (id, name, meta, "time") VALUES ('5e346a8e-db8f-4436-8b6b-6aed558af7b7', 'Animal Furs Sink [wm]', '{}', 159);
INSERT INTO public.processes (id, name, meta, "time") VALUES ('5773b753-d56a-47b6-acce-cd00489b5e68', 'Animal Feathers Faucet [wm]', '{}', 537);
INSERT INTO public.processes (id, name, meta, "time") VALUES ('f6c62bba-2ae2-4052-a48e-667559882dca', 'Animal Feathers Sink [wm]', '{}', 3295);
INSERT INTO public.processes (id, name, meta, "time") VALUES ('c40be21c-2d12-4ae2-99a8-12ab1ae8138b', 'Newsprint Faucet [wm]', '{}', 2804);
INSERT INTO public.processes (id, name, meta, "time") VALUES ('c771b022-36a5-4fb8-b219-e99626299dff', 'Newsprint Sink [wm]', '{}', 5167);
INSERT INTO public.processes (id, name, meta, "time") VALUES ('a8881a01-1622-4d32-beca-c56c387d1d37', 'Animal Feed Faucet [wm]', '{}', 2181);
INSERT INTO public.processes (id, name, meta, "time") VALUES ('9a7407ca-b048-4fd0-8548-443e387199ba', 'Animal Feed Sink [wm]', '{}', 5057);
INSERT INTO public.processes (id, name, meta, "time") VALUES ('da43dbf3-0c9d-4f0e-9106-4a396b2e78ec', 'Veterinary Supplies Faucet [wm]', '{}', 2408);
INSERT INTO public.processes (id, name, meta, "time") VALUES ('4d3be032-56e5-42d3-8f96-b73baac77c90', 'Veterinary Supplies Sink [wm]', '{}', 97);
INSERT INTO public.processes (id, name, meta, "time") VALUES ('83ebf580-d49f-4c7f-beb9-12e56e0bc5f3', 'Finished Metal Shapes Faucet [wm]', '{}', 834);
INSERT INTO public.processes (id, name, meta, "time") VALUES ('0aabdabf-591e-4f98-b27b-723335b7be21', 'Finished Metal Shapes Sink [wm]', '{}', 594);
INSERT INTO public.processes (id, name, meta, "time") VALUES ('9ea682fa-5427-4261-a48d-8e4efcc97906', 'Transparent Coal Faucet [wm]', '{}', 1859);
INSERT INTO public.processes (id, name, meta, "time") VALUES ('3526f1db-8960-4456-91d5-b6274ae78ea6', 'Transparent Coal Sink [wm]', '{}', 3004);
INSERT INTO public.processes (id, name, meta, "time") VALUES ('ab129bb8-91cb-496e-93e2-1520e3c79e56', 'Transparent Wood Faucet [wm]', '{}', 936);
INSERT INTO public.processes (id, name, meta, "time") VALUES ('4cd4bced-c1bb-4cb9-986e-54f11c22734c', 'Transparent Wood Sink [wm]', '{}', 2701);
INSERT INTO public.processes (id, name, meta, "time") VALUES ('348117e6-fda7-4996-b9ad-f0bafe908f67', 'Transparent Lead Faucet [wm]', '{}', 4006);
INSERT INTO public.processes (id, name, meta, "time") VALUES ('3fa3164f-05bf-4ef3-a278-e0f093fc8371', 'Transparent Lead Sink [wm]', '{}', 2806);
INSERT INTO public.processes (id, name, meta, "time") VALUES ('479a16fb-2817-43f6-bb0c-c49dc8916b08', 'Salvaged Synth Hair Faucet [wm]', '{}', 2619);
INSERT INTO public.processes (id, name, meta, "time") VALUES ('a64c76cb-ec31-4b8a-90da-039dcd130e27', 'Salvaged Synth Hair Sink [wm]', '{}', 1807);
INSERT INTO public.processes (id, name, meta, "time") VALUES ('81c3e70d-4427-4748-a1a3-d2fee81624b1', 'Salvaged Synth Skin Faucet [wm]', '{}', 258);
INSERT INTO public.processes (id, name, meta, "time") VALUES ('b48b208e-04bf-4659-a1cc-45e329d03cdd', 'Salvaged Synth Skin Sink [wm]', '{}', 3079);
INSERT INTO public.processes (id, name, meta, "time") VALUES ('431db2b2-4b7e-4bfd-8126-3a0b1f303c1c', 'Salvaged Synth Parts Faucet [wm]', '{}', 5078);
INSERT INTO public.processes (id, name, meta, "time") VALUES ('55fc726b-d2a0-4b21-9f80-3f8a9d663b5e', 'Salvaged Synth Parts Sink [wm]', '{}', 6531);
INSERT INTO public.processes (id, name, meta, "time") VALUES ('131db682-7327-4f3f-8bac-722eb284d7a1', 'Tiles Faucet [wm]', '{}', 2808);
INSERT INTO public.processes (id, name, meta, "time") VALUES ('5595c065-5817-4563-8bda-7f577911d275', 'Tiles Sink [wm]', '{}', 2569);
INSERT INTO public.processes (id, name, meta, "time") VALUES ('90a8c8ad-faf5-4f73-895b-dfd85c22b93a', 'Office Supplies Faucet [wm]', '{}', 1658);
INSERT INTO public.processes (id, name, meta, "time") VALUES ('d136f899-abe5-4bce-9ab9-f13367301a3f', 'Office Supplies Sink [wm]', '{}', 1230);
INSERT INTO public.processes (id, name, meta, "time") VALUES ('180da7d1-a195-447f-a2a3-68b49672cc6a', 'Land Tires Faucet [wm]', '{}', 1771);
INSERT INTO public.processes (id, name, meta, "time") VALUES ('cf49d8e2-554e-4f06-b665-70990aac1863', 'Land Tires Sink [wm]', '{}', 3769);
INSERT INTO public.processes (id, name, meta, "time") VALUES ('d4a0b3b9-cd1d-4519-96f1-cd299ea19fc9', 'Malt Extract Faucet [wm]', '{}', 3329);
INSERT INTO public.processes (id, name, meta, "time") VALUES ('a6e21565-31f0-4461-9e5f-de492471550f', 'Malt Extract Sink [wm]', '{}', 2559);
INSERT INTO public.processes (id, name, meta, "time") VALUES ('c59651ee-4ef7-45c0-8939-9f52d452baff', 'Palm Oil Faucet [wm]', '{}', 1975);
INSERT INTO public.processes (id, name, meta, "time") VALUES ('db2dde41-aadd-4fc2-a021-af6c48d92b09', 'Palm Oil Sink [wm]', '{}', 1659);
INSERT INTO public.processes (id, name, meta, "time") VALUES ('1d3d3d84-b3e3-4fcc-ae38-9ded57c9a369', 'Fine Jewelry Faucet [wm]', '{}', 4118);
INSERT INTO public.processes (id, name, meta, "time") VALUES ('7c2eef1f-a877-4881-ac0b-a626ba1c9acd', 'Fine Jewelry Sink [wm]', '{}', 3702);
INSERT INTO public.processes (id, name, meta, "time") VALUES ('ac92be47-d076-43a0-aad1-56c877bb32f6', 'Durables Faucet [wm]', '{}', 4803);
INSERT INTO public.processes (id, name, meta, "time") VALUES ('8fc4fec7-c3de-4802-b75a-6d3cad6241dd', 'Durables Sink [wm]', '{}', 933);
INSERT INTO public.processes (id, name, meta, "time") VALUES ('ae4d3480-6be0-471a-82f0-3143d87d0d03', 'Agrochemicals Faucet [wm]', '{}', 4846);
INSERT INTO public.processes (id, name, meta, "time") VALUES ('79ff91d3-d575-44c0-b10a-5d240fa5a1b6', 'Agrochemicals Sink [wm]', '{}', 3452);
INSERT INTO public.processes (id, name, meta, "time") VALUES ('3751b85e-3947-4785-9992-567097f9f268', 'Task Robots Faucet [wm]', '{}', 1488);
INSERT INTO public.processes (id, name, meta, "time") VALUES ('edc2531e-4f91-4492-9b5d-c5fe56fd73dc', 'Task Robots Sink [wm]', '{}', 2552);
INSERT INTO public.processes (id, name, meta, "time") VALUES ('df3477e8-3638-449f-8f37-cd622d00b71f', 'Modified Bacteria Faucet [wm]', '{}', 314);
INSERT INTO public.processes (id, name, meta, "time") VALUES ('a5ddee77-8013-48db-9386-3f2483773a66', 'Modified Bacteria Sink [wm]', '{}', 7839);
INSERT INTO public.processes (id, name, meta, "time") VALUES ('0067fcdb-7d37-495d-83a2-97663b212e76', 'Superconductors Faucet [wm]', '{}', 1488);
INSERT INTO public.processes (id, name, meta, "time") VALUES ('cfd4d951-ceaa-4054-a856-06404167c63f', 'Superconductors Sink [wm]', '{}', 29);
INSERT INTO public.processes (id, name, meta, "time") VALUES ('9b7ce331-cf3d-4e2d-893f-ea354edda498', 'Cryoinsulators Faucet [wm]', '{}', 626);
INSERT INTO public.processes (id, name, meta, "time") VALUES ('3e59e211-7a79-49f3-af0f-8d3e5f5a94b3', 'Cryoinsulators Sink [wm]', '{}', 7504);
INSERT INTO public.processes (id, name, meta, "time") VALUES ('426dd27b-2741-4aad-9c98-fdfffa593e8d', 'Perennial Biosilica Faucet [wm]', '{}', 6083);
INSERT INTO public.processes (id, name, meta, "time") VALUES ('f6dddc27-8cf0-46d5-9744-268dafebda27', 'Perennial Biosilica Sink [wm]', '{}', 325);
INSERT INTO public.processes (id, name, meta, "time") VALUES ('08564a4c-b14f-4e83-b8bc-fe09a97fedc7', 'Sublimation Enzyme Faucet [wm]', '{}', 3875);
INSERT INTO public.processes (id, name, meta, "time") VALUES ('c4858a85-ef9d-4a1c-9da5-db1d4d4e57fd', 'Sublimation Enzyme Sink [wm]', '{}', 1927);
INSERT INTO public.processes (id, name, meta, "time") VALUES ('5a5b917e-ba8e-4824-afe5-eacbfcb25ebd', 'Yeast Snares Faucet [wm]', '{}', 1055);
INSERT INTO public.processes (id, name, meta, "time") VALUES ('2a031272-389e-4f44-b53f-5dbcec945463', 'Yeast Snares Sink [wm]', '{}', 962);
INSERT INTO public.processes (id, name, meta, "time") VALUES ('26bb1a9a-ca38-459e-882c-d88b944674e8', 'Fish Organs Faucet [wm]', '{}', 2179);
INSERT INTO public.processes (id, name, meta, "time") VALUES ('39479049-8094-4adf-b27d-dec3350ef9f6', 'Fish Organs Sink [wm]', '{}', 2913);
INSERT INTO public.processes (id, name, meta, "time") VALUES ('7674bf29-148a-4de8-aaae-f3dce3064000', 'Photronic Gates Faucet [wm]', '{}', 1053);
INSERT INTO public.processes (id, name, meta, "time") VALUES ('d2208d6c-a01e-47cc-99fb-7d40cdd196c1', 'Photronic Gates Sink [wm]', '{}', 1464);
INSERT INTO public.processes (id, name, meta, "time") VALUES ('7bbe912d-046e-47dc-9307-1f541a112a86', 'Hydronics Faucet [wm]', '{}', 2337);
INSERT INTO public.processes (id, name, meta, "time") VALUES ('e3203031-4dd9-40a4-b15f-777e38375c1f', 'Hydronics Sink [wm]', '{}', 1432);
INSERT INTO public.processes (id, name, meta, "time") VALUES ('b6beeb96-2730-4124-912b-c8d812811392', 'Paracytonics Faucet [wm]', '{}', 104);
INSERT INTO public.processes (id, name, meta, "time") VALUES ('e807f2a3-ba11-44af-9e09-2a4add5e46c3', 'Paracytonics Sink [wm]', '{}', 2757);
INSERT INTO public.processes (id, name, meta, "time") VALUES ('bf0adb0e-9102-40a9-b766-c49bb1b388a2', 'Caecilian Milk Faucet [wm]', '{}', 4325);
INSERT INTO public.processes (id, name, meta, "time") VALUES ('de773eee-19cf-4ef0-96a8-1fd88b4fa6db', 'Caecilian Milk Sink [wm]', '{}', 35);
INSERT INTO public.processes (id, name, meta, "time") VALUES ('2b2f9f8f-9811-4d64-a808-3178d6a6994a', 'Amphibian Neurons Faucet [wm]', '{}', 1553);
INSERT INTO public.processes (id, name, meta, "time") VALUES ('f1560623-403e-452b-883b-6548ceb7b546', 'Amphibian Neurons Sink [wm]', '{}', 1101);
INSERT INTO public.processes (id, name, meta, "time") VALUES ('2d2e0658-c423-4b63-b7d1-aa37c0bd7cdd', 'Monotreme Eggs Faucet [wm]', '{}', 5062);
INSERT INTO public.processes (id, name, meta, "time") VALUES ('2883312d-8d23-4c7a-826f-e4cc7160a53d', 'Monotreme Eggs Sink [wm]', '{}', 2171);
INSERT INTO public.processes (id, name, meta, "time") VALUES ('aa79aed2-d763-479c-9fc4-27b592ff9123', 'Araneuonics Faucet [wm]', '{}', 5133);
INSERT INTO public.processes (id, name, meta, "time") VALUES ('e42a1595-7e9b-4ba2-bec7-e2017afb0582', 'Araneuonics Sink [wm]', '{}', 331);
INSERT INTO public.processes (id, name, meta, "time") VALUES ('a48a7979-a54e-4501-9132-fbb409f0cd65', 'Livestock Faucet [wm]', '{}', 5755);
INSERT INTO public.processes (id, name, meta, "time") VALUES ('e5432683-ad9b-4e7d-856e-c68145d6d4d4', 'Livestock Sink [wm]', '{}', 124);
INSERT INTO public.processes (id, name, meta, "time") VALUES ('0d3dda63-69b0-46b5-8e5b-53d2353e367e', 'Psuedoamalgamoids Faucet [wm]', '{}', 53);
INSERT INTO public.processes (id, name, meta, "time") VALUES ('bdb31099-f3e8-4c85-bd6a-936c673ec1fb', 'Psuedoamalgamoids Sink [wm]', '{}', 1703);
INSERT INTO public.processes (id, name, meta, "time") VALUES ('34d76bcb-b023-4867-a533-3f54a77f434b', 'Nanosieves Faucet [wm]', '{}', 2612);
INSERT INTO public.processes (id, name, meta, "time") VALUES ('d99072ef-2e90-4c2d-84d5-573944ff2dbd', 'Nanosieves Sink [wm]', '{}', 7939);

-- inputs
INSERT INTO public.processinputs (id, itemtypeid, quantity, meta, processid) VALUES ('477a4fb9-9a46-42fd-83da-8417d7ba1894', 'f07715dc-184e-45ab-a1c4-0aad13ebac77', 585, '{}', '6b2490f3-d274-4a49-9a11-315f6964ba5a');
INSERT INTO public.processinputs (id, itemtypeid, quantity, meta, processid) VALUES ('cfd4d850-ffbe-4482-848d-8ff52a63c3cd', 'c753ac8d-a032-4f70-b620-e7ab82863314', 794, '{}', 'a07d4ad0-1be1-4e33-8ed1-c1391942b3be');
INSERT INTO public.processinputs (id, itemtypeid, quantity, meta, processid) VALUES ('6417161d-4bc7-4abf-ba59-1d1dc53fa6ca', '9bb7828f-5c4b-4039-b2aa-5c6fbb2c0ffc', 820, '{}', 'b18afe73-7de1-4f42-9e23-c15b9047558e');
INSERT INTO public.processinputs (id, itemtypeid, quantity, meta, processid) VALUES ('fb3cbb21-1c5c-416e-b3e9-191418ac0867', 'f6dfa7c8-443e-41ad-94c1-ac6de4ad0882', 96, '{}', '18b4ec68-86bf-43be-b16d-89c74da81794');
INSERT INTO public.processinputs (id, itemtypeid, quantity, meta, processid) VALUES ('b4306e55-8117-4bec-9176-b3653d3ebc3c', '758b31c8-f0ac-4397-ba2b-819c988380c5', 658, '{}', '5d4e46a6-5b4c-4a42-b5f7-1f8ebea75157');
INSERT INTO public.processinputs (id, itemtypeid, quantity, meta, processid) VALUES ('b5fdefc2-e096-44f0-a955-c129ae6be7fd', '8dc333de-5f9e-47a9-af70-cbe26f14b8ea', 17, '{}', '9614167a-e4d3-4581-a5cf-a603a06429bf');
INSERT INTO public.processinputs (id, itemtypeid, quantity, meta, processid) VALUES ('d01442fa-8cbe-4c58-ba88-038d0a96b1b7', 'e825dab1-f93f-4416-8b02-136e3822483f', 200, '{}', 'b7ac86bc-6e37-4519-aa55-326af2374f34');
INSERT INTO public.processinputs (id, itemtypeid, quantity, meta, processid) VALUES ('3aebf020-5e5b-4698-ba5b-133e22c7d73b', '6c99dc21-0b32-45e8-927d-6a10227bbe14', 750, '{}', '3f3039f8-6f87-485b-9e5c-ddb9eed47acf');
INSERT INTO public.processinputs (id, itemtypeid, quantity, meta, processid) VALUES ('eada9157-b68a-4216-bfef-c5948b0c98df', '467c465c-1e54-461d-ab1f-02dfcf0f8d78', 64, '{}', '0ce85f9b-2933-4f46-9684-efa261956d4e');
INSERT INTO public.processinputs (id, itemtypeid, quantity, meta, processid) VALUES ('ff2b2ba2-f0be-48cb-8cc0-c710ab3f9bf2', 'e4c50a83-b945-460b-aa7e-72790eac6016', 656, '{}', 'e69a83a8-3e8b-4bca-ad46-951ff118b423');
INSERT INTO public.processinputs (id, itemtypeid, quantity, meta, processid) VALUES ('be64a765-9e7c-47dc-b11d-349e1c571e15', '5a2a0b95-b829-40f2-8a2f-3f0bb5880256', 122, '{}', '41d6a990-1b15-40fe-a56d-46a9be56201d');
INSERT INTO public.processinputs (id, itemtypeid, quantity, meta, processid) VALUES ('17eaab22-7038-45da-801d-b30db7255ea7', 'c421b720-d872-4ba8-aa9b-e45410c5947a', 557, '{}', '16d2fb12-f69b-4f50-bbab-39f43de250f6');
INSERT INTO public.processinputs (id, itemtypeid, quantity, meta, processid) VALUES ('c5756e5f-316e-4b26-9418-9c0c96cba8be', 'c91fe4f9-b364-465f-9971-eca7ce179527', 596, '{}', 'a7f2e536-ecc4-4e40-ac76-0dde649203e2');
INSERT INTO public.processinputs (id, itemtypeid, quantity, meta, processid) VALUES ('d50b2d4e-7a55-40ed-a2b7-7c4ec9beef9a', 'b636016b-ad8e-4cbd-9d06-0622b0d39e66', 272, '{}', '5755a002-7820-47e4-aa57-72a56a8ddc3d');
INSERT INTO public.processinputs (id, itemtypeid, quantity, meta, processid) VALUES ('d2c57099-367e-482c-8d9d-7e081d8dc450', 'c39c3f69-10a8-43b4-99bd-65bec3abc5d1', 328, '{}', '811feeb2-1647-436b-96c2-74f868b21fe8');
INSERT INTO public.processinputs (id, itemtypeid, quantity, meta, processid) VALUES ('34605081-3279-4628-8d01-2976a57fe9ef', 'e9cb175c-fe2b-4a8d-a0b1-176f049f5a05', 486, '{}', '2b0e62b7-b344-4b4a-9f7c-be9f928589ce');
INSERT INTO public.processinputs (id, itemtypeid, quantity, meta, processid) VALUES ('9ce5899e-838b-403d-8647-183b0a4ddc77', '7f6c0bea-0ae0-4cde-8141-066a873679f9', 865, '{}', '7db4c707-8d8b-42de-af55-16e13b992e91');
INSERT INTO public.processinputs (id, itemtypeid, quantity, meta, processid) VALUES ('906b1453-b9fb-438d-bf17-a077e3f512c4', '77e7a626-56dd-4d53-9f05-896122834054', 66, '{}', 'b2f48189-e44d-4629-9213-ff612ca5230b');
INSERT INTO public.processinputs (id, itemtypeid, quantity, meta, processid) VALUES ('dd6fe4e5-deea-4b22-9c1c-636639d3f474', 'cacf6b68-99c9-42b5-8f6c-0e70ee1998b9', 588, '{}', 'aa354e12-2535-4a39-ab77-4302520bc4d4');
INSERT INTO public.processinputs (id, itemtypeid, quantity, meta, processid) VALUES ('e3f734f1-25c2-4afb-8de7-2db29778a7d9', '75252347-4e37-4cb6-9cc0-408e5a733b08', 130, '{}', '557fa68c-a88c-4d4b-ae76-9ddfe55d3d43');
INSERT INTO public.processinputs (id, itemtypeid, quantity, meta, processid) VALUES ('fb146ee6-dce6-46ac-87ea-3868f7f65557', '031ea25d-9ae0-40cc-8bd5-fdebe0cdd082', 824, '{}', '06e95f1c-0652-4d44-bef2-7fae08df8772');
INSERT INTO public.processinputs (id, itemtypeid, quantity, meta, processid) VALUES ('1310e89a-4039-4672-965f-61e490671cc4', '5b0d3b99-2a0d-4181-9965-d013694f2773', 476, '{}', '72bef950-8f04-4175-acbc-49778ccc7f90');
INSERT INTO public.processinputs (id, itemtypeid, quantity, meta, processid) VALUES ('3c005693-b299-4fa7-bf64-894e2de0a55e', '9330ca84-8808-4a28-b989-7efd6247fa1d', 738, '{}', '0f3d0718-ede0-4701-a191-d7e6c44e35ce');
INSERT INTO public.processinputs (id, itemtypeid, quantity, meta, processid) VALUES ('befa4bd4-dacb-4015-bf1b-85f418d7e3c0', 'e9c789fe-23b9-4484-906a-f3147252d835', 881, '{}', '996dbb36-a33b-4f79-bf87-8190f0d0def2');
INSERT INTO public.processinputs (id, itemtypeid, quantity, meta, processid) VALUES ('e9ff2ef7-c290-4612-9d42-d4688e2c9f1d', '9a13019d-161a-41d7-b8f5-028af929f6bd', 493, '{}', 'a61858aa-40a8-470f-93dd-d2b803f12b4e');
INSERT INTO public.processinputs (id, itemtypeid, quantity, meta, processid) VALUES ('f30d089a-2a68-481c-93c6-ad125c0bf0aa', '58990e27-7eb0-420e-b540-15f7571ab2b3', 962, '{}', '5c89c2d3-e258-4c05-840c-90e2cc5a590d');
INSERT INTO public.processinputs (id, itemtypeid, quantity, meta, processid) VALUES ('1a67481d-a0b8-4501-a6cf-41a9e48d9453', '52e94cfc-f4ae-425b-8e21-5e388d84f07d', 157, '{}', '927680ff-5a0f-4982-b07c-935457cb48bc');
INSERT INTO public.processinputs (id, itemtypeid, quantity, meta, processid) VALUES ('a4ebc30f-0040-40b9-995f-3025e6df8d9d', '5cb21f99-f0c2-4517-bd8f-f390202448bb', 507, '{}', 'ec19248b-0132-409a-81ff-956aa04980d5');
INSERT INTO public.processinputs (id, itemtypeid, quantity, meta, processid) VALUES ('2e47df46-8a76-40ad-9600-410c42f12a25', 'f8e63305-f215-4348-adc5-ec40300d3bce', 773, '{}', '9e48337d-eea1-4f3b-b667-3d3b39d6681e');
INSERT INTO public.processinputs (id, itemtypeid, quantity, meta, processid) VALUES ('fb7a4460-e0eb-49e7-baa0-94e790a65120', '6faad544-6fa1-4119-8cc3-5a76887b5ade', 541, '{}', '3347ddf4-71de-4051-a93a-cfa6be10f0cf');
INSERT INTO public.processinputs (id, itemtypeid, quantity, meta, processid) VALUES ('89da41e8-11e3-484f-ad21-ce8f1e2cbbb7', '0ebbc66f-e45e-4221-a92c-dbfd71c65e29', 177, '{}', 'b08ca0ce-7201-46cb-bcda-76bc922bd25a');
INSERT INTO public.processinputs (id, itemtypeid, quantity, meta, processid) VALUES ('afa1781f-2c2f-4f24-b005-e088b0aa6fb3', '54f56706-412e-42fe-8422-06cd882f9693', 782, '{}', 'da8241e5-9f95-4f16-99fd-2c6a49208450');
INSERT INTO public.processinputs (id, itemtypeid, quantity, meta, processid) VALUES ('ed1a1dcb-2af0-4950-b591-a8d56ec24807', '161e165c-aeee-4b03-9048-9ba47715ed64', 139, '{}', '16077bb6-911b-4852-8247-24e561b17364');
INSERT INTO public.processinputs (id, itemtypeid, quantity, meta, processid) VALUES ('007182ee-03b7-481c-af43-64709cd68f82', '8f8ebd30-5072-488b-bfe0-a152233b9cde', 170, '{}', '19ac42b2-65b1-43f3-b85a-8c6b375affa4');
INSERT INTO public.processinputs (id, itemtypeid, quantity, meta, processid) VALUES ('e23f170b-c5fd-43cb-bce5-0dc82389a39c', 'd6fa44c7-87b1-4da1-9c98-e9c5c7191115', 981, '{}', 'a0f67820-a3fb-45ce-b0c8-45e117e25126');
INSERT INTO public.processinputs (id, itemtypeid, quantity, meta, processid) VALUES ('2262d4f4-0309-4b3f-b3be-09e4e52641f2', '3a205427-3e92-4a68-b892-845d9d87c0cc', 167, '{}', 'ef08d1fc-4660-4edd-aa47-1fa72a6ea730');
INSERT INTO public.processinputs (id, itemtypeid, quantity, meta, processid) VALUES ('eabd560e-aa4d-473f-9cac-ea6d6959875a', 'bd802a62-5c03-49b1-a38e-8cb1e0041826', 519, '{}', 'c6e69ed3-0cb0-44b7-87aa-52d657d3ef2c');
INSERT INTO public.processinputs (id, itemtypeid, quantity, meta, processid) VALUES ('9d82df51-5585-4c7b-bbdb-b1a1c6285dfe', 'e9168b79-5018-49e1-82aa-cfa40a14ff57', 624, '{}', 'b5938172-3ec4-4b34-92e0-cdac33b15c52');
INSERT INTO public.processinputs (id, itemtypeid, quantity, meta, processid) VALUES ('88c31542-297b-40d1-b5c5-34f44bbce201', 'f32617cf-3487-430d-827b-b399f0ff9303', 1, '{}', '892c9822-38f8-4e5a-a78e-07bb150daf7b');
INSERT INTO public.processinputs (id, itemtypeid, quantity, meta, processid) VALUES ('fc4632da-2c88-47d3-9f2a-6c76ef6bd0a4', '418282e5-ad38-4c00-ba8e-cb257ba0a8c3', 504, '{}', '38df3baa-64b0-483c-bb7f-7155d57f708a');
INSERT INTO public.processinputs (id, itemtypeid, quantity, meta, processid) VALUES ('bde34d46-cb9d-41da-bcbf-10e9029f3f89', '6771dc69-6e67-4645-a5ef-52dc0f0d1740', 138, '{}', '5481487f-212c-4bfa-839c-575caa510f9a');
INSERT INTO public.processinputs (id, itemtypeid, quantity, meta, processid) VALUES ('60bcc95a-1422-4663-b7d9-08ee8609446f', '686fea62-7669-43bc-a394-c3b703f2a506', 76, '{}', '96ca2647-a68c-4eec-aae3-8b368f53c5ef');
INSERT INTO public.processinputs (id, itemtypeid, quantity, meta, processid) VALUES ('e688f478-7f9c-4bec-9010-d563e1d1fd5c', '1f3c9eed-da7e-4729-95a5-5176dc42680f', 177, '{}', '6dc20625-d3c6-42c6-ac77-017b4f4aa9c8');
INSERT INTO public.processinputs (id, itemtypeid, quantity, meta, processid) VALUES ('bb178a16-bd51-4b31-909b-68e8319c30d4', '3c89d35b-8f83-4b77-aec4-996560d999a1', 203, '{}', 'f7e3f476-a038-4095-bb3a-941d239282b4');
INSERT INTO public.processinputs (id, itemtypeid, quantity, meta, processid) VALUES ('0d9b4de4-a606-4769-8ab7-80120d958d98', '310d26e7-2dcb-45bd-a65f-277b8caff5b1', 663, '{}', 'e4da1804-8500-4150-aaae-55f32bdd3b16');
INSERT INTO public.processinputs (id, itemtypeid, quantity, meta, processid) VALUES ('50a87555-d297-4c8d-a944-05d06614d02f', 'ec896300-4844-4b6c-bf9d-80f85c8afdcc', 503, '{}', '05444e33-02d6-4f8a-9261-324a8bafb75d');
INSERT INTO public.processinputs (id, itemtypeid, quantity, meta, processid) VALUES ('cdc91a62-0097-40ed-94db-59f41a3d0d98', 'ae0b1eb9-671e-4e72-a6fb-359b74ac874d', 988, '{}', '91fe1440-6cea-4b44-b488-02fcf916d45f');
INSERT INTO public.processinputs (id, itemtypeid, quantity, meta, processid) VALUES ('1bd2fef9-4611-44ac-a9aa-00b6a662538b', 'c55aee97-60c9-4e13-bcbd-7f0cddc26a43', 826, '{}', '65afee21-290c-4627-989d-920b4c2b8b72');
INSERT INTO public.processinputs (id, itemtypeid, quantity, meta, processid) VALUES ('7f6935ca-bae9-4c05-9053-d4ee54e3ea40', 'fbed9211-cc78-4a4b-b95c-bd61facbe253', 572, '{}', 'a389fea4-da61-4f63-b25f-d403060d532f');
INSERT INTO public.processinputs (id, itemtypeid, quantity, meta, processid) VALUES ('60513f88-7d28-4a66-837d-3fe037915c85', '42711f31-e904-4018-ba28-b222d489b67d', 76, '{}', '22b329a6-d612-41b7-9cdd-78204d2304fd');
INSERT INTO public.processinputs (id, itemtypeid, quantity, meta, processid) VALUES ('6c19f7e9-3c4f-4403-b746-923af9743ef4', '4b5c0dd0-5576-4556-a9f2-642f6c97f0f1', 998, '{}', '788a5389-db4d-4f77-b838-d3caace35ed5');
INSERT INTO public.processinputs (id, itemtypeid, quantity, meta, processid) VALUES ('c2b5d494-032f-4ba6-82e2-8dbc4147dfef', '50b64db5-b17f-42c7-938c-63ff1920556a', 579, '{}', '01c0dfc7-3670-4bd6-9a3c-e263f5652f50');
INSERT INTO public.processinputs (id, itemtypeid, quantity, meta, processid) VALUES ('ea326ea5-2c86-4ae2-af1e-197dc3ca8e1a', '23c36039-381d-4060-95f2-52a2e0e1670d', 840, '{}', '9cdf16ed-dd7e-4c35-9f03-e102e5884cb0');
INSERT INTO public.processinputs (id, itemtypeid, quantity, meta, processid) VALUES ('5ae737ed-5cf7-43d3-b288-a32ec1c52066', 'a94b18a9-b70f-4096-a0e8-f7bd4067fa6d', 975, '{}', '6043530e-5e75-43f8-a85d-84556a20ea88');
INSERT INTO public.processinputs (id, itemtypeid, quantity, meta, processid) VALUES ('4e24042f-27da-4b45-b1de-3940f88483b4', '60bbbaa8-7cd7-4d1f-b91d-e6dfec8beea0', 798, '{}', '2520372d-2b32-4879-8aea-8fe07cc2f4d9');
INSERT INTO public.processinputs (id, itemtypeid, quantity, meta, processid) VALUES ('19fa0466-1cc4-4111-966d-20153773b5fe', 'c372d8c1-dae3-45f5-a8f7-72a06ca1bbb4', 732, '{}', 'c5413194-fe43-4ef8-a62b-828d2b1d7e51');
INSERT INTO public.processinputs (id, itemtypeid, quantity, meta, processid) VALUES ('4f02d4e9-a115-4c77-be83-3404f770e240', '016bfe77-fb95-42cc-83ac-e4e4f9c973b3', 213, '{}', 'ecab61ab-75a9-492c-8145-03a8e3075bcd');
INSERT INTO public.processinputs (id, itemtypeid, quantity, meta, processid) VALUES ('4803c8e5-8af1-464b-8f52-ca1a5cfad380', 'a59106f0-baae-48db-bee9-81b0c7551842', 623, '{}', '23df5e75-7b3a-4e75-b6a9-ad89f726fee7');
INSERT INTO public.processinputs (id, itemtypeid, quantity, meta, processid) VALUES ('0657ef72-f5be-4673-b27b-15e6a0ffcb93', '63579687-6100-47bd-9797-ceaa4ede6da1', 744, '{}', 'f0826569-b124-4c75-92af-eef339d4c1d2');
INSERT INTO public.processinputs (id, itemtypeid, quantity, meta, processid) VALUES ('eb6da3f7-cbbe-4bfd-8504-47406ff3e15a', '649704a2-8b1c-4847-8ebd-fd28637d820f', 519, '{}', 'fe51093a-d690-48ac-a156-0142a635e69a');
INSERT INTO public.processinputs (id, itemtypeid, quantity, meta, processid) VALUES ('ba994bd9-a418-4d2c-9c80-a5d45f58f978', '10270569-ea5a-48e5-bb3a-e6e981974576', 304, '{}', '5e346a8e-db8f-4436-8b6b-6aed558af7b7');
INSERT INTO public.processinputs (id, itemtypeid, quantity, meta, processid) VALUES ('341af3be-39e1-45b3-a756-c455ac020fe0', '32e74081-9983-4284-9a63-3a9b69dcf309', 32, '{}', 'f6c62bba-2ae2-4052-a48e-667559882dca');
INSERT INTO public.processinputs (id, itemtypeid, quantity, meta, processid) VALUES ('0605bee7-ae4e-487b-9f37-95c967d45e6f', 'e4c6415a-02b0-4b38-bddf-764186e3c5d1', 469, '{}', 'c771b022-36a5-4fb8-b219-e99626299dff');
INSERT INTO public.processinputs (id, itemtypeid, quantity, meta, processid) VALUES ('f8effbed-3bb7-47b0-93a8-9717770cc782', '54403ed5-6b0c-42b4-aa8a-2feb94a15055', 422, '{}', '9a7407ca-b048-4fd0-8548-443e387199ba');
INSERT INTO public.processinputs (id, itemtypeid, quantity, meta, processid) VALUES ('8585eda3-1e65-4dba-8313-7f6105596b0a', '50c413af-0944-412e-bdc2-fb6b07744a58', 248, '{}', '4d3be032-56e5-42d3-8f96-b73baac77c90');
INSERT INTO public.processinputs (id, itemtypeid, quantity, meta, processid) VALUES ('c97a83e2-cbad-4e3f-bb46-c982c8aeb776', '38ca7482-089a-431f-ba6d-8a73eaa62343', 545, '{}', '0aabdabf-591e-4f98-b27b-723335b7be21');
INSERT INTO public.processinputs (id, itemtypeid, quantity, meta, processid) VALUES ('1219ff0b-e6f3-41ab-aabd-376c30725b77', 'fb1e05a1-2af7-4418-bdf3-39b3e22528bb', 550, '{}', '3526f1db-8960-4456-91d5-b6274ae78ea6');
INSERT INTO public.processinputs (id, itemtypeid, quantity, meta, processid) VALUES ('26512d6d-ee69-4dd2-9e1b-990308f54b26', 'e9e71195-2a7c-494b-881b-cb4d3b240469', 910, '{}', '4cd4bced-c1bb-4cb9-986e-54f11c22734c');
INSERT INTO public.processinputs (id, itemtypeid, quantity, meta, processid) VALUES ('fb375f27-de21-4a2b-ad6a-fc0a7e6c717f', 'b0c4b7cb-b56c-4504-b2dd-fb2bb81c1f06', 157, '{}', '3fa3164f-05bf-4ef3-a278-e0f093fc8371');
INSERT INTO public.processinputs (id, itemtypeid, quantity, meta, processid) VALUES ('b0da995c-8e95-4016-83b7-607dc9cddb77', '34cc9d25-2934-4df1-8fe2-95dfc14900ba', 904, '{}', 'a64c76cb-ec31-4b8a-90da-039dcd130e27');
INSERT INTO public.processinputs (id, itemtypeid, quantity, meta, processid) VALUES ('5d67b4b4-ea7f-4dcb-8b3e-e880a4e03725', 'c25d8a46-d17a-4cf4-b2ca-9a362c3f9138', 152, '{}', 'b48b208e-04bf-4659-a1cc-45e329d03cdd');
INSERT INTO public.processinputs (id, itemtypeid, quantity, meta, processid) VALUES ('b5fa47a9-7a71-44d4-a1f6-d0e0e52f301b', '427bf659-b64f-4a54-8063-e78f5257f37b', 696, '{}', '55fc726b-d2a0-4b21-9f80-3f8a9d663b5e');
INSERT INTO public.processinputs (id, itemtypeid, quantity, meta, processid) VALUES ('68990512-6691-4873-932d-6cf8f01a45dd', 'ca25ac03-ef06-4fa9-aa5d-bf63374cafd3', 604, '{}', '5595c065-5817-4563-8bda-7f577911d275');
INSERT INTO public.processinputs (id, itemtypeid, quantity, meta, processid) VALUES ('a2062ba0-bb04-4a7a-bc2f-d19e17927ef5', '9c3328a5-2aad-4559-8da0-6ee3a2982984', 74, '{}', 'd136f899-abe5-4bce-9ab9-f13367301a3f');
INSERT INTO public.processinputs (id, itemtypeid, quantity, meta, processid) VALUES ('363c344c-6662-4c06-ad6a-672f0f759749', 'a13d0ab5-e73b-48a8-b005-dbd7bcfab96e', 527, '{}', 'cf49d8e2-554e-4f06-b665-70990aac1863');
INSERT INTO public.processinputs (id, itemtypeid, quantity, meta, processid) VALUES ('480855e8-c5f9-46d8-b1bc-25afb441596b', '5cde5d12-ba41-4a16-b587-e0e38fb0dab2', 794, '{}', 'a6e21565-31f0-4461-9e5f-de492471550f');
INSERT INTO public.processinputs (id, itemtypeid, quantity, meta, processid) VALUES ('9e30cf41-f92c-4543-9e44-5ee4ee154059', 'ed51a699-91e4-43e6-8c12-86cd8b8c71f6', 726, '{}', 'db2dde41-aadd-4fc2-a021-af6c48d92b09');
INSERT INTO public.processinputs (id, itemtypeid, quantity, meta, processid) VALUES ('ca5884aa-8a3a-42ad-b5c9-854a497ae226', '1e7ff327-e506-45c1-932a-801c21ac3754', 600, '{}', '7c2eef1f-a877-4881-ac0b-a626ba1c9acd');
INSERT INTO public.processinputs (id, itemtypeid, quantity, meta, processid) VALUES ('9cdd5dae-1cb2-43a9-9039-7b8937759fa3', '2e6cc293-db5d-4bc0-b8a3-1f161798dd24', 520, '{}', '8fc4fec7-c3de-4802-b75a-6d3cad6241dd');
INSERT INTO public.processinputs (id, itemtypeid, quantity, meta, processid) VALUES ('9e6c778f-4342-49ae-9e11-2434d0dc0741', '2eff9475-a21a-4056-b921-1778afa3104d', 56, '{}', '79ff91d3-d575-44c0-b10a-5d240fa5a1b6');
INSERT INTO public.processinputs (id, itemtypeid, quantity, meta, processid) VALUES ('6c458aa6-0e0c-47ab-8f20-4348a62bd242', '5888a2c9-4223-46cf-93f4-fae5453f1e3a', 592, '{}', 'edc2531e-4f91-4492-9b5d-c5fe56fd73dc');
INSERT INTO public.processinputs (id, itemtypeid, quantity, meta, processid) VALUES ('389fcb91-d2ad-4019-ac75-1df154fdbc05', '0ec66635-1359-46fd-b328-6a87f35620da', 430, '{}', 'a5ddee77-8013-48db-9386-3f2483773a66');
INSERT INTO public.processinputs (id, itemtypeid, quantity, meta, processid) VALUES ('cd2f4525-516b-488b-b230-7e3decff8eb0', 'ae7c3216-b35a-4c0e-b125-f35073c2dcab', 966, '{}', 'cfd4d951-ceaa-4054-a856-06404167c63f');
INSERT INTO public.processinputs (id, itemtypeid, quantity, meta, processid) VALUES ('d9c0360d-6eed-4cfe-87a3-df111b817644', 'd01c5d65-a413-4daf-bbe9-061c5a6ddd5c', 148, '{}', '3e59e211-7a79-49f3-af0f-8d3e5f5a94b3');
INSERT INTO public.processinputs (id, itemtypeid, quantity, meta, processid) VALUES ('8bfb6ab3-0c49-415c-9f66-3b0b287f0459', 'a92f6bef-a8a0-4ab2-848d-acbf28fa3ae4', 588, '{}', 'f6dddc27-8cf0-46d5-9744-268dafebda27');
INSERT INTO public.processinputs (id, itemtypeid, quantity, meta, processid) VALUES ('57f1e2a0-398b-4f30-91b3-a542fb8f08f4', 'dc487469-c5f6-4ece-9e68-6a424f2bd935', 355, '{}', 'c4858a85-ef9d-4a1c-9da5-db1d4d4e57fd');
INSERT INTO public.processinputs (id, itemtypeid, quantity, meta, processid) VALUES ('5730682a-449d-48fd-8682-ee9188e9974c', '8564dfe5-dc28-459e-bc20-beba0913c58d', 154, '{}', '2a031272-389e-4f44-b53f-5dbcec945463');
INSERT INTO public.processinputs (id, itemtypeid, quantity, meta, processid) VALUES ('97ab7ba6-f622-45e0-bf0d-cba308c86b76', '57164671-451f-4c7a-b958-d3fc053fb103', 507, '{}', '39479049-8094-4adf-b27d-dec3350ef9f6');
INSERT INTO public.processinputs (id, itemtypeid, quantity, meta, processid) VALUES ('2bbe745e-fc37-42da-ac95-abf3187bb5cf', '612a6021-a931-4e58-b914-9282d0f60282', 961, '{}', 'd2208d6c-a01e-47cc-99fb-7d40cdd196c1');
INSERT INTO public.processinputs (id, itemtypeid, quantity, meta, processid) VALUES ('3617042c-8617-4dc8-b329-5b4cc63016cd', 'c4dc62fc-57ce-4f19-85f0-c6fdaba3cde4', 114, '{}', 'e3203031-4dd9-40a4-b15f-777e38375c1f');
INSERT INTO public.processinputs (id, itemtypeid, quantity, meta, processid) VALUES ('e4e0dc84-582f-473a-a4a3-bdd4a693bdfc', '5eddbd00-40b3-4fa8-8604-fe2deacac7c0', 80, '{}', 'e807f2a3-ba11-44af-9e09-2a4add5e46c3');
INSERT INTO public.processinputs (id, itemtypeid, quantity, meta, processid) VALUES ('2c57fd00-f6d2-446d-b0f9-227c9852a71d', 'e2785a67-2aa8-4038-bbea-78e76a0b7e3e', 49, '{}', 'de773eee-19cf-4ef0-96a8-1fd88b4fa6db');
INSERT INTO public.processinputs (id, itemtypeid, quantity, meta, processid) VALUES ('90902be2-4172-4a02-b0b8-007ad504f59f', '22d63e3d-6a28-4793-a526-076058ed5e0a', 148, '{}', 'f1560623-403e-452b-883b-6548ceb7b546');
INSERT INTO public.processinputs (id, itemtypeid, quantity, meta, processid) VALUES ('f3a286bd-0b9c-4296-bf9f-da4d1ecadd7a', '04a03959-d914-4224-93bb-171a1c0dc704', 227, '{}', '2883312d-8d23-4c7a-826f-e4cc7160a53d');
INSERT INTO public.processinputs (id, itemtypeid, quantity, meta, processid) VALUES ('0b200d51-7f51-4b08-a4bc-f180ca0d915d', '48b8ab9c-59db-4289-9c7f-ba655b7268d0', 550, '{}', 'e42a1595-7e9b-4ba2-bec7-e2017afb0582');
INSERT INTO public.processinputs (id, itemtypeid, quantity, meta, processid) VALUES ('9c444e92-c307-4d63-98fc-070656113481', 'f98da5a5-eb5b-4682-b18c-20429b0e4eb1', 980, '{}', 'e5432683-ad9b-4e7d-856e-c68145d6d4d4');
INSERT INTO public.processinputs (id, itemtypeid, quantity, meta, processid) VALUES ('3644eb94-0f7c-4ef3-8739-464050f8a18c', '54fdcda9-ac98-4924-9fbb-8f7b126a07d5', 458, '{}', 'bdb31099-f3e8-4c85-bd6a-936c673ec1fb');
INSERT INTO public.processinputs (id, itemtypeid, quantity, meta, processid) VALUES ('d46d0ce6-9d88-44d4-a70a-885a9f8c172d', 'b5249503-4e7b-4bc7-9758-498f52f1cfdb', 203, '{}', 'd99072ef-2e90-4c2d-84d5-573944ff2dbd');

-- outputs
INSERT INTO public.processoutputs (id, itemtypeid, quantity, meta, processid) VALUES ('d2515250-d0d4-4f30-b97a-8237fb2a4e9d', 'f07715dc-184e-45ab-a1c4-0aad13ebac77', 294, '{}', '582fff52-332a-4c9c-814f-f70b3db0d361');
INSERT INTO public.processoutputs (id, itemtypeid, quantity, meta, processid) VALUES ('ee558700-230f-49a2-9f39-b879d3e24031', 'c753ac8d-a032-4f70-b620-e7ab82863314', 441, '{}', '5972c81e-aabd-4a74-ae79-19aee544f568');
INSERT INTO public.processoutputs (id, itemtypeid, quantity, meta, processid) VALUES ('288f4448-bf2a-4440-b6e4-4819fab241aa', '9bb7828f-5c4b-4039-b2aa-5c6fbb2c0ffc', 771, '{}', '4433e336-0969-49d1-98a7-135ec025dfb4');
INSERT INTO public.processoutputs (id, itemtypeid, quantity, meta, processid) VALUES ('7d04fc80-8db2-41c8-af23-7d58acb79f4a', 'f6dfa7c8-443e-41ad-94c1-ac6de4ad0882', 144, '{}', '92b0f6c5-7a1c-4a8b-a6a9-3ec0faad9626');
INSERT INTO public.processoutputs (id, itemtypeid, quantity, meta, processid) VALUES ('b5338404-3018-4280-aa28-12f1c63a0d12', '758b31c8-f0ac-4397-ba2b-819c988380c5', 432, '{}', 'cc72c386-f4a9-4d6d-b772-6e52b8025065');
INSERT INTO public.processoutputs (id, itemtypeid, quantity, meta, processid) VALUES ('0dd50cf7-8042-4d10-9a2b-34c4a746e827', '8dc333de-5f9e-47a9-af70-cbe26f14b8ea', 616, '{}', 'f659e665-c0f4-4390-801c-ebb0bead5c53');
INSERT INTO public.processoutputs (id, itemtypeid, quantity, meta, processid) VALUES ('d7b94c01-14a1-4763-959a-346f979f9b65', 'e825dab1-f93f-4416-8b02-136e3822483f', 839, '{}', 'e49a2920-5e84-47e8-9233-f8fbe9b7549e');
INSERT INTO public.processoutputs (id, itemtypeid, quantity, meta, processid) VALUES ('8f619cd4-c6db-4a2e-be62-c6d42f4acc10', '6c99dc21-0b32-45e8-927d-6a10227bbe14', 237, '{}', 'c44f265b-4cd2-4694-894a-9956b94a76fb');
INSERT INTO public.processoutputs (id, itemtypeid, quantity, meta, processid) VALUES ('c20e64b1-f1f7-445d-887e-58bdad0b0d7a', '467c465c-1e54-461d-ab1f-02dfcf0f8d78', 391, '{}', '64d480d8-45ec-46a9-8f45-4943b7015372');
INSERT INTO public.processoutputs (id, itemtypeid, quantity, meta, processid) VALUES ('b584dea7-6081-4b36-9813-500bf6e459d4', 'e4c50a83-b945-460b-aa7e-72790eac6016', 55, '{}', 'bd86fbc8-6c2d-4a8c-b4f8-aa04c9814415');
INSERT INTO public.processoutputs (id, itemtypeid, quantity, meta, processid) VALUES ('8fc842ec-259f-4fb0-87b1-5fcdae70a14c', '5a2a0b95-b829-40f2-8a2f-3f0bb5880256', 966, '{}', '84942262-e00f-48b4-baeb-3e6c38aa77f1');
INSERT INTO public.processoutputs (id, itemtypeid, quantity, meta, processid) VALUES ('939ae893-f5ae-42a8-8acc-bbbaab3035fb', 'c421b720-d872-4ba8-aa9b-e45410c5947a', 98, '{}', 'e4f62fc2-e70c-421d-a4a1-10f38b006d55');
INSERT INTO public.processoutputs (id, itemtypeid, quantity, meta, processid) VALUES ('482a5fa7-18c7-4d14-8e4b-f660ca28e997', 'c91fe4f9-b364-465f-9971-eca7ce179527', 6, '{}', '7b2402f7-97ca-4889-8b8a-d74cd7839623');
INSERT INTO public.processoutputs (id, itemtypeid, quantity, meta, processid) VALUES ('1c7b2540-11c3-4846-bcfb-94af28d537db', 'b636016b-ad8e-4cbd-9d06-0622b0d39e66', 34, '{}', '28687a8a-834f-4395-92dc-2a1993f5e8f2');
INSERT INTO public.processoutputs (id, itemtypeid, quantity, meta, processid) VALUES ('8e2d2d9e-0f67-4f5a-bf32-3fee66912807', 'c39c3f69-10a8-43b4-99bd-65bec3abc5d1', 440, '{}', '5502f886-5a5d-4a9a-8251-c97b82b56ebd');
INSERT INTO public.processoutputs (id, itemtypeid, quantity, meta, processid) VALUES ('3cb9456e-67f3-48df-a6a9-f811b2168f3a', 'e9cb175c-fe2b-4a8d-a0b1-176f049f5a05', 989, '{}', 'f2fd6193-3592-4d48-aa30-3f62d6eb3c2c');
INSERT INTO public.processoutputs (id, itemtypeid, quantity, meta, processid) VALUES ('b8786821-0610-4dd6-8f83-a29c0f73bc7b', '7f6c0bea-0ae0-4cde-8141-066a873679f9', 143, '{}', '30bdef7e-07cf-4ddf-a3c3-f0ad9d03773c');
INSERT INTO public.processoutputs (id, itemtypeid, quantity, meta, processid) VALUES ('85ef4ed4-0cad-49ec-b5ea-8376daef0ba4', '77e7a626-56dd-4d53-9f05-896122834054', 885, '{}', '08c8dfdd-2679-49f7-a371-64057a8b6dd9');
INSERT INTO public.processoutputs (id, itemtypeid, quantity, meta, processid) VALUES ('16461fb1-2866-4aa8-8c01-2d7c6f7bf0dc', 'cacf6b68-99c9-42b5-8f6c-0e70ee1998b9', 709, '{}', '37670065-b364-45e6-a3f0-c5bdb9f80e74');
INSERT INTO public.processoutputs (id, itemtypeid, quantity, meta, processid) VALUES ('686914ba-38bd-41a0-815c-bf2e59a8faca', '75252347-4e37-4cb6-9cc0-408e5a733b08', 249, '{}', '13ba35d6-67cf-4ea4-ae89-19c86f188a12');
INSERT INTO public.processoutputs (id, itemtypeid, quantity, meta, processid) VALUES ('e733f898-e44a-4201-96b4-bce8abe968f6', '031ea25d-9ae0-40cc-8bd5-fdebe0cdd082', 762, '{}', '2a12bb7f-8f71-406a-bb65-c839d97a64e4');
INSERT INTO public.processoutputs (id, itemtypeid, quantity, meta, processid) VALUES ('620e7955-2681-42ac-9811-4570705d3950', '5b0d3b99-2a0d-4181-9965-d013694f2773', 239, '{}', '795d9c9d-0cef-47c3-afd2-1e47118bfc3a');
INSERT INTO public.processoutputs (id, itemtypeid, quantity, meta, processid) VALUES ('4e59a16d-0b95-4d30-9e9b-3e2c4ae3227b', '9330ca84-8808-4a28-b989-7efd6247fa1d', 210, '{}', '2b3677fe-5fed-4af1-a500-ad1291813d7e');
INSERT INTO public.processoutputs (id, itemtypeid, quantity, meta, processid) VALUES ('73102305-ed64-4814-8798-286f64ce4901', 'e9c789fe-23b9-4484-906a-f3147252d835', 523, '{}', 'bace7d32-1bf6-4d18-acee-3e4ed86cb451');
INSERT INTO public.processoutputs (id, itemtypeid, quantity, meta, processid) VALUES ('9b329383-f4c4-4fbb-92db-9dcae7752430', '9a13019d-161a-41d7-b8f5-028af929f6bd', 771, '{}', 'ddf890ab-7d42-4cf2-a110-fed0a6bd4ad5');
INSERT INTO public.processoutputs (id, itemtypeid, quantity, meta, processid) VALUES ('e553e7e5-4573-4a63-829d-9b626f0314e1', '58990e27-7eb0-420e-b540-15f7571ab2b3', 794, '{}', 'a9e7244b-2ce1-4336-b5db-21978d8b434c');
INSERT INTO public.processoutputs (id, itemtypeid, quantity, meta, processid) VALUES ('108dfb15-889b-4fca-b7bc-b12787632165', '52e94cfc-f4ae-425b-8e21-5e388d84f07d', 408, '{}', '71baf14d-49fb-46fb-aae3-003e5b39fd19');
INSERT INTO public.processoutputs (id, itemtypeid, quantity, meta, processid) VALUES ('e79cc72e-3491-41e5-b66e-fb5562bdc464', '5cb21f99-f0c2-4517-bd8f-f390202448bb', 246, '{}', 'f521294d-d881-4804-8396-9e1f195f2526');
INSERT INTO public.processoutputs (id, itemtypeid, quantity, meta, processid) VALUES ('d9c36cf3-aa7f-4afe-8b6e-e41dd8bdb228', 'f8e63305-f215-4348-adc5-ec40300d3bce', 478, '{}', '08c625e5-ff68-436f-aea4-d9ef0bc8cd33');
INSERT INTO public.processoutputs (id, itemtypeid, quantity, meta, processid) VALUES ('ddc363c3-86bd-4840-ba7c-9160b2592a93', '6faad544-6fa1-4119-8cc3-5a76887b5ade', 463, '{}', '94a1780b-f137-431e-b655-da3d8da1290b');
INSERT INTO public.processoutputs (id, itemtypeid, quantity, meta, processid) VALUES ('3193e573-bc23-4a2a-828e-a2cdd144bacf', '0ebbc66f-e45e-4221-a92c-dbfd71c65e29', 180, '{}', '08456917-debf-4950-9361-1f47b7298337');
INSERT INTO public.processoutputs (id, itemtypeid, quantity, meta, processid) VALUES ('2a92ca6f-d60f-43d5-9bb6-c129c42e639d', '54f56706-412e-42fe-8422-06cd882f9693', 124, '{}', 'dcd00169-33ce-42a0-b9d7-4d7276a6daf6');
INSERT INTO public.processoutputs (id, itemtypeid, quantity, meta, processid) VALUES ('e78973b8-9d2d-4c20-b088-dabde4732c23', '161e165c-aeee-4b03-9048-9ba47715ed64', 161, '{}', '12bbb205-51fd-44e9-adc9-e849b8542410');
INSERT INTO public.processoutputs (id, itemtypeid, quantity, meta, processid) VALUES ('43d51fea-4263-4f7a-9109-875d90283efa', '8f8ebd30-5072-488b-bfe0-a152233b9cde', 40, '{}', 'b5309636-5352-4759-981d-bc31b92567b6');
INSERT INTO public.processoutputs (id, itemtypeid, quantity, meta, processid) VALUES ('f7b9579f-03e5-4c60-91ef-40b166292a65', 'd6fa44c7-87b1-4da1-9c98-e9c5c7191115', 728, '{}', '986ebe82-4219-46c4-a057-02c3694b1e07');
INSERT INTO public.processoutputs (id, itemtypeid, quantity, meta, processid) VALUES ('11453899-be30-485a-bb5d-5e9c4db664cf', '3a205427-3e92-4a68-b892-845d9d87c0cc', 657, '{}', '6a7fc1b6-c331-461d-9839-2f855beb1259');
INSERT INTO public.processoutputs (id, itemtypeid, quantity, meta, processid) VALUES ('a0551bbb-2b62-45bb-a6c5-13fe6c4d1830', 'bd802a62-5c03-49b1-a38e-8cb1e0041826', 53, '{}', 'a9b761e2-96fb-4f64-84cf-e6b069fcd516');
INSERT INTO public.processoutputs (id, itemtypeid, quantity, meta, processid) VALUES ('32529f93-e7f1-4f82-99f7-eed5e2016fc0', 'e9168b79-5018-49e1-82aa-cfa40a14ff57', 761, '{}', '1eeb2a8f-1ce4-4ccf-abb7-19f12aa9bbcc');
INSERT INTO public.processoutputs (id, itemtypeid, quantity, meta, processid) VALUES ('b9dd9a8b-ba3a-41d6-b4d6-794784990247', 'f32617cf-3487-430d-827b-b399f0ff9303', 860, '{}', 'bf25d1c2-5bce-4261-9bf7-e93b527f96d1');
INSERT INTO public.processoutputs (id, itemtypeid, quantity, meta, processid) VALUES ('18b91f2d-5a54-4bec-91cc-42b25ed6ec74', '418282e5-ad38-4c00-ba8e-cb257ba0a8c3', 306, '{}', '99f147ba-741d-4495-b40f-a9e318e47962');
INSERT INTO public.processoutputs (id, itemtypeid, quantity, meta, processid) VALUES ('d78bbf7f-36b4-462b-90ce-67d12c8e6ebd', '6771dc69-6e67-4645-a5ef-52dc0f0d1740', 773, '{}', '57fc41d9-7919-40e4-b9b0-44cb58c6d6ee');
INSERT INTO public.processoutputs (id, itemtypeid, quantity, meta, processid) VALUES ('6ab8cb0a-28ce-4557-995a-9661d7b7dd3c', '686fea62-7669-43bc-a394-c3b703f2a506', 389, '{}', '7f239a88-9da2-4a47-81bf-d5168ef1894d');
INSERT INTO public.processoutputs (id, itemtypeid, quantity, meta, processid) VALUES ('a905aaa1-6118-4721-99df-33c4d2d61124', '1f3c9eed-da7e-4729-95a5-5176dc42680f', 261, '{}', 'b02b72e8-fa3e-46ed-9ae3-438183fe1c8b');
INSERT INTO public.processoutputs (id, itemtypeid, quantity, meta, processid) VALUES ('e5f30b79-a6f3-43ef-a64b-102c7368489e', '3c89d35b-8f83-4b77-aec4-996560d999a1', 876, '{}', '925b4d12-fbf4-442d-bb7c-b301063e1072');
INSERT INTO public.processoutputs (id, itemtypeid, quantity, meta, processid) VALUES ('7dcd773e-5063-4e41-bee8-1c5df71cf6b7', '310d26e7-2dcb-45bd-a65f-277b8caff5b1', 181, '{}', '062301b8-c647-4998-93be-d9b94690c167');
INSERT INTO public.processoutputs (id, itemtypeid, quantity, meta, processid) VALUES ('fd6948c5-6b94-4835-bd6d-1b48015aede2', 'ec896300-4844-4b6c-bf9d-80f85c8afdcc', 911, '{}', '6229c660-4de0-4095-bd0d-8b6ca29eaf4c');
INSERT INTO public.processoutputs (id, itemtypeid, quantity, meta, processid) VALUES ('5bb57951-36c2-429e-9edc-cc3370ea2ac7', 'ae0b1eb9-671e-4e72-a6fb-359b74ac874d', 988, '{}', 'e48bbd32-44fb-4ebb-8a9c-83e48c1334e2');
INSERT INTO public.processoutputs (id, itemtypeid, quantity, meta, processid) VALUES ('0b1aa536-87c7-422c-a0e1-2b632953dd9a', 'c55aee97-60c9-4e13-bcbd-7f0cddc26a43', 73, '{}', 'bb22aedd-5ce3-4184-aa02-65c9f2d73ee4');
INSERT INTO public.processoutputs (id, itemtypeid, quantity, meta, processid) VALUES ('e1d41fbc-d7b1-4a13-b3d6-5c7aabd4e414', 'fbed9211-cc78-4a4b-b95c-bd61facbe253', 9, '{}', '9721c28a-8539-4f5d-92b6-ecab36fc4d73');
INSERT INTO public.processoutputs (id, itemtypeid, quantity, meta, processid) VALUES ('680a5976-852e-4c4e-8085-e6d560afd6e0', '42711f31-e904-4018-ba28-b222d489b67d', 100, '{}', 'ee1b7245-5404-470f-a5da-f0f44e024ca4');
INSERT INTO public.processoutputs (id, itemtypeid, quantity, meta, processid) VALUES ('0b767dae-5af6-428c-8510-2aece9d049b6', '4b5c0dd0-5576-4556-a9f2-642f6c97f0f1', 387, '{}', '42950c84-48a5-49e8-a0c6-7614994630c8');
INSERT INTO public.processoutputs (id, itemtypeid, quantity, meta, processid) VALUES ('13694b7e-a7b8-486a-b903-62bdce23fa0a', '50b64db5-b17f-42c7-938c-63ff1920556a', 424, '{}', '04a421da-a218-4ca0-8324-28c481923f25');
INSERT INTO public.processoutputs (id, itemtypeid, quantity, meta, processid) VALUES ('1d8576a4-7ba9-4eb2-aeb0-7f237a294d3d', '23c36039-381d-4060-95f2-52a2e0e1670d', 277, '{}', '1e09eff9-d52e-41a3-86f1-803ab97f93a7');
INSERT INTO public.processoutputs (id, itemtypeid, quantity, meta, processid) VALUES ('699bcd3a-aecc-442b-ab2c-9691a77299ad', 'a94b18a9-b70f-4096-a0e8-f7bd4067fa6d', 279, '{}', '30e0c788-0f5f-425a-bbc7-b239e9ef6313');
INSERT INTO public.processoutputs (id, itemtypeid, quantity, meta, processid) VALUES ('e3cba68f-9319-4abb-bba0-3fbb137f963c', '60bbbaa8-7cd7-4d1f-b91d-e6dfec8beea0', 377, '{}', '1ab7e519-d41b-494d-b1c1-f92e8c3068df');
INSERT INTO public.processoutputs (id, itemtypeid, quantity, meta, processid) VALUES ('95759a8c-d4f3-4fff-8aab-1ba9bf97f4df', 'c372d8c1-dae3-45f5-a8f7-72a06ca1bbb4', 28, '{}', '3fe252ed-0932-4017-92b0-ee8988dc28c6');
INSERT INTO public.processoutputs (id, itemtypeid, quantity, meta, processid) VALUES ('85e88fab-b565-4823-a569-d1dd83d1efce', '016bfe77-fb95-42cc-83ac-e4e4f9c973b3', 947, '{}', '5051eb13-d3ff-4df0-b77c-938d325b0ed0');
INSERT INTO public.processoutputs (id, itemtypeid, quantity, meta, processid) VALUES ('e9007f1c-dc94-4e63-90fa-803f67ea9d06', 'a59106f0-baae-48db-bee9-81b0c7551842', 396, '{}', '209d6e90-2263-4448-a1dc-06d6b8d0db11');
INSERT INTO public.processoutputs (id, itemtypeid, quantity, meta, processid) VALUES ('a30b2c19-7eb7-4914-b392-07ce1c77dba8', '63579687-6100-47bd-9797-ceaa4ede6da1', 910, '{}', '564fee33-bf23-4861-93ba-b45302d17c96');
INSERT INTO public.processoutputs (id, itemtypeid, quantity, meta, processid) VALUES ('671f8d58-a769-45f0-9b05-ee7805c4ae70', '649704a2-8b1c-4847-8ebd-fd28637d820f', 77, '{}', 'c28340ec-cd77-4e78-8cd6-ce753c9cc806');
INSERT INTO public.processoutputs (id, itemtypeid, quantity, meta, processid) VALUES ('6f5b6a31-2633-42bb-bf95-fde12926e328', '10270569-ea5a-48e5-bb3a-e6e981974576', 820, '{}', '6bbd9ff7-8d23-48c3-b298-19b8d443f1ea');
INSERT INTO public.processoutputs (id, itemtypeid, quantity, meta, processid) VALUES ('af72a27c-73d0-4b96-b2fd-623897867ed4', '32e74081-9983-4284-9a63-3a9b69dcf309', 805, '{}', '5773b753-d56a-47b6-acce-cd00489b5e68');
INSERT INTO public.processoutputs (id, itemtypeid, quantity, meta, processid) VALUES ('8acf3dae-7868-4c2b-87d6-8b568a5a9bc9', 'e4c6415a-02b0-4b38-bddf-764186e3c5d1', 217, '{}', 'c40be21c-2d12-4ae2-99a8-12ab1ae8138b');
INSERT INTO public.processoutputs (id, itemtypeid, quantity, meta, processid) VALUES ('4af09d93-4390-4421-ac5e-b5d3dce2c0e3', '54403ed5-6b0c-42b4-aa8a-2feb94a15055', 184, '{}', 'a8881a01-1622-4d32-beca-c56c387d1d37');
INSERT INTO public.processoutputs (id, itemtypeid, quantity, meta, processid) VALUES ('5a079eb4-a49d-4f9d-ad27-33ac6efa34a2', '50c413af-0944-412e-bdc2-fb6b07744a58', 430, '{}', 'da43dbf3-0c9d-4f0e-9106-4a396b2e78ec');
INSERT INTO public.processoutputs (id, itemtypeid, quantity, meta, processid) VALUES ('544f0f53-d2d1-48db-b09a-2e6a1fd58c66', '38ca7482-089a-431f-ba6d-8a73eaa62343', 355, '{}', '83ebf580-d49f-4c7f-beb9-12e56e0bc5f3');
INSERT INTO public.processoutputs (id, itemtypeid, quantity, meta, processid) VALUES ('4af45c0f-c07f-4e4b-be60-8a332954ab17', 'fb1e05a1-2af7-4418-bdf3-39b3e22528bb', 396, '{}', '9ea682fa-5427-4261-a48d-8e4efcc97906');
INSERT INTO public.processoutputs (id, itemtypeid, quantity, meta, processid) VALUES ('60302c1d-d815-4b72-8068-bc3ced703b5d', 'e9e71195-2a7c-494b-881b-cb4d3b240469', 445, '{}', 'ab129bb8-91cb-496e-93e2-1520e3c79e56');
INSERT INTO public.processoutputs (id, itemtypeid, quantity, meta, processid) VALUES ('fa23ee9e-33b2-452b-87fe-a98392a5037f', 'b0c4b7cb-b56c-4504-b2dd-fb2bb81c1f06', 849, '{}', '348117e6-fda7-4996-b9ad-f0bafe908f67');
INSERT INTO public.processoutputs (id, itemtypeid, quantity, meta, processid) VALUES ('773c60dd-4afa-411e-b7ed-733d3fd1cf90', '34cc9d25-2934-4df1-8fe2-95dfc14900ba', 873, '{}', '479a16fb-2817-43f6-bb0c-c49dc8916b08');
INSERT INTO public.processoutputs (id, itemtypeid, quantity, meta, processid) VALUES ('f9771c29-898c-4259-a6bd-51c5ad0dd4ac', 'c25d8a46-d17a-4cf4-b2ca-9a362c3f9138', 602, '{}', '81c3e70d-4427-4748-a1a3-d2fee81624b1');
INSERT INTO public.processoutputs (id, itemtypeid, quantity, meta, processid) VALUES ('5ff0351d-7337-4dde-8bc7-5919c3c11a9a', '427bf659-b64f-4a54-8063-e78f5257f37b', 693, '{}', '431db2b2-4b7e-4bfd-8126-3a0b1f303c1c');
INSERT INTO public.processoutputs (id, itemtypeid, quantity, meta, processid) VALUES ('ac305170-12da-4113-92d7-f0892f5c754d', 'ca25ac03-ef06-4fa9-aa5d-bf63374cafd3', 193, '{}', '131db682-7327-4f3f-8bac-722eb284d7a1');
INSERT INTO public.processoutputs (id, itemtypeid, quantity, meta, processid) VALUES ('f9c7ba3a-3cdb-40f1-821b-a56209b6972a', '9c3328a5-2aad-4559-8da0-6ee3a2982984', 937, '{}', '90a8c8ad-faf5-4f73-895b-dfd85c22b93a');
INSERT INTO public.processoutputs (id, itemtypeid, quantity, meta, processid) VALUES ('4183eb73-cc9b-40c5-b742-993bc4c6064c', 'a13d0ab5-e73b-48a8-b005-dbd7bcfab96e', 216, '{}', '180da7d1-a195-447f-a2a3-68b49672cc6a');
INSERT INTO public.processoutputs (id, itemtypeid, quantity, meta, processid) VALUES ('e19fb421-af43-400c-9dd8-78a9f3a67a17', '5cde5d12-ba41-4a16-b587-e0e38fb0dab2', 474, '{}', 'd4a0b3b9-cd1d-4519-96f1-cd299ea19fc9');
INSERT INTO public.processoutputs (id, itemtypeid, quantity, meta, processid) VALUES ('d53dbb83-13ee-4b01-b42b-fef0b205f91a', 'ed51a699-91e4-43e6-8c12-86cd8b8c71f6', 157, '{}', 'c59651ee-4ef7-45c0-8939-9f52d452baff');
INSERT INTO public.processoutputs (id, itemtypeid, quantity, meta, processid) VALUES ('f4d86464-0b91-4f41-9581-3bd183d5f911', '1e7ff327-e506-45c1-932a-801c21ac3754', 292, '{}', '1d3d3d84-b3e3-4fcc-ae38-9ded57c9a369');
INSERT INTO public.processoutputs (id, itemtypeid, quantity, meta, processid) VALUES ('387c5dfa-45c6-4e11-ab9c-21468d6549e5', '2e6cc293-db5d-4bc0-b8a3-1f161798dd24', 606, '{}', 'ac92be47-d076-43a0-aad1-56c877bb32f6');
INSERT INTO public.processoutputs (id, itemtypeid, quantity, meta, processid) VALUES ('86f16e5e-aac2-4035-86d9-b7744ea581cc', '2eff9475-a21a-4056-b921-1778afa3104d', 344, '{}', 'ae4d3480-6be0-471a-82f0-3143d87d0d03');
INSERT INTO public.processoutputs (id, itemtypeid, quantity, meta, processid) VALUES ('e297f5d5-31bd-48c6-8857-ab176848838e', '5888a2c9-4223-46cf-93f4-fae5453f1e3a', 988, '{}', '3751b85e-3947-4785-9992-567097f9f268');
INSERT INTO public.processoutputs (id, itemtypeid, quantity, meta, processid) VALUES ('2453f94c-a7a5-4566-bd51-b144ebb6e233', '0ec66635-1359-46fd-b328-6a87f35620da', 721, '{}', 'df3477e8-3638-449f-8f37-cd622d00b71f');
INSERT INTO public.processoutputs (id, itemtypeid, quantity, meta, processid) VALUES ('1a49995b-e84d-467b-b917-1acd6c38d990', 'ae7c3216-b35a-4c0e-b125-f35073c2dcab', 8, '{}', '0067fcdb-7d37-495d-83a2-97663b212e76');
INSERT INTO public.processoutputs (id, itemtypeid, quantity, meta, processid) VALUES ('4735d3a7-ccf9-48df-97fc-cb636f384089', 'd01c5d65-a413-4daf-bbe9-061c5a6ddd5c', 484, '{}', '9b7ce331-cf3d-4e2d-893f-ea354edda498');
INSERT INTO public.processoutputs (id, itemtypeid, quantity, meta, processid) VALUES ('9a6647c8-ba48-453b-9ed2-f7201d303b8a', 'a92f6bef-a8a0-4ab2-848d-acbf28fa3ae4', 787, '{}', '426dd27b-2741-4aad-9c98-fdfffa593e8d');
INSERT INTO public.processoutputs (id, itemtypeid, quantity, meta, processid) VALUES ('b1a8bf39-ea21-46e4-bdc2-61fb74e4589d', 'dc487469-c5f6-4ece-9e68-6a424f2bd935', 970, '{}', '08564a4c-b14f-4e83-b8bc-fe09a97fedc7');
INSERT INTO public.processoutputs (id, itemtypeid, quantity, meta, processid) VALUES ('5bda115e-5918-4bb9-acdd-5569dd2f05b7', '8564dfe5-dc28-459e-bc20-beba0913c58d', 635, '{}', '5a5b917e-ba8e-4824-afe5-eacbfcb25ebd');
INSERT INTO public.processoutputs (id, itemtypeid, quantity, meta, processid) VALUES ('4b5c4b14-7315-452e-b3cd-45c26683e33f', '57164671-451f-4c7a-b958-d3fc053fb103', 712, '{}', '26bb1a9a-ca38-459e-882c-d88b944674e8');
INSERT INTO public.processoutputs (id, itemtypeid, quantity, meta, processid) VALUES ('a1c32517-0098-42c5-a648-e58b27958032', '612a6021-a931-4e58-b914-9282d0f60282', 59, '{}', '7674bf29-148a-4de8-aaae-f3dce3064000');
INSERT INTO public.processoutputs (id, itemtypeid, quantity, meta, processid) VALUES ('21036ce6-4df3-4243-8c0f-e74f7f2e00c0', 'c4dc62fc-57ce-4f19-85f0-c6fdaba3cde4', 459, '{}', '7bbe912d-046e-47dc-9307-1f541a112a86');
INSERT INTO public.processoutputs (id, itemtypeid, quantity, meta, processid) VALUES ('e2e278f8-45b8-47eb-ad3c-27a224afa1e9', '5eddbd00-40b3-4fa8-8604-fe2deacac7c0', 432, '{}', 'b6beeb96-2730-4124-912b-c8d812811392');
INSERT INTO public.processoutputs (id, itemtypeid, quantity, meta, processid) VALUES ('f8275fcc-d5cb-4902-b8aa-a6ff9db7b625', 'e2785a67-2aa8-4038-bbea-78e76a0b7e3e', 368, '{}', 'bf0adb0e-9102-40a9-b766-c49bb1b388a2');
INSERT INTO public.processoutputs (id, itemtypeid, quantity, meta, processid) VALUES ('334713a4-472e-4024-893d-5cce1062ff4c', '22d63e3d-6a28-4793-a526-076058ed5e0a', 333, '{}', '2b2f9f8f-9811-4d64-a808-3178d6a6994a');
INSERT INTO public.processoutputs (id, itemtypeid, quantity, meta, processid) VALUES ('7e225d35-a83a-462a-a023-3b4f4c0be1a1', '04a03959-d914-4224-93bb-171a1c0dc704', 717, '{}', '2d2e0658-c423-4b63-b7d1-aa37c0bd7cdd');
INSERT INTO public.processoutputs (id, itemtypeid, quantity, meta, processid) VALUES ('2244f530-075c-4bb9-b59e-272bc295dc28', '48b8ab9c-59db-4289-9c7f-ba655b7268d0', 575, '{}', 'aa79aed2-d763-479c-9fc4-27b592ff9123');
INSERT INTO public.processoutputs (id, itemtypeid, quantity, meta, processid) VALUES ('98d852e0-c84f-4403-991d-ba7775fccc26', 'f98da5a5-eb5b-4682-b18c-20429b0e4eb1', 783, '{}', 'a48a7979-a54e-4501-9132-fbb409f0cd65');
INSERT INTO public.processoutputs (id, itemtypeid, quantity, meta, processid) VALUES ('a315e1cc-b7db-4a9e-a289-5983209a681b', '54fdcda9-ac98-4924-9fbb-8f7b126a07d5', 303, '{}', '0d3dda63-69b0-46b5-8e5b-53d2353e367e');
INSERT INTO public.processoutputs (id, itemtypeid, quantity, meta, processid) VALUES ('28bd0861-1191-42a7-9fb6-a426de09aaff', 'b5249503-4e7b-4bc7-9758-498f52f1cfdb', 253, '{}', '34d76bcb-b023-4867-a533-3f54a77f434b');
