-- patch salvager starts
INSERT INTO public.starts (id, name, shiptemplateid, shipfitting, created, available, systemid, homestationid, wallet, factionid) VALUES ('e5f2f73d-acd0-4a56-941d-eaa7c924b183', 'Fly. Salvager', '248e1854-7ce6-4684-a339-581edde64fbc', '{"a_rack": [{"item_type_id": "9db663d5-4525-42d0-a21e-40d47aec8360"}, {"item_type_id": "4d434e80-b8d5-488c-8f83-e3a4e62293b5"}], "b_rack": [{"item_type_id": "2fc079a2-8cc6-4ae7-9fa8-a4af11615fc0"}, {"item_type_id": "b6c61575-1c0d-4a89-9a8e-36b6720848ea"}], "c_rack": [{"item_type_id": "be5ef52d-9b2d-4798-8a7c-758da84dd4c0"}, {"item_type_id": "be5ef52d-9b2d-4798-8a7c-758da84dd4c0"}]}', '2022-11-20 16:04:12.311593-05', false, 'b41c2613-0bb6-4eaf-9c8d-b6214d8e5cd3', 'a0d1da80-8e3d-4c17-b64e-797bff444034', 10000, '30bc70eb-2692-47e6-a7e3-2772e131c3d7');
INSERT INTO public.starts (id, name, shiptemplateid, shipfitting, created, available, systemid, homestationid, wallet, factionid) VALUES ('bf0efe8d-f855-4809-95ad-1558cc4c2d34', 'Bad. Salvager', '26566ccf-8700-4538-87d8-26e6dd9b136f', '{"a_rack": [{"item_type_id": "fc212b1e-84db-489b-b4af-4a8513516cf7"}, {"item_type_id": "4d434e80-b8d5-488c-8f83-e3a4e62293b5"}], "b_rack": [{"item_type_id": "21587e95-fdbd-4be7-b103-db3f9ea72a19"}], "c_rack": [{"item_type_id": "6b8b44b8-64fe-48f6-a451-3f14b1be7fa9"}, {"item_type_id": "6b8b44b8-64fe-48f6-a451-3f14b1be7fa9"}, {"item_type_id": "6b8b44b8-64fe-48f6-a451-3f14b1be7fa9"}]}', '2022-11-20 16:05:27.573451-05', false, '0584b6b3-86ba-4cde-b4bd-2063cdc525ac', '257e8dca-661f-4d76-94dc-38b1aa33b0d7', 10000, '7decfd86-9c82-4a17-af3b-5d4af8c4e2ad');
INSERT INTO public.starts (id, name, shiptemplateid, shipfitting, created, available, systemid, homestationid, wallet, factionid) VALUES ('f93ee9b1-a3eb-4a85-93d9-845ecca4a7af', 'Sanc. Salvager', '94e843bf-1087-4925-aa49-e2262a1cf133', '{"a_rack": [{"item_type_id": "4d434e80-b8d5-488c-8f83-e3a4e62293b5"}, {"item_type_id": "4d434e80-b8d5-488c-8f83-e3a4e62293b5"}, {"item_type_id": "f63d176f-82d6-4278-ac31-cbba59c9c19f"}], "b_rack": [{"item_type_id": "074ccccb-a3c5-431b-9b57-854450219ee5"}, {"item_type_id": "09172710-740c-4d1c-9fc0-43cb62e674e7"}], "c_rack": [{"item_type_id": "993bc7c8-fb2a-423f-8000-39c7fb6be743"}, {"item_type_id": "efee923f-aff6-41f3-ac45-2effd4fa04ac"}]}', '2022-11-20 16:08:17.553826-05', false, 'efb82491-750a-4c5e-b33b-c5671c807a64', '385edc16-842f-47bc-92ca-2f27137dd553', 10000, 'b3d3fa9c-b21e-490f-b39e-128b3af12128');

-- sanctuary

    -- containers
    INSERT INTO public.containers (id, meta, created) VALUES ('1042fcef-64e0-4b2b-8bcb-73347994f340', '{}', '2022-11-20 16:28:25.931413-05');
    INSERT INTO public.containers (id, meta, created) VALUES ('79959322-2f44-4440-818e-0f7bdcb56432', '{}', '2022-11-20 16:28:25.938238-05');
    INSERT INTO public.containers (id, meta, created) VALUES ('5d15b13c-1a93-4c39-b4dc-8f9e512337a5', '{}', '2022-11-20 16:28:25.939624-05');
    INSERT INTO public.containers (id, meta, created) VALUES ('098253bd-3f9c-471d-adbd-421ff6b6bb4e', '{}', '2022-11-20 16:28:25.940998-05');
    INSERT INTO public.containers (id, meta, created) VALUES ('77fc504e-10bc-48fc-9404-2673d3773506', '{}', '2022-11-20 16:28:25.964641-05');
    INSERT INTO public.containers (id, meta, created) VALUES ('86f137d5-29de-48a0-8913-badb28502f47', '{}', '2022-11-20 16:28:25.96599-05');
    INSERT INTO public.containers (id, meta, created) VALUES ('f3dfc511-f613-4532-b17e-c67b72be6eaa', '{}', '2022-11-20 16:28:25.967454-05');
    INSERT INTO public.containers (id, meta, created) VALUES ('bf065be6-0692-4dd9-a75d-e2ea32cd899f', '{}', '2022-11-20 16:28:25.987229-05');
    INSERT INTO public.containers (id, meta, created) VALUES ('57f10aa1-18f9-49af-8957-44b5ffb77354', '{}', '2022-11-20 16:28:25.988704-05');
    INSERT INTO public.containers (id, meta, created) VALUES ('0d9b0c6e-ccbb-412e-a20b-3ce6be71a0a0', '{}', '2022-11-20 16:28:25.990197-05');
    INSERT INTO public.containers (id, meta, created) VALUES ('25524fbf-e3c6-4a2c-984e-c25559207360', '{}', '2022-11-20 16:28:26.010536-05');
    INSERT INTO public.containers (id, meta, created) VALUES ('306b4505-fd39-46a7-9395-c1a16e375db2', '{}', '2022-11-20 16:28:26.011974-05');
    INSERT INTO public.containers (id, meta, created) VALUES ('3ffd82ca-6bdf-4d1a-beaa-ae9e20b587aa', '{}', '2022-11-20 16:28:26.013254-05');
    INSERT INTO public.containers (id, meta, created) VALUES ('d2f7d3cc-66bc-4954-b01c-45effc649a7a', '{}', '2022-11-20 16:28:26.034282-05');
    INSERT INTO public.containers (id, meta, created) VALUES ('a2dfe9d9-6f75-4c20-82a4-fc3d46980bd0', '{}', '2022-11-20 16:28:26.035642-05');
    INSERT INTO public.containers (id, meta, created) VALUES ('22c3eb26-3deb-4c37-9684-51507d30b0b6', '{}', '2022-11-20 16:28:26.037131-05');
    INSERT INTO public.containers (id, meta, created) VALUES ('ad410ec5-31fa-4fa8-a30d-cdce793c51a3', '{}', '2022-11-20 16:28:26.057603-05');
    INSERT INTO public.containers (id, meta, created) VALUES ('6175af72-e16d-4cbf-a4df-f6429e06295f', '{}', '2022-11-20 16:28:26.059171-05');
    INSERT INTO public.containers (id, meta, created) VALUES ('e020b0b6-52a8-4b64-b4e5-4e6e1329183c', '{}', '2022-11-20 16:28:26.060564-05');
    INSERT INTO public.containers (id, meta, created) VALUES ('fc2306aa-722c-4ac4-9e5b-be166f06096b', '{}', '2022-11-20 16:28:26.082724-05');
    INSERT INTO public.containers (id, meta, created) VALUES ('46413597-8406-4a46-8a91-1f9432f00bd6', '{}', '2022-11-20 16:28:26.084128-05');
    INSERT INTO public.containers (id, meta, created) VALUES ('dfd0e8f0-e08d-405c-8068-46c0daafd04b', '{}', '2022-11-20 16:28:26.08559-05');
    INSERT INTO public.containers (id, meta, created) VALUES ('5eb7282d-09ee-474b-b824-eb09a6d19811', '{}', '2022-11-20 16:28:26.109914-05');
    INSERT INTO public.containers (id, meta, created) VALUES ('c9be74d2-a3f5-4c03-b0c8-68374a79b09d', '{}', '2022-11-20 16:28:26.111676-05');
    INSERT INTO public.containers (id, meta, created) VALUES ('ee31aefe-8257-406b-8a3e-d615012fc2a4', '{}', '2022-11-20 16:28:26.113229-05');

    -- users
    INSERT INTO public.users (id, charactername, hashpass, registered, banned, current_shipid, startid, escrow_containerid, current_factionid, reputationsheet, isnpc, behaviourmode, emailaddress, experiencesheet, registeredip, isdev, resettoken) VALUES ('7a1ec809-fd63-491d-a850-db89839e9389', 'Bradley Rios', 'ca38c4b399278b59f0d5d1880b65c5f1bc9fd607c9fd786610931ed58a35e6dd', '2022-11-20 16:28:25.934168-05', B'0', NULL, 'f93ee9b1-a3eb-4a85-93d9-845ecca4a7af', '1042fcef-64e0-4b2b-8bcb-73347994f340', 'b3d3fa9c-b21e-490f-b39e-128b3af12128', '{"factionEntries": {"27a53dfc-a321-4c12-bf7c-bb177955c95b": {"FactionID": "27a53dfc-a321-4c12-bf7c-bb177955c95b", "StandingValue": 0, "AreOpenlyHostile": false}, "30bc70eb-2692-47e6-a7e3-2772e131c3d7": {"FactionID": "30bc70eb-2692-47e6-a7e3-2772e131c3d7", "StandingValue": 0, "AreOpenlyHostile": false}, "506286f5-6613-4481-ac26-caa9940fbe68": {"FactionID": "506286f5-6613-4481-ac26-caa9940fbe68", "StandingValue": -0.05, "AreOpenlyHostile": false}, "559d7fc1-5470-4ab4-8c66-fa2f0b89a523": {"FactionID": "559d7fc1-5470-4ab4-8c66-fa2f0b89a523", "StandingValue": 0, "AreOpenlyHostile": false}, "5db2bec7-37c3-4f1c-ab88-21024c12d639": {"FactionID": "5db2bec7-37c3-4f1c-ab88-21024c12d639", "StandingValue": 0, "AreOpenlyHostile": false}, "a0152cbb-8a78-45a4-ae9b-2ad2b60b583b": {"FactionID": "a0152cbb-8a78-45a4-ae9b-2ad2b60b583b", "StandingValue": 0, "AreOpenlyHostile": false}, "b3d3fa9c-b21e-490f-b39e-128b3af12128": {"FactionID": "b3d3fa9c-b21e-490f-b39e-128b3af12128", "StandingValue": 10, "AreOpenlyHostile": false}, "bdeffd9a-3cab-408c-9cd7-32fce1124f7a": {"FactionID": "bdeffd9a-3cab-408c-9cd7-32fce1124f7a", "StandingValue": 0, "AreOpenlyHostile": false}}}', true, 5, NULL, '{}', '[::1]:33814', false, NULL);
    INSERT INTO public.users (id, charactername, hashpass, registered, banned, current_shipid, startid, escrow_containerid, current_factionid, reputationsheet, isnpc, behaviourmode, emailaddress, experiencesheet, registeredip, isdev, resettoken) VALUES ('cdf86ad2-a1b8-43dc-96f3-1a523d70a314', 'Ollie Barnett', '65dff8a1a9bdd3b9829c8e0e7a2bdbb0a9d1ccdf05cf6bff2d769e03579a40ee', '2022-11-20 16:28:25.962606-05', B'0', NULL, 'f93ee9b1-a3eb-4a85-93d9-845ecca4a7af', '1042fcef-64e0-4b2b-8bcb-73347994f340', 'b3d3fa9c-b21e-490f-b39e-128b3af12128', '{"factionEntries": {"27a53dfc-a321-4c12-bf7c-bb177955c95b": {"FactionID": "27a53dfc-a321-4c12-bf7c-bb177955c95b", "StandingValue": 0, "AreOpenlyHostile": false}, "30bc70eb-2692-47e6-a7e3-2772e131c3d7": {"FactionID": "30bc70eb-2692-47e6-a7e3-2772e131c3d7", "StandingValue": 0, "AreOpenlyHostile": false}, "506286f5-6613-4481-ac26-caa9940fbe68": {"FactionID": "506286f5-6613-4481-ac26-caa9940fbe68", "StandingValue": -0.05, "AreOpenlyHostile": false}, "559d7fc1-5470-4ab4-8c66-fa2f0b89a523": {"FactionID": "559d7fc1-5470-4ab4-8c66-fa2f0b89a523", "StandingValue": 0, "AreOpenlyHostile": false}, "5db2bec7-37c3-4f1c-ab88-21024c12d639": {"FactionID": "5db2bec7-37c3-4f1c-ab88-21024c12d639", "StandingValue": 0, "AreOpenlyHostile": false}, "a0152cbb-8a78-45a4-ae9b-2ad2b60b583b": {"FactionID": "a0152cbb-8a78-45a4-ae9b-2ad2b60b583b", "StandingValue": 0, "AreOpenlyHostile": false}, "b3d3fa9c-b21e-490f-b39e-128b3af12128": {"FactionID": "b3d3fa9c-b21e-490f-b39e-128b3af12128", "StandingValue": 10, "AreOpenlyHostile": false}, "bdeffd9a-3cab-408c-9cd7-32fce1124f7a": {"FactionID": "bdeffd9a-3cab-408c-9cd7-32fce1124f7a", "StandingValue": 0, "AreOpenlyHostile": false}}}', true, 5, NULL, '{}', '[::1]:33814', false, NULL);
    INSERT INTO public.users (id, charactername, hashpass, registered, banned, current_shipid, startid, escrow_containerid, current_factionid, reputationsheet, isnpc, behaviourmode, emailaddress, experiencesheet, registeredip, isdev, resettoken) VALUES ('8f2e3596-342a-4392-935b-9483795765c9', 'Ysabel Cadenas', '30a3697f414579466f660da42dcc68b3b9e4fb483b9ef4631658a1582d3c0b5a', '2022-11-20 16:28:25.984839-05', B'0', NULL, 'f93ee9b1-a3eb-4a85-93d9-845ecca4a7af', '1042fcef-64e0-4b2b-8bcb-73347994f340', 'b3d3fa9c-b21e-490f-b39e-128b3af12128', '{"factionEntries": {"27a53dfc-a321-4c12-bf7c-bb177955c95b": {"FactionID": "27a53dfc-a321-4c12-bf7c-bb177955c95b", "StandingValue": 0, "AreOpenlyHostile": false}, "30bc70eb-2692-47e6-a7e3-2772e131c3d7": {"FactionID": "30bc70eb-2692-47e6-a7e3-2772e131c3d7", "StandingValue": 0, "AreOpenlyHostile": false}, "506286f5-6613-4481-ac26-caa9940fbe68": {"FactionID": "506286f5-6613-4481-ac26-caa9940fbe68", "StandingValue": -0.05, "AreOpenlyHostile": false}, "559d7fc1-5470-4ab4-8c66-fa2f0b89a523": {"FactionID": "559d7fc1-5470-4ab4-8c66-fa2f0b89a523", "StandingValue": 0, "AreOpenlyHostile": false}, "5db2bec7-37c3-4f1c-ab88-21024c12d639": {"FactionID": "5db2bec7-37c3-4f1c-ab88-21024c12d639", "StandingValue": 0, "AreOpenlyHostile": false}, "a0152cbb-8a78-45a4-ae9b-2ad2b60b583b": {"FactionID": "a0152cbb-8a78-45a4-ae9b-2ad2b60b583b", "StandingValue": 0, "AreOpenlyHostile": false}, "b3d3fa9c-b21e-490f-b39e-128b3af12128": {"FactionID": "b3d3fa9c-b21e-490f-b39e-128b3af12128", "StandingValue": 10, "AreOpenlyHostile": false}, "bdeffd9a-3cab-408c-9cd7-32fce1124f7a": {"FactionID": "bdeffd9a-3cab-408c-9cd7-32fce1124f7a", "StandingValue": 0, "AreOpenlyHostile": false}}}', true, 5, NULL, '{}', '[::1]:33814', false, NULL);
    INSERT INTO public.users (id, charactername, hashpass, registered, banned, current_shipid, startid, escrow_containerid, current_factionid, reputationsheet, isnpc, behaviourmode, emailaddress, experiencesheet, registeredip, isdev, resettoken) VALUES ('e197ec8d-6ddf-48ca-ba6a-094aedffed4d', 'Kheri Ibori', '9ee85d66e3d5981f03bc184bfda84c29f0845affb89ceeee2d848f0dc3c53799', '2022-11-20 16:28:26.00848-05', B'0', NULL, 'f93ee9b1-a3eb-4a85-93d9-845ecca4a7af', '1042fcef-64e0-4b2b-8bcb-73347994f340', 'b3d3fa9c-b21e-490f-b39e-128b3af12128', '{"factionEntries": {"27a53dfc-a321-4c12-bf7c-bb177955c95b": {"FactionID": "27a53dfc-a321-4c12-bf7c-bb177955c95b", "StandingValue": 0, "AreOpenlyHostile": false}, "30bc70eb-2692-47e6-a7e3-2772e131c3d7": {"FactionID": "30bc70eb-2692-47e6-a7e3-2772e131c3d7", "StandingValue": 0, "AreOpenlyHostile": false}, "506286f5-6613-4481-ac26-caa9940fbe68": {"FactionID": "506286f5-6613-4481-ac26-caa9940fbe68", "StandingValue": -0.05, "AreOpenlyHostile": false}, "559d7fc1-5470-4ab4-8c66-fa2f0b89a523": {"FactionID": "559d7fc1-5470-4ab4-8c66-fa2f0b89a523", "StandingValue": 0, "AreOpenlyHostile": false}, "5db2bec7-37c3-4f1c-ab88-21024c12d639": {"FactionID": "5db2bec7-37c3-4f1c-ab88-21024c12d639", "StandingValue": 0, "AreOpenlyHostile": false}, "a0152cbb-8a78-45a4-ae9b-2ad2b60b583b": {"FactionID": "a0152cbb-8a78-45a4-ae9b-2ad2b60b583b", "StandingValue": 0, "AreOpenlyHostile": false}, "b3d3fa9c-b21e-490f-b39e-128b3af12128": {"FactionID": "b3d3fa9c-b21e-490f-b39e-128b3af12128", "StandingValue": 10, "AreOpenlyHostile": false}, "bdeffd9a-3cab-408c-9cd7-32fce1124f7a": {"FactionID": "bdeffd9a-3cab-408c-9cd7-32fce1124f7a", "StandingValue": 0, "AreOpenlyHostile": false}}}', true, 5, NULL, '{}', '[::1]:33814', false, NULL);
    INSERT INTO public.users (id, charactername, hashpass, registered, banned, current_shipid, startid, escrow_containerid, current_factionid, reputationsheet, isnpc, behaviourmode, emailaddress, experiencesheet, registeredip, isdev, resettoken) VALUES ('4d6c31a3-02b9-4de0-bef5-59c50d67f94c', 'Elfi Baumann', 'a1a096d1cd72ad28f91b7436833996e32aa3147d13103835de6e91603fd6e584', '2022-11-20 16:28:26.03179-05', B'0', NULL, 'f93ee9b1-a3eb-4a85-93d9-845ecca4a7af', '1042fcef-64e0-4b2b-8bcb-73347994f340', 'b3d3fa9c-b21e-490f-b39e-128b3af12128', '{"factionEntries": {"27a53dfc-a321-4c12-bf7c-bb177955c95b": {"FactionID": "27a53dfc-a321-4c12-bf7c-bb177955c95b", "StandingValue": 0, "AreOpenlyHostile": false}, "30bc70eb-2692-47e6-a7e3-2772e131c3d7": {"FactionID": "30bc70eb-2692-47e6-a7e3-2772e131c3d7", "StandingValue": 0, "AreOpenlyHostile": false}, "506286f5-6613-4481-ac26-caa9940fbe68": {"FactionID": "506286f5-6613-4481-ac26-caa9940fbe68", "StandingValue": -0.05, "AreOpenlyHostile": false}, "559d7fc1-5470-4ab4-8c66-fa2f0b89a523": {"FactionID": "559d7fc1-5470-4ab4-8c66-fa2f0b89a523", "StandingValue": 0, "AreOpenlyHostile": false}, "5db2bec7-37c3-4f1c-ab88-21024c12d639": {"FactionID": "5db2bec7-37c3-4f1c-ab88-21024c12d639", "StandingValue": 0, "AreOpenlyHostile": false}, "a0152cbb-8a78-45a4-ae9b-2ad2b60b583b": {"FactionID": "a0152cbb-8a78-45a4-ae9b-2ad2b60b583b", "StandingValue": 0, "AreOpenlyHostile": false}, "b3d3fa9c-b21e-490f-b39e-128b3af12128": {"FactionID": "b3d3fa9c-b21e-490f-b39e-128b3af12128", "StandingValue": 10, "AreOpenlyHostile": false}, "bdeffd9a-3cab-408c-9cd7-32fce1124f7a": {"FactionID": "bdeffd9a-3cab-408c-9cd7-32fce1124f7a", "StandingValue": 0, "AreOpenlyHostile": false}}}', true, 5, NULL, '{}', '[::1]:33814', false, NULL);
    INSERT INTO public.users (id, charactername, hashpass, registered, banned, current_shipid, startid, escrow_containerid, current_factionid, reputationsheet, isnpc, behaviourmode, emailaddress, experiencesheet, registeredip, isdev, resettoken) VALUES ('bdc4a561-8013-4aca-b1d8-4da0a8121177', 'Gi Yun-Hee', '6eabb81bc377971dcedb26d1503e72e30f2b4fe62dc4397ad700955b1a9bcc19', '2022-11-20 16:28:26.055339-05', B'0', NULL, 'f93ee9b1-a3eb-4a85-93d9-845ecca4a7af', '1042fcef-64e0-4b2b-8bcb-73347994f340', 'b3d3fa9c-b21e-490f-b39e-128b3af12128', '{"factionEntries": {"27a53dfc-a321-4c12-bf7c-bb177955c95b": {"FactionID": "27a53dfc-a321-4c12-bf7c-bb177955c95b", "StandingValue": 0, "AreOpenlyHostile": false}, "30bc70eb-2692-47e6-a7e3-2772e131c3d7": {"FactionID": "30bc70eb-2692-47e6-a7e3-2772e131c3d7", "StandingValue": 0, "AreOpenlyHostile": false}, "506286f5-6613-4481-ac26-caa9940fbe68": {"FactionID": "506286f5-6613-4481-ac26-caa9940fbe68", "StandingValue": -0.05, "AreOpenlyHostile": false}, "559d7fc1-5470-4ab4-8c66-fa2f0b89a523": {"FactionID": "559d7fc1-5470-4ab4-8c66-fa2f0b89a523", "StandingValue": 0, "AreOpenlyHostile": false}, "5db2bec7-37c3-4f1c-ab88-21024c12d639": {"FactionID": "5db2bec7-37c3-4f1c-ab88-21024c12d639", "StandingValue": 0, "AreOpenlyHostile": false}, "a0152cbb-8a78-45a4-ae9b-2ad2b60b583b": {"FactionID": "a0152cbb-8a78-45a4-ae9b-2ad2b60b583b", "StandingValue": 0, "AreOpenlyHostile": false}, "b3d3fa9c-b21e-490f-b39e-128b3af12128": {"FactionID": "b3d3fa9c-b21e-490f-b39e-128b3af12128", "StandingValue": 10, "AreOpenlyHostile": false}, "bdeffd9a-3cab-408c-9cd7-32fce1124f7a": {"FactionID": "bdeffd9a-3cab-408c-9cd7-32fce1124f7a", "StandingValue": 0, "AreOpenlyHostile": false}}}', true, 5, NULL, '{}', '[::1]:33814', false, NULL);
    INSERT INTO public.users (id, charactername, hashpass, registered, banned, current_shipid, startid, escrow_containerid, current_factionid, reputationsheet, isnpc, behaviourmode, emailaddress, experiencesheet, registeredip, isdev, resettoken) VALUES ('f35eb392-5f22-4162-99d7-5ab87cdd69cb', 'Julija Soloveva', 'fc62407f0a753d0987bad113816a66ba25753218a6083b54ed18f855478448ea', '2022-11-20 16:28:26.08077-05', B'0', NULL, 'f93ee9b1-a3eb-4a85-93d9-845ecca4a7af', '1042fcef-64e0-4b2b-8bcb-73347994f340', 'b3d3fa9c-b21e-490f-b39e-128b3af12128', '{"factionEntries": {"27a53dfc-a321-4c12-bf7c-bb177955c95b": {"FactionID": "27a53dfc-a321-4c12-bf7c-bb177955c95b", "StandingValue": 0, "AreOpenlyHostile": false}, "30bc70eb-2692-47e6-a7e3-2772e131c3d7": {"FactionID": "30bc70eb-2692-47e6-a7e3-2772e131c3d7", "StandingValue": 0, "AreOpenlyHostile": false}, "506286f5-6613-4481-ac26-caa9940fbe68": {"FactionID": "506286f5-6613-4481-ac26-caa9940fbe68", "StandingValue": -0.05, "AreOpenlyHostile": false}, "559d7fc1-5470-4ab4-8c66-fa2f0b89a523": {"FactionID": "559d7fc1-5470-4ab4-8c66-fa2f0b89a523", "StandingValue": 0, "AreOpenlyHostile": false}, "5db2bec7-37c3-4f1c-ab88-21024c12d639": {"FactionID": "5db2bec7-37c3-4f1c-ab88-21024c12d639", "StandingValue": 0, "AreOpenlyHostile": false}, "a0152cbb-8a78-45a4-ae9b-2ad2b60b583b": {"FactionID": "a0152cbb-8a78-45a4-ae9b-2ad2b60b583b", "StandingValue": 0, "AreOpenlyHostile": false}, "b3d3fa9c-b21e-490f-b39e-128b3af12128": {"FactionID": "b3d3fa9c-b21e-490f-b39e-128b3af12128", "StandingValue": 10, "AreOpenlyHostile": false}, "bdeffd9a-3cab-408c-9cd7-32fce1124f7a": {"FactionID": "bdeffd9a-3cab-408c-9cd7-32fce1124f7a", "StandingValue": 0, "AreOpenlyHostile": false}}}', true, 5, NULL, '{}', '[::1]:33814', false, NULL);
    INSERT INTO public.users (id, charactername, hashpass, registered, banned, current_shipid, startid, escrow_containerid, current_factionid, reputationsheet, isnpc, behaviourmode, emailaddress, experiencesheet, registeredip, isdev, resettoken) VALUES ('6aff6062-10df-4925-8214-5b208453da73', 'Vipul Balay', '1d28932006b83b7c510a149ce37d835b807f434c0031b9dded7ab44214f73998', '2022-11-20 16:28:26.107477-05', B'0', NULL, 'f93ee9b1-a3eb-4a85-93d9-845ecca4a7af', '1042fcef-64e0-4b2b-8bcb-73347994f340', 'b3d3fa9c-b21e-490f-b39e-128b3af12128', '{"factionEntries": {"27a53dfc-a321-4c12-bf7c-bb177955c95b": {"FactionID": "27a53dfc-a321-4c12-bf7c-bb177955c95b", "StandingValue": 0, "AreOpenlyHostile": false}, "30bc70eb-2692-47e6-a7e3-2772e131c3d7": {"FactionID": "30bc70eb-2692-47e6-a7e3-2772e131c3d7", "StandingValue": 0, "AreOpenlyHostile": false}, "506286f5-6613-4481-ac26-caa9940fbe68": {"FactionID": "506286f5-6613-4481-ac26-caa9940fbe68", "StandingValue": -0.05, "AreOpenlyHostile": false}, "559d7fc1-5470-4ab4-8c66-fa2f0b89a523": {"FactionID": "559d7fc1-5470-4ab4-8c66-fa2f0b89a523", "StandingValue": 0, "AreOpenlyHostile": false}, "5db2bec7-37c3-4f1c-ab88-21024c12d639": {"FactionID": "5db2bec7-37c3-4f1c-ab88-21024c12d639", "StandingValue": 0, "AreOpenlyHostile": false}, "a0152cbb-8a78-45a4-ae9b-2ad2b60b583b": {"FactionID": "a0152cbb-8a78-45a4-ae9b-2ad2b60b583b", "StandingValue": 0, "AreOpenlyHostile": false}, "b3d3fa9c-b21e-490f-b39e-128b3af12128": {"FactionID": "b3d3fa9c-b21e-490f-b39e-128b3af12128", "StandingValue": 10, "AreOpenlyHostile": false}, "bdeffd9a-3cab-408c-9cd7-32fce1124f7a": {"FactionID": "bdeffd9a-3cab-408c-9cd7-32fce1124f7a", "StandingValue": 0, "AreOpenlyHostile": false}}}', true, 5, NULL, '{}', '[::1]:33814', false, NULL);

    -- ships
    INSERT INTO public.ships (id, universe_systemid, userid, pos_x, pos_y, created, shipname, texture, theta, vel_x, vel_y, shield, armor, hull, fuel, heat, energy, shiptemplateid, dockedat_stationid, fitting, destroyed, destroyedat, cargobay_containerid, fittingbay_containerid, remaxdirty, trash_containerid, wallet, noload, flightexperiencemodifier) VALUES ('1d5dc2e5-f49c-4716-99fd-fe249f42f0e2', 'efb82491-750a-4c5e-b33b-c5671c807a64', '7a1ec809-fd63-491d-a850-db89839e9389', 0, 0, '2022-11-20 16:28:25.957183-05', 'Bradley Rios''s Starter Ship', 'Peacekeeper', 0, 0, 0, 215, 170, 138, 280, 0, 135, '94e843bf-1087-4925-aa49-e2262a1cf133', '385edc16-842f-47bc-92ca-2f27137dd553', '{"a_rack": [{"item_id": "271671a7-81ae-4850-ad46-a968e1d212e8", "slot_idx": 0, "item_type_id": "4d434e80-b8d5-488c-8f83-e3a4e62293b5"}, {"item_id": "99bbad66-6db7-4f52-9982-a4a63cff65fe", "slot_idx": 1, "item_type_id": "4d434e80-b8d5-488c-8f83-e3a4e62293b5"}, {"item_id": "ada99609-eac9-4d6d-b96f-817b89604ae2", "slot_idx": 2, "item_type_id": "f63d176f-82d6-4278-ac31-cbba59c9c19f"}], "b_rack": [{"item_id": "ad788a72-9cda-482a-a9c1-5e23d0038f11", "slot_idx": 0, "item_type_id": "074ccccb-a3c5-431b-9b57-854450219ee5"}, {"item_id": "f712227d-13ad-44b2-adad-ebaadb50413d", "slot_idx": 1, "item_type_id": "09172710-740c-4d1c-9fc0-43cb62e674e7"}], "c_rack": [{"item_id": "0451c4dd-a7d8-49bc-9fcf-009d0ee660eb", "slot_idx": 0, "item_type_id": "993bc7c8-fb2a-423f-8000-39c7fb6be743"}, {"item_id": "17819720-f9f4-444a-adc1-0a5a26ce10a3", "slot_idx": 1, "item_type_id": "efee923f-aff6-41f3-ac45-2effd4fa04ac"}]}', false, NULL, '5d15b13c-1a93-4c39-b4dc-8f9e512337a5', '098253bd-3f9c-471d-adbd-421ff6b6bb4e', true, '79959322-2f44-4440-818e-0f7bdcb56432', 10000, false, 1);
    INSERT INTO public.ships (id, universe_systemid, userid, pos_x, pos_y, created, shipname, texture, theta, vel_x, vel_y, shield, armor, hull, fuel, heat, energy, shiptemplateid, dockedat_stationid, fitting, destroyed, destroyedat, cargobay_containerid, fittingbay_containerid, remaxdirty, trash_containerid, wallet, noload, flightexperiencemodifier) VALUES ('7195d624-02d6-471e-b55a-b3c30b392253', 'efb82491-750a-4c5e-b33b-c5671c807a64', 'cdf86ad2-a1b8-43dc-96f3-1a523d70a314', 0, 0, '2022-11-20 16:28:25.980219-05', 'Ollie Barnett''s Starter Ship', 'Peacekeeper', 0, 0, 0, 215, 170, 138, 280, 0, 135, '94e843bf-1087-4925-aa49-e2262a1cf133', '385edc16-842f-47bc-92ca-2f27137dd553', '{"a_rack": [{"item_id": "a28f243a-9c55-4640-a5f1-2f2ea8a84b6a", "slot_idx": 0, "item_type_id": "4d434e80-b8d5-488c-8f83-e3a4e62293b5"}, {"item_id": "bf6057ed-7b97-49c0-933c-1df04412a6f7", "slot_idx": 1, "item_type_id": "4d434e80-b8d5-488c-8f83-e3a4e62293b5"}, {"item_id": "425da85a-1394-4ce7-bd10-118b8a01ab73", "slot_idx": 2, "item_type_id": "f63d176f-82d6-4278-ac31-cbba59c9c19f"}], "b_rack": [{"item_id": "9582e66a-6817-48ea-b8b1-0e2f18ab9cf1", "slot_idx": 0, "item_type_id": "074ccccb-a3c5-431b-9b57-854450219ee5"}, {"item_id": "a1fe0c86-e20b-4fa3-96b4-d6a71f41df39", "slot_idx": 1, "item_type_id": "09172710-740c-4d1c-9fc0-43cb62e674e7"}], "c_rack": [{"item_id": "94ad23d2-92bd-44d2-8155-140c6b57f036", "slot_idx": 0, "item_type_id": "993bc7c8-fb2a-423f-8000-39c7fb6be743"}, {"item_id": "5978521d-d124-4742-a501-7e6295296028", "slot_idx": 1, "item_type_id": "efee923f-aff6-41f3-ac45-2effd4fa04ac"}]}', false, NULL, '86f137d5-29de-48a0-8913-badb28502f47', 'f3dfc511-f613-4532-b17e-c67b72be6eaa', true, '77fc504e-10bc-48fc-9404-2673d3773506', 10000, false, 1);
    INSERT INTO public.ships (id, universe_systemid, userid, pos_x, pos_y, created, shipname, texture, theta, vel_x, vel_y, shield, armor, hull, fuel, heat, energy, shiptemplateid, dockedat_stationid, fitting, destroyed, destroyedat, cargobay_containerid, fittingbay_containerid, remaxdirty, trash_containerid, wallet, noload, flightexperiencemodifier) VALUES ('df927047-7d30-4a91-8730-24ee8b5603f1', 'efb82491-750a-4c5e-b33b-c5671c807a64', '8f2e3596-342a-4392-935b-9483795765c9', 0, 0, '2022-11-20 16:28:26.003595-05', 'Ysabel Cadenas''s Starter Ship', 'Peacekeeper', 0, 0, 0, 215, 170, 138, 280, 0, 135, '94e843bf-1087-4925-aa49-e2262a1cf133', '385edc16-842f-47bc-92ca-2f27137dd553', '{"a_rack": [{"item_id": "232884bb-8846-4450-ab2f-749a4b9b8ff1", "slot_idx": 0, "item_type_id": "4d434e80-b8d5-488c-8f83-e3a4e62293b5"}, {"item_id": "90e5c69b-0950-40e8-bc01-33568c4e4137", "slot_idx": 1, "item_type_id": "4d434e80-b8d5-488c-8f83-e3a4e62293b5"}, {"item_id": "702a1a2b-8c77-46df-a808-0253a4338fa6", "slot_idx": 2, "item_type_id": "f63d176f-82d6-4278-ac31-cbba59c9c19f"}], "b_rack": [{"item_id": "abb941b0-22dd-4f46-847e-924fb73600cc", "slot_idx": 0, "item_type_id": "074ccccb-a3c5-431b-9b57-854450219ee5"}, {"item_id": "bf4c6208-906e-4b7e-ad4b-881bc6cee22d", "slot_idx": 1, "item_type_id": "09172710-740c-4d1c-9fc0-43cb62e674e7"}], "c_rack": [{"item_id": "a2fe561e-4821-4198-bad9-e0c59496d4f6", "slot_idx": 0, "item_type_id": "993bc7c8-fb2a-423f-8000-39c7fb6be743"}, {"item_id": "204bab4e-6784-43c7-9f63-0bb00a23e16b", "slot_idx": 1, "item_type_id": "efee923f-aff6-41f3-ac45-2effd4fa04ac"}]}', false, NULL, '57f10aa1-18f9-49af-8957-44b5ffb77354', '0d9b0c6e-ccbb-412e-a20b-3ce6be71a0a0', true, 'bf065be6-0692-4dd9-a75d-e2ea32cd899f', 10000, false, 1);
    INSERT INTO public.ships (id, universe_systemid, userid, pos_x, pos_y, created, shipname, texture, theta, vel_x, vel_y, shield, armor, hull, fuel, heat, energy, shiptemplateid, dockedat_stationid, fitting, destroyed, destroyedat, cargobay_containerid, fittingbay_containerid, remaxdirty, trash_containerid, wallet, noload, flightexperiencemodifier) VALUES ('7ab53d2b-9661-4a4d-9905-13770dd24b37', 'efb82491-750a-4c5e-b33b-c5671c807a64', 'e197ec8d-6ddf-48ca-ba6a-094aedffed4d', 0, 0, '2022-11-20 16:28:26.02687-05', 'Kheri Ibori''s Starter Ship', 'Peacekeeper', 0, 0, 0, 215, 170, 138, 280, 0, 135, '94e843bf-1087-4925-aa49-e2262a1cf133', '385edc16-842f-47bc-92ca-2f27137dd553', '{"a_rack": [{"item_id": "994383b3-e725-4127-8d61-f060473deba5", "slot_idx": 0, "item_type_id": "4d434e80-b8d5-488c-8f83-e3a4e62293b5"}, {"item_id": "bee1ed11-ff86-4d40-b722-a62f01a2b913", "slot_idx": 1, "item_type_id": "4d434e80-b8d5-488c-8f83-e3a4e62293b5"}, {"item_id": "f6d27e17-0c36-4b0e-b94d-53069e7258b7", "slot_idx": 2, "item_type_id": "f63d176f-82d6-4278-ac31-cbba59c9c19f"}], "b_rack": [{"item_id": "d89c3bc4-ea63-46ed-945b-bae35e03beab", "slot_idx": 0, "item_type_id": "074ccccb-a3c5-431b-9b57-854450219ee5"}, {"item_id": "f99d05a8-59d9-4a16-9f40-f1ee4feaee1a", "slot_idx": 1, "item_type_id": "09172710-740c-4d1c-9fc0-43cb62e674e7"}], "c_rack": [{"item_id": "791e2721-60d1-45ae-a9e9-fabd13c7357f", "slot_idx": 0, "item_type_id": "993bc7c8-fb2a-423f-8000-39c7fb6be743"}, {"item_id": "efc6d99c-b664-4ac9-8c4f-6d057a67c614", "slot_idx": 1, "item_type_id": "efee923f-aff6-41f3-ac45-2effd4fa04ac"}]}', false, NULL, '306b4505-fd39-46a7-9395-c1a16e375db2', '3ffd82ca-6bdf-4d1a-beaa-ae9e20b587aa', true, '25524fbf-e3c6-4a2c-984e-c25559207360', 10000, false, 1);
    INSERT INTO public.ships (id, universe_systemid, userid, pos_x, pos_y, created, shipname, texture, theta, vel_x, vel_y, shield, armor, hull, fuel, heat, energy, shiptemplateid, dockedat_stationid, fitting, destroyed, destroyedat, cargobay_containerid, fittingbay_containerid, remaxdirty, trash_containerid, wallet, noload, flightexperiencemodifier) VALUES ('6fb6fec3-4c31-40d7-b1f7-625faef07d74', 'efb82491-750a-4c5e-b33b-c5671c807a64', '4d6c31a3-02b9-4de0-bef5-59c50d67f94c', 0, 0, '2022-11-20 16:28:26.050351-05', 'Elfi Baumann''s Starter Ship', 'Peacekeeper', 0, 0, 0, 215, 170, 138, 280, 0, 135, '94e843bf-1087-4925-aa49-e2262a1cf133', '385edc16-842f-47bc-92ca-2f27137dd553', '{"a_rack": [{"item_id": "114041dd-cbf0-4c7f-a28b-2b290c08939f", "slot_idx": 0, "item_type_id": "4d434e80-b8d5-488c-8f83-e3a4e62293b5"}, {"item_id": "83340204-e089-4669-97f7-7b9c1387df08", "slot_idx": 1, "item_type_id": "4d434e80-b8d5-488c-8f83-e3a4e62293b5"}, {"item_id": "532934aa-fc18-4f4c-846a-069b9c7de147", "slot_idx": 2, "item_type_id": "f63d176f-82d6-4278-ac31-cbba59c9c19f"}], "b_rack": [{"item_id": "5da3c651-b579-4711-81f2-619f38299579", "slot_idx": 0, "item_type_id": "074ccccb-a3c5-431b-9b57-854450219ee5"}, {"item_id": "cd0e2426-bd01-4e72-84b5-04cf93fb0ac9", "slot_idx": 1, "item_type_id": "09172710-740c-4d1c-9fc0-43cb62e674e7"}], "c_rack": [{"item_id": "c78179c2-52f7-4d44-9b82-3796524f75e9", "slot_idx": 0, "item_type_id": "993bc7c8-fb2a-423f-8000-39c7fb6be743"}, {"item_id": "edad886b-aa90-4a9e-aa02-32ed1cb516a1", "slot_idx": 1, "item_type_id": "efee923f-aff6-41f3-ac45-2effd4fa04ac"}]}', false, NULL, 'a2dfe9d9-6f75-4c20-82a4-fc3d46980bd0', '22c3eb26-3deb-4c37-9684-51507d30b0b6', true, 'd2f7d3cc-66bc-4954-b01c-45effc649a7a', 10000, false, 1);
    INSERT INTO public.ships (id, universe_systemid, userid, pos_x, pos_y, created, shipname, texture, theta, vel_x, vel_y, shield, armor, hull, fuel, heat, energy, shiptemplateid, dockedat_stationid, fitting, destroyed, destroyedat, cargobay_containerid, fittingbay_containerid, remaxdirty, trash_containerid, wallet, noload, flightexperiencemodifier) VALUES ('1ec0da06-a461-49d9-801b-a0fa6f7d4209', 'efb82491-750a-4c5e-b33b-c5671c807a64', 'bdc4a561-8013-4aca-b1d8-4da0a8121177', 0, 0, '2022-11-20 16:28:26.075214-05', 'Gi Yun-Hee''s Starter Ship', 'Peacekeeper', 0, 0, 0, 215, 170, 138, 280, 0, 135, '94e843bf-1087-4925-aa49-e2262a1cf133', '385edc16-842f-47bc-92ca-2f27137dd553', '{"a_rack": [{"item_id": "7de1e0bc-ca49-494f-8bb5-f4b607d8d1aa", "slot_idx": 0, "item_type_id": "4d434e80-b8d5-488c-8f83-e3a4e62293b5"}, {"item_id": "addb52fc-2453-4dad-a6f5-9ccf9ea12a89", "slot_idx": 1, "item_type_id": "4d434e80-b8d5-488c-8f83-e3a4e62293b5"}, {"item_id": "4663b3d8-7220-400a-ad96-4f48ffc4ff6f", "slot_idx": 2, "item_type_id": "f63d176f-82d6-4278-ac31-cbba59c9c19f"}], "b_rack": [{"item_id": "7f652775-fa79-4f8f-8d2d-4c48d955bf23", "slot_idx": 0, "item_type_id": "074ccccb-a3c5-431b-9b57-854450219ee5"}, {"item_id": "8c86d720-b85a-47da-9dd8-b3789e926083", "slot_idx": 1, "item_type_id": "09172710-740c-4d1c-9fc0-43cb62e674e7"}], "c_rack": [{"item_id": "b987a13e-4052-4ade-a707-9cd65974468f", "slot_idx": 0, "item_type_id": "993bc7c8-fb2a-423f-8000-39c7fb6be743"}, {"item_id": "1559d181-ab3c-4c9e-9c87-27fd4dbf430a", "slot_idx": 1, "item_type_id": "efee923f-aff6-41f3-ac45-2effd4fa04ac"}]}', false, NULL, '6175af72-e16d-4cbf-a4df-f6429e06295f', 'e020b0b6-52a8-4b64-b4e5-4e6e1329183c', true, 'ad410ec5-31fa-4fa8-a30d-cdce793c51a3', 10000, false, 1);
    INSERT INTO public.ships (id, universe_systemid, userid, pos_x, pos_y, created, shipname, texture, theta, vel_x, vel_y, shield, armor, hull, fuel, heat, energy, shiptemplateid, dockedat_stationid, fitting, destroyed, destroyedat, cargobay_containerid, fittingbay_containerid, remaxdirty, trash_containerid, wallet, noload, flightexperiencemodifier) VALUES ('3257b1cd-64d5-4bdc-9f70-0f77ecc04ded', 'efb82491-750a-4c5e-b33b-c5671c807a64', 'f35eb392-5f22-4162-99d7-5ab87cdd69cb', 0, 0, '2022-11-20 16:28:26.10154-05', 'Julija Soloveva''s Starter Ship', 'Peacekeeper', 0, 0, 0, 215, 170, 138, 280, 0, 135, '94e843bf-1087-4925-aa49-e2262a1cf133', '385edc16-842f-47bc-92ca-2f27137dd553', '{"a_rack": [{"item_id": "9c898c92-dd61-41b0-a4f0-64935df1ed83", "slot_idx": 0, "item_type_id": "4d434e80-b8d5-488c-8f83-e3a4e62293b5"}, {"item_id": "11182558-8a29-4eeb-962e-e266af4df1f5", "slot_idx": 1, "item_type_id": "4d434e80-b8d5-488c-8f83-e3a4e62293b5"}, {"item_id": "a761deb1-962e-41f8-a6c2-6626dba4eceb", "slot_idx": 2, "item_type_id": "f63d176f-82d6-4278-ac31-cbba59c9c19f"}], "b_rack": [{"item_id": "e27712d2-4cb0-4e4b-b5e2-f9f9988ad5d7", "slot_idx": 0, "item_type_id": "074ccccb-a3c5-431b-9b57-854450219ee5"}, {"item_id": "cd64e935-d455-40c3-98d8-805f53a126ce", "slot_idx": 1, "item_type_id": "09172710-740c-4d1c-9fc0-43cb62e674e7"}], "c_rack": [{"item_id": "ac6f0a38-6768-4b94-94ae-fdbe6311fcbd", "slot_idx": 0, "item_type_id": "993bc7c8-fb2a-423f-8000-39c7fb6be743"}, {"item_id": "806720c6-157a-4580-9888-17ee7149899a", "slot_idx": 1, "item_type_id": "efee923f-aff6-41f3-ac45-2effd4fa04ac"}]}', false, NULL, '46413597-8406-4a46-8a91-1f9432f00bd6', 'dfd0e8f0-e08d-405c-8068-46c0daafd04b', true, 'fc2306aa-722c-4ac4-9e5b-be166f06096b', 10000, false, 1);
    INSERT INTO public.ships (id, universe_systemid, userid, pos_x, pos_y, created, shipname, texture, theta, vel_x, vel_y, shield, armor, hull, fuel, heat, energy, shiptemplateid, dockedat_stationid, fitting, destroyed, destroyedat, cargobay_containerid, fittingbay_containerid, remaxdirty, trash_containerid, wallet, noload, flightexperiencemodifier) VALUES ('8bfb6ef6-9de0-47b4-9e9a-e1967137ae75', 'efb82491-750a-4c5e-b33b-c5671c807a64', '6aff6062-10df-4925-8214-5b208453da73', 0, 0, '2022-11-20 16:28:26.126921-05', 'Vipul Balay''s Starter Ship', 'Peacekeeper', 0, 0, 0, 215, 170, 138, 280, 0, 135, '94e843bf-1087-4925-aa49-e2262a1cf133', '385edc16-842f-47bc-92ca-2f27137dd553', '{"a_rack": [{"item_id": "61dfbe2f-97d4-4729-bb08-fdb0aac4977e", "slot_idx": 0, "item_type_id": "4d434e80-b8d5-488c-8f83-e3a4e62293b5"}, {"item_id": "dae3d32f-8ba0-4bf6-a504-bc2281365f36", "slot_idx": 1, "item_type_id": "4d434e80-b8d5-488c-8f83-e3a4e62293b5"}, {"item_id": "009208a7-480e-4ee1-8e01-9a59dc1735d5", "slot_idx": 2, "item_type_id": "f63d176f-82d6-4278-ac31-cbba59c9c19f"}], "b_rack": [{"item_id": "d6644094-c455-4bea-bd72-6e84b9d83ddf", "slot_idx": 0, "item_type_id": "074ccccb-a3c5-431b-9b57-854450219ee5"}, {"item_id": "405831a8-967e-4ea7-bf86-7d4e65a93198", "slot_idx": 1, "item_type_id": "09172710-740c-4d1c-9fc0-43cb62e674e7"}], "c_rack": [{"item_id": "c2d572f6-5e18-447a-8e35-50077c5733e4", "slot_idx": 0, "item_type_id": "993bc7c8-fb2a-423f-8000-39c7fb6be743"}, {"item_id": "9e3a7272-8dca-4d0e-9e0c-1d7b45e35e17", "slot_idx": 1, "item_type_id": "efee923f-aff6-41f3-ac45-2effd4fa04ac"}]}', false, NULL, 'c9be74d2-a3f5-4c03-b0c8-68374a79b09d', 'ee31aefe-8257-406b-8a3e-d615012fc2a4', true, '5eb7282d-09ee-474b-b824-eb09a6d19811', 10000, false, 1);

    -- items
    INSERT INTO public.items (id, itemtypeid, meta, created, createdby, createdreason, containerid, quantity, ispackaged) VALUES ('271671a7-81ae-4850-ad46-a968e1d212e8', '4d434e80-b8d5-488c-8f83-e3a4e62293b5', '{"hp": 30, "rack": "a", "range": 125, "volume": 6, "falloff": "linear", "cooldown": 18.6, "tracking": 175, "needs_target": true, "salvage_chance": 0.3, "salvage_volume": 50, "activation_heat": 18, "industrialmarket": {"maxprice": 1305, "minprice": 768, "silosize": 1000}, "activation_energy": 3, "activation_gfx_effect": "basic_salvager"}', '2022-11-20 16:28:25.942709-05', '7a1ec809-fd63-491d-a850-db89839e9389', 'Module for new noob ship for player', '098253bd-3f9c-471d-adbd-421ff6b6bb4e', 1, false);
    INSERT INTO public.items (id, itemtypeid, meta, created, createdby, createdreason, containerid, quantity, ispackaged) VALUES ('99bbad66-6db7-4f52-9982-a4a63cff65fe', '4d434e80-b8d5-488c-8f83-e3a4e62293b5', '{"hp": 30, "rack": "a", "range": 125, "volume": 6, "falloff": "linear", "cooldown": 18.6, "tracking": 175, "needs_target": true, "salvage_chance": 0.3, "salvage_volume": 50, "activation_heat": 18, "industrialmarket": {"maxprice": 1305, "minprice": 768, "silosize": 1000}, "activation_energy": 3, "activation_gfx_effect": "basic_salvager"}', '2022-11-20 16:28:25.94468-05', '7a1ec809-fd63-491d-a850-db89839e9389', 'Module for new noob ship for player', '098253bd-3f9c-471d-adbd-421ff6b6bb4e', 1, false);
    INSERT INTO public.items (id, itemtypeid, meta, created, createdby, createdreason, containerid, quantity, ispackaged) VALUES ('ada99609-eac9-4d6d-b96f-817b89604ae2', 'f63d176f-82d6-4278-ac31-cbba59c9c19f', '{"hp": 8, "rack": "a", "range": 6408, "volume": 6, "cooldown": 26.5, "flight_time": 6.4, "hull_damage": 430, "armor_damage": 352, "needs_target": true, "shield_damage": 387, "missile_radius": 2.5, "activation_heat": 9.1, "ammunition_name": "LHVM-3", "ammunition_type": "8aa4d28b-e02b-4630-86eb-ab46d0ed7fc7", "fault_tolerance": 0.98, "industrialmarket": {"maxprice": 3881, "minprice": 2215, "silosize": 1000}, "activation_energy": 0.06, "missile_gfx_effect": "lhvm-3", "missile_explosion_effect": "basic_explosion", "missile_explosion_radius": 3.6}', '2022-11-20 16:28:25.946573-05', '7a1ec809-fd63-491d-a850-db89839e9389', 'Module for new noob ship for player', '098253bd-3f9c-471d-adbd-421ff6b6bb4e', 1, false);
    INSERT INTO public.items (id, itemtypeid, meta, created, createdby, createdreason, containerid, quantity, ispackaged) VALUES ('ad788a72-9cda-482a-a9c1-5e23d0038f11', '074ccccb-a3c5-431b-9b57-854450219ee5', '{"hp": 7, "rack": "b", "range": 2742, "volume": 6, "falloff": "linear", "cooldown": 10.3, "needs_target": true, "activation_heat": 85.9, "drag_multiplier": 14.3, "industrialmarket": {"maxprice": 6027, "minprice": 5810, "silosize": 500}, "activation_energy": 95, "activation_gfx_effect": "basic_aether_dragger"}', '2022-11-20 16:28:25.950724-05', '7a1ec809-fd63-491d-a850-db89839e9389', 'Module for new noob ship for player', '098253bd-3f9c-471d-adbd-421ff6b6bb4e', 1, false);
    INSERT INTO public.items (id, itemtypeid, meta, created, createdby, createdreason, containerid, quantity, ispackaged) VALUES ('f712227d-13ad-44b2-adad-ebaadb50413d', '09172710-740c-4d1c-9fc0-43cb62e674e7', '{"hp": 5, "rack": "b", "volume": 4, "cooldown": 7, "needs_target": false, "activation_heat": 65, "industrialmarket": {"maxprice": 650, "minprice": 275, "silosize": 1000}, "activation_energy": 15, "shield_boost_amount": 20, "activation_gfx_effect": "basic_shield_booster"}', '2022-11-20 16:28:25.952477-05', '7a1ec809-fd63-491d-a850-db89839e9389', 'Module for new noob ship for player', '098253bd-3f9c-471d-adbd-421ff6b6bb4e', 1, false);
    INSERT INTO public.items (id, itemtypeid, meta, created, createdby, createdreason, containerid, quantity, ispackaged) VALUES ('0451c4dd-a7d8-49bc-9fcf-009d0ee660eb', '993bc7c8-fb2a-423f-8000-39c7fb6be743', '{"hp": 8, "rack": "c", "volume": 6, "energy_max_add": 62, "industrialmarket": {"maxprice": 1237, "minprice": 904, "silosize": 1000}}', '2022-11-20 16:28:25.954141-05', '7a1ec809-fd63-491d-a850-db89839e9389', 'Module for new noob ship for player', '098253bd-3f9c-471d-adbd-421ff6b6bb4e', 1, false);
    INSERT INTO public.items (id, itemtypeid, meta, created, createdby, createdreason, containerid, quantity, ispackaged) VALUES ('17819720-f9f4-444a-adc1-0a5a26ce10a3', 'efee923f-aff6-41f3-ac45-2effd4fa04ac', '{"hp": 38, "rack": "c", "volume": 4, "heat_sink_add": 6.2, "industrialmarket": {"maxprice": 720, "minprice": 460, "silosize": 1000}}', '2022-11-20 16:28:25.955737-05', '7a1ec809-fd63-491d-a850-db89839e9389', 'Module for new noob ship for player', '098253bd-3f9c-471d-adbd-421ff6b6bb4e', 1, false);
    INSERT INTO public.items (id, itemtypeid, meta, created, createdby, createdreason, containerid, quantity, ispackaged) VALUES ('a28f243a-9c55-4640-a5f1-2f2ea8a84b6a', '4d434e80-b8d5-488c-8f83-e3a4e62293b5', '{"hp": 30, "rack": "a", "range": 125, "volume": 6, "falloff": "linear", "cooldown": 18.6, "tracking": 175, "needs_target": true, "salvage_chance": 0.3, "salvage_volume": 50, "activation_heat": 18, "industrialmarket": {"maxprice": 1305, "minprice": 768, "silosize": 1000}, "activation_energy": 3, "activation_gfx_effect": "basic_salvager"}', '2022-11-20 16:28:25.969045-05', 'cdf86ad2-a1b8-43dc-96f3-1a523d70a314', 'Module for new noob ship for player', 'f3dfc511-f613-4532-b17e-c67b72be6eaa', 1, false);
    INSERT INTO public.items (id, itemtypeid, meta, created, createdby, createdreason, containerid, quantity, ispackaged) VALUES ('bf6057ed-7b97-49c0-933c-1df04412a6f7', '4d434e80-b8d5-488c-8f83-e3a4e62293b5', '{"hp": 30, "rack": "a", "range": 125, "volume": 6, "falloff": "linear", "cooldown": 18.6, "tracking": 175, "needs_target": true, "salvage_chance": 0.3, "salvage_volume": 50, "activation_heat": 18, "industrialmarket": {"maxprice": 1305, "minprice": 768, "silosize": 1000}, "activation_energy": 3, "activation_gfx_effect": "basic_salvager"}', '2022-11-20 16:28:25.970682-05', 'cdf86ad2-a1b8-43dc-96f3-1a523d70a314', 'Module for new noob ship for player', 'f3dfc511-f613-4532-b17e-c67b72be6eaa', 1, false);
    INSERT INTO public.items (id, itemtypeid, meta, created, createdby, createdreason, containerid, quantity, ispackaged) VALUES ('425da85a-1394-4ce7-bd10-118b8a01ab73', 'f63d176f-82d6-4278-ac31-cbba59c9c19f', '{"hp": 8, "rack": "a", "range": 6408, "volume": 6, "cooldown": 26.5, "flight_time": 6.4, "hull_damage": 430, "armor_damage": 352, "needs_target": true, "shield_damage": 387, "missile_radius": 2.5, "activation_heat": 9.1, "ammunition_name": "LHVM-3", "ammunition_type": "8aa4d28b-e02b-4630-86eb-ab46d0ed7fc7", "fault_tolerance": 0.98, "industrialmarket": {"maxprice": 3881, "minprice": 2215, "silosize": 1000}, "activation_energy": 0.06, "missile_gfx_effect": "lhvm-3", "missile_explosion_effect": "basic_explosion", "missile_explosion_radius": 3.6}', '2022-11-20 16:28:25.972329-05', 'cdf86ad2-a1b8-43dc-96f3-1a523d70a314', 'Module for new noob ship for player', 'f3dfc511-f613-4532-b17e-c67b72be6eaa', 1, false);
    INSERT INTO public.items (id, itemtypeid, meta, created, createdby, createdreason, containerid, quantity, ispackaged) VALUES ('9582e66a-6817-48ea-b8b1-0e2f18ab9cf1', '074ccccb-a3c5-431b-9b57-854450219ee5', '{"hp": 7, "rack": "b", "range": 2742, "volume": 6, "falloff": "linear", "cooldown": 10.3, "needs_target": true, "activation_heat": 85.9, "drag_multiplier": 14.3, "industrialmarket": {"maxprice": 6027, "minprice": 5810, "silosize": 500}, "activation_energy": 95, "activation_gfx_effect": "basic_aether_dragger"}', '2022-11-20 16:28:25.97398-05', 'cdf86ad2-a1b8-43dc-96f3-1a523d70a314', 'Module for new noob ship for player', 'f3dfc511-f613-4532-b17e-c67b72be6eaa', 1, false);
    INSERT INTO public.items (id, itemtypeid, meta, created, createdby, createdreason, containerid, quantity, ispackaged) VALUES ('a1fe0c86-e20b-4fa3-96b4-d6a71f41df39', '09172710-740c-4d1c-9fc0-43cb62e674e7', '{"hp": 5, "rack": "b", "volume": 4, "cooldown": 7, "needs_target": false, "activation_heat": 65, "industrialmarket": {"maxprice": 650, "minprice": 275, "silosize": 1000}, "activation_energy": 15, "shield_boost_amount": 20, "activation_gfx_effect": "basic_shield_booster"}', '2022-11-20 16:28:25.975571-05', 'cdf86ad2-a1b8-43dc-96f3-1a523d70a314', 'Module for new noob ship for player', 'f3dfc511-f613-4532-b17e-c67b72be6eaa', 1, false);
    INSERT INTO public.items (id, itemtypeid, meta, created, createdby, createdreason, containerid, quantity, ispackaged) VALUES ('94ad23d2-92bd-44d2-8155-140c6b57f036', '993bc7c8-fb2a-423f-8000-39c7fb6be743', '{"hp": 8, "rack": "c", "volume": 6, "energy_max_add": 62, "industrialmarket": {"maxprice": 1237, "minprice": 904, "silosize": 1000}}', '2022-11-20 16:28:25.977187-05', 'cdf86ad2-a1b8-43dc-96f3-1a523d70a314', 'Module for new noob ship for player', 'f3dfc511-f613-4532-b17e-c67b72be6eaa', 1, false);
    INSERT INTO public.items (id, itemtypeid, meta, created, createdby, createdreason, containerid, quantity, ispackaged) VALUES ('5978521d-d124-4742-a501-7e6295296028', 'efee923f-aff6-41f3-ac45-2effd4fa04ac', '{"hp": 38, "rack": "c", "volume": 4, "heat_sink_add": 6.2, "industrialmarket": {"maxprice": 720, "minprice": 460, "silosize": 1000}}', '2022-11-20 16:28:25.978817-05', 'cdf86ad2-a1b8-43dc-96f3-1a523d70a314', 'Module for new noob ship for player', 'f3dfc511-f613-4532-b17e-c67b72be6eaa', 1, false);
    INSERT INTO public.items (id, itemtypeid, meta, created, createdby, createdreason, containerid, quantity, ispackaged) VALUES ('232884bb-8846-4450-ab2f-749a4b9b8ff1', '4d434e80-b8d5-488c-8f83-e3a4e62293b5', '{"hp": 30, "rack": "a", "range": 125, "volume": 6, "falloff": "linear", "cooldown": 18.6, "tracking": 175, "needs_target": true, "salvage_chance": 0.3, "salvage_volume": 50, "activation_heat": 18, "industrialmarket": {"maxprice": 1305, "minprice": 768, "silosize": 1000}, "activation_energy": 3, "activation_gfx_effect": "basic_salvager"}', '2022-11-20 16:28:25.991774-05', '8f2e3596-342a-4392-935b-9483795765c9', 'Module for new noob ship for player', '0d9b0c6e-ccbb-412e-a20b-3ce6be71a0a0', 1, false);
    INSERT INTO public.items (id, itemtypeid, meta, created, createdby, createdreason, containerid, quantity, ispackaged) VALUES ('90e5c69b-0950-40e8-bc01-33568c4e4137', '4d434e80-b8d5-488c-8f83-e3a4e62293b5', '{"hp": 30, "rack": "a", "range": 125, "volume": 6, "falloff": "linear", "cooldown": 18.6, "tracking": 175, "needs_target": true, "salvage_chance": 0.3, "salvage_volume": 50, "activation_heat": 18, "industrialmarket": {"maxprice": 1305, "minprice": 768, "silosize": 1000}, "activation_energy": 3, "activation_gfx_effect": "basic_salvager"}', '2022-11-20 16:28:25.993494-05', '8f2e3596-342a-4392-935b-9483795765c9', 'Module for new noob ship for player', '0d9b0c6e-ccbb-412e-a20b-3ce6be71a0a0', 1, false);
    INSERT INTO public.items (id, itemtypeid, meta, created, createdby, createdreason, containerid, quantity, ispackaged) VALUES ('702a1a2b-8c77-46df-a808-0253a4338fa6', 'f63d176f-82d6-4278-ac31-cbba59c9c19f', '{"hp": 8, "rack": "a", "range": 6408, "volume": 6, "cooldown": 26.5, "flight_time": 6.4, "hull_damage": 430, "armor_damage": 352, "needs_target": true, "shield_damage": 387, "missile_radius": 2.5, "activation_heat": 9.1, "ammunition_name": "LHVM-3", "ammunition_type": "8aa4d28b-e02b-4630-86eb-ab46d0ed7fc7", "fault_tolerance": 0.98, "industrialmarket": {"maxprice": 3881, "minprice": 2215, "silosize": 1000}, "activation_energy": 0.06, "missile_gfx_effect": "lhvm-3", "missile_explosion_effect": "basic_explosion", "missile_explosion_radius": 3.6}', '2022-11-20 16:28:25.995341-05', '8f2e3596-342a-4392-935b-9483795765c9', 'Module for new noob ship for player', '0d9b0c6e-ccbb-412e-a20b-3ce6be71a0a0', 1, false);
    INSERT INTO public.items (id, itemtypeid, meta, created, createdby, createdreason, containerid, quantity, ispackaged) VALUES ('abb941b0-22dd-4f46-847e-924fb73600cc', '074ccccb-a3c5-431b-9b57-854450219ee5', '{"hp": 7, "rack": "b", "range": 2742, "volume": 6, "falloff": "linear", "cooldown": 10.3, "needs_target": true, "activation_heat": 85.9, "drag_multiplier": 14.3, "industrialmarket": {"maxprice": 6027, "minprice": 5810, "silosize": 500}, "activation_energy": 95, "activation_gfx_effect": "basic_aether_dragger"}', '2022-11-20 16:28:25.997047-05', '8f2e3596-342a-4392-935b-9483795765c9', 'Module for new noob ship for player', '0d9b0c6e-ccbb-412e-a20b-3ce6be71a0a0', 1, false);
    INSERT INTO public.items (id, itemtypeid, meta, created, createdby, createdreason, containerid, quantity, ispackaged) VALUES ('bf4c6208-906e-4b7e-ad4b-881bc6cee22d', '09172710-740c-4d1c-9fc0-43cb62e674e7', '{"hp": 5, "rack": "b", "volume": 4, "cooldown": 7, "needs_target": false, "activation_heat": 65, "industrialmarket": {"maxprice": 650, "minprice": 275, "silosize": 1000}, "activation_energy": 15, "shield_boost_amount": 20, "activation_gfx_effect": "basic_shield_booster"}', '2022-11-20 16:28:25.998791-05', '8f2e3596-342a-4392-935b-9483795765c9', 'Module for new noob ship for player', '0d9b0c6e-ccbb-412e-a20b-3ce6be71a0a0', 1, false);
    INSERT INTO public.items (id, itemtypeid, meta, created, createdby, createdreason, containerid, quantity, ispackaged) VALUES ('a2fe561e-4821-4198-bad9-e0c59496d4f6', '993bc7c8-fb2a-423f-8000-39c7fb6be743', '{"hp": 8, "rack": "c", "volume": 6, "energy_max_add": 62, "industrialmarket": {"maxprice": 1237, "minprice": 904, "silosize": 1000}}', '2022-11-20 16:28:26.000467-05', '8f2e3596-342a-4392-935b-9483795765c9', 'Module for new noob ship for player', '0d9b0c6e-ccbb-412e-a20b-3ce6be71a0a0', 1, false);
    INSERT INTO public.items (id, itemtypeid, meta, created, createdby, createdreason, containerid, quantity, ispackaged) VALUES ('204bab4e-6784-43c7-9f63-0bb00a23e16b', 'efee923f-aff6-41f3-ac45-2effd4fa04ac', '{"hp": 38, "rack": "c", "volume": 4, "heat_sink_add": 6.2, "industrialmarket": {"maxprice": 720, "minprice": 460, "silosize": 1000}}', '2022-11-20 16:28:26.002101-05', '8f2e3596-342a-4392-935b-9483795765c9', 'Module for new noob ship for player', '0d9b0c6e-ccbb-412e-a20b-3ce6be71a0a0', 1, false);
    INSERT INTO public.items (id, itemtypeid, meta, created, createdby, createdreason, containerid, quantity, ispackaged) VALUES ('994383b3-e725-4127-8d61-f060473deba5', '4d434e80-b8d5-488c-8f83-e3a4e62293b5', '{"hp": 30, "rack": "a", "range": 125, "volume": 6, "falloff": "linear", "cooldown": 18.6, "tracking": 175, "needs_target": true, "salvage_chance": 0.3, "salvage_volume": 50, "activation_heat": 18, "industrialmarket": {"maxprice": 1305, "minprice": 768, "silosize": 1000}, "activation_energy": 3, "activation_gfx_effect": "basic_salvager"}', '2022-11-20 16:28:26.014996-05', 'e197ec8d-6ddf-48ca-ba6a-094aedffed4d', 'Module for new noob ship for player', '3ffd82ca-6bdf-4d1a-beaa-ae9e20b587aa', 1, false);
    INSERT INTO public.items (id, itemtypeid, meta, created, createdby, createdreason, containerid, quantity, ispackaged) VALUES ('bee1ed11-ff86-4d40-b722-a62f01a2b913', '4d434e80-b8d5-488c-8f83-e3a4e62293b5', '{"hp": 30, "rack": "a", "range": 125, "volume": 6, "falloff": "linear", "cooldown": 18.6, "tracking": 175, "needs_target": true, "salvage_chance": 0.3, "salvage_volume": 50, "activation_heat": 18, "industrialmarket": {"maxprice": 1305, "minprice": 768, "silosize": 1000}, "activation_energy": 3, "activation_gfx_effect": "basic_salvager"}', '2022-11-20 16:28:26.016843-05', 'e197ec8d-6ddf-48ca-ba6a-094aedffed4d', 'Module for new noob ship for player', '3ffd82ca-6bdf-4d1a-beaa-ae9e20b587aa', 1, false);
    INSERT INTO public.items (id, itemtypeid, meta, created, createdby, createdreason, containerid, quantity, ispackaged) VALUES ('f6d27e17-0c36-4b0e-b94d-53069e7258b7', 'f63d176f-82d6-4278-ac31-cbba59c9c19f', '{"hp": 8, "rack": "a", "range": 6408, "volume": 6, "cooldown": 26.5, "flight_time": 6.4, "hull_damage": 430, "armor_damage": 352, "needs_target": true, "shield_damage": 387, "missile_radius": 2.5, "activation_heat": 9.1, "ammunition_name": "LHVM-3", "ammunition_type": "8aa4d28b-e02b-4630-86eb-ab46d0ed7fc7", "fault_tolerance": 0.98, "industrialmarket": {"maxprice": 3881, "minprice": 2215, "silosize": 1000}, "activation_energy": 0.06, "missile_gfx_effect": "lhvm-3", "missile_explosion_effect": "basic_explosion", "missile_explosion_radius": 3.6}', '2022-11-20 16:28:26.018474-05', 'e197ec8d-6ddf-48ca-ba6a-094aedffed4d', 'Module for new noob ship for player', '3ffd82ca-6bdf-4d1a-beaa-ae9e20b587aa', 1, false);
    INSERT INTO public.items (id, itemtypeid, meta, created, createdby, createdreason, containerid, quantity, ispackaged) VALUES ('d89c3bc4-ea63-46ed-945b-bae35e03beab', '074ccccb-a3c5-431b-9b57-854450219ee5', '{"hp": 7, "rack": "b", "range": 2742, "volume": 6, "falloff": "linear", "cooldown": 10.3, "needs_target": true, "activation_heat": 85.9, "drag_multiplier": 14.3, "industrialmarket": {"maxprice": 6027, "minprice": 5810, "silosize": 500}, "activation_energy": 95, "activation_gfx_effect": "basic_aether_dragger"}', '2022-11-20 16:28:26.020199-05', 'e197ec8d-6ddf-48ca-ba6a-094aedffed4d', 'Module for new noob ship for player', '3ffd82ca-6bdf-4d1a-beaa-ae9e20b587aa', 1, false);
    INSERT INTO public.items (id, itemtypeid, meta, created, createdby, createdreason, containerid, quantity, ispackaged) VALUES ('f99d05a8-59d9-4a16-9f40-f1ee4feaee1a', '09172710-740c-4d1c-9fc0-43cb62e674e7', '{"hp": 5, "rack": "b", "volume": 4, "cooldown": 7, "needs_target": false, "activation_heat": 65, "industrialmarket": {"maxprice": 650, "minprice": 275, "silosize": 1000}, "activation_energy": 15, "shield_boost_amount": 20, "activation_gfx_effect": "basic_shield_booster"}', '2022-11-20 16:28:26.021845-05', 'e197ec8d-6ddf-48ca-ba6a-094aedffed4d', 'Module for new noob ship for player', '3ffd82ca-6bdf-4d1a-beaa-ae9e20b587aa', 1, false);
    INSERT INTO public.items (id, itemtypeid, meta, created, createdby, createdreason, containerid, quantity, ispackaged) VALUES ('791e2721-60d1-45ae-a9e9-fabd13c7357f', '993bc7c8-fb2a-423f-8000-39c7fb6be743', '{"hp": 8, "rack": "c", "volume": 6, "energy_max_add": 62, "industrialmarket": {"maxprice": 1237, "minprice": 904, "silosize": 1000}}', '2022-11-20 16:28:26.023531-05', 'e197ec8d-6ddf-48ca-ba6a-094aedffed4d', 'Module for new noob ship for player', '3ffd82ca-6bdf-4d1a-beaa-ae9e20b587aa', 1, false);
    INSERT INTO public.items (id, itemtypeid, meta, created, createdby, createdreason, containerid, quantity, ispackaged) VALUES ('efc6d99c-b664-4ac9-8c4f-6d057a67c614', 'efee923f-aff6-41f3-ac45-2effd4fa04ac', '{"hp": 38, "rack": "c", "volume": 4, "heat_sink_add": 6.2, "industrialmarket": {"maxprice": 720, "minprice": 460, "silosize": 1000}}', '2022-11-20 16:28:26.025249-05', 'e197ec8d-6ddf-48ca-ba6a-094aedffed4d', 'Module for new noob ship for player', '3ffd82ca-6bdf-4d1a-beaa-ae9e20b587aa', 1, false);
    INSERT INTO public.items (id, itemtypeid, meta, created, createdby, createdreason, containerid, quantity, ispackaged) VALUES ('114041dd-cbf0-4c7f-a28b-2b290c08939f', '4d434e80-b8d5-488c-8f83-e3a4e62293b5', '{"hp": 30, "rack": "a", "range": 125, "volume": 6, "falloff": "linear", "cooldown": 18.6, "tracking": 175, "needs_target": true, "salvage_chance": 0.3, "salvage_volume": 50, "activation_heat": 18, "industrialmarket": {"maxprice": 1305, "minprice": 768, "silosize": 1000}, "activation_energy": 3, "activation_gfx_effect": "basic_salvager"}', '2022-11-20 16:28:26.038768-05', '4d6c31a3-02b9-4de0-bef5-59c50d67f94c', 'Module for new noob ship for player', '22c3eb26-3deb-4c37-9684-51507d30b0b6', 1, false);
    INSERT INTO public.items (id, itemtypeid, meta, created, createdby, createdreason, containerid, quantity, ispackaged) VALUES ('83340204-e089-4669-97f7-7b9c1387df08', '4d434e80-b8d5-488c-8f83-e3a4e62293b5', '{"hp": 30, "rack": "a", "range": 125, "volume": 6, "falloff": "linear", "cooldown": 18.6, "tracking": 175, "needs_target": true, "salvage_chance": 0.3, "salvage_volume": 50, "activation_heat": 18, "industrialmarket": {"maxprice": 1305, "minprice": 768, "silosize": 1000}, "activation_energy": 3, "activation_gfx_effect": "basic_salvager"}', '2022-11-20 16:28:26.040507-05', '4d6c31a3-02b9-4de0-bef5-59c50d67f94c', 'Module for new noob ship for player', '22c3eb26-3deb-4c37-9684-51507d30b0b6', 1, false);
    INSERT INTO public.items (id, itemtypeid, meta, created, createdby, createdreason, containerid, quantity, ispackaged) VALUES ('532934aa-fc18-4f4c-846a-069b9c7de147', 'f63d176f-82d6-4278-ac31-cbba59c9c19f', '{"hp": 8, "rack": "a", "range": 6408, "volume": 6, "cooldown": 26.5, "flight_time": 6.4, "hull_damage": 430, "armor_damage": 352, "needs_target": true, "shield_damage": 387, "missile_radius": 2.5, "activation_heat": 9.1, "ammunition_name": "LHVM-3", "ammunition_type": "8aa4d28b-e02b-4630-86eb-ab46d0ed7fc7", "fault_tolerance": 0.98, "industrialmarket": {"maxprice": 3881, "minprice": 2215, "silosize": 1000}, "activation_energy": 0.06, "missile_gfx_effect": "lhvm-3", "missile_explosion_effect": "basic_explosion", "missile_explosion_radius": 3.6}', '2022-11-20 16:28:26.042115-05', '4d6c31a3-02b9-4de0-bef5-59c50d67f94c', 'Module for new noob ship for player', '22c3eb26-3deb-4c37-9684-51507d30b0b6', 1, false);
    INSERT INTO public.items (id, itemtypeid, meta, created, createdby, createdreason, containerid, quantity, ispackaged) VALUES ('5da3c651-b579-4711-81f2-619f38299579', '074ccccb-a3c5-431b-9b57-854450219ee5', '{"hp": 7, "rack": "b", "range": 2742, "volume": 6, "falloff": "linear", "cooldown": 10.3, "needs_target": true, "activation_heat": 85.9, "drag_multiplier": 14.3, "industrialmarket": {"maxprice": 6027, "minprice": 5810, "silosize": 500}, "activation_energy": 95, "activation_gfx_effect": "basic_aether_dragger"}', '2022-11-20 16:28:26.043896-05', '4d6c31a3-02b9-4de0-bef5-59c50d67f94c', 'Module for new noob ship for player', '22c3eb26-3deb-4c37-9684-51507d30b0b6', 1, false);
    INSERT INTO public.items (id, itemtypeid, meta, created, createdby, createdreason, containerid, quantity, ispackaged) VALUES ('cd0e2426-bd01-4e72-84b5-04cf93fb0ac9', '09172710-740c-4d1c-9fc0-43cb62e674e7', '{"hp": 5, "rack": "b", "volume": 4, "cooldown": 7, "needs_target": false, "activation_heat": 65, "industrialmarket": {"maxprice": 650, "minprice": 275, "silosize": 1000}, "activation_energy": 15, "shield_boost_amount": 20, "activation_gfx_effect": "basic_shield_booster"}', '2022-11-20 16:28:26.045445-05', '4d6c31a3-02b9-4de0-bef5-59c50d67f94c', 'Module for new noob ship for player', '22c3eb26-3deb-4c37-9684-51507d30b0b6', 1, false);
    INSERT INTO public.items (id, itemtypeid, meta, created, createdby, createdreason, containerid, quantity, ispackaged) VALUES ('c78179c2-52f7-4d44-9b82-3796524f75e9', '993bc7c8-fb2a-423f-8000-39c7fb6be743', '{"hp": 8, "rack": "c", "volume": 6, "energy_max_add": 62, "industrialmarket": {"maxprice": 1237, "minprice": 904, "silosize": 1000}}', '2022-11-20 16:28:26.047271-05', '4d6c31a3-02b9-4de0-bef5-59c50d67f94c', 'Module for new noob ship for player', '22c3eb26-3deb-4c37-9684-51507d30b0b6', 1, false);
    INSERT INTO public.items (id, itemtypeid, meta, created, createdby, createdreason, containerid, quantity, ispackaged) VALUES ('edad886b-aa90-4a9e-aa02-32ed1cb516a1', 'efee923f-aff6-41f3-ac45-2effd4fa04ac', '{"hp": 38, "rack": "c", "volume": 4, "heat_sink_add": 6.2, "industrialmarket": {"maxprice": 720, "minprice": 460, "silosize": 1000}}', '2022-11-20 16:28:26.048987-05', '4d6c31a3-02b9-4de0-bef5-59c50d67f94c', 'Module for new noob ship for player', '22c3eb26-3deb-4c37-9684-51507d30b0b6', 1, false);
    INSERT INTO public.items (id, itemtypeid, meta, created, createdby, createdreason, containerid, quantity, ispackaged) VALUES ('7de1e0bc-ca49-494f-8bb5-f4b607d8d1aa', '4d434e80-b8d5-488c-8f83-e3a4e62293b5', '{"hp": 30, "rack": "a", "range": 125, "volume": 6, "falloff": "linear", "cooldown": 18.6, "tracking": 175, "needs_target": true, "salvage_chance": 0.3, "salvage_volume": 50, "activation_heat": 18, "industrialmarket": {"maxprice": 1305, "minprice": 768, "silosize": 1000}, "activation_energy": 3, "activation_gfx_effect": "basic_salvager"}', '2022-11-20 16:28:26.062226-05', 'bdc4a561-8013-4aca-b1d8-4da0a8121177', 'Module for new noob ship for player', 'e020b0b6-52a8-4b64-b4e5-4e6e1329183c', 1, false);
    INSERT INTO public.items (id, itemtypeid, meta, created, createdby, createdreason, containerid, quantity, ispackaged) VALUES ('addb52fc-2453-4dad-a6f5-9ccf9ea12a89', '4d434e80-b8d5-488c-8f83-e3a4e62293b5', '{"hp": 30, "rack": "a", "range": 125, "volume": 6, "falloff": "linear", "cooldown": 18.6, "tracking": 175, "needs_target": true, "salvage_chance": 0.3, "salvage_volume": 50, "activation_heat": 18, "industrialmarket": {"maxprice": 1305, "minprice": 768, "silosize": 1000}, "activation_energy": 3, "activation_gfx_effect": "basic_salvager"}', '2022-11-20 16:28:26.063844-05', 'bdc4a561-8013-4aca-b1d8-4da0a8121177', 'Module for new noob ship for player', 'e020b0b6-52a8-4b64-b4e5-4e6e1329183c', 1, false);
    INSERT INTO public.items (id, itemtypeid, meta, created, createdby, createdreason, containerid, quantity, ispackaged) VALUES ('4663b3d8-7220-400a-ad96-4f48ffc4ff6f', 'f63d176f-82d6-4278-ac31-cbba59c9c19f', '{"hp": 8, "rack": "a", "range": 6408, "volume": 6, "cooldown": 26.5, "flight_time": 6.4, "hull_damage": 430, "armor_damage": 352, "needs_target": true, "shield_damage": 387, "missile_radius": 2.5, "activation_heat": 9.1, "ammunition_name": "LHVM-3", "ammunition_type": "8aa4d28b-e02b-4630-86eb-ab46d0ed7fc7", "fault_tolerance": 0.98, "industrialmarket": {"maxprice": 3881, "minprice": 2215, "silosize": 1000}, "activation_energy": 0.06, "missile_gfx_effect": "lhvm-3", "missile_explosion_effect": "basic_explosion", "missile_explosion_radius": 3.6}', '2022-11-20 16:28:26.065824-05', 'bdc4a561-8013-4aca-b1d8-4da0a8121177', 'Module for new noob ship for player', 'e020b0b6-52a8-4b64-b4e5-4e6e1329183c', 1, false);
    INSERT INTO public.items (id, itemtypeid, meta, created, createdby, createdreason, containerid, quantity, ispackaged) VALUES ('7f652775-fa79-4f8f-8d2d-4c48d955bf23', '074ccccb-a3c5-431b-9b57-854450219ee5', '{"hp": 7, "rack": "b", "range": 2742, "volume": 6, "falloff": "linear", "cooldown": 10.3, "needs_target": true, "activation_heat": 85.9, "drag_multiplier": 14.3, "industrialmarket": {"maxprice": 6027, "minprice": 5810, "silosize": 500}, "activation_energy": 95, "activation_gfx_effect": "basic_aether_dragger"}', '2022-11-20 16:28:26.067821-05', 'bdc4a561-8013-4aca-b1d8-4da0a8121177', 'Module for new noob ship for player', 'e020b0b6-52a8-4b64-b4e5-4e6e1329183c', 1, false);
    INSERT INTO public.items (id, itemtypeid, meta, created, createdby, createdreason, containerid, quantity, ispackaged) VALUES ('8c86d720-b85a-47da-9dd8-b3789e926083', '09172710-740c-4d1c-9fc0-43cb62e674e7', '{"hp": 5, "rack": "b", "volume": 4, "cooldown": 7, "needs_target": false, "activation_heat": 65, "industrialmarket": {"maxprice": 650, "minprice": 275, "silosize": 1000}, "activation_energy": 15, "shield_boost_amount": 20, "activation_gfx_effect": "basic_shield_booster"}', '2022-11-20 16:28:26.069637-05', 'bdc4a561-8013-4aca-b1d8-4da0a8121177', 'Module for new noob ship for player', 'e020b0b6-52a8-4b64-b4e5-4e6e1329183c', 1, false);
    INSERT INTO public.items (id, itemtypeid, meta, created, createdby, createdreason, containerid, quantity, ispackaged) VALUES ('b987a13e-4052-4ade-a707-9cd65974468f', '993bc7c8-fb2a-423f-8000-39c7fb6be743', '{"hp": 8, "rack": "c", "volume": 6, "energy_max_add": 62, "industrialmarket": {"maxprice": 1237, "minprice": 904, "silosize": 1000}}', '2022-11-20 16:28:26.071381-05', 'bdc4a561-8013-4aca-b1d8-4da0a8121177', 'Module for new noob ship for player', 'e020b0b6-52a8-4b64-b4e5-4e6e1329183c', 1, false);
    INSERT INTO public.items (id, itemtypeid, meta, created, createdby, createdreason, containerid, quantity, ispackaged) VALUES ('1559d181-ab3c-4c9e-9c87-27fd4dbf430a', 'efee923f-aff6-41f3-ac45-2effd4fa04ac', '{"hp": 38, "rack": "c", "volume": 4, "heat_sink_add": 6.2, "industrialmarket": {"maxprice": 720, "minprice": 460, "silosize": 1000}}', '2022-11-20 16:28:26.073638-05', 'bdc4a561-8013-4aca-b1d8-4da0a8121177', 'Module for new noob ship for player', 'e020b0b6-52a8-4b64-b4e5-4e6e1329183c', 1, false);
    INSERT INTO public.items (id, itemtypeid, meta, created, createdby, createdreason, containerid, quantity, ispackaged) VALUES ('9c898c92-dd61-41b0-a4f0-64935df1ed83', '4d434e80-b8d5-488c-8f83-e3a4e62293b5', '{"hp": 30, "rack": "a", "range": 125, "volume": 6, "falloff": "linear", "cooldown": 18.6, "tracking": 175, "needs_target": true, "salvage_chance": 0.3, "salvage_volume": 50, "activation_heat": 18, "industrialmarket": {"maxprice": 1305, "minprice": 768, "silosize": 1000}, "activation_energy": 3, "activation_gfx_effect": "basic_salvager"}', '2022-11-20 16:28:26.087265-05', 'f35eb392-5f22-4162-99d7-5ab87cdd69cb', 'Module for new noob ship for player', 'dfd0e8f0-e08d-405c-8068-46c0daafd04b', 1, false);
    INSERT INTO public.items (id, itemtypeid, meta, created, createdby, createdreason, containerid, quantity, ispackaged) VALUES ('11182558-8a29-4eeb-962e-e266af4df1f5', '4d434e80-b8d5-488c-8f83-e3a4e62293b5', '{"hp": 30, "rack": "a", "range": 125, "volume": 6, "falloff": "linear", "cooldown": 18.6, "tracking": 175, "needs_target": true, "salvage_chance": 0.3, "salvage_volume": 50, "activation_heat": 18, "industrialmarket": {"maxprice": 1305, "minprice": 768, "silosize": 1000}, "activation_energy": 3, "activation_gfx_effect": "basic_salvager"}', '2022-11-20 16:28:26.089192-05', 'f35eb392-5f22-4162-99d7-5ab87cdd69cb', 'Module for new noob ship for player', 'dfd0e8f0-e08d-405c-8068-46c0daafd04b', 1, false);
    INSERT INTO public.items (id, itemtypeid, meta, created, createdby, createdreason, containerid, quantity, ispackaged) VALUES ('a761deb1-962e-41f8-a6c2-6626dba4eceb', 'f63d176f-82d6-4278-ac31-cbba59c9c19f', '{"hp": 8, "rack": "a", "range": 6408, "volume": 6, "cooldown": 26.5, "flight_time": 6.4, "hull_damage": 430, "armor_damage": 352, "needs_target": true, "shield_damage": 387, "missile_radius": 2.5, "activation_heat": 9.1, "ammunition_name": "LHVM-3", "ammunition_type": "8aa4d28b-e02b-4630-86eb-ab46d0ed7fc7", "fault_tolerance": 0.98, "industrialmarket": {"maxprice": 3881, "minprice": 2215, "silosize": 1000}, "activation_energy": 0.06, "missile_gfx_effect": "lhvm-3", "missile_explosion_effect": "basic_explosion", "missile_explosion_radius": 3.6}', '2022-11-20 16:28:26.091708-05', 'f35eb392-5f22-4162-99d7-5ab87cdd69cb', 'Module for new noob ship for player', 'dfd0e8f0-e08d-405c-8068-46c0daafd04b', 1, false);
    INSERT INTO public.items (id, itemtypeid, meta, created, createdby, createdreason, containerid, quantity, ispackaged) VALUES ('e27712d2-4cb0-4e4b-b5e2-f9f9988ad5d7', '074ccccb-a3c5-431b-9b57-854450219ee5', '{"hp": 7, "rack": "b", "range": 2742, "volume": 6, "falloff": "linear", "cooldown": 10.3, "needs_target": true, "activation_heat": 85.9, "drag_multiplier": 14.3, "industrialmarket": {"maxprice": 6027, "minprice": 5810, "silosize": 500}, "activation_energy": 95, "activation_gfx_effect": "basic_aether_dragger"}', '2022-11-20 16:28:26.093483-05', 'f35eb392-5f22-4162-99d7-5ab87cdd69cb', 'Module for new noob ship for player', 'dfd0e8f0-e08d-405c-8068-46c0daafd04b', 1, false);
    INSERT INTO public.items (id, itemtypeid, meta, created, createdby, createdreason, containerid, quantity, ispackaged) VALUES ('cd64e935-d455-40c3-98d8-805f53a126ce', '09172710-740c-4d1c-9fc0-43cb62e674e7', '{"hp": 5, "rack": "b", "volume": 4, "cooldown": 7, "needs_target": false, "activation_heat": 65, "industrialmarket": {"maxprice": 650, "minprice": 275, "silosize": 1000}, "activation_energy": 15, "shield_boost_amount": 20, "activation_gfx_effect": "basic_shield_booster"}', '2022-11-20 16:28:26.09511-05', 'f35eb392-5f22-4162-99d7-5ab87cdd69cb', 'Module for new noob ship for player', 'dfd0e8f0-e08d-405c-8068-46c0daafd04b', 1, false);
    INSERT INTO public.items (id, itemtypeid, meta, created, createdby, createdreason, containerid, quantity, ispackaged) VALUES ('ac6f0a38-6768-4b94-94ae-fdbe6311fcbd', '993bc7c8-fb2a-423f-8000-39c7fb6be743', '{"hp": 8, "rack": "c", "volume": 6, "energy_max_add": 62, "industrialmarket": {"maxprice": 1237, "minprice": 904, "silosize": 1000}}', '2022-11-20 16:28:26.096955-05', 'f35eb392-5f22-4162-99d7-5ab87cdd69cb', 'Module for new noob ship for player', 'dfd0e8f0-e08d-405c-8068-46c0daafd04b', 1, false);
    INSERT INTO public.items (id, itemtypeid, meta, created, createdby, createdreason, containerid, quantity, ispackaged) VALUES ('806720c6-157a-4580-9888-17ee7149899a', 'efee923f-aff6-41f3-ac45-2effd4fa04ac', '{"hp": 38, "rack": "c", "volume": 4, "heat_sink_add": 6.2, "industrialmarket": {"maxprice": 720, "minprice": 460, "silosize": 1000}}', '2022-11-20 16:28:26.099426-05', 'f35eb392-5f22-4162-99d7-5ab87cdd69cb', 'Module for new noob ship for player', 'dfd0e8f0-e08d-405c-8068-46c0daafd04b', 1, false);
    INSERT INTO public.items (id, itemtypeid, meta, created, createdby, createdreason, containerid, quantity, ispackaged) VALUES ('61dfbe2f-97d4-4729-bb08-fdb0aac4977e', '4d434e80-b8d5-488c-8f83-e3a4e62293b5', '{"hp": 30, "rack": "a", "range": 125, "volume": 6, "falloff": "linear", "cooldown": 18.6, "tracking": 175, "needs_target": true, "salvage_chance": 0.3, "salvage_volume": 50, "activation_heat": 18, "industrialmarket": {"maxprice": 1305, "minprice": 768, "silosize": 1000}, "activation_energy": 3, "activation_gfx_effect": "basic_salvager"}', '2022-11-20 16:28:26.114972-05', '6aff6062-10df-4925-8214-5b208453da73', 'Module for new noob ship for player', 'ee31aefe-8257-406b-8a3e-d615012fc2a4', 1, false);
    INSERT INTO public.items (id, itemtypeid, meta, created, createdby, createdreason, containerid, quantity, ispackaged) VALUES ('dae3d32f-8ba0-4bf6-a504-bc2281365f36', '4d434e80-b8d5-488c-8f83-e3a4e62293b5', '{"hp": 30, "rack": "a", "range": 125, "volume": 6, "falloff": "linear", "cooldown": 18.6, "tracking": 175, "needs_target": true, "salvage_chance": 0.3, "salvage_volume": 50, "activation_heat": 18, "industrialmarket": {"maxprice": 1305, "minprice": 768, "silosize": 1000}, "activation_energy": 3, "activation_gfx_effect": "basic_salvager"}', '2022-11-20 16:28:26.116823-05', '6aff6062-10df-4925-8214-5b208453da73', 'Module for new noob ship for player', 'ee31aefe-8257-406b-8a3e-d615012fc2a4', 1, false);
    INSERT INTO public.items (id, itemtypeid, meta, created, createdby, createdreason, containerid, quantity, ispackaged) VALUES ('009208a7-480e-4ee1-8e01-9a59dc1735d5', 'f63d176f-82d6-4278-ac31-cbba59c9c19f', '{"hp": 8, "rack": "a", "range": 6408, "volume": 6, "cooldown": 26.5, "flight_time": 6.4, "hull_damage": 430, "armor_damage": 352, "needs_target": true, "shield_damage": 387, "missile_radius": 2.5, "activation_heat": 9.1, "ammunition_name": "LHVM-3", "ammunition_type": "8aa4d28b-e02b-4630-86eb-ab46d0ed7fc7", "fault_tolerance": 0.98, "industrialmarket": {"maxprice": 3881, "minprice": 2215, "silosize": 1000}, "activation_energy": 0.06, "missile_gfx_effect": "lhvm-3", "missile_explosion_effect": "basic_explosion", "missile_explosion_radius": 3.6}', '2022-11-20 16:28:26.118669-05', '6aff6062-10df-4925-8214-5b208453da73', 'Module for new noob ship for player', 'ee31aefe-8257-406b-8a3e-d615012fc2a4', 1, false);
    INSERT INTO public.items (id, itemtypeid, meta, created, createdby, createdreason, containerid, quantity, ispackaged) VALUES ('d6644094-c455-4bea-bd72-6e84b9d83ddf', '074ccccb-a3c5-431b-9b57-854450219ee5', '{"hp": 7, "rack": "b", "range": 2742, "volume": 6, "falloff": "linear", "cooldown": 10.3, "needs_target": true, "activation_heat": 85.9, "drag_multiplier": 14.3, "industrialmarket": {"maxprice": 6027, "minprice": 5810, "silosize": 500}, "activation_energy": 95, "activation_gfx_effect": "basic_aether_dragger"}', '2022-11-20 16:28:26.120401-05', '6aff6062-10df-4925-8214-5b208453da73', 'Module for new noob ship for player', 'ee31aefe-8257-406b-8a3e-d615012fc2a4', 1, false);
    INSERT INTO public.items (id, itemtypeid, meta, created, createdby, createdreason, containerid, quantity, ispackaged) VALUES ('405831a8-967e-4ea7-bf86-7d4e65a93198', '09172710-740c-4d1c-9fc0-43cb62e674e7', '{"hp": 5, "rack": "b", "volume": 4, "cooldown": 7, "needs_target": false, "activation_heat": 65, "industrialmarket": {"maxprice": 650, "minprice": 275, "silosize": 1000}, "activation_energy": 15, "shield_boost_amount": 20, "activation_gfx_effect": "basic_shield_booster"}', '2022-11-20 16:28:26.122214-05', '6aff6062-10df-4925-8214-5b208453da73', 'Module for new noob ship for player', 'ee31aefe-8257-406b-8a3e-d615012fc2a4', 1, false);
    INSERT INTO public.items (id, itemtypeid, meta, created, createdby, createdreason, containerid, quantity, ispackaged) VALUES ('c2d572f6-5e18-447a-8e35-50077c5733e4', '993bc7c8-fb2a-423f-8000-39c7fb6be743', '{"hp": 8, "rack": "c", "volume": 6, "energy_max_add": 62, "industrialmarket": {"maxprice": 1237, "minprice": 904, "silosize": 1000}}', '2022-11-20 16:28:26.123777-05', '6aff6062-10df-4925-8214-5b208453da73', 'Module for new noob ship for player', 'ee31aefe-8257-406b-8a3e-d615012fc2a4', 1, false);
    INSERT INTO public.items (id, itemtypeid, meta, created, createdby, createdreason, containerid, quantity, ispackaged) VALUES ('9e3a7272-8dca-4d0e-9e0c-1d7b45e35e17', 'efee923f-aff6-41f3-ac45-2effd4fa04ac', '{"hp": 38, "rack": "c", "volume": 4, "heat_sink_add": 6.2, "industrialmarket": {"maxprice": 720, "minprice": 460, "silosize": 1000}}', '2022-11-20 16:28:26.125443-05', '6aff6062-10df-4925-8214-5b208453da73', 'Module for new noob ship for player', 'ee31aefe-8257-406b-8a3e-d615012fc2a4', 1, false);

    -- fix current ship ids
    update users set current_shipid = '1d5dc2e5-f49c-4716-99fd-fe249f42f0e2' where id = '7a1ec809-fd63-491d-a850-db89839e9389';
    update users set current_shipid = '7195d624-02d6-471e-b55a-b3c30b392253' where id = 'cdf86ad2-a1b8-43dc-96f3-1a523d70a314';
    update users set current_shipid = 'df927047-7d30-4a91-8730-24ee8b5603f1' where id = '8f2e3596-342a-4392-935b-9483795765c9';
    update users set current_shipid = '7ab53d2b-9661-4a4d-9905-13770dd24b37' where id = 'e197ec8d-6ddf-48ca-ba6a-094aedffed4d';
    update users set current_shipid = '6fb6fec3-4c31-40d7-b1f7-625faef07d74' where id = '4d6c31a3-02b9-4de0-bef5-59c50d67f94c';
    update users set current_shipid = '1ec0da06-a461-49d9-801b-a0fa6f7d4209' where id = 'bdc4a561-8013-4aca-b1d8-4da0a8121177';
    update users set current_shipid = '3257b1cd-64d5-4bdc-9f70-0f77ecc04ded' where id = 'f35eb392-5f22-4162-99d7-5ab87cdd69cb';
    update users set current_shipid = '8bfb6ef6-9de0-47b4-9e9a-e1967137ae75' where id = '6aff6062-10df-4925-8214-5b208453da73';
