-- item families
INSERT INTO public.itemfamilies (id, friendlyname, meta) VALUES ('xfer_shield', 'Remote Shield Bridge', '{}');
INSERT INTO public.itemfamilies (id, friendlyname, meta) VALUES ('xfer_energy', 'Remote Energy Bridge', '{}');
INSERT INTO public.itemfamilies (id, friendlyname, meta) VALUES ('xfer_heat', 'Remote Thermal Bridge', '{}');

-- module item types
INSERT INTO public.itemtypes (id, family, name, meta) VALUES ('46d0e32b-4ace-4e4b-8bda-7bcf8a888b42', 'xfer_heat', 'Basic Remote Thermal Bridge', '{"hp": 11, "rack": "a", "range": 800, "volume": 9, "falloff": "linear", "cooldown": 8.9, "tracking": 200, "needs_target": true, "activation_heat": 3, "heat_xfer_amount": 95, "industrialmarket": {"maxprice": 11888, "minprice": 5710, "silosize": 1000}, "activation_energy": 5, "activation_gfx_effect": "basic_heat_xfer"}');
INSERT INTO public.itemtypes (id, family, name, meta) VALUES ('e22099c3-9b93-4e3c-bc87-4ceb430890ba', 'xfer_shield', 'Basic Remote Shield Bridge', '{"hp": 10, "rack": "a", "range": 823, "volume": 9, "falloff": "linear", "cooldown": 9.3, "tracking": 199, "needs_target": true, "activation_heat": 6, "industrialmarket": {"maxprice": 12390, "minprice": 5291, "silosize": 1000}, "activation_energy": 4, "shield_xfer_amount": 97, "activation_gfx_effect": "basic_shield_xfer"}');
INSERT INTO public.itemtypes (id, family, name, meta) VALUES ('5944e869-6f92-4d2a-86b2-d58d38edb5f0', 'xfer_energy', 'Basic Remote Energy Bridge', '{"hp": 9, "rack": "a", "range": 799, "volume": 9, "falloff": "linear", "cooldown": 9.1, "tracking": 201, "needs_target": true, "activation_heat": 7, "industrialmarket": {"maxprice": 11888, "minprice": 5710, "silosize": 1000}, "activation_energy": 6, "energy_xfer_amount": 102, "activation_gfx_effect": "basic_energy_xfer"}');
INSERT INTO public.itemtypes (id, family, name, meta) VALUES ('4fdf73a1-2d14-4832-839a-d127a1b191a9', 'xfer_heat', 'Small Remote Thermal Bridge', '{"hp": 17, "rack": "a", "range": 2231, "volume": 19, "falloff": "linear", "cooldown": 12.4, "tracking": 188, "needs_target": true, "activation_heat": 7, "heat_xfer_amount": 350, "industrialmarket": {"maxprice": 37221, "minprice": 15909, "silosize": 1000}, "activation_energy": 12, "activation_gfx_effect": "small_heat_xfer"}');
INSERT INTO public.itemtypes (id, family, name, meta) VALUES ('f032dcdd-f2e5-482c-b851-955addfa4819', 'xfer_energy', 'Small Remote Energy Bridge', '{"hp": 20, "rack": "a", "range": 2195, "volume": 18, "falloff": "linear", "cooldown": 11.7, "tracking": 182, "needs_target": true, "activation_heat": 16, "industrialmarket": {"maxprice": 29775, "minprice": 12304, "silosize": 1000}, "activation_energy": 11, "energy_xfer_amount": 410, "activation_gfx_effect": "small_energy_xfer"}');
INSERT INTO public.itemtypes (id, family, name, meta) VALUES ('3f0dd0a0-20f9-424a-9d10-03dee4dd04bd', 'xfer_shield', 'Small Remote Shield Bridge', '{"hp": 20, "rack": "a", "range": 2358, "volume": 21, "falloff": "linear", "cooldown": 10.7, "tracking": 187, "needs_target": true, "activation_heat": 18, "industrialmarket": {"maxprice": 41003, "minprice": 17890, "silosize": 1000}, "activation_energy": 16, "shield_xfer_amount": 417, "activation_gfx_effect": "small_shield_xfer"}');
INSERT INTO public.itemtypes (id, family, name, meta) VALUES ('20be182b-a84e-4339-8043-ca84f731f5e0', 'xfer_heat', 'Medium Remote Thermal Bridge', '{"hp": 35, "rack": "a", "range": 6372, "volume": 38, "falloff": "linear", "cooldown": 13.9, "tracking": 152, "needs_target": true, "activation_heat": 13, "heat_xfer_amount": 722, "industrialmarket": {"maxprice": 63892, "minprice": 37513, "silosize": 1000}, "activation_energy": 35, "activation_gfx_effect": "medium_heat_xfer"}');
INSERT INTO public.itemtypes (id, family, name, meta) VALUES ('d715efca-2e7b-4de2-986b-54b08af2c703', 'xfer_energy', 'Medium Remote Energy Bridge', '{"hp": 37, "rack": "a", "range": 6008, "volume": 39, "falloff": "linear", "cooldown": 12.5, "tracking": 166, "needs_target": true, "activation_heat": 29, "industrialmarket": {"maxprice": 77801, "minprice": 19675, "silosize": 1000}, "activation_energy": 25, "energy_xfer_amount": 805, "activation_gfx_effect": "medium_energy_xfer"}');
INSERT INTO public.itemtypes (id, family, name, meta) VALUES ('f7a2dc94-3693-4e74-accf-d3288a364472', 'xfer_shield', 'Medium Remote Shield Bridge', '{"hp": 40, "rack": "a", "range": 6891, "volume": 43, "falloff": "linear", "cooldown": 11.3, "tracking": 159, "needs_target": true, "activation_heat": 41, "industrialmarket": {"maxprice": 90078, "minprice": 40127, "silosize": 1000}, "activation_energy": 39, "shield_xfer_amount": 875, "activation_gfx_effect": "medium_shield_xfer"}');
INSERT INTO public.itemtypes (id, family, name, meta) VALUES ('5c6a3d29-d34b-4341-b8d0-9fdce71ed5e8', 'xfer_heat', 'Heavy Remote Thermal Bridge', '{"hp": 66, "rack": "a", "range": 18904, "volume": 79, "falloff": "linear", "cooldown": 14.6, "tracking": 112, "needs_target": true, "activation_heat": 25, "heat_xfer_amount": 1508, "industrialmarket": {"maxprice": 131780, "minprice": 92710, "silosize": 1000}, "activation_energy": 92, "activation_gfx_effect": "heavy_heat_xfer"}');
INSERT INTO public.itemtypes (id, family, name, meta) VALUES ('71c03d79-bf44-4e8e-87bc-bb3253d0aed4', 'xfer_energy', 'Heavy Remote Energy Bridge', '{"hp": 58, "rack": "a", "range": 23777, "volume": 80, "falloff": "linear", "cooldown": 13.2, "tracking": 123, "needs_target": true, "activation_heat": 82, "industrialmarket": {"maxprice": 152907, "minprice": 82256, "silosize": 1000}, "activation_energy": 70, "energy_xfer_amount": 1711, "activation_gfx_effect": "heavy_energy_xfer"}');
INSERT INTO public.itemtypes (id, family, name, meta) VALUES ('521a7272-fd54-4392-8045-02ea5ba7e857', 'xfer_shield', 'Heavy Remote Shield Bridge', '{"hp": 52, "rack": "a", "range": 25909, "volume": 84, "falloff": "linear", "cooldown": 12.7, "tracking": 136, "needs_target": true, "activation_heat": 112, "industrialmarket": {"maxprice": 182502, "minprice": 97644, "silosize": 1000}, "activation_energy": 201, "shield_xfer_amount": 1955, "activation_gfx_effect": "heavy_shield_xfer"}');
INSERT INTO public.itemtypes (id, family, name, meta) VALUES ('19ec7b21-97dd-49c2-b6dc-4db121c8600e', 'xfer_heat', 'XL Remote Thermal Bridge', '{"hp": 79, "rack": "a", "range": 63771, "volume": 155, "falloff": "linear", "cooldown": 15.8, "tracking": 94, "needs_target": true, "activation_heat": 86, "heat_xfer_amount": 2995, "industrialmarket": {"maxprice": 370344, "minprice": 158996, "silosize": 1000}, "activation_energy": 188, "activation_gfx_effect": "xl_heat_xfer"}');
INSERT INTO public.itemtypes (id, family, name, meta) VALUES ('09c13082-f9c1-44e5-8695-1225e7f6fd64', 'xfer_energy', 'XL Remote Energy Bridge', '{"hp": 71, "rack": "a", "range": 72480, "volume": 173, "falloff": "linear", "cooldown": 14.8, "tracking": 98, "needs_target": true, "activation_heat": 275, "industrialmarket": {"maxprice": 420006, "minprice": 179983, "silosize": 1000}, "activation_energy": 240, "energy_xfer_amount": 3803, "activation_gfx_effect": "xl_energy_xfer"}');
INSERT INTO public.itemtypes (id, family, name, meta) VALUES ('31e072df-3c17-4aed-ad2c-14609aeb0a12', 'xfer_shield', 'XL Remote Shield Bridge', '{"hp": 65, "rack": "a", "range": 75622, "volume": 197, "falloff": "linear", "cooldown": 13.3, "tracking": 107, "needs_target": true, "activation_heat": 317, "industrialmarket": {"maxprice": 387829, "minprice": 184306, "silosize": 1000}, "activation_energy": 413, "shield_xfer_amount": 3975, "activation_gfx_effect": "xl_shield_xfer"}');

-- schematic item types
INSERT INTO public.itemtypes (id, family, name, meta) VALUES ('077bffd9-47e1-432b-88d2-3a7b8f269fab', 'schematic', 'Basic Remote Thermal Bridge Schematic', '{"industrialmarket": {"maxprice": 181345, "minprice": 75211, "silosize": 100, "process_id": "21deccaa-c9b0-414e-a898-3ab9230d4528"}}');
INSERT INTO public.itemtypes (id, family, name, meta) VALUES ('c4e55903-4585-4867-b6c6-44b3da1dd951', 'schematic', 'Basic Remote Energy Bridge Schematic', '{"industrialmarket": {"maxprice": 129141, "minprice": 21786, "silosize": 100, "process_id": "ee66bd1c-4ac4-4ad6-9ff2-834e13580921"}}');
INSERT INTO public.itemtypes (id, family, name, meta) VALUES ('72725df3-f7bf-4565-b67a-b31e74474201', 'schematic', 'Medium Remote Shield Bridge Schematic', '{"industrialmarket": {"maxprice": 879470, "minprice": 395548, "silosize": 100, "process_id": "b0177b10-2b91-40a4-b695-b19681249c2b"}}');
INSERT INTO public.itemtypes (id, family, name, meta) VALUES ('c5c812ac-1999-462f-8c2f-d39fa5f16b84', 'schematic', 'Basic Remote Shield Bridge Schematic', '{"industrialmarket": {"maxprice": 138252, "minprice": 54248, "silosize": 100, "process_id": "b46679ae-33c6-4392-b535-6797d3152de7"}}');
INSERT INTO public.itemtypes (id, family, name, meta) VALUES ('e57fc306-c850-4d7e-894f-a1e0942b73f6', 'schematic', 'Medium Remote Energy Bridge Schematic', '{"industrialmarket": {"maxprice": 1229021, "minprice": 176048, "silosize": 100, "process_id": "7228a4d1-0cf8-4f6b-a8dd-0a84f4fa892b"}}');
INSERT INTO public.itemtypes (id, family, name, meta) VALUES ('296bef8b-07cf-4681-8985-22f25070191d', 'schematic', 'Heavy Remote Thermal Bridge Schematic', '{"industrialmarket": {"maxprice": 3328730, "minprice": 1048942, "silosize": 100, "process_id": "198f524d-b707-49da-aa6c-17296915b231"}}');
INSERT INTO public.itemtypes (id, family, name, meta) VALUES ('05fde865-6d64-406f-b043-632efd453977', 'schematic', 'Small Remote Energy Bridge Schematic', '{"industrialmarket": {"maxprice": 212715, "minprice": 80706, "silosize": 100, "process_id": "c075da8e-efe5-4f0f-88bc-129544d545c0"}}');
INSERT INTO public.itemtypes (id, family, name, meta) VALUES ('0df134b4-bbd4-47f8-a63c-b0923c48f597', 'schematic', 'Heavy Remote Energy Bridge Schematic', '{"industrialmarket": {"maxprice": 150963, "minprice": 70846, "silosize": 100, "process_id": "03390735-4a97-4c70-9ab2-dd58384c962f"}}');
INSERT INTO public.itemtypes (id, family, name, meta) VALUES ('45071098-9d08-4898-9c09-ce55db034aab', 'schematic', 'XL Remote Thermal Bridge Schematic', '{"industrialmarket": {"maxprice": 9275387, "minprice": 3543217, "silosize": 100, "process_id": "374db251-abcd-466f-9b4c-a8268570c01a"}}');
INSERT INTO public.itemtypes (id, family, name, meta) VALUES ('8e73dea5-cee7-44fb-8554-046685239ba2', 'schematic', 'XL Remote Energy Bridge Schematic', '{"industrialmarket": {"maxprice": 3684918, "minprice": 1195566, "silosize": 100, "process_id": "5385eb4b-2046-46f2-901c-8555bfaeda50"}}');
INSERT INTO public.itemtypes (id, family, name, meta) VALUES ('658ee98a-5e4b-4022-bb05-92ed6ce4fd6c', 'schematic', 'XL Remote Shield Bridge Schematic', '{"industrialmarket": {"maxprice": 11554474, "minprice": 4079134, "silosize": 100, "process_id": "8a51aeca-74ff-48f0-9907-56c6008e3279"}}');
INSERT INTO public.itemtypes (id, family, name, meta) VALUES ('25c7ea51-5c2a-4964-8556-82a29fd3621f', 'schematic', 'Small Remote Shield Bridge Schematic', '{"industrialmarket": {"maxprice": 100700, "minprice": 49287, "silosize": 100, "process_id": "08b70d06-5861-495b-bccb-4daad5b11519"}}');
INSERT INTO public.itemtypes (id, family, name, meta) VALUES ('d591bd91-571e-4906-8aba-6b9b7ca002b5', 'schematic', 'Medium Remote Thermal Bridge Schematic', '{"industrialmarket": {"maxprice": 163413, "minprice": 78323, "silosize": 100, "process_id": "67d15f39-9861-4f90-b2ba-75de6cd1cfa1"}}');
INSERT INTO public.itemtypes (id, family, name, meta) VALUES ('379af163-18f9-40b1-9ceb-c5d69132e14d', 'schematic', 'Heavy Remote Shield Bridge Schematic', '{"industrialmarket": {"maxprice": 842215, "minprice": 176327, "silosize": 100, "process_id": "9808b8e0-0f63-4f4a-9f31-d1ed940fc030"}}');
INSERT INTO public.itemtypes (id, family, name, meta) VALUES ('3ae485b4-3cd3-43bc-bc92-03333fcf7bc6', 'schematic', 'Small Remote Thermal Bridge Schematic', '{"industrialmarket": {"maxprice": 209431, "minprice": 92677, "silosize": 100, "process_id": "3f03b17d-821c-4350-af28-8ad49ea01e98"}}');

-- processes
INSERT INTO public.processes (id, name, meta, "time") VALUES ('21deccaa-c9b0-414e-a898-3ab9230d4528', 'Make Basic Remote Thermal Bridge', '{}', 279);
INSERT INTO public.processes (id, name, meta, "time") VALUES ('f0cf1d7a-c1c6-41d9-a7c2-00ce1a7b0cce', 'Basic Remote Thermal Bridge Sink [wm]', '{}', 460);
INSERT INTO public.processes (id, name, meta, "time") VALUES ('b47202fc-34cf-4117-a63a-eff63c62febd', 'Basic Remote Thermal Bridge Schematic Faucet [wm]', '{}', 1267);
INSERT INTO public.processes (id, name, meta, "time") VALUES ('c40ad708-724f-40a9-b99d-29eec2049e98', 'Basic Remote Thermal Bridge Schematic Sink [wm]', '{}', 1168);
INSERT INTO public.processes (id, name, meta, "time") VALUES ('ee66bd1c-4ac4-4ad6-9ff2-834e13580921', 'Make Basic Remote Energy Bridge', '{}', 832);
INSERT INTO public.processes (id, name, meta, "time") VALUES ('f4b40184-803f-4387-bfb2-439d444c29b2', 'Basic Remote Energy Bridge Sink [wm]', '{}', 1190);
INSERT INTO public.processes (id, name, meta, "time") VALUES ('76c9b909-3f15-41f4-ac77-cc13dc96ee29', 'Basic Remote Energy Bridge Schematic Faucet [wm]', '{}', 3734);
INSERT INTO public.processes (id, name, meta, "time") VALUES ('7737b828-4ef0-4344-bc53-923f27a885e1', 'Basic Remote Energy Bridge Schematic Sink [wm]', '{}', 5177);
INSERT INTO public.processes (id, name, meta, "time") VALUES ('b0177b10-2b91-40a4-b695-b19681249c2b', 'Make Medium Remote Shield Bridge', '{}', 299);
INSERT INTO public.processes (id, name, meta, "time") VALUES ('b01122d1-3c82-49ce-ba3d-bc47de0741c1', 'Medium Remote Shield Bridge Sink [wm]', '{}', 157);
INSERT INTO public.processes (id, name, meta, "time") VALUES ('0b5700d7-e787-43ad-84c8-c1442deff38b', 'Medium Remote Shield Bridge Schematic Faucet [wm]', '{}', 909);
INSERT INTO public.processes (id, name, meta, "time") VALUES ('c81ee20b-0466-42f6-9962-24b195fdc913', 'Medium Remote Shield Bridge Schematic Sink [wm]', '{}', 1441);
INSERT INTO public.processes (id, name, meta, "time") VALUES ('b46679ae-33c6-4392-b535-6797d3152de7', 'Make Basic Remote Shield Bridge', '{}', 1054);
INSERT INTO public.processes (id, name, meta, "time") VALUES ('350c8d81-e6dc-457b-922e-bcf4ba3da585', 'Basic Remote Shield Bridge Sink [wm]', '{}', 1162);
INSERT INTO public.processes (id, name, meta, "time") VALUES ('215eabca-9cc5-4b94-84ee-df4be3a7888b', 'Basic Remote Shield Bridge Schematic Faucet [wm]', '{}', 8191);
INSERT INTO public.processes (id, name, meta, "time") VALUES ('7723775b-24c7-4cd9-85bd-f2c943cbc2b6', 'Basic Remote Shield Bridge Schematic Sink [wm]', '{}', 5097);
INSERT INTO public.processes (id, name, meta, "time") VALUES ('7228a4d1-0cf8-4f6b-a8dd-0a84f4fa892b', 'Make Medium Remote Energy Bridge', '{}', 753);
INSERT INTO public.processes (id, name, meta, "time") VALUES ('88a99a46-937e-406e-a357-50d18a2e1184', 'Medium Remote Energy Bridge Sink [wm]', '{}', 455);
INSERT INTO public.processes (id, name, meta, "time") VALUES ('85aed9df-db0b-42e7-9cbb-a5874f7dba43', 'Medium Remote Energy Bridge Schematic Faucet [wm]', '{}', 5472);
INSERT INTO public.processes (id, name, meta, "time") VALUES ('26541a60-0606-464e-a86b-6745ba74c08c', 'Medium Remote Energy Bridge Schematic Sink [wm]', '{}', 1790);
INSERT INTO public.processes (id, name, meta, "time") VALUES ('198f524d-b707-49da-aa6c-17296915b231', 'Make Heavy Remote Thermal Bridge', '{}', 7741);
INSERT INTO public.processes (id, name, meta, "time") VALUES ('defb2d6f-8d22-4e98-96c0-ae71eee6abf0', 'Heavy Remote Thermal Bridge Sink [wm]', '{}', 12864);
INSERT INTO public.processes (id, name, meta, "time") VALUES ('ce90d325-6a78-44e9-a964-df39b839a1ee', 'Heavy Remote Thermal Bridge Schematic Faucet [wm]', '{}', 52921);
INSERT INTO public.processes (id, name, meta, "time") VALUES ('351f52bb-c581-462d-9a7d-c102942f71ca', 'Heavy Remote Thermal Bridge Schematic Sink [wm]', '{}', 33844);
INSERT INTO public.processes (id, name, meta, "time") VALUES ('c075da8e-efe5-4f0f-88bc-129544d545c0', 'Make Small Remote Energy Bridge', '{}', 764);
INSERT INTO public.processes (id, name, meta, "time") VALUES ('2061a44b-c0ec-4d97-beec-6ad9b30011eb', 'Small Remote Energy Bridge Sink [wm]', '{}', 1521);
INSERT INTO public.processes (id, name, meta, "time") VALUES ('0b33103e-7e46-4b6f-ae8f-8a7096ba7d4e', 'Small Remote Energy Bridge Schematic Faucet [wm]', '{}', 5325);
INSERT INTO public.processes (id, name, meta, "time") VALUES ('f4fac632-9248-459f-8309-30015c60f72f', 'Small Remote Energy Bridge Schematic Sink [wm]', '{}', 5765);
INSERT INTO public.processes (id, name, meta, "time") VALUES ('03390735-4a97-4c70-9ab2-dd58384c962f', 'Make Heavy Remote Energy Bridge', '{}', 668);
INSERT INTO public.processes (id, name, meta, "time") VALUES ('de7c37e5-92a0-46bb-93e2-b74d3b123a2b', 'Heavy Remote Energy Bridge Sink [wm]', '{}', 986);
INSERT INTO public.processes (id, name, meta, "time") VALUES ('622c7b71-1e76-44ca-8ce5-474fbac77245', 'Heavy Remote Energy Bridge Schematic Faucet [wm]', '{}', 2157);
INSERT INTO public.processes (id, name, meta, "time") VALUES ('c64f0b49-7d0f-4214-a668-803ff824ca38', 'Heavy Remote Energy Bridge Schematic Sink [wm]', '{}', 1912);
INSERT INTO public.processes (id, name, meta, "time") VALUES ('374db251-abcd-466f-9b4c-a8268570c01a', 'Make XL Remote Thermal Bridge', '{}', 6243);
INSERT INTO public.processes (id, name, meta, "time") VALUES ('4c463a82-69ca-4be2-a46a-209bd106a1fe', 'XL Remote Thermal Bridge Sink [wm]', '{}', 4522);
INSERT INTO public.processes (id, name, meta, "time") VALUES ('944b329c-5c70-4bee-b8af-ca3aa5143906', 'XL Remote Thermal Bridge Schematic Faucet [wm]', '{}', 25339);
INSERT INTO public.processes (id, name, meta, "time") VALUES ('3cedf939-829d-4ceb-823f-5a6b6bdacc0c', 'XL Remote Thermal Bridge Schematic Sink [wm]', '{}', 17412);
INSERT INTO public.processes (id, name, meta, "time") VALUES ('5385eb4b-2046-46f2-901c-8555bfaeda50', 'Make XL Remote Energy Bridge', '{}', 10192);
INSERT INTO public.processes (id, name, meta, "time") VALUES ('ae36fea3-c8f4-47e3-9f8f-8f30d2084a83', 'XL Remote Energy Bridge Sink [wm]', '{}', 18602);
INSERT INTO public.processes (id, name, meta, "time") VALUES ('657e02d7-b32b-4b9b-b6be-0e2fa5cc1709', 'XL Remote Energy Bridge Schematic Faucet [wm]', '{}', 75499);
INSERT INTO public.processes (id, name, meta, "time") VALUES ('6a24faa9-5b35-4339-bbf6-3a942247fe06', 'XL Remote Energy Bridge Schematic Sink [wm]', '{}', 24198);
INSERT INTO public.processes (id, name, meta, "time") VALUES ('8a51aeca-74ff-48f0-9907-56c6008e3279', 'Make XL Remote Shield Bridge', '{}', 16733);
INSERT INTO public.processes (id, name, meta, "time") VALUES ('c72cc388-026b-4e0e-a8c1-2341757a80e8', 'XL Remote Shield Bridge Sink [wm]', '{}', 23435);
INSERT INTO public.processes (id, name, meta, "time") VALUES ('947c290c-4983-4057-87e2-77ec8f1c2e73', 'XL Remote Shield Bridge Schematic Faucet [wm]', '{}', 54765);
INSERT INTO public.processes (id, name, meta, "time") VALUES ('aca8755d-e0e2-44e6-9b70-7ec09523874e', 'XL Remote Shield Bridge Schematic Sink [wm]', '{}', 78480);
INSERT INTO public.processes (id, name, meta, "time") VALUES ('3f03b17d-821c-4350-af28-8ad49ea01e98', 'Make Small Remote Thermal Bridge', '{}', 899);
INSERT INTO public.processes (id, name, meta, "time") VALUES ('2256a571-4cd6-4fa1-964c-7217b26ac6fc', 'Small Remote Thermal Bridge Sink [wm]', '{}', 729);
INSERT INTO public.processes (id, name, meta, "time") VALUES ('ce38bcee-625a-4eb7-b6cd-b48477a12854', 'Small Remote Thermal Bridge Schematic Faucet [wm]', '{}', 4613);
INSERT INTO public.processes (id, name, meta, "time") VALUES ('5e5973ae-9217-4c76-999f-e60549462a1f', 'Small Remote Thermal Bridge Schematic Sink [wm]', '{}', 5156);
INSERT INTO public.processes (id, name, meta, "time") VALUES ('08b70d06-5861-495b-bccb-4daad5b11519', 'Make Small Remote Shield Bridge', '{}', 321);
INSERT INTO public.processes (id, name, meta, "time") VALUES ('ba762629-2664-4331-b74a-0134360e695f', 'Small Remote Shield Bridge Sink [wm]', '{}', 542);
INSERT INTO public.processes (id, name, meta, "time") VALUES ('764aef65-10c4-4811-86a2-cd3fa019f935', 'Small Remote Shield Bridge Schematic Faucet [wm]', '{}', 1640);
INSERT INTO public.processes (id, name, meta, "time") VALUES ('5d8fdcc5-3116-4bdd-849c-f93838234acc', 'Small Remote Shield Bridge Schematic Sink [wm]', '{}', 1767);
INSERT INTO public.processes (id, name, meta, "time") VALUES ('67d15f39-9861-4f90-b2ba-75de6cd1cfa1', 'Make Medium Remote Thermal Bridge', '{}', 81);
INSERT INTO public.processes (id, name, meta, "time") VALUES ('0b7c5ed8-a114-4929-bd54-2f3d5372d3a6', 'Medium Remote Thermal Bridge Sink [wm]', '{}', 127);
INSERT INTO public.processes (id, name, meta, "time") VALUES ('a9702e63-9fb9-4f95-b81d-b5582605e4da', 'Medium Remote Thermal Bridge Schematic Faucet [wm]', '{}', 287);
INSERT INTO public.processes (id, name, meta, "time") VALUES ('247ddad5-03f4-4363-a78e-2c54ecfc6e87', 'Medium Remote Thermal Bridge Schematic Sink [wm]', '{}', 640);
INSERT INTO public.processes (id, name, meta, "time") VALUES ('9808b8e0-0f63-4f4a-9f31-d1ed940fc030', 'Make Heavy Remote Shield Bridge', '{}', 1835);
INSERT INTO public.processes (id, name, meta, "time") VALUES ('c04d38e2-8c89-4775-9f27-1793a20d70fe', 'Heavy Remote Shield Bridge Sink [wm]', '{}', 2645);
INSERT INTO public.processes (id, name, meta, "time") VALUES ('956a96c1-a6fa-40bc-8871-417c246f99a3', 'Heavy Remote Shield Bridge Schematic Faucet [wm]', '{}', 4862);
INSERT INTO public.processes (id, name, meta, "time") VALUES ('fb62983a-b1cf-4693-a87e-b31ba7867222', 'Heavy Remote Shield Bridge Schematic Sink [wm]', '{}', 8313);

-- process inputs
INSERT INTO public.processinputs (id, itemtypeid, quantity, meta, processid) VALUES ('e135dd7b-f7ef-4568-b7b5-90988f258c85', '077bffd9-47e1-432b-88d2-3a7b8f269fab', 6, '{}', 'c40ad708-724f-40a9-b99d-29eec2049e98');
INSERT INTO public.processinputs (id, itemtypeid, quantity, meta, processid) VALUES ('9255ab88-950e-4495-b2d2-4b4e7b67955b', '46d0e32b-4ace-4e4b-8bda-7bcf8a888b42', 73, '{}', 'f0cf1d7a-c1c6-41d9-a7c2-00ce1a7b0cce');
INSERT INTO public.processinputs (id, itemtypeid, quantity, meta, processid) VALUES ('5c4c8185-3c32-4b92-bd66-e101423c949a', '24800206-2c58-45b0-8238-81974d0ebb3b', 1287, '{}', '21deccaa-c9b0-414e-a898-3ab9230d4528');
INSERT INTO public.processinputs (id, itemtypeid, quantity, meta, processid) VALUES ('64ec6bcf-c7b1-4e69-83b7-c6a8d0183258', '56617d30-6c30-425c-84bf-2484ae8c1156', 23, '{}', '21deccaa-c9b0-414e-a898-3ab9230d4528');
INSERT INTO public.processinputs (id, itemtypeid, quantity, meta, processid) VALUES ('01754fbe-e645-41cc-9ba1-1233389b789d', '7dcd5138-d7e0-419f-867a-6f0f23b99b5b', 29, '{}', '21deccaa-c9b0-414e-a898-3ab9230d4528');
INSERT INTO public.processinputs (id, itemtypeid, quantity, meta, processid) VALUES ('d852b1d8-dbe8-42cf-99b1-1332e8dcb369', '11688112-f3d4-4d30-864a-684a8b96ea23', 34, '{}', '21deccaa-c9b0-414e-a898-3ab9230d4528');
INSERT INTO public.processinputs (id, itemtypeid, quantity, meta, processid) VALUES ('e880648a-6436-4972-839d-087c07e12d36', '1d0d344b-ef28-43c8-a7a6-3275936b2dea', 30, '{}', '21deccaa-c9b0-414e-a898-3ab9230d4528');
INSERT INTO public.processinputs (id, itemtypeid, quantity, meta, processid) VALUES ('49588a4a-c30c-41b6-b3e7-e2aa43bccc20', 'dd522f03-2f52-4e82-b2f8-d7e0029cb82f', 112, '{}', '21deccaa-c9b0-414e-a898-3ab9230d4528');
INSERT INTO public.processinputs (id, itemtypeid, quantity, meta, processid) VALUES ('0959baf1-881b-4a3e-a344-e2be3e6cad8b', '26a3fc9e-db2f-439d-a929-ba755d11d09c', 18, '{}', '21deccaa-c9b0-414e-a898-3ab9230d4528');
INSERT INTO public.processinputs (id, itemtypeid, quantity, meta, processid) VALUES ('e3f689f9-85a1-4645-bbaa-f8e5e11a94cf', '61f52ba3-654b-45cf-88e3-33399d12350d', 25, '{}', '21deccaa-c9b0-414e-a898-3ab9230d4528');
INSERT INTO public.processinputs (id, itemtypeid, quantity, meta, processid) VALUES ('e8d824fd-54be-4da2-8c96-2baf9803f5e8', 'dd0c9b0a-279e-418e-b3b6-2f569fda0186', 30, '{}', '21deccaa-c9b0-414e-a898-3ab9230d4528');
INSERT INTO public.processinputs (id, itemtypeid, quantity, meta, processid) VALUES ('60c49c07-9f05-4a55-8d19-602f32acfd17', 'c4e55903-4585-4867-b6c6-44b3da1dd951', 1, '{}', '7737b828-4ef0-4344-bc53-923f27a885e1');
INSERT INTO public.processinputs (id, itemtypeid, quantity, meta, processid) VALUES ('31ee21b7-a73c-498d-829a-a45ae86c1521', '5944e869-6f92-4d2a-86b2-d58d38edb5f0', 66, '{}', 'f4b40184-803f-4387-bfb2-439d444c29b2');
INSERT INTO public.processinputs (id, itemtypeid, quantity, meta, processid) VALUES ('7af5188f-cb82-497f-9f37-1235e1b20009', '24800206-2c58-45b0-8238-81974d0ebb3b', 1696, '{}', 'ee66bd1c-4ac4-4ad6-9ff2-834e13580921');
INSERT INTO public.processinputs (id, itemtypeid, quantity, meta, processid) VALUES ('9fc59fb2-15c5-4fbd-afd3-39aa14335de4', '61f52ba3-654b-45cf-88e3-33399d12350d', 16, '{}', 'ee66bd1c-4ac4-4ad6-9ff2-834e13580921');
INSERT INTO public.processinputs (id, itemtypeid, quantity, meta, processid) VALUES ('e3822488-ce78-4cd2-849c-45f10d352ff7', '56617d30-6c30-425c-84bf-2484ae8c1156', 14, '{}', 'ee66bd1c-4ac4-4ad6-9ff2-834e13580921');
INSERT INTO public.processinputs (id, itemtypeid, quantity, meta, processid) VALUES ('68440fd6-0024-4bec-8a7f-2b847ecb2fd7', 'dd522f03-2f52-4e82-b2f8-d7e0029cb82f', 58, '{}', 'ee66bd1c-4ac4-4ad6-9ff2-834e13580921');
INSERT INTO public.processinputs (id, itemtypeid, quantity, meta, processid) VALUES ('95f0ce9c-b333-4cc7-a815-b2b85fc4ffb5', '7dcd5138-d7e0-419f-867a-6f0f23b99b5b', 13, '{}', 'ee66bd1c-4ac4-4ad6-9ff2-834e13580921');
INSERT INTO public.processinputs (id, itemtypeid, quantity, meta, processid) VALUES ('e9f09399-9989-4a3e-9261-f765dead8ad7', '26a3fc9e-db2f-439d-a929-ba755d11d09c', 12, '{}', 'ee66bd1c-4ac4-4ad6-9ff2-834e13580921');
INSERT INTO public.processinputs (id, itemtypeid, quantity, meta, processid) VALUES ('3358a9df-2849-43e6-93b7-5b26f6acd48b', 'dd0c9b0a-279e-418e-b3b6-2f569fda0186', 7, '{}', 'ee66bd1c-4ac4-4ad6-9ff2-834e13580921');
INSERT INTO public.processinputs (id, itemtypeid, quantity, meta, processid) VALUES ('77274c66-e4f5-42df-931d-068552242b58', '66b7a322-8cfc-4467-9410-492e6b58f159', 12, '{}', 'ee66bd1c-4ac4-4ad6-9ff2-834e13580921');
INSERT INTO public.processinputs (id, itemtypeid, quantity, meta, processid) VALUES ('64e19587-6e97-4b14-9548-010283e87d18', '2ce48bef-f06b-4550-b20c-0e64864db051', 15, '{}', 'ee66bd1c-4ac4-4ad6-9ff2-834e13580921');
INSERT INTO public.processinputs (id, itemtypeid, quantity, meta, processid) VALUES ('96003816-08af-4737-af7c-4a798dc5e9bd', '72725df3-f7bf-4565-b67a-b31e74474201', 7, '{}', 'c81ee20b-0466-42f6-9962-24b195fdc913');
INSERT INTO public.processinputs (id, itemtypeid, quantity, meta, processid) VALUES ('b36d4a34-3d34-46e7-9c63-f24e033fc30d', 'f7a2dc94-3693-4e74-accf-d3288a364472', 56, '{}', 'b01122d1-3c82-49ce-ba3d-bc47de0741c1');
INSERT INTO public.processinputs (id, itemtypeid, quantity, meta, processid) VALUES ('db7971b6-2cd6-410d-86f4-219777c117f9', '24800206-2c58-45b0-8238-81974d0ebb3b', 9751, '{}', 'b0177b10-2b91-40a4-b695-b19681249c2b');
INSERT INTO public.processinputs (id, itemtypeid, quantity, meta, processid) VALUES ('cf9c1ccc-ef0b-4eb5-8884-7fb1c92068fb', 'dd522f03-2f52-4e82-b2f8-d7e0029cb82f', 596, '{}', 'b0177b10-2b91-40a4-b695-b19681249c2b');
INSERT INTO public.processinputs (id, itemtypeid, quantity, meta, processid) VALUES ('5a36435b-adae-4d3f-9acf-fe3e79939ca4', '2ce48bef-f06b-4550-b20c-0e64864db051', 154, '{}', 'b0177b10-2b91-40a4-b695-b19681249c2b');
INSERT INTO public.processinputs (id, itemtypeid, quantity, meta, processid) VALUES ('038961b9-6cd2-40dd-a7cc-2bd42ae0982a', '56617d30-6c30-425c-84bf-2484ae8c1156', 134, '{}', 'b0177b10-2b91-40a4-b695-b19681249c2b');
INSERT INTO public.processinputs (id, itemtypeid, quantity, meta, processid) VALUES ('f8e0cd6b-0697-4150-bb6a-36c5c75c446e', 'c5c812ac-1999-462f-8c2f-d39fa5f16b84', 3, '{}', '7723775b-24c7-4cd9-85bd-f2c943cbc2b6');
INSERT INTO public.processinputs (id, itemtypeid, quantity, meta, processid) VALUES ('3f1c50eb-0782-4251-8389-8f5df0fbffb5', 'e22099c3-9b93-4e3c-bc87-4ceb430890ba', 125, '{}', '350c8d81-e6dc-457b-922e-bcf4ba3da585');
INSERT INTO public.processinputs (id, itemtypeid, quantity, meta, processid) VALUES ('dee835de-9bcd-4878-9877-1b481600ad05', '24800206-2c58-45b0-8238-81974d0ebb3b', 1858, '{}', 'b46679ae-33c6-4392-b535-6797d3152de7');
INSERT INTO public.processinputs (id, itemtypeid, quantity, meta, processid) VALUES ('cbd457d4-5e1c-434c-abfa-9eceaee570e2', '66b7a322-8cfc-4467-9410-492e6b58f159', 23, '{}', 'b46679ae-33c6-4392-b535-6797d3152de7');
INSERT INTO public.processinputs (id, itemtypeid, quantity, meta, processid) VALUES ('b7477eed-947b-4c6e-94b9-6383e9446f10', '26a3fc9e-db2f-439d-a929-ba755d11d09c', 14, '{}', 'b46679ae-33c6-4392-b535-6797d3152de7');
INSERT INTO public.processinputs (id, itemtypeid, quantity, meta, processid) VALUES ('493f8b99-1dbc-483f-9715-a684abc62fd2', 'dd0c9b0a-279e-418e-b3b6-2f569fda0186', 12, '{}', 'b46679ae-33c6-4392-b535-6797d3152de7');
INSERT INTO public.processinputs (id, itemtypeid, quantity, meta, processid) VALUES ('acacd37c-633d-40b4-aa23-569a9e57ef47', '0cd04eea-a150-410c-91eb-6af00d8c6eae', 14, '{}', 'b46679ae-33c6-4392-b535-6797d3152de7');
INSERT INTO public.processinputs (id, itemtypeid, quantity, meta, processid) VALUES ('c365f1f2-95a4-4e4d-aa42-ab9d2a65baf1', '2ce48bef-f06b-4550-b20c-0e64864db051', 17, '{}', 'b46679ae-33c6-4392-b535-6797d3152de7');
INSERT INTO public.processinputs (id, itemtypeid, quantity, meta, processid) VALUES ('8a17455c-fa1c-4c77-b9c2-9fad9b274d05', 'dd522f03-2f52-4e82-b2f8-d7e0029cb82f', 77, '{}', 'b46679ae-33c6-4392-b535-6797d3152de7');
INSERT INTO public.processinputs (id, itemtypeid, quantity, meta, processid) VALUES ('ca48a922-7635-492d-a8ca-2b1fc17b48a7', 'e57fc306-c850-4d7e-894f-a1e0942b73f6', 5, '{}', '26541a60-0606-464e-a86b-6745ba74c08c');
INSERT INTO public.processinputs (id, itemtypeid, quantity, meta, processid) VALUES ('347e503a-659e-49d8-ab83-421677d2579f', 'd715efca-2e7b-4de2-986b-54b08af2c703', 45, '{}', '88a99a46-937e-406e-a357-50d18a2e1184');
INSERT INTO public.processinputs (id, itemtypeid, quantity, meta, processid) VALUES ('935283ef-f789-454f-8f03-edcf8607f045', '0cd04eea-a150-410c-91eb-6af00d8c6eae', 516, '{}', '7228a4d1-0cf8-4f6b-a8dd-0a84f4fa892b');
INSERT INTO public.processinputs (id, itemtypeid, quantity, meta, processid) VALUES ('c8720732-d140-4448-aaa2-30577835b0e9', 'dd522f03-2f52-4e82-b2f8-d7e0029cb82f', 2044, '{}', '7228a4d1-0cf8-4f6b-a8dd-0a84f4fa892b');
INSERT INTO public.processinputs (id, itemtypeid, quantity, meta, processid) VALUES ('60a0cf6a-1c7f-4cb5-af54-5e769ca71a27', '56617d30-6c30-425c-84bf-2484ae8c1156', 509, '{}', '7228a4d1-0cf8-4f6b-a8dd-0a84f4fa892b');
INSERT INTO public.processinputs (id, itemtypeid, quantity, meta, processid) VALUES ('3ed622e9-3059-475d-9bcb-cf9a9d7d7e53', '61f52ba3-654b-45cf-88e3-33399d12350d', 509, '{}', '7228a4d1-0cf8-4f6b-a8dd-0a84f4fa892b');
INSERT INTO public.processinputs (id, itemtypeid, quantity, meta, processid) VALUES ('c7e690f2-e915-464e-8b3a-d6826a1370b2', '24800206-2c58-45b0-8238-81974d0ebb3b', 7630, '{}', '7228a4d1-0cf8-4f6b-a8dd-0a84f4fa892b');
INSERT INTO public.processinputs (id, itemtypeid, quantity, meta, processid) VALUES ('116cbaf2-643d-4e0f-8001-70d47a0bf226', '296bef8b-07cf-4681-8985-22f25070191d', 3, '{}', '351f52bb-c581-462d-9a7d-c102942f71ca');
INSERT INTO public.processinputs (id, itemtypeid, quantity, meta, processid) VALUES ('88f29728-f87f-43f9-8063-997bcaaa7abf', '5c6a3d29-d34b-4341-b8d0-9fdce71ed5e8', 86, '{}', 'defb2d6f-8d22-4e98-96c0-ae71eee6abf0');
INSERT INTO public.processinputs (id, itemtypeid, quantity, meta, processid) VALUES ('b0f242af-4440-4d91-ade0-9d1fb9d145d7', '0cd04eea-a150-410c-91eb-6af00d8c6eae', 380, '{}', '198f524d-b707-49da-aa6c-17296915b231');
INSERT INTO public.processinputs (id, itemtypeid, quantity, meta, processid) VALUES ('39d91a64-b06b-45f2-8fdf-061ba7f90081', '61f52ba3-654b-45cf-88e3-33399d12350d', 359, '{}', '198f524d-b707-49da-aa6c-17296915b231');
INSERT INTO public.processinputs (id, itemtypeid, quantity, meta, processid) VALUES ('9ecdd235-81e4-4b56-ac41-5ec9d8cbe446', '24800206-2c58-45b0-8238-81974d0ebb3b', 40051, '{}', '198f524d-b707-49da-aa6c-17296915b231');
INSERT INTO public.processinputs (id, itemtypeid, quantity, meta, processid) VALUES ('bce3c25b-f7f1-4115-b01a-123bfd15520b', '2ce48bef-f06b-4550-b20c-0e64864db051', 400, '{}', '198f524d-b707-49da-aa6c-17296915b231');
INSERT INTO public.processinputs (id, itemtypeid, quantity, meta, processid) VALUES ('abf69c2f-6c68-44a1-b232-3ceda970fc66', 'dd522f03-2f52-4e82-b2f8-d7e0029cb82f', 1540, '{}', '198f524d-b707-49da-aa6c-17296915b231');
INSERT INTO public.processinputs (id, itemtypeid, quantity, meta, processid) VALUES ('4a08e98d-3a77-409f-863a-a5e7ab703888', '11688112-f3d4-4d30-864a-684a8b96ea23', 350, '{}', '198f524d-b707-49da-aa6c-17296915b231');
INSERT INTO public.processinputs (id, itemtypeid, quantity, meta, processid) VALUES ('478abaa5-666a-40c2-8c63-c505038d4c80', '05fde865-6d64-406f-b043-632efd453977', 7, '{}', 'f4fac632-9248-459f-8309-30015c60f72f');
INSERT INTO public.processinputs (id, itemtypeid, quantity, meta, processid) VALUES ('c1c56da3-3e86-4406-841b-3e5081ec1fe0', 'f032dcdd-f2e5-482c-b851-955addfa4819', 38, '{}', '2061a44b-c0ec-4d97-beec-6ad9b30011eb');
INSERT INTO public.processinputs (id, itemtypeid, quantity, meta, processid) VALUES ('7f16693f-d9f4-4022-b26b-4811ed7b1a7e', '24800206-2c58-45b0-8238-81974d0ebb3b', 1662, '{}', 'c075da8e-efe5-4f0f-88bc-129544d545c0');
INSERT INTO public.processinputs (id, itemtypeid, quantity, meta, processid) VALUES ('d0d61594-0623-4698-a325-e9aee46ebfc9', '66b7a322-8cfc-4467-9410-492e6b58f159', 16, '{}', 'c075da8e-efe5-4f0f-88bc-129544d545c0');
INSERT INTO public.processinputs (id, itemtypeid, quantity, meta, processid) VALUES ('afa279e7-a607-43ce-ba19-140fd9633d13', 'dd522f03-2f52-4e82-b2f8-d7e0029cb82f', 93, '{}', 'c075da8e-efe5-4f0f-88bc-129544d545c0');
INSERT INTO public.processinputs (id, itemtypeid, quantity, meta, processid) VALUES ('f1e213d6-5570-4009-b361-292df0dd76b6', '2ce48bef-f06b-4550-b20c-0e64864db051', 18, '{}', 'c075da8e-efe5-4f0f-88bc-129544d545c0');
INSERT INTO public.processinputs (id, itemtypeid, quantity, meta, processid) VALUES ('b15021cd-07eb-4ef4-b05e-82f0355287f0', '56617d30-6c30-425c-84bf-2484ae8c1156', 19, '{}', 'c075da8e-efe5-4f0f-88bc-129544d545c0');
INSERT INTO public.processinputs (id, itemtypeid, quantity, meta, processid) VALUES ('f74abd69-ff7c-4cd0-8867-4d32d83236d4', '26a3fc9e-db2f-439d-a929-ba755d11d09c', 15, '{}', 'c075da8e-efe5-4f0f-88bc-129544d545c0');
INSERT INTO public.processinputs (id, itemtypeid, quantity, meta, processid) VALUES ('31740b1a-1756-4550-b03c-b1bc04e40386', '7dcd5138-d7e0-419f-867a-6f0f23b99b5b', 22, '{}', 'c075da8e-efe5-4f0f-88bc-129544d545c0');
INSERT INTO public.processinputs (id, itemtypeid, quantity, meta, processid) VALUES ('0c8019e9-8108-4a69-ac21-7a1f9f9baabd', '0df134b4-bbd4-47f8-a63c-b0923c48f597', 8, '{}', 'c64f0b49-7d0f-4214-a668-803ff824ca38');
INSERT INTO public.processinputs (id, itemtypeid, quantity, meta, processid) VALUES ('2b2ecc57-a707-4e06-bcfd-2e015ed67992', '71c03d79-bf44-4e8e-87bc-bb3253d0aed4', 4, '{}', 'de7c37e5-92a0-46bb-93e2-b74d3b123a2b');
INSERT INTO public.processinputs (id, itemtypeid, quantity, meta, processid) VALUES ('042c1270-2abe-4785-8ebb-17003348a15f', '24800206-2c58-45b0-8238-81974d0ebb3b', 2666, '{}', '03390735-4a97-4c70-9ab2-dd58384c962f');
INSERT INTO public.processinputs (id, itemtypeid, quantity, meta, processid) VALUES ('ff950e19-2109-4074-a63e-073f6c485cea', '7dcd5138-d7e0-419f-867a-6f0f23b99b5b', 42, '{}', '03390735-4a97-4c70-9ab2-dd58384c962f');
INSERT INTO public.processinputs (id, itemtypeid, quantity, meta, processid) VALUES ('d4928031-b8bd-4350-ac69-e0714eeca26b', '2ce48bef-f06b-4550-b20c-0e64864db051', 38, '{}', '03390735-4a97-4c70-9ab2-dd58384c962f');
INSERT INTO public.processinputs (id, itemtypeid, quantity, meta, processid) VALUES ('24d82027-5fb5-4cfa-aa8e-3885c4f219f8', '0cd04eea-a150-410c-91eb-6af00d8c6eae', 43, '{}', '03390735-4a97-4c70-9ab2-dd58384c962f');
INSERT INTO public.processinputs (id, itemtypeid, quantity, meta, processid) VALUES ('9bc7bc66-c9cf-4284-a375-2325d7d2fa8e', 'dd522f03-2f52-4e82-b2f8-d7e0029cb82f', 160, '{}', '03390735-4a97-4c70-9ab2-dd58384c962f');
INSERT INTO public.processinputs (id, itemtypeid, quantity, meta, processid) VALUES ('77f837a8-091f-46fb-afaf-67c63ae002f3', '45071098-9d08-4898-9c09-ce55db034aab', 1, '{}', '3cedf939-829d-4ceb-823f-5a6b6bdacc0c');
INSERT INTO public.processinputs (id, itemtypeid, quantity, meta, processid) VALUES ('57c5658b-9b56-4a8f-9d12-a82179eed9f4', '19ec7b21-97dd-49c2-b6dc-4db121c8600e', 77, '{}', '4c463a82-69ca-4be2-a46a-209bd106a1fe');
INSERT INTO public.processinputs (id, itemtypeid, quantity, meta, processid) VALUES ('9f48e90f-e292-4726-bed8-4d8f67754d3f', '66b7a322-8cfc-4467-9410-492e6b58f159', 40, '{}', '374db251-abcd-466f-9b4c-a8268570c01a');
INSERT INTO public.processinputs (id, itemtypeid, quantity, meta, processid) VALUES ('65678479-1c30-4a85-a435-f0930a3c6435', 'dd522f03-2f52-4e82-b2f8-d7e0029cb82f', 197, '{}', '374db251-abcd-466f-9b4c-a8268570c01a');
INSERT INTO public.processinputs (id, itemtypeid, quantity, meta, processid) VALUES ('fdae29d4-d2a1-4db9-891f-63cdec810018', '0cd04eea-a150-410c-91eb-6af00d8c6eae', 49, '{}', '374db251-abcd-466f-9b4c-a8268570c01a');
INSERT INTO public.processinputs (id, itemtypeid, quantity, meta, processid) VALUES ('7f55eac5-e183-49a9-a81c-dfecf3bd3134', '11688112-f3d4-4d30-864a-684a8b96ea23', 36, '{}', '374db251-abcd-466f-9b4c-a8268570c01a');
INSERT INTO public.processinputs (id, itemtypeid, quantity, meta, processid) VALUES ('6db158ba-2b11-48f3-8083-a0f271b6b82f', 'dd0c9b0a-279e-418e-b3b6-2f569fda0186', 54, '{}', '374db251-abcd-466f-9b4c-a8268570c01a');
INSERT INTO public.processinputs (id, itemtypeid, quantity, meta, processid) VALUES ('3ea8e2bf-e41d-4a7c-b525-c08f30924f36', '26a3fc9e-db2f-439d-a929-ba755d11d09c', 45, '{}', '374db251-abcd-466f-9b4c-a8268570c01a');
INSERT INTO public.processinputs (id, itemtypeid, quantity, meta, processid) VALUES ('068f68a5-7482-478f-bfc0-cb54ab425743', '39b8eedf-ef80-4c29-a4bf-99abc4d84fa6', 42, '{}', '374db251-abcd-466f-9b4c-a8268570c01a');
INSERT INTO public.processinputs (id, itemtypeid, quantity, meta, processid) VALUES ('42ef8fdd-e371-4fa3-a71b-0dcfd204e449', '897a3ede-d682-4e1e-bbf9-4605dee60597', 48, '{}', '374db251-abcd-466f-9b4c-a8268570c01a');
INSERT INTO public.processinputs (id, itemtypeid, quantity, meta, processid) VALUES ('ef06ea2d-15b3-4fd0-b520-473eedd4c3f8', '24800206-2c58-45b0-8238-81974d0ebb3b', 22896, '{}', '374db251-abcd-466f-9b4c-a8268570c01a');
INSERT INTO public.processinputs (id, itemtypeid, quantity, meta, processid) VALUES ('b9352279-f8c5-43dd-a526-58b58ffc8339', '8e73dea5-cee7-44fb-8554-046685239ba2', 3, '{}', '6a24faa9-5b35-4339-bbf6-3a942247fe06');
INSERT INTO public.processinputs (id, itemtypeid, quantity, meta, processid) VALUES ('234f0da7-544e-4e24-9f25-718ad35e0e46', '09c13082-f9c1-44e5-8695-1225e7f6fd64', 97, '{}', 'ae36fea3-c8f4-47e3-9f8f-8f30d2084a83');
INSERT INTO public.processinputs (id, itemtypeid, quantity, meta, processid) VALUES ('768198fb-bb78-448c-9da6-85220daa0dc6', 'dd522f03-2f52-4e82-b2f8-d7e0029cb82f', 102, '{}', '5385eb4b-2046-46f2-901c-8555bfaeda50');
INSERT INTO public.processinputs (id, itemtypeid, quantity, meta, processid) VALUES ('c236560d-65a1-4243-a5d9-34c78cc0a9b5', '7dcd5138-d7e0-419f-867a-6f0f23b99b5b', 29, '{}', '5385eb4b-2046-46f2-901c-8555bfaeda50');
INSERT INTO public.processinputs (id, itemtypeid, quantity, meta, processid) VALUES ('e634e36c-82b4-4171-806a-6f754c55c7ac', '26a3fc9e-db2f-439d-a929-ba755d11d09c', 28, '{}', '5385eb4b-2046-46f2-901c-8555bfaeda50');
INSERT INTO public.processinputs (id, itemtypeid, quantity, meta, processid) VALUES ('163dd40a-819a-480d-9312-a1dbb0fa20d0', '897a3ede-d682-4e1e-bbf9-4605dee60597', 34, '{}', '5385eb4b-2046-46f2-901c-8555bfaeda50');
INSERT INTO public.processinputs (id, itemtypeid, quantity, meta, processid) VALUES ('67c0061f-20cf-4621-b83b-6f70df788e52', 'dd0c9b0a-279e-418e-b3b6-2f569fda0186', 26, '{}', '5385eb4b-2046-46f2-901c-8555bfaeda50');
INSERT INTO public.processinputs (id, itemtypeid, quantity, meta, processid) VALUES ('af03e8fe-7982-4172-a830-aa9d32affb24', '24800206-2c58-45b0-8238-81974d0ebb3b', 18001, '{}', '5385eb4b-2046-46f2-901c-8555bfaeda50');
INSERT INTO public.processinputs (id, itemtypeid, quantity, meta, processid) VALUES ('35167fc0-fe62-43d8-9fb9-34111de3dc5a', '658ee98a-5e4b-4022-bb05-92ed6ce4fd6c', 4, '{}', 'aca8755d-e0e2-44e6-9b70-7ec09523874e');
INSERT INTO public.processinputs (id, itemtypeid, quantity, meta, processid) VALUES ('2e0848e0-cd9e-474a-9b06-1253adc464ae', '31e072df-3c17-4aed-ad2c-14609aeb0a12', 118, '{}', 'c72cc388-026b-4e0e-a8c1-2341757a80e8');
INSERT INTO public.processinputs (id, itemtypeid, quantity, meta, processid) VALUES ('7971c17f-b09d-4cc1-b61a-d448db57b548', '897a3ede-d682-4e1e-bbf9-4605dee60597', 53, '{}', '8a51aeca-74ff-48f0-9907-56c6008e3279');
INSERT INTO public.processinputs (id, itemtypeid, quantity, meta, processid) VALUES ('59a8fc88-cb67-4c9d-b3c3-bf6c5f19d2dd', '11688112-f3d4-4d30-864a-684a8b96ea23', 48, '{}', '8a51aeca-74ff-48f0-9907-56c6008e3279');
INSERT INTO public.processinputs (id, itemtypeid, quantity, meta, processid) VALUES ('5b2b5cb9-706b-4e90-bd94-6568c4ae0155', 'c59c899d-09c6-4c24-8d38-7aa52a7ce2ce', 46, '{}', '8a51aeca-74ff-48f0-9907-56c6008e3279');
INSERT INTO public.processinputs (id, itemtypeid, quantity, meta, processid) VALUES ('eebb2af0-c12f-49ad-ba71-27da3141db4e', '24800206-2c58-45b0-8238-81974d0ebb3b', 24882, '{}', '8a51aeca-74ff-48f0-9907-56c6008e3279');
INSERT INTO public.processinputs (id, itemtypeid, quantity, meta, processid) VALUES ('95de1637-8c9e-4c56-9629-df51b3405d3e', 'dd522f03-2f52-4e82-b2f8-d7e0029cb82f', 198, '{}', '8a51aeca-74ff-48f0-9907-56c6008e3279');
INSERT INTO public.processinputs (id, itemtypeid, quantity, meta, processid) VALUES ('5304b3d0-1324-49c6-857f-2f6ef652bd55', '3ae485b4-3cd3-43bc-bc92-03333fcf7bc6', 8, '{}', '5e5973ae-9217-4c76-999f-e60549462a1f');
INSERT INTO public.processinputs (id, itemtypeid, quantity, meta, processid) VALUES ('79677dd4-5786-4066-913f-9fa4c3e1180d', '4fdf73a1-2d14-4832-839a-d127a1b191a9', 41, '{}', '2256a571-4cd6-4fa1-964c-7217b26ac6fc');
INSERT INTO public.processinputs (id, itemtypeid, quantity, meta, processid) VALUES ('26afc510-7aa1-4faf-8071-4ee4fda8d409', '11688112-f3d4-4d30-864a-684a8b96ea23', 50, '{}', '3f03b17d-821c-4350-af28-8ad49ea01e98');
INSERT INTO public.processinputs (id, itemtypeid, quantity, meta, processid) VALUES ('246dca66-6945-492b-929c-25371efa5bde', '61f52ba3-654b-45cf-88e3-33399d12350d', 56, '{}', '3f03b17d-821c-4350-af28-8ad49ea01e98');
INSERT INTO public.processinputs (id, itemtypeid, quantity, meta, processid) VALUES ('dcc4ea85-69a4-4764-9437-b7193bdcd475', 'dd522f03-2f52-4e82-b2f8-d7e0029cb82f', 205, '{}', '3f03b17d-821c-4350-af28-8ad49ea01e98');
INSERT INTO public.processinputs (id, itemtypeid, quantity, meta, processid) VALUES ('986fe4fd-b8e7-4c56-8378-9e8263a50fca', '24800206-2c58-45b0-8238-81974d0ebb3b', 2148, '{}', '3f03b17d-821c-4350-af28-8ad49ea01e98');
INSERT INTO public.processinputs (id, itemtypeid, quantity, meta, processid) VALUES ('4983fc21-6169-4de5-98dd-dbf320391d87', '26a3fc9e-db2f-439d-a929-ba755d11d09c', 59, '{}', '3f03b17d-821c-4350-af28-8ad49ea01e98');
INSERT INTO public.processinputs (id, itemtypeid, quantity, meta, processid) VALUES ('223162bd-0a20-4085-8c97-9e71fef9b347', '25c7ea51-5c2a-4964-8556-82a29fd3621f', 7, '{}', '5d8fdcc5-3116-4bdd-849c-f93838234acc');
INSERT INTO public.processinputs (id, itemtypeid, quantity, meta, processid) VALUES ('bce2327e-d9d6-4275-9849-472e0056a3df', '3f0dd0a0-20f9-424a-9d10-03dee4dd04bd', 28, '{}', 'ba762629-2664-4331-b74a-0134360e695f');
INSERT INTO public.processinputs (id, itemtypeid, quantity, meta, processid) VALUES ('1b60d0aa-22e9-4a49-a04a-76011fe56fbc', '1d0d344b-ef28-43c8-a7a6-3275936b2dea', 25, '{}', '08b70d06-5861-495b-bccb-4daad5b11519');
INSERT INTO public.processinputs (id, itemtypeid, quantity, meta, processid) VALUES ('45b9b48f-27c7-4a45-ab5e-16ec37a53d48', '7dcd5138-d7e0-419f-867a-6f0f23b99b5b', 21, '{}', '08b70d06-5861-495b-bccb-4daad5b11519');
INSERT INTO public.processinputs (id, itemtypeid, quantity, meta, processid) VALUES ('1058e6c9-63db-4a98-96d1-3dcfe690fb3e', '61f52ba3-654b-45cf-88e3-33399d12350d', 35, '{}', '08b70d06-5861-495b-bccb-4daad5b11519');
INSERT INTO public.processinputs (id, itemtypeid, quantity, meta, processid) VALUES ('e726c9c7-4326-459d-8ce1-07d63944b15e', '11688112-f3d4-4d30-864a-684a8b96ea23', 21, '{}', '08b70d06-5861-495b-bccb-4daad5b11519');
INSERT INTO public.processinputs (id, itemtypeid, quantity, meta, processid) VALUES ('45924bc9-f262-49e7-a648-b18cc68e437b', '56617d30-6c30-425c-84bf-2484ae8c1156', 36, '{}', '08b70d06-5861-495b-bccb-4daad5b11519');
INSERT INTO public.processinputs (id, itemtypeid, quantity, meta, processid) VALUES ('1f3e3f75-d61b-40c3-bb5d-3e5f70b13687', 'dd522f03-2f52-4e82-b2f8-d7e0029cb82f', 122, '{}', '08b70d06-5861-495b-bccb-4daad5b11519');
INSERT INTO public.processinputs (id, itemtypeid, quantity, meta, processid) VALUES ('566d3395-1400-4e4f-a984-35ab1f862a86', '24800206-2c58-45b0-8238-81974d0ebb3b', 1450, '{}', '08b70d06-5861-495b-bccb-4daad5b11519');
INSERT INTO public.processinputs (id, itemtypeid, quantity, meta, processid) VALUES ('93575b85-2661-4b0d-94bb-cfc5ab393859', 'dd0c9b0a-279e-418e-b3b6-2f569fda0186', 26, '{}', '08b70d06-5861-495b-bccb-4daad5b11519');
INSERT INTO public.processinputs (id, itemtypeid, quantity, meta, processid) VALUES ('6cc52e01-93e7-48cd-81f1-292c82e2bcee', 'd591bd91-571e-4906-8aba-6b9b7ca002b5', 1, '{}', '247ddad5-03f4-4363-a78e-2c54ecfc6e87');
INSERT INTO public.processinputs (id, itemtypeid, quantity, meta, processid) VALUES ('9b335438-2c23-444d-b555-ca1af052b6bf', '20be182b-a84e-4339-8043-ca84f731f5e0', 9, '{}', '0b7c5ed8-a114-4929-bd54-2f3d5372d3a6');
INSERT INTO public.processinputs (id, itemtypeid, quantity, meta, processid) VALUES ('ddbff683-47ad-488e-a730-e7427a6fb54a', '61f52ba3-654b-45cf-88e3-33399d12350d', 16, '{}', '67d15f39-9861-4f90-b2ba-75de6cd1cfa1');
INSERT INTO public.processinputs (id, itemtypeid, quantity, meta, processid) VALUES ('a9a81c36-2666-462e-a560-bc2fb7e5c43f', 'dd0c9b0a-279e-418e-b3b6-2f569fda0186', 16, '{}', '67d15f39-9861-4f90-b2ba-75de6cd1cfa1');
INSERT INTO public.processinputs (id, itemtypeid, quantity, meta, processid) VALUES ('8b185823-273f-4c94-a9b0-4c34b621aa0b', '0cd04eea-a150-410c-91eb-6af00d8c6eae', 13, '{}', '67d15f39-9861-4f90-b2ba-75de6cd1cfa1');
INSERT INTO public.processinputs (id, itemtypeid, quantity, meta, processid) VALUES ('a3ba7eeb-57e1-44be-8ffc-7ab67cd13cfe', '2ce48bef-f06b-4550-b20c-0e64864db051', 21, '{}', '67d15f39-9861-4f90-b2ba-75de6cd1cfa1');
INSERT INTO public.processinputs (id, itemtypeid, quantity, meta, processid) VALUES ('25ff4c7f-9747-4c24-98aa-2ce011cea516', '1d0d344b-ef28-43c8-a7a6-3275936b2dea', 15, '{}', '67d15f39-9861-4f90-b2ba-75de6cd1cfa1');
INSERT INTO public.processinputs (id, itemtypeid, quantity, meta, processid) VALUES ('2e60c421-139b-4641-ac17-3101dc0d32e2', '66b7a322-8cfc-4467-9410-492e6b58f159', 7, '{}', '67d15f39-9861-4f90-b2ba-75de6cd1cfa1');
INSERT INTO public.processinputs (id, itemtypeid, quantity, meta, processid) VALUES ('cde142c1-0eff-466d-bac7-92f0aebd3488', 'dd522f03-2f52-4e82-b2f8-d7e0029cb82f', 71, '{}', '67d15f39-9861-4f90-b2ba-75de6cd1cfa1');
INSERT INTO public.processinputs (id, itemtypeid, quantity, meta, processid) VALUES ('fca9596c-7fd7-432c-83ce-b0bed73e025d', '24800206-2c58-45b0-8238-81974d0ebb3b', 2026, '{}', '67d15f39-9861-4f90-b2ba-75de6cd1cfa1');
INSERT INTO public.processinputs (id, itemtypeid, quantity, meta, processid) VALUES ('b66a414c-35f3-4af0-8c86-687ecffd6253', '379af163-18f9-40b1-9ceb-c5d69132e14d', 4, '{}', 'fb62983a-b1cf-4693-a87e-b31ba7867222');
INSERT INTO public.processinputs (id, itemtypeid, quantity, meta, processid) VALUES ('059a99c0-0c91-4314-97f6-206129200d0e', '521a7272-fd54-4392-8045-02ea5ba7e857', 35, '{}', 'c04d38e2-8c89-4775-9f27-1793a20d70fe');
INSERT INTO public.processinputs (id, itemtypeid, quantity, meta, processid) VALUES ('5e6bfb21-3716-449b-8ccf-6134ba877e32', '24800206-2c58-45b0-8238-81974d0ebb3b', 15819, '{}', '9808b8e0-0f63-4f4a-9f31-d1ed940fc030');
INSERT INTO public.processinputs (id, itemtypeid, quantity, meta, processid) VALUES ('94a11ac9-fb04-4361-a195-6e04d134c8ac', '7dcd5138-d7e0-419f-867a-6f0f23b99b5b', 172, '{}', '9808b8e0-0f63-4f4a-9f31-d1ed940fc030');
INSERT INTO public.processinputs (id, itemtypeid, quantity, meta, processid) VALUES ('804183c2-92e3-4268-b2cb-724f97f380e5', '56617d30-6c30-425c-84bf-2484ae8c1156', 158, '{}', '9808b8e0-0f63-4f4a-9f31-d1ed940fc030');
INSERT INTO public.processinputs (id, itemtypeid, quantity, meta, processid) VALUES ('2d9cc1cf-945d-43df-a031-749bf92d9799', '2ce48bef-f06b-4550-b20c-0e64864db051', 184, '{}', '9808b8e0-0f63-4f4a-9f31-d1ed940fc030');
INSERT INTO public.processinputs (id, itemtypeid, quantity, meta, processid) VALUES ('ad5e7ae1-91f9-448a-b057-1c9e1b8b0f92', '61f52ba3-654b-45cf-88e3-33399d12350d', 149, '{}', '9808b8e0-0f63-4f4a-9f31-d1ed940fc030');
INSERT INTO public.processinputs (id, itemtypeid, quantity, meta, processid) VALUES ('28572499-e027-41d1-90ed-cbdc44cc59b8', 'dd522f03-2f52-4e82-b2f8-d7e0029cb82f', 721, '{}', '9808b8e0-0f63-4f4a-9f31-d1ed940fc030');

-- process outputs
INSERT INTO public.processoutputs (id, itemtypeid, quantity, meta, processid) VALUES ('81d56dbc-5097-430e-81cf-415b6413237e', '077bffd9-47e1-432b-88d2-3a7b8f269fab', 3, '{}', 'b47202fc-34cf-4117-a63a-eff63c62febd');
INSERT INTO public.processoutputs (id, itemtypeid, quantity, meta, processid) VALUES ('4ed963f5-6c85-4a6a-964d-4990ddb50a9d', '5c1049c4-f631-4066-9f2a-b0798b2c4399', 1287, '{}', '21deccaa-c9b0-414e-a898-3ab9230d4528');
INSERT INTO public.processoutputs (id, itemtypeid, quantity, meta, processid) VALUES ('17ffa8ea-a696-47a5-8a6b-fcedef87375c', '46d0e32b-4ace-4e4b-8bda-7bcf8a888b42', 45, '{}', '21deccaa-c9b0-414e-a898-3ab9230d4528');
INSERT INTO public.processoutputs (id, itemtypeid, quantity, meta, processid) VALUES ('181c3ba9-adb1-4769-b95c-33ce748279fd', 'c4e55903-4585-4867-b6c6-44b3da1dd951', 2, '{}', '76c9b909-3f15-41f4-ac77-cc13dc96ee29');
INSERT INTO public.processoutputs (id, itemtypeid, quantity, meta, processid) VALUES ('53cac8a9-15df-48ca-a56d-8f65b756211c', '5944e869-6f92-4d2a-86b2-d58d38edb5f0', 55, '{}', 'ee66bd1c-4ac4-4ad6-9ff2-834e13580921');
INSERT INTO public.processoutputs (id, itemtypeid, quantity, meta, processid) VALUES ('a7f46304-6037-4a72-b703-36a1ba4f1810', '5c1049c4-f631-4066-9f2a-b0798b2c4399', 1696, '{}', 'ee66bd1c-4ac4-4ad6-9ff2-834e13580921');
INSERT INTO public.processoutputs (id, itemtypeid, quantity, meta, processid) VALUES ('e890e782-dc69-42b9-b23c-943dcd5cce4f', '72725df3-f7bf-4565-b67a-b31e74474201', 5, '{}', '0b5700d7-e787-43ad-84c8-c1442deff38b');
INSERT INTO public.processoutputs (id, itemtypeid, quantity, meta, processid) VALUES ('3c3fe177-ecc6-430c-8a31-8ec78b124ebf', '5c1049c4-f631-4066-9f2a-b0798b2c4399', 9751, '{}', 'b0177b10-2b91-40a4-b695-b19681249c2b');
INSERT INTO public.processoutputs (id, itemtypeid, quantity, meta, processid) VALUES ('34b4e78b-95e4-4636-85b8-193e71d29826', 'f7a2dc94-3693-4e74-accf-d3288a364472', 45, '{}', 'b0177b10-2b91-40a4-b695-b19681249c2b');
INSERT INTO public.processoutputs (id, itemtypeid, quantity, meta, processid) VALUES ('1a82e8c9-2b80-4b72-8839-296b498b1815', 'c5c812ac-1999-462f-8c2f-d39fa5f16b84', 6, '{}', '215eabca-9cc5-4b94-84ee-df4be3a7888b');
INSERT INTO public.processoutputs (id, itemtypeid, quantity, meta, processid) VALUES ('dfe23db8-011d-40c6-b5c8-5f9572a26730', '5c1049c4-f631-4066-9f2a-b0798b2c4399', 1858, '{}', 'b46679ae-33c6-4392-b535-6797d3152de7');
INSERT INTO public.processoutputs (id, itemtypeid, quantity, meta, processid) VALUES ('36b76737-bce8-494b-aa3a-2fa5b2272c77', 'e22099c3-9b93-4e3c-bc87-4ceb430890ba', 65, '{}', 'b46679ae-33c6-4392-b535-6797d3152de7');
INSERT INTO public.processoutputs (id, itemtypeid, quantity, meta, processid) VALUES ('66ef28d2-955f-4915-bd3d-9999b8def917', 'e57fc306-c850-4d7e-894f-a1e0942b73f6', 8, '{}', '85aed9df-db0b-42e7-9cbb-a5874f7dba43');
INSERT INTO public.processoutputs (id, itemtypeid, quantity, meta, processid) VALUES ('bfabb300-cd51-4ffc-8651-abb93fbacd9f', '5c1049c4-f631-4066-9f2a-b0798b2c4399', 7630, '{}', '7228a4d1-0cf8-4f6b-a8dd-0a84f4fa892b');
INSERT INTO public.processoutputs (id, itemtypeid, quantity, meta, processid) VALUES ('de9c9fc0-f234-49ea-b37e-def36aa565eb', 'd715efca-2e7b-4de2-986b-54b08af2c703', 90, '{}', '7228a4d1-0cf8-4f6b-a8dd-0a84f4fa892b');
INSERT INTO public.processoutputs (id, itemtypeid, quantity, meta, processid) VALUES ('273b0209-1b3a-4369-9b42-c5037c5ff6d3', '296bef8b-07cf-4681-8985-22f25070191d', 4, '{}', 'ce90d325-6a78-44e9-a964-df39b839a1ee');
INSERT INTO public.processoutputs (id, itemtypeid, quantity, meta, processid) VALUES ('61dcfecc-9c3a-47fe-9bdf-394aecda6ac8', '5c1049c4-f631-4066-9f2a-b0798b2c4399', 40051, '{}', '198f524d-b707-49da-aa6c-17296915b231');
INSERT INTO public.processoutputs (id, itemtypeid, quantity, meta, processid) VALUES ('8c91f7f9-36c7-432f-9e90-738c8047ced0', '5c6a3d29-d34b-4341-b8d0-9fdce71ed5e8', 80, '{}', '198f524d-b707-49da-aa6c-17296915b231');
INSERT INTO public.processoutputs (id, itemtypeid, quantity, meta, processid) VALUES ('2dd73584-8628-4fa8-ad1f-ce9342c1980f', '05fde865-6d64-406f-b043-632efd453977', 7, '{}', '0b33103e-7e46-4b6f-ae8f-8a7096ba7d4e');
INSERT INTO public.processoutputs (id, itemtypeid, quantity, meta, processid) VALUES ('5bb71712-2eb9-4016-9008-43f7eb5e9c18', '5c1049c4-f631-4066-9f2a-b0798b2c4399', 1662, '{}', 'c075da8e-efe5-4f0f-88bc-129544d545c0');
INSERT INTO public.processoutputs (id, itemtypeid, quantity, meta, processid) VALUES ('160511b1-0147-4364-83ac-13f8f79223aa', 'f032dcdd-f2e5-482c-b851-955addfa4819', 25, '{}', 'c075da8e-efe5-4f0f-88bc-129544d545c0');
INSERT INTO public.processoutputs (id, itemtypeid, quantity, meta, processid) VALUES ('feb81bcf-0eaf-4159-a7d6-becc294b4b7a', '0df134b4-bbd4-47f8-a63c-b0923c48f597', 7, '{}', '622c7b71-1e76-44ca-8ce5-474fbac77245');
INSERT INTO public.processoutputs (id, itemtypeid, quantity, meta, processid) VALUES ('88676b63-f0e1-46b6-9324-8490aa0327db', '5c1049c4-f631-4066-9f2a-b0798b2c4399', 2666, '{}', '03390735-4a97-4c70-9ab2-dd58384c962f');
INSERT INTO public.processoutputs (id, itemtypeid, quantity, meta, processid) VALUES ('d45bdd2e-6c19-4894-9057-bdf4d8f9857b', '71c03d79-bf44-4e8e-87bc-bb3253d0aed4', 6, '{}', '03390735-4a97-4c70-9ab2-dd58384c962f');
INSERT INTO public.processoutputs (id, itemtypeid, quantity, meta, processid) VALUES ('81b9aaf3-28f0-4930-9bb0-78c681aed72a', '45071098-9d08-4898-9c09-ce55db034aab', 4, '{}', '944b329c-5c70-4bee-b8af-ca3aa5143906');
INSERT INTO public.processoutputs (id, itemtypeid, quantity, meta, processid) VALUES ('6568d1d5-d50d-4c23-ba6b-5644aaf15a59', '5c1049c4-f631-4066-9f2a-b0798b2c4399', 22896, '{}', '374db251-abcd-466f-9b4c-a8268570c01a');
INSERT INTO public.processoutputs (id, itemtypeid, quantity, meta, processid) VALUES ('52f1abf9-d1f0-486b-8958-0cd6c73395ed', '19ec7b21-97dd-49c2-b6dc-4db121c8600e', 80, '{}', '374db251-abcd-466f-9b4c-a8268570c01a');
INSERT INTO public.processoutputs (id, itemtypeid, quantity, meta, processid) VALUES ('4fed06a8-d861-4e47-99fc-e1abf42f9a09', '8e73dea5-cee7-44fb-8554-046685239ba2', 2, '{}', '657e02d7-b32b-4b9b-b6be-0e2fa5cc1709');
INSERT INTO public.processoutputs (id, itemtypeid, quantity, meta, processid) VALUES ('712cc1e2-35ea-406f-ae32-4e15b1b0b3dd', '5c1049c4-f631-4066-9f2a-b0798b2c4399', 18001, '{}', '5385eb4b-2046-46f2-901c-8555bfaeda50');
INSERT INTO public.processoutputs (id, itemtypeid, quantity, meta, processid) VALUES ('f0245f93-0b7f-4dde-9710-0e5ed08e6dd8', '09c13082-f9c1-44e5-8695-1225e7f6fd64', 50, '{}', '5385eb4b-2046-46f2-901c-8555bfaeda50');
INSERT INTO public.processoutputs (id, itemtypeid, quantity, meta, processid) VALUES ('b8f45e39-1995-4e41-af9e-6b75d83bfe7f', '658ee98a-5e4b-4022-bb05-92ed6ce4fd6c', 7, '{}', '947c290c-4983-4057-87e2-77ec8f1c2e73');
INSERT INTO public.processoutputs (id, itemtypeid, quantity, meta, processid) VALUES ('2acd6d95-604e-4c04-a9bc-0aca875663cd', '5c1049c4-f631-4066-9f2a-b0798b2c4399', 24882, '{}', '8a51aeca-74ff-48f0-9907-56c6008e3279');
INSERT INTO public.processoutputs (id, itemtypeid, quantity, meta, processid) VALUES ('568f1aaf-9bc3-4ac4-a2a3-ed545124bba5', '31e072df-3c17-4aed-ad2c-14609aeb0a12', 75, '{}', '8a51aeca-74ff-48f0-9907-56c6008e3279');
INSERT INTO public.processoutputs (id, itemtypeid, quantity, meta, processid) VALUES ('726c2b74-5a62-41a8-adac-723e8c73af22', '3ae485b4-3cd3-43bc-bc92-03333fcf7bc6', 7, '{}', 'ce38bcee-625a-4eb7-b6cd-b48477a12854');
INSERT INTO public.processoutputs (id, itemtypeid, quantity, meta, processid) VALUES ('4baa9d3c-de2e-422a-b720-44cb084b5c44', '5c1049c4-f631-4066-9f2a-b0798b2c4399', 2148, '{}', '3f03b17d-821c-4350-af28-8ad49ea01e98');
INSERT INTO public.processoutputs (id, itemtypeid, quantity, meta, processid) VALUES ('dc964307-f329-4b90-9a6a-59d819da3a89', '4fdf73a1-2d14-4832-839a-d127a1b191a9', 25, '{}', '3f03b17d-821c-4350-af28-8ad49ea01e98');
INSERT INTO public.processoutputs (id, itemtypeid, quantity, meta, processid) VALUES ('e06fa5df-999c-4e95-befc-f4be3b1efdb3', '25c7ea51-5c2a-4964-8556-82a29fd3621f', 1, '{}', '764aef65-10c4-4811-86a2-cd3fa019f935');
INSERT INTO public.processoutputs (id, itemtypeid, quantity, meta, processid) VALUES ('6f0af692-f379-46fc-b608-a99361ef3ea8', '3f0dd0a0-20f9-424a-9d10-03dee4dd04bd', 15, '{}', '08b70d06-5861-495b-bccb-4daad5b11519');
INSERT INTO public.processoutputs (id, itemtypeid, quantity, meta, processid) VALUES ('72ece28c-a8be-4a14-8168-ce2603407499', '5c1049c4-f631-4066-9f2a-b0798b2c4399', 1450, '{}', '08b70d06-5861-495b-bccb-4daad5b11519');
INSERT INTO public.processoutputs (id, itemtypeid, quantity, meta, processid) VALUES ('19479bbc-02f4-4aee-8713-0ef6df686217', 'd591bd91-571e-4906-8aba-6b9b7ca002b5', 4, '{}', 'a9702e63-9fb9-4f95-b81d-b5582605e4da');
INSERT INTO public.processoutputs (id, itemtypeid, quantity, meta, processid) VALUES ('6291a38b-3e65-4ba9-84a6-51abf95c14f8', '5c1049c4-f631-4066-9f2a-b0798b2c4399', 2026, '{}', '67d15f39-9861-4f90-b2ba-75de6cd1cfa1');
INSERT INTO public.processoutputs (id, itemtypeid, quantity, meta, processid) VALUES ('b7b86fa3-2b6b-457c-a828-3a193c392b52', '20be182b-a84e-4339-8043-ca84f731f5e0', 10, '{}', '67d15f39-9861-4f90-b2ba-75de6cd1cfa1');
INSERT INTO public.processoutputs (id, itemtypeid, quantity, meta, processid) VALUES ('fccb80a8-9948-4428-9979-a66e296f4c01', '379af163-18f9-40b1-9ceb-c5d69132e14d', 3, '{}', '956a96c1-a6fa-40bc-8871-417c246f99a3');
INSERT INTO public.processoutputs (id, itemtypeid, quantity, meta, processid) VALUES ('3387de90-14b8-4ecc-ad30-659e5dad5da0', '5c1049c4-f631-4066-9f2a-b0798b2c4399', 15819, '{}', '9808b8e0-0f63-4f4a-9f31-d1ed940fc030');
INSERT INTO public.processoutputs (id, itemtypeid, quantity, meta, processid) VALUES ('89ff59d4-6a81-498f-ab11-6c0aca46d581', '521a7272-fd54-4392-8045-02ea5ba7e857', 30, '{}', '9808b8e0-0f63-4f4a-9f31-d1ed940fc030');
