-- patch salvager starts
INSERT INTO public.starts (id, name, shiptemplateid, shipfitting, created, available, systemid, homestationid, wallet, factionid) VALUES ('e5f2f73d-acd0-4a56-941d-eaa7c924b183', 'Fly. Salvager', '248e1854-7ce6-4684-a339-581edde64fbc', '{"a_rack": [{"item_type_id": "9db663d5-4525-42d0-a21e-40d47aec8360"}, {"item_type_id": "4d434e80-b8d5-488c-8f83-e3a4e62293b5"}], "b_rack": [{"item_type_id": "2fc079a2-8cc6-4ae7-9fa8-a4af11615fc0"}, {"item_type_id": "b6c61575-1c0d-4a89-9a8e-36b6720848ea"}], "c_rack": [{"item_type_id": "be5ef52d-9b2d-4798-8a7c-758da84dd4c0"}, {"item_type_id": "be5ef52d-9b2d-4798-8a7c-758da84dd4c0"}]}', '2022-11-20 16:04:12.311593-05', false, 'b41c2613-0bb6-4eaf-9c8d-b6214d8e5cd3', 'a0d1da80-8e3d-4c17-b64e-797bff444034', 10000, '30bc70eb-2692-47e6-a7e3-2772e131c3d7');
INSERT INTO public.starts (id, name, shiptemplateid, shipfitting, created, available, systemid, homestationid, wallet, factionid) VALUES ('bf0efe8d-f855-4809-95ad-1558cc4c2d34', 'Bad. Salvager', '26566ccf-8700-4538-87d8-26e6dd9b136f', '{"a_rack": [{"item_type_id": "fc212b1e-84db-489b-b4af-4a8513516cf7"}, {"item_type_id": "4d434e80-b8d5-488c-8f83-e3a4e62293b5"}], "b_rack": [{"item_type_id": "21587e95-fdbd-4be7-b103-db3f9ea72a19"}], "c_rack": [{"item_type_id": "6b8b44b8-64fe-48f6-a451-3f14b1be7fa9"}, {"item_type_id": "6b8b44b8-64fe-48f6-a451-3f14b1be7fa9"}, {"item_type_id": "6b8b44b8-64fe-48f6-a451-3f14b1be7fa9"}]}', '2022-11-20 16:05:27.573451-05', false, '0584b6b3-86ba-4cde-b4bd-2063cdc525ac', '257e8dca-661f-4d76-94dc-38b1aa33b0d7', 10000, '7decfd86-9c82-4a17-af3b-5d4af8c4e2ad');
INSERT INTO public.starts (id, name, shiptemplateid, shipfitting, created, available, systemid, homestationid, wallet, factionid) VALUES ('f93ee9b1-a3eb-4a85-93d9-845ecca4a7af', 'Sanc. Salvager', '94e843bf-1087-4925-aa49-e2262a1cf133', '{"a_rack": [{"item_type_id": "4d434e80-b8d5-488c-8f83-e3a4e62293b5"}, {"item_type_id": "4d434e80-b8d5-488c-8f83-e3a4e62293b5"}, {"item_type_id": "f63d176f-82d6-4278-ac31-cbba59c9c19f"}], "b_rack": [{"item_type_id": "074ccccb-a3c5-431b-9b57-854450219ee5"}, {"item_type_id": "09172710-740c-4d1c-9fc0-43cb62e674e7"}], "c_rack": [{"item_type_id": "993bc7c8-fb2a-423f-8000-39c7fb6be743"}, {"item_type_id": "efee923f-aff6-41f3-ac45-2effd4fa04ac"}]}', '2022-11-20 16:08:17.553826-05', false, 'efb82491-750a-4c5e-b33b-c5671c807a64', '385edc16-842f-47bc-92ca-2f27137dd553', 10000, 'b3d3fa9c-b21e-490f-b39e-128b3af12128');

-- sanctuary

    -- containers
    INSERT INTO public.containers (id, meta, created) VALUES ('1042fcef-64e0-4b2b-8bcb-73347994f340', '{}', '2022-11-20 16:28:25.931413-05');
    INSERT INTO public.containers (id, meta, created) VALUES ('79959322-2f44-4440-818e-0f7bdcb56432', '{}', '2022-11-20 16:28:25.938238-05');
    INSERT INTO public.containers (id, meta, created) VALUES ('5d15b13c-1a93-4c39-b4dc-8f9e512337a5', '{}', '2022-11-20 16:28:25.939624-05');
    INSERT INTO public.containers (id, meta, created) VALUES ('098253bd-3f9c-471d-adbd-421ff6b6bb4e', '{}', '2022-11-20 16:28:25.940998-05');
    INSERT INTO public.containers (id, meta, created) VALUES ('77fc504e-10bc-48fc-9404-2673d3773506', '{}', '2022-11-20 16:28:25.964641-05');
    INSERT INTO public.containers (id, meta, created) VALUES ('86f137d5-29de-48a0-8913-badb28502f47', '{}', '2022-11-20 16:28:25.96599-05');
    INSERT INTO public.containers (id, meta, created) VALUES ('f3dfc511-f613-4532-b17e-c67b72be6eaa', '{}', '2022-11-20 16:28:25.967454-05');
    INSERT INTO public.containers (id, meta, created) VALUES ('bf065be6-0692-4dd9-a75d-e2ea32cd899f', '{}', '2022-11-20 16:28:25.987229-05');
    INSERT INTO public.containers (id, meta, created) VALUES ('57f10aa1-18f9-49af-8957-44b5ffb77354', '{}', '2022-11-20 16:28:25.988704-05');
    INSERT INTO public.containers (id, meta, created) VALUES ('0d9b0c6e-ccbb-412e-a20b-3ce6be71a0a0', '{}', '2022-11-20 16:28:25.990197-05');
    INSERT INTO public.containers (id, meta, created) VALUES ('25524fbf-e3c6-4a2c-984e-c25559207360', '{}', '2022-11-20 16:28:26.010536-05');
    INSERT INTO public.containers (id, meta, created) VALUES ('306b4505-fd39-46a7-9395-c1a16e375db2', '{}', '2022-11-20 16:28:26.011974-05');
    INSERT INTO public.containers (id, meta, created) VALUES ('3ffd82ca-6bdf-4d1a-beaa-ae9e20b587aa', '{}', '2022-11-20 16:28:26.013254-05');
    INSERT INTO public.containers (id, meta, created) VALUES ('d2f7d3cc-66bc-4954-b01c-45effc649a7a', '{}', '2022-11-20 16:28:26.034282-05');
    INSERT INTO public.containers (id, meta, created) VALUES ('a2dfe9d9-6f75-4c20-82a4-fc3d46980bd0', '{}', '2022-11-20 16:28:26.035642-05');
    INSERT INTO public.containers (id, meta, created) VALUES ('22c3eb26-3deb-4c37-9684-51507d30b0b6', '{}', '2022-11-20 16:28:26.037131-05');
    INSERT INTO public.containers (id, meta, created) VALUES ('ad410ec5-31fa-4fa8-a30d-cdce793c51a3', '{}', '2022-11-20 16:28:26.057603-05');
    INSERT INTO public.containers (id, meta, created) VALUES ('6175af72-e16d-4cbf-a4df-f6429e06295f', '{}', '2022-11-20 16:28:26.059171-05');
    INSERT INTO public.containers (id, meta, created) VALUES ('e020b0b6-52a8-4b64-b4e5-4e6e1329183c', '{}', '2022-11-20 16:28:26.060564-05');
    INSERT INTO public.containers (id, meta, created) VALUES ('fc2306aa-722c-4ac4-9e5b-be166f06096b', '{}', '2022-11-20 16:28:26.082724-05');
    INSERT INTO public.containers (id, meta, created) VALUES ('46413597-8406-4a46-8a91-1f9432f00bd6', '{}', '2022-11-20 16:28:26.084128-05');
    INSERT INTO public.containers (id, meta, created) VALUES ('dfd0e8f0-e08d-405c-8068-46c0daafd04b', '{}', '2022-11-20 16:28:26.08559-05');
    INSERT INTO public.containers (id, meta, created) VALUES ('5eb7282d-09ee-474b-b824-eb09a6d19811', '{}', '2022-11-20 16:28:26.109914-05');
    INSERT INTO public.containers (id, meta, created) VALUES ('c9be74d2-a3f5-4c03-b0c8-68374a79b09d', '{}', '2022-11-20 16:28:26.111676-05');
    INSERT INTO public.containers (id, meta, created) VALUES ('ee31aefe-8257-406b-8a3e-d615012fc2a4', '{}', '2022-11-20 16:28:26.113229-05');

    -- users
    INSERT INTO public.users (id, charactername, hashpass, registered, banned, current_shipid, startid, escrow_containerid, current_factionid, reputationsheet, isnpc, behaviourmode, emailaddress, experiencesheet, registeredip, isdev, resettoken) VALUES ('7a1ec809-fd63-491d-a850-db89839e9389', 'Bradley Rios', 'ca38c4b399278b59f0d5d1880b65c5f1bc9fd607c9fd786610931ed58a35e6dd', '2022-11-20 16:28:25.934168-05', B'0', NULL, 'f93ee9b1-a3eb-4a85-93d9-845ecca4a7af', '1042fcef-64e0-4b2b-8bcb-73347994f340', 'b3d3fa9c-b21e-490f-b39e-128b3af12128', '{"factionEntries": {"27a53dfc-a321-4c12-bf7c-bb177955c95b": {"FactionID": "27a53dfc-a321-4c12-bf7c-bb177955c95b", "StandingValue": 0, "AreOpenlyHostile": false}, "30bc70eb-2692-47e6-a7e3-2772e131c3d7": {"FactionID": "30bc70eb-2692-47e6-a7e3-2772e131c3d7", "StandingValue": 0, "AreOpenlyHostile": false}, "506286f5-6613-4481-ac26-caa9940fbe68": {"FactionID": "506286f5-6613-4481-ac26-caa9940fbe68", "StandingValue": -0.05, "AreOpenlyHostile": false}, "559d7fc1-5470-4ab4-8c66-fa2f0b89a523": {"FactionID": "559d7fc1-5470-4ab4-8c66-fa2f0b89a523", "StandingValue": 0, "AreOpenlyHostile": false}, "5db2bec7-37c3-4f1c-ab88-21024c12d639": {"FactionID": "5db2bec7-37c3-4f1c-ab88-21024c12d639", "StandingValue": 0, "AreOpenlyHostile": false}, "a0152cbb-8a78-45a4-ae9b-2ad2b60b583b": {"FactionID": "a0152cbb-8a78-45a4-ae9b-2ad2b60b583b", "StandingValue": 0, "AreOpenlyHostile": false}, "b3d3fa9c-b21e-490f-b39e-128b3af12128": {"FactionID": "b3d3fa9c-b21e-490f-b39e-128b3af12128", "StandingValue": 10, "AreOpenlyHostile": false}, "bdeffd9a-3cab-408c-9cd7-32fce1124f7a": {"FactionID": "bdeffd9a-3cab-408c-9cd7-32fce1124f7a", "StandingValue": 0, "AreOpenlyHostile": false}}}', true, 5, NULL, '{}', '[::1]:33814', false, NULL);
    INSERT INTO public.users (id, charactername, hashpass, registered, banned, current_shipid, startid, escrow_containerid, current_factionid, reputationsheet, isnpc, behaviourmode, emailaddress, experiencesheet, registeredip, isdev, resettoken) VALUES ('cdf86ad2-a1b8-43dc-96f3-1a523d70a314', 'Ollie Barnett', '65dff8a1a9bdd3b9829c8e0e7a2bdbb0a9d1ccdf05cf6bff2d769e03579a40ee', '2022-11-20 16:28:25.962606-05', B'0', NULL, 'f93ee9b1-a3eb-4a85-93d9-845ecca4a7af', '1042fcef-64e0-4b2b-8bcb-73347994f340', 'b3d3fa9c-b21e-490f-b39e-128b3af12128', '{"factionEntries": {"27a53dfc-a321-4c12-bf7c-bb177955c95b": {"FactionID": "27a53dfc-a321-4c12-bf7c-bb177955c95b", "StandingValue": 0, "AreOpenlyHostile": false}, "30bc70eb-2692-47e6-a7e3-2772e131c3d7": {"FactionID": "30bc70eb-2692-47e6-a7e3-2772e131c3d7", "StandingValue": 0, "AreOpenlyHostile": false}, "506286f5-6613-4481-ac26-caa9940fbe68": {"FactionID": "506286f5-6613-4481-ac26-caa9940fbe68", "StandingValue": -0.05, "AreOpenlyHostile": false}, "559d7fc1-5470-4ab4-8c66-fa2f0b89a523": {"FactionID": "559d7fc1-5470-4ab4-8c66-fa2f0b89a523", "StandingValue": 0, "AreOpenlyHostile": false}, "5db2bec7-37c3-4f1c-ab88-21024c12d639": {"FactionID": "5db2bec7-37c3-4f1c-ab88-21024c12d639", "StandingValue": 0, "AreOpenlyHostile": false}, "a0152cbb-8a78-45a4-ae9b-2ad2b60b583b": {"FactionID": "a0152cbb-8a78-45a4-ae9b-2ad2b60b583b", "StandingValue": 0, "AreOpenlyHostile": false}, "b3d3fa9c-b21e-490f-b39e-128b3af12128": {"FactionID": "b3d3fa9c-b21e-490f-b39e-128b3af12128", "StandingValue": 10, "AreOpenlyHostile": false}, "bdeffd9a-3cab-408c-9cd7-32fce1124f7a": {"FactionID": "bdeffd9a-3cab-408c-9cd7-32fce1124f7a", "StandingValue": 0, "AreOpenlyHostile": false}}}', true, 5, NULL, '{}', '[::1]:33814', false, NULL);
    INSERT INTO public.users (id, charactername, hashpass, registered, banned, current_shipid, startid, escrow_containerid, current_factionid, reputationsheet, isnpc, behaviourmode, emailaddress, experiencesheet, registeredip, isdev, resettoken) VALUES ('8f2e3596-342a-4392-935b-9483795765c9', 'Ysabel Cadenas', '30a3697f414579466f660da42dcc68b3b9e4fb483b9ef4631658a1582d3c0b5a', '2022-11-20 16:28:25.984839-05', B'0', NULL, 'f93ee9b1-a3eb-4a85-93d9-845ecca4a7af', '1042fcef-64e0-4b2b-8bcb-73347994f340', 'b3d3fa9c-b21e-490f-b39e-128b3af12128', '{"factionEntries": {"27a53dfc-a321-4c12-bf7c-bb177955c95b": {"FactionID": "27a53dfc-a321-4c12-bf7c-bb177955c95b", "StandingValue": 0, "AreOpenlyHostile": false}, "30bc70eb-2692-47e6-a7e3-2772e131c3d7": {"FactionID": "30bc70eb-2692-47e6-a7e3-2772e131c3d7", "StandingValue": 0, "AreOpenlyHostile": false}, "506286f5-6613-4481-ac26-caa9940fbe68": {"FactionID": "506286f5-6613-4481-ac26-caa9940fbe68", "StandingValue": -0.05, "AreOpenlyHostile": false}, "559d7fc1-5470-4ab4-8c66-fa2f0b89a523": {"FactionID": "559d7fc1-5470-4ab4-8c66-fa2f0b89a523", "StandingValue": 0, "AreOpenlyHostile": false}, "5db2bec7-37c3-4f1c-ab88-21024c12d639": {"FactionID": "5db2bec7-37c3-4f1c-ab88-21024c12d639", "StandingValue": 0, "AreOpenlyHostile": false}, "a0152cbb-8a78-45a4-ae9b-2ad2b60b583b": {"FactionID": "a0152cbb-8a78-45a4-ae9b-2ad2b60b583b", "StandingValue": 0, "AreOpenlyHostile": false}, "b3d3fa9c-b21e-490f-b39e-128b3af12128": {"FactionID": "b3d3fa9c-b21e-490f-b39e-128b3af12128", "StandingValue": 10, "AreOpenlyHostile": false}, "bdeffd9a-3cab-408c-9cd7-32fce1124f7a": {"FactionID": "bdeffd9a-3cab-408c-9cd7-32fce1124f7a", "StandingValue": 0, "AreOpenlyHostile": false}}}', true, 5, NULL, '{}', '[::1]:33814', false, NULL);
    INSERT INTO public.users (id, charactername, hashpass, registered, banned, current_shipid, startid, escrow_containerid, current_factionid, reputationsheet, isnpc, behaviourmode, emailaddress, experiencesheet, registeredip, isdev, resettoken) VALUES ('e197ec8d-6ddf-48ca-ba6a-094aedffed4d', 'Kheri Ibori', '9ee85d66e3d5981f03bc184bfda84c29f0845affb89ceeee2d848f0dc3c53799', '2022-11-20 16:28:26.00848-05', B'0', NULL, 'f93ee9b1-a3eb-4a85-93d9-845ecca4a7af', '1042fcef-64e0-4b2b-8bcb-73347994f340', 'b3d3fa9c-b21e-490f-b39e-128b3af12128', '{"factionEntries": {"27a53dfc-a321-4c12-bf7c-bb177955c95b": {"FactionID": "27a53dfc-a321-4c12-bf7c-bb177955c95b", "StandingValue": 0, "AreOpenlyHostile": false}, "30bc70eb-2692-47e6-a7e3-2772e131c3d7": {"FactionID": "30bc70eb-2692-47e6-a7e3-2772e131c3d7", "StandingValue": 0, "AreOpenlyHostile": false}, "506286f5-6613-4481-ac26-caa9940fbe68": {"FactionID": "506286f5-6613-4481-ac26-caa9940fbe68", "StandingValue": -0.05, "AreOpenlyHostile": false}, "559d7fc1-5470-4ab4-8c66-fa2f0b89a523": {"FactionID": "559d7fc1-5470-4ab4-8c66-fa2f0b89a523", "StandingValue": 0, "AreOpenlyHostile": false}, "5db2bec7-37c3-4f1c-ab88-21024c12d639": {"FactionID": "5db2bec7-37c3-4f1c-ab88-21024c12d639", "StandingValue": 0, "AreOpenlyHostile": false}, "a0152cbb-8a78-45a4-ae9b-2ad2b60b583b": {"FactionID": "a0152cbb-8a78-45a4-ae9b-2ad2b60b583b", "StandingValue": 0, "AreOpenlyHostile": false}, "b3d3fa9c-b21e-490f-b39e-128b3af12128": {"FactionID": "b3d3fa9c-b21e-490f-b39e-128b3af12128", "StandingValue": 10, "AreOpenlyHostile": false}, "bdeffd9a-3cab-408c-9cd7-32fce1124f7a": {"FactionID": "bdeffd9a-3cab-408c-9cd7-32fce1124f7a", "StandingValue": 0, "AreOpenlyHostile": false}}}', true, 5, NULL, '{}', '[::1]:33814', false, NULL);
    INSERT INTO public.users (id, charactername, hashpass, registered, banned, current_shipid, startid, escrow_containerid, current_factionid, reputationsheet, isnpc, behaviourmode, emailaddress, experiencesheet, registeredip, isdev, resettoken) VALUES ('4d6c31a3-02b9-4de0-bef5-59c50d67f94c', 'Elfi Baumann', 'a1a096d1cd72ad28f91b7436833996e32aa3147d13103835de6e91603fd6e584', '2022-11-20 16:28:26.03179-05', B'0', NULL, 'f93ee9b1-a3eb-4a85-93d9-845ecca4a7af', '1042fcef-64e0-4b2b-8bcb-73347994f340', 'b3d3fa9c-b21e-490f-b39e-128b3af12128', '{"factionEntries": {"27a53dfc-a321-4c12-bf7c-bb177955c95b": {"FactionID": "27a53dfc-a321-4c12-bf7c-bb177955c95b", "StandingValue": 0, "AreOpenlyHostile": false}, "30bc70eb-2692-47e6-a7e3-2772e131c3d7": {"FactionID": "30bc70eb-2692-47e6-a7e3-2772e131c3d7", "StandingValue": 0, "AreOpenlyHostile": false}, "506286f5-6613-4481-ac26-caa9940fbe68": {"FactionID": "506286f5-6613-4481-ac26-caa9940fbe68", "StandingValue": -0.05, "AreOpenlyHostile": false}, "559d7fc1-5470-4ab4-8c66-fa2f0b89a523": {"FactionID": "559d7fc1-5470-4ab4-8c66-fa2f0b89a523", "StandingValue": 0, "AreOpenlyHostile": false}, "5db2bec7-37c3-4f1c-ab88-21024c12d639": {"FactionID": "5db2bec7-37c3-4f1c-ab88-21024c12d639", "StandingValue": 0, "AreOpenlyHostile": false}, "a0152cbb-8a78-45a4-ae9b-2ad2b60b583b": {"FactionID": "a0152cbb-8a78-45a4-ae9b-2ad2b60b583b", "StandingValue": 0, "AreOpenlyHostile": false}, "b3d3fa9c-b21e-490f-b39e-128b3af12128": {"FactionID": "b3d3fa9c-b21e-490f-b39e-128b3af12128", "StandingValue": 10, "AreOpenlyHostile": false}, "bdeffd9a-3cab-408c-9cd7-32fce1124f7a": {"FactionID": "bdeffd9a-3cab-408c-9cd7-32fce1124f7a", "StandingValue": 0, "AreOpenlyHostile": false}}}', true, 5, NULL, '{}', '[::1]:33814', false, NULL);
    INSERT INTO public.users (id, charactername, hashpass, registered, banned, current_shipid, startid, escrow_containerid, current_factionid, reputationsheet, isnpc, behaviourmode, emailaddress, experiencesheet, registeredip, isdev, resettoken) VALUES ('bdc4a561-8013-4aca-b1d8-4da0a8121177', 'Gi Yun-Hee', '6eabb81bc377971dcedb26d1503e72e30f2b4fe62dc4397ad700955b1a9bcc19', '2022-11-20 16:28:26.055339-05', B'0', NULL, 'f93ee9b1-a3eb-4a85-93d9-845ecca4a7af', '1042fcef-64e0-4b2b-8bcb-73347994f340', 'b3d3fa9c-b21e-490f-b39e-128b3af12128', '{"factionEntries": {"27a53dfc-a321-4c12-bf7c-bb177955c95b": {"FactionID": "27a53dfc-a321-4c12-bf7c-bb177955c95b", "StandingValue": 0, "AreOpenlyHostile": false}, "30bc70eb-2692-47e6-a7e3-2772e131c3d7": {"FactionID": "30bc70eb-2692-47e6-a7e3-2772e131c3d7", "StandingValue": 0, "AreOpenlyHostile": false}, "506286f5-6613-4481-ac26-caa9940fbe68": {"FactionID": "506286f5-6613-4481-ac26-caa9940fbe68", "StandingValue": -0.05, "AreOpenlyHostile": false}, "559d7fc1-5470-4ab4-8c66-fa2f0b89a523": {"FactionID": "559d7fc1-5470-4ab4-8c66-fa2f0b89a523", "StandingValue": 0, "AreOpenlyHostile": false}, "5db2bec7-37c3-4f1c-ab88-21024c12d639": {"FactionID": "5db2bec7-37c3-4f1c-ab88-21024c12d639", "StandingValue": 0, "AreOpenlyHostile": false}, "a0152cbb-8a78-45a4-ae9b-2ad2b60b583b": {"FactionID": "a0152cbb-8a78-45a4-ae9b-2ad2b60b583b", "StandingValue": 0, "AreOpenlyHostile": false}, "b3d3fa9c-b21e-490f-b39e-128b3af12128": {"FactionID": "b3d3fa9c-b21e-490f-b39e-128b3af12128", "StandingValue": 10, "AreOpenlyHostile": false}, "bdeffd9a-3cab-408c-9cd7-32fce1124f7a": {"FactionID": "bdeffd9a-3cab-408c-9cd7-32fce1124f7a", "StandingValue": 0, "AreOpenlyHostile": false}}}', true, 5, NULL, '{}', '[::1]:33814', false, NULL);
    INSERT INTO public.users (id, charactername, hashpass, registered, banned, current_shipid, startid, escrow_containerid, current_factionid, reputationsheet, isnpc, behaviourmode, emailaddress, experiencesheet, registeredip, isdev, resettoken) VALUES ('f35eb392-5f22-4162-99d7-5ab87cdd69cb', 'Julija Soloveva', 'fc62407f0a753d0987bad113816a66ba25753218a6083b54ed18f855478448ea', '2022-11-20 16:28:26.08077-05', B'0', NULL, 'f93ee9b1-a3eb-4a85-93d9-845ecca4a7af', '1042fcef-64e0-4b2b-8bcb-73347994f340', 'b3d3fa9c-b21e-490f-b39e-128b3af12128', '{"factionEntries": {"27a53dfc-a321-4c12-bf7c-bb177955c95b": {"FactionID": "27a53dfc-a321-4c12-bf7c-bb177955c95b", "StandingValue": 0, "AreOpenlyHostile": false}, "30bc70eb-2692-47e6-a7e3-2772e131c3d7": {"FactionID": "30bc70eb-2692-47e6-a7e3-2772e131c3d7", "StandingValue": 0, "AreOpenlyHostile": false}, "506286f5-6613-4481-ac26-caa9940fbe68": {"FactionID": "506286f5-6613-4481-ac26-caa9940fbe68", "StandingValue": -0.05, "AreOpenlyHostile": false}, "559d7fc1-5470-4ab4-8c66-fa2f0b89a523": {"FactionID": "559d7fc1-5470-4ab4-8c66-fa2f0b89a523", "StandingValue": 0, "AreOpenlyHostile": false}, "5db2bec7-37c3-4f1c-ab88-21024c12d639": {"FactionID": "5db2bec7-37c3-4f1c-ab88-21024c12d639", "StandingValue": 0, "AreOpenlyHostile": false}, "a0152cbb-8a78-45a4-ae9b-2ad2b60b583b": {"FactionID": "a0152cbb-8a78-45a4-ae9b-2ad2b60b583b", "StandingValue": 0, "AreOpenlyHostile": false}, "b3d3fa9c-b21e-490f-b39e-128b3af12128": {"FactionID": "b3d3fa9c-b21e-490f-b39e-128b3af12128", "StandingValue": 10, "AreOpenlyHostile": false}, "bdeffd9a-3cab-408c-9cd7-32fce1124f7a": {"FactionID": "bdeffd9a-3cab-408c-9cd7-32fce1124f7a", "StandingValue": 0, "AreOpenlyHostile": false}}}', true, 5, NULL, '{}', '[::1]:33814', false, NULL);
    INSERT INTO public.users (id, charactername, hashpass, registered, banned, current_shipid, startid, escrow_containerid, current_factionid, reputationsheet, isnpc, behaviourmode, emailaddress, experiencesheet, registeredip, isdev, resettoken) VALUES ('6aff6062-10df-4925-8214-5b208453da73', 'Vipul Balay', '1d28932006b83b7c510a149ce37d835b807f434c0031b9dded7ab44214f73998', '2022-11-20 16:28:26.107477-05', B'0', NULL, 'f93ee9b1-a3eb-4a85-93d9-845ecca4a7af', '1042fcef-64e0-4b2b-8bcb-73347994f340', 'b3d3fa9c-b21e-490f-b39e-128b3af12128', '{"factionEntries": {"27a53dfc-a321-4c12-bf7c-bb177955c95b": {"FactionID": "27a53dfc-a321-4c12-bf7c-bb177955c95b", "StandingValue": 0, "AreOpenlyHostile": false}, "30bc70eb-2692-47e6-a7e3-2772e131c3d7": {"FactionID": "30bc70eb-2692-47e6-a7e3-2772e131c3d7", "StandingValue": 0, "AreOpenlyHostile": false}, "506286f5-6613-4481-ac26-caa9940fbe68": {"FactionID": "506286f5-6613-4481-ac26-caa9940fbe68", "StandingValue": -0.05, "AreOpenlyHostile": false}, "559d7fc1-5470-4ab4-8c66-fa2f0b89a523": {"FactionID": "559d7fc1-5470-4ab4-8c66-fa2f0b89a523", "StandingValue": 0, "AreOpenlyHostile": false}, "5db2bec7-37c3-4f1c-ab88-21024c12d639": {"FactionID": "5db2bec7-37c3-4f1c-ab88-21024c12d639", "StandingValue": 0, "AreOpenlyHostile": false}, "a0152cbb-8a78-45a4-ae9b-2ad2b60b583b": {"FactionID": "a0152cbb-8a78-45a4-ae9b-2ad2b60b583b", "StandingValue": 0, "AreOpenlyHostile": false}, "b3d3fa9c-b21e-490f-b39e-128b3af12128": {"FactionID": "b3d3fa9c-b21e-490f-b39e-128b3af12128", "StandingValue": 10, "AreOpenlyHostile": false}, "bdeffd9a-3cab-408c-9cd7-32fce1124f7a": {"FactionID": "bdeffd9a-3cab-408c-9cd7-32fce1124f7a", "StandingValue": 0, "AreOpenlyHostile": false}}}', true, 5, NULL, '{}', '[::1]:33814', false, NULL);

    -- ships
    INSERT INTO public.ships (id, universe_systemid, userid, pos_x, pos_y, created, shipname, texture, theta, vel_x, vel_y, shield, armor, hull, fuel, heat, energy, shiptemplateid, dockedat_stationid, fitting, destroyed, destroyedat, cargobay_containerid, fittingbay_containerid, remaxdirty, trash_containerid, wallet, noload, flightexperiencemodifier) VALUES ('1d5dc2e5-f49c-4716-99fd-fe249f42f0e2', 'efb82491-750a-4c5e-b33b-c5671c807a64', '7a1ec809-fd63-491d-a850-db89839e9389', 0, 0, '2022-11-20 16:28:25.957183-05', 'Bradley Rios''s Starter Ship', 'Peacekeeper', 0, 0, 0, 215, 170, 138, 280, 0, 135, '94e843bf-1087-4925-aa49-e2262a1cf133', '385edc16-842f-47bc-92ca-2f27137dd553', '{"a_rack": [{"item_id": "271671a7-81ae-4850-ad46-a968e1d212e8", "slot_idx": 0, "item_type_id": "4d434e80-b8d5-488c-8f83-e3a4e62293b5"}, {"item_id": "99bbad66-6db7-4f52-9982-a4a63cff65fe", "slot_idx": 1, "item_type_id": "4d434e80-b8d5-488c-8f83-e3a4e62293b5"}, {"item_id": "ada99609-eac9-4d6d-b96f-817b89604ae2", "slot_idx": 2, "item_type_id": "f63d176f-82d6-4278-ac31-cbba59c9c19f"}], "b_rack": [{"item_id": "ad788a72-9cda-482a-a9c1-5e23d0038f11", "slot_idx": 0, "item_type_id": "074ccccb-a3c5-431b-9b57-854450219ee5"}, {"item_id": "f712227d-13ad-44b2-adad-ebaadb50413d", "slot_idx": 1, "item_type_id": "09172710-740c-4d1c-9fc0-43cb62e674e7"}], "c_rack": [{"item_id": "0451c4dd-a7d8-49bc-9fcf-009d0ee660eb", "slot_idx": 0, "item_type_id": "993bc7c8-fb2a-423f-8000-39c7fb6be743"}, {"item_id": "17819720-f9f4-444a-adc1-0a5a26ce10a3", "slot_idx": 1, "item_type_id": "efee923f-aff6-41f3-ac45-2effd4fa04ac"}]}', false, NULL, '5d15b13c-1a93-4c39-b4dc-8f9e512337a5', '098253bd-3f9c-471d-adbd-421ff6b6bb4e', true, '79959322-2f44-4440-818e-0f7bdcb56432', 10000, false, 1);
    INSERT INTO public.ships (id, universe_systemid, userid, pos_x, pos_y, created, shipname, texture, theta, vel_x, vel_y, shield, armor, hull, fuel, heat, energy, shiptemplateid, dockedat_stationid, fitting, destroyed, destroyedat, cargobay_containerid, fittingbay_containerid, remaxdirty, trash_containerid, wallet, noload, flightexperiencemodifier) VALUES ('7195d624-02d6-471e-b55a-b3c30b392253', 'efb82491-750a-4c5e-b33b-c5671c807a64', 'cdf86ad2-a1b8-43dc-96f3-1a523d70a314', 0, 0, '2022-11-20 16:28:25.980219-05', 'Ollie Barnett''s Starter Ship', 'Peacekeeper', 0, 0, 0, 215, 170, 138, 280, 0, 135, '94e843bf-1087-4925-aa49-e2262a1cf133', '385edc16-842f-47bc-92ca-2f27137dd553', '{"a_rack": [{"item_id": "a28f243a-9c55-4640-a5f1-2f2ea8a84b6a", "slot_idx": 0, "item_type_id": "4d434e80-b8d5-488c-8f83-e3a4e62293b5"}, {"item_id": "bf6057ed-7b97-49c0-933c-1df04412a6f7", "slot_idx": 1, "item_type_id": "4d434e80-b8d5-488c-8f83-e3a4e62293b5"}, {"item_id": "425da85a-1394-4ce7-bd10-118b8a01ab73", "slot_idx": 2, "item_type_id": "f63d176f-82d6-4278-ac31-cbba59c9c19f"}], "b_rack": [{"item_id": "9582e66a-6817-48ea-b8b1-0e2f18ab9cf1", "slot_idx": 0, "item_type_id": "074ccccb-a3c5-431b-9b57-854450219ee5"}, {"item_id": "a1fe0c86-e20b-4fa3-96b4-d6a71f41df39", "slot_idx": 1, "item_type_id": "09172710-740c-4d1c-9fc0-43cb62e674e7"}], "c_rack": [{"item_id": "94ad23d2-92bd-44d2-8155-140c6b57f036", "slot_idx": 0, "item_type_id": "993bc7c8-fb2a-423f-8000-39c7fb6be743"}, {"item_id": "5978521d-d124-4742-a501-7e6295296028", "slot_idx": 1, "item_type_id": "efee923f-aff6-41f3-ac45-2effd4fa04ac"}]}', false, NULL, '86f137d5-29de-48a0-8913-badb28502f47', 'f3dfc511-f613-4532-b17e-c67b72be6eaa', true, '77fc504e-10bc-48fc-9404-2673d3773506', 10000, false, 1);
    INSERT INTO public.ships (id, universe_systemid, userid, pos_x, pos_y, created, shipname, texture, theta, vel_x, vel_y, shield, armor, hull, fuel, heat, energy, shiptemplateid, dockedat_stationid, fitting, destroyed, destroyedat, cargobay_containerid, fittingbay_containerid, remaxdirty, trash_containerid, wallet, noload, flightexperiencemodifier) VALUES ('df927047-7d30-4a91-8730-24ee8b5603f1', 'efb82491-750a-4c5e-b33b-c5671c807a64', '8f2e3596-342a-4392-935b-9483795765c9', 0, 0, '2022-11-20 16:28:26.003595-05', 'Ysabel Cadenas''s Starter Ship', 'Peacekeeper', 0, 0, 0, 215, 170, 138, 280, 0, 135, '94e843bf-1087-4925-aa49-e2262a1cf133', '385edc16-842f-47bc-92ca-2f27137dd553', '{"a_rack": [{"item_id": "232884bb-8846-4450-ab2f-749a4b9b8ff1", "slot_idx": 0, "item_type_id": "4d434e80-b8d5-488c-8f83-e3a4e62293b5"}, {"item_id": "90e5c69b-0950-40e8-bc01-33568c4e4137", "slot_idx": 1, "item_type_id": "4d434e80-b8d5-488c-8f83-e3a4e62293b5"}, {"item_id": "702a1a2b-8c77-46df-a808-0253a4338fa6", "slot_idx": 2, "item_type_id": "f63d176f-82d6-4278-ac31-cbba59c9c19f"}], "b_rack": [{"item_id": "abb941b0-22dd-4f46-847e-924fb73600cc", "slot_idx": 0, "item_type_id": "074ccccb-a3c5-431b-9b57-854450219ee5"}, {"item_id": "bf4c6208-906e-4b7e-ad4b-881bc6cee22d", "slot_idx": 1, "item_type_id": "09172710-740c-4d1c-9fc0-43cb62e674e7"}], "c_rack": [{"item_id": "a2fe561e-4821-4198-bad9-e0c59496d4f6", "slot_idx": 0, "item_type_id": "993bc7c8-fb2a-423f-8000-39c7fb6be743"}, {"item_id": "204bab4e-6784-43c7-9f63-0bb00a23e16b", "slot_idx": 1, "item_type_id": "efee923f-aff6-41f3-ac45-2effd4fa04ac"}]}', false, NULL, '57f10aa1-18f9-49af-8957-44b5ffb77354', '0d9b0c6e-ccbb-412e-a20b-3ce6be71a0a0', true, 'bf065be6-0692-4dd9-a75d-e2ea32cd899f', 10000, false, 1);
    INSERT INTO public.ships (id, universe_systemid, userid, pos_x, pos_y, created, shipname, texture, theta, vel_x, vel_y, shield, armor, hull, fuel, heat, energy, shiptemplateid, dockedat_stationid, fitting, destroyed, destroyedat, cargobay_containerid, fittingbay_containerid, remaxdirty, trash_containerid, wallet, noload, flightexperiencemodifier) VALUES ('7ab53d2b-9661-4a4d-9905-13770dd24b37', 'efb82491-750a-4c5e-b33b-c5671c807a64', 'e197ec8d-6ddf-48ca-ba6a-094aedffed4d', 0, 0, '2022-11-20 16:28:26.02687-05', 'Kheri Ibori''s Starter Ship', 'Peacekeeper', 0, 0, 0, 215, 170, 138, 280, 0, 135, '94e843bf-1087-4925-aa49-e2262a1cf133', '385edc16-842f-47bc-92ca-2f27137dd553', '{"a_rack": [{"item_id": "994383b3-e725-4127-8d61-f060473deba5", "slot_idx": 0, "item_type_id": "4d434e80-b8d5-488c-8f83-e3a4e62293b5"}, {"item_id": "bee1ed11-ff86-4d40-b722-a62f01a2b913", "slot_idx": 1, "item_type_id": "4d434e80-b8d5-488c-8f83-e3a4e62293b5"}, {"item_id": "f6d27e17-0c36-4b0e-b94d-53069e7258b7", "slot_idx": 2, "item_type_id": "f63d176f-82d6-4278-ac31-cbba59c9c19f"}], "b_rack": [{"item_id": "d89c3bc4-ea63-46ed-945b-bae35e03beab", "slot_idx": 0, "item_type_id": "074ccccb-a3c5-431b-9b57-854450219ee5"}, {"item_id": "f99d05a8-59d9-4a16-9f40-f1ee4feaee1a", "slot_idx": 1, "item_type_id": "09172710-740c-4d1c-9fc0-43cb62e674e7"}], "c_rack": [{"item_id": "791e2721-60d1-45ae-a9e9-fabd13c7357f", "slot_idx": 0, "item_type_id": "993bc7c8-fb2a-423f-8000-39c7fb6be743"}, {"item_id": "efc6d99c-b664-4ac9-8c4f-6d057a67c614", "slot_idx": 1, "item_type_id": "efee923f-aff6-41f3-ac45-2effd4fa04ac"}]}', false, NULL, '306b4505-fd39-46a7-9395-c1a16e375db2', '3ffd82ca-6bdf-4d1a-beaa-ae9e20b587aa', true, '25524fbf-e3c6-4a2c-984e-c25559207360', 10000, false, 1);
    INSERT INTO public.ships (id, universe_systemid, userid, pos_x, pos_y, created, shipname, texture, theta, vel_x, vel_y, shield, armor, hull, fuel, heat, energy, shiptemplateid, dockedat_stationid, fitting, destroyed, destroyedat, cargobay_containerid, fittingbay_containerid, remaxdirty, trash_containerid, wallet, noload, flightexperiencemodifier) VALUES ('6fb6fec3-4c31-40d7-b1f7-625faef07d74', 'efb82491-750a-4c5e-b33b-c5671c807a64', '4d6c31a3-02b9-4de0-bef5-59c50d67f94c', 0, 0, '2022-11-20 16:28:26.050351-05', 'Elfi Baumann''s Starter Ship', 'Peacekeeper', 0, 0, 0, 215, 170, 138, 280, 0, 135, '94e843bf-1087-4925-aa49-e2262a1cf133', '385edc16-842f-47bc-92ca-2f27137dd553', '{"a_rack": [{"item_id": "114041dd-cbf0-4c7f-a28b-2b290c08939f", "slot_idx": 0, "item_type_id": "4d434e80-b8d5-488c-8f83-e3a4e62293b5"}, {"item_id": "83340204-e089-4669-97f7-7b9c1387df08", "slot_idx": 1, "item_type_id": "4d434e80-b8d5-488c-8f83-e3a4e62293b5"}, {"item_id": "532934aa-fc18-4f4c-846a-069b9c7de147", "slot_idx": 2, "item_type_id": "f63d176f-82d6-4278-ac31-cbba59c9c19f"}], "b_rack": [{"item_id": "5da3c651-b579-4711-81f2-619f38299579", "slot_idx": 0, "item_type_id": "074ccccb-a3c5-431b-9b57-854450219ee5"}, {"item_id": "cd0e2426-bd01-4e72-84b5-04cf93fb0ac9", "slot_idx": 1, "item_type_id": "09172710-740c-4d1c-9fc0-43cb62e674e7"}], "c_rack": [{"item_id": "c78179c2-52f7-4d44-9b82-3796524f75e9", "slot_idx": 0, "item_type_id": "993bc7c8-fb2a-423f-8000-39c7fb6be743"}, {"item_id": "edad886b-aa90-4a9e-aa02-32ed1cb516a1", "slot_idx": 1, "item_type_id": "efee923f-aff6-41f3-ac45-2effd4fa04ac"}]}', false, NULL, 'a2dfe9d9-6f75-4c20-82a4-fc3d46980bd0', '22c3eb26-3deb-4c37-9684-51507d30b0b6', true, 'd2f7d3cc-66bc-4954-b01c-45effc649a7a', 10000, false, 1);
    INSERT INTO public.ships (id, universe_systemid, userid, pos_x, pos_y, created, shipname, texture, theta, vel_x, vel_y, shield, armor, hull, fuel, heat, energy, shiptemplateid, dockedat_stationid, fitting, destroyed, destroyedat, cargobay_containerid, fittingbay_containerid, remaxdirty, trash_containerid, wallet, noload, flightexperiencemodifier) VALUES ('1ec0da06-a461-49d9-801b-a0fa6f7d4209', 'efb82491-750a-4c5e-b33b-c5671c807a64', 'bdc4a561-8013-4aca-b1d8-4da0a8121177', 0, 0, '2022-11-20 16:28:26.075214-05', 'Gi Yun-Hee''s Starter Ship', 'Peacekeeper', 0, 0, 0, 215, 170, 138, 280, 0, 135, '94e843bf-1087-4925-aa49-e2262a1cf133', '385edc16-842f-47bc-92ca-2f27137dd553', '{"a_rack": [{"item_id": "7de1e0bc-ca49-494f-8bb5-f4b607d8d1aa", "slot_idx": 0, "item_type_id": "4d434e80-b8d5-488c-8f83-e3a4e62293b5"}, {"item_id": "addb52fc-2453-4dad-a6f5-9ccf9ea12a89", "slot_idx": 1, "item_type_id": "4d434e80-b8d5-488c-8f83-e3a4e62293b5"}, {"item_id": "4663b3d8-7220-400a-ad96-4f48ffc4ff6f", "slot_idx": 2, "item_type_id": "f63d176f-82d6-4278-ac31-cbba59c9c19f"}], "b_rack": [{"item_id": "7f652775-fa79-4f8f-8d2d-4c48d955bf23", "slot_idx": 0, "item_type_id": "074ccccb-a3c5-431b-9b57-854450219ee5"}, {"item_id": "8c86d720-b85a-47da-9dd8-b3789e926083", "slot_idx": 1, "item_type_id": "09172710-740c-4d1c-9fc0-43cb62e674e7"}], "c_rack": [{"item_id": "b987a13e-4052-4ade-a707-9cd65974468f", "slot_idx": 0, "item_type_id": "993bc7c8-fb2a-423f-8000-39c7fb6be743"}, {"item_id": "1559d181-ab3c-4c9e-9c87-27fd4dbf430a", "slot_idx": 1, "item_type_id": "efee923f-aff6-41f3-ac45-2effd4fa04ac"}]}', false, NULL, '6175af72-e16d-4cbf-a4df-f6429e06295f', 'e020b0b6-52a8-4b64-b4e5-4e6e1329183c', true, 'ad410ec5-31fa-4fa8-a30d-cdce793c51a3', 10000, false, 1);
    INSERT INTO public.ships (id, universe_systemid, userid, pos_x, pos_y, created, shipname, texture, theta, vel_x, vel_y, shield, armor, hull, fuel, heat, energy, shiptemplateid, dockedat_stationid, fitting, destroyed, destroyedat, cargobay_containerid, fittingbay_containerid, remaxdirty, trash_containerid, wallet, noload, flightexperiencemodifier) VALUES ('3257b1cd-64d5-4bdc-9f70-0f77ecc04ded', 'efb82491-750a-4c5e-b33b-c5671c807a64', 'f35eb392-5f22-4162-99d7-5ab87cdd69cb', 0, 0, '2022-11-20 16:28:26.10154-05', 'Julija Soloveva''s Starter Ship', 'Peacekeeper', 0, 0, 0, 215, 170, 138, 280, 0, 135, '94e843bf-1087-4925-aa49-e2262a1cf133', '385edc16-842f-47bc-92ca-2f27137dd553', '{"a_rack": [{"item_id": "9c898c92-dd61-41b0-a4f0-64935df1ed83", "slot_idx": 0, "item_type_id": "4d434e80-b8d5-488c-8f83-e3a4e62293b5"}, {"item_id": "11182558-8a29-4eeb-962e-e266af4df1f5", "slot_idx": 1, "item_type_id": "4d434e80-b8d5-488c-8f83-e3a4e62293b5"}, {"item_id": "a761deb1-962e-41f8-a6c2-6626dba4eceb", "slot_idx": 2, "item_type_id": "f63d176f-82d6-4278-ac31-cbba59c9c19f"}], "b_rack": [{"item_id": "e27712d2-4cb0-4e4b-b5e2-f9f9988ad5d7", "slot_idx": 0, "item_type_id": "074ccccb-a3c5-431b-9b57-854450219ee5"}, {"item_id": "cd64e935-d455-40c3-98d8-805f53a126ce", "slot_idx": 1, "item_type_id": "09172710-740c-4d1c-9fc0-43cb62e674e7"}], "c_rack": [{"item_id": "ac6f0a38-6768-4b94-94ae-fdbe6311fcbd", "slot_idx": 0, "item_type_id": "993bc7c8-fb2a-423f-8000-39c7fb6be743"}, {"item_id": "806720c6-157a-4580-9888-17ee7149899a", "slot_idx": 1, "item_type_id": "efee923f-aff6-41f3-ac45-2effd4fa04ac"}]}', false, NULL, '46413597-8406-4a46-8a91-1f9432f00bd6', 'dfd0e8f0-e08d-405c-8068-46c0daafd04b', true, 'fc2306aa-722c-4ac4-9e5b-be166f06096b', 10000, false, 1);
    INSERT INTO public.ships (id, universe_systemid, userid, pos_x, pos_y, created, shipname, texture, theta, vel_x, vel_y, shield, armor, hull, fuel, heat, energy, shiptemplateid, dockedat_stationid, fitting, destroyed, destroyedat, cargobay_containerid, fittingbay_containerid, remaxdirty, trash_containerid, wallet, noload, flightexperiencemodifier) VALUES ('8bfb6ef6-9de0-47b4-9e9a-e1967137ae75', 'efb82491-750a-4c5e-b33b-c5671c807a64', '6aff6062-10df-4925-8214-5b208453da73', 0, 0, '2022-11-20 16:28:26.126921-05', 'Vipul Balay''s Starter Ship', 'Peacekeeper', 0, 0, 0, 215, 170, 138, 280, 0, 135, '94e843bf-1087-4925-aa49-e2262a1cf133', '385edc16-842f-47bc-92ca-2f27137dd553', '{"a_rack": [{"item_id": "61dfbe2f-97d4-4729-bb08-fdb0aac4977e", "slot_idx": 0, "item_type_id": "4d434e80-b8d5-488c-8f83-e3a4e62293b5"}, {"item_id": "dae3d32f-8ba0-4bf6-a504-bc2281365f36", "slot_idx": 1, "item_type_id": "4d434e80-b8d5-488c-8f83-e3a4e62293b5"}, {"item_id": "009208a7-480e-4ee1-8e01-9a59dc1735d5", "slot_idx": 2, "item_type_id": "f63d176f-82d6-4278-ac31-cbba59c9c19f"}], "b_rack": [{"item_id": "d6644094-c455-4bea-bd72-6e84b9d83ddf", "slot_idx": 0, "item_type_id": "074ccccb-a3c5-431b-9b57-854450219ee5"}, {"item_id": "405831a8-967e-4ea7-bf86-7d4e65a93198", "slot_idx": 1, "item_type_id": "09172710-740c-4d1c-9fc0-43cb62e674e7"}], "c_rack": [{"item_id": "c2d572f6-5e18-447a-8e35-50077c5733e4", "slot_idx": 0, "item_type_id": "993bc7c8-fb2a-423f-8000-39c7fb6be743"}, {"item_id": "9e3a7272-8dca-4d0e-9e0c-1d7b45e35e17", "slot_idx": 1, "item_type_id": "efee923f-aff6-41f3-ac45-2effd4fa04ac"}]}', false, NULL, 'c9be74d2-a3f5-4c03-b0c8-68374a79b09d', 'ee31aefe-8257-406b-8a3e-d615012fc2a4', true, '5eb7282d-09ee-474b-b824-eb09a6d19811', 10000, false, 1);

    -- items
    INSERT INTO public.items (id, itemtypeid, meta, created, createdby, createdreason, containerid, quantity, ispackaged) VALUES ('271671a7-81ae-4850-ad46-a968e1d212e8', '4d434e80-b8d5-488c-8f83-e3a4e62293b5', '{"hp": 30, "rack": "a", "range": 125, "volume": 6, "falloff": "linear", "cooldown": 18.6, "tracking": 175, "needs_target": true, "salvage_chance": 0.3, "salvage_volume": 50, "activation_heat": 18, "industrialmarket": {"maxprice": 1305, "minprice": 768, "silosize": 1000}, "activation_energy": 3, "activation_gfx_effect": "basic_salvager"}', '2022-11-20 16:28:25.942709-05', '7a1ec809-fd63-491d-a850-db89839e9389', 'Module for new noob ship for player', '098253bd-3f9c-471d-adbd-421ff6b6bb4e', 1, false);
    INSERT INTO public.items (id, itemtypeid, meta, created, createdby, createdreason, containerid, quantity, ispackaged) VALUES ('99bbad66-6db7-4f52-9982-a4a63cff65fe', '4d434e80-b8d5-488c-8f83-e3a4e62293b5', '{"hp": 30, "rack": "a", "range": 125, "volume": 6, "falloff": "linear", "cooldown": 18.6, "tracking": 175, "needs_target": true, "salvage_chance": 0.3, "salvage_volume": 50, "activation_heat": 18, "industrialmarket": {"maxprice": 1305, "minprice": 768, "silosize": 1000}, "activation_energy": 3, "activation_gfx_effect": "basic_salvager"}', '2022-11-20 16:28:25.94468-05', '7a1ec809-fd63-491d-a850-db89839e9389', 'Module for new noob ship for player', '098253bd-3f9c-471d-adbd-421ff6b6bb4e', 1, false);
    INSERT INTO public.items (id, itemtypeid, meta, created, createdby, createdreason, containerid, quantity, ispackaged) VALUES ('ada99609-eac9-4d6d-b96f-817b89604ae2', 'f63d176f-82d6-4278-ac31-cbba59c9c19f', '{"hp": 8, "rack": "a", "range": 6408, "volume": 6, "cooldown": 26.5, "flight_time": 6.4, "hull_damage": 430, "armor_damage": 352, "needs_target": true, "shield_damage": 387, "missile_radius": 2.5, "activation_heat": 9.1, "ammunition_name": "LHVM-3", "ammunition_type": "8aa4d28b-e02b-4630-86eb-ab46d0ed7fc7", "fault_tolerance": 0.98, "industrialmarket": {"maxprice": 3881, "minprice": 2215, "silosize": 1000}, "activation_energy": 0.06, "missile_gfx_effect": "lhvm-3", "missile_explosion_effect": "basic_explosion", "missile_explosion_radius": 3.6}', '2022-11-20 16:28:25.946573-05', '7a1ec809-fd63-491d-a850-db89839e9389', 'Module for new noob ship for player', '098253bd-3f9c-471d-adbd-421ff6b6bb4e', 1, false);
    INSERT INTO public.items (id, itemtypeid, meta, created, createdby, createdreason, containerid, quantity, ispackaged) VALUES ('ad788a72-9cda-482a-a9c1-5e23d0038f11', '074ccccb-a3c5-431b-9b57-854450219ee5', '{"hp": 7, "rack": "b", "range": 2742, "volume": 6, "falloff": "linear", "cooldown": 10.3, "needs_target": true, "activation_heat": 85.9, "drag_multiplier": 14.3, "industrialmarket": {"maxprice": 6027, "minprice": 5810, "silosize": 500}, "activation_energy": 95, "activation_gfx_effect": "basic_aether_dragger"}', '2022-11-20 16:28:25.950724-05', '7a1ec809-fd63-491d-a850-db89839e9389', 'Module for new noob ship for player', '098253bd-3f9c-471d-adbd-421ff6b6bb4e', 1, false);
    INSERT INTO public.items (id, itemtypeid, meta, created, createdby, createdreason, containerid, quantity, ispackaged) VALUES ('f712227d-13ad-44b2-adad-ebaadb50413d', '09172710-740c-4d1c-9fc0-43cb62e674e7', '{"hp": 5, "rack": "b", "volume": 4, "cooldown": 7, "needs_target": false, "activation_heat": 65, "industrialmarket": {"maxprice": 650, "minprice": 275, "silosize": 1000}, "activation_energy": 15, "shield_boost_amount": 20, "activation_gfx_effect": "basic_shield_booster"}', '2022-11-20 16:28:25.952477-05', '7a1ec809-fd63-491d-a850-db89839e9389', 'Module for new noob ship for player', '098253bd-3f9c-471d-adbd-421ff6b6bb4e', 1, false);
    INSERT INTO public.items (id, itemtypeid, meta, created, createdby, createdreason, containerid, quantity, ispackaged) VALUES ('0451c4dd-a7d8-49bc-9fcf-009d0ee660eb', '993bc7c8-fb2a-423f-8000-39c7fb6be743', '{"hp": 8, "rack": "c", "volume": 6, "energy_max_add": 62, "industrialmarket": {"maxprice": 1237, "minprice": 904, "silosize": 1000}}', '2022-11-20 16:28:25.954141-05', '7a1ec809-fd63-491d-a850-db89839e9389', 'Module for new noob ship for player', '098253bd-3f9c-471d-adbd-421ff6b6bb4e', 1, false);
    INSERT INTO public.items (id, itemtypeid, meta, created, createdby, createdreason, containerid, quantity, ispackaged) VALUES ('17819720-f9f4-444a-adc1-0a5a26ce10a3', 'efee923f-aff6-41f3-ac45-2effd4fa04ac', '{"hp": 38, "rack": "c", "volume": 4, "heat_sink_add": 6.2, "industrialmarket": {"maxprice": 720, "minprice": 460, "silosize": 1000}}', '2022-11-20 16:28:25.955737-05', '7a1ec809-fd63-491d-a850-db89839e9389', 'Module for new noob ship for player', '098253bd-3f9c-471d-adbd-421ff6b6bb4e', 1, false);
    INSERT INTO public.items (id, itemtypeid, meta, created, createdby, createdreason, containerid, quantity, ispackaged) VALUES ('a28f243a-9c55-4640-a5f1-2f2ea8a84b6a', '4d434e80-b8d5-488c-8f83-e3a4e62293b5', '{"hp": 30, "rack": "a", "range": 125, "volume": 6, "falloff": "linear", "cooldown": 18.6, "tracking": 175, "needs_target": true, "salvage_chance": 0.3, "salvage_volume": 50, "activation_heat": 18, "industrialmarket": {"maxprice": 1305, "minprice": 768, "silosize": 1000}, "activation_energy": 3, "activation_gfx_effect": "basic_salvager"}', '2022-11-20 16:28:25.969045-05', 'cdf86ad2-a1b8-43dc-96f3-1a523d70a314', 'Module for new noob ship for player', 'f3dfc511-f613-4532-b17e-c67b72be6eaa', 1, false);
    INSERT INTO public.items (id, itemtypeid, meta, created, createdby, createdreason, containerid, quantity, ispackaged) VALUES ('bf6057ed-7b97-49c0-933c-1df04412a6f7', '4d434e80-b8d5-488c-8f83-e3a4e62293b5', '{"hp": 30, "rack": "a", "range": 125, "volume": 6, "falloff": "linear", "cooldown": 18.6, "tracking": 175, "needs_target": true, "salvage_chance": 0.3, "salvage_volume": 50, "activation_heat": 18, "industrialmarket": {"maxprice": 1305, "minprice": 768, "silosize": 1000}, "activation_energy": 3, "activation_gfx_effect": "basic_salvager"}', '2022-11-20 16:28:25.970682-05', 'cdf86ad2-a1b8-43dc-96f3-1a523d70a314', 'Module for new noob ship for player', 'f3dfc511-f613-4532-b17e-c67b72be6eaa', 1, false);
    INSERT INTO public.items (id, itemtypeid, meta, created, createdby, createdreason, containerid, quantity, ispackaged) VALUES ('425da85a-1394-4ce7-bd10-118b8a01ab73', 'f63d176f-82d6-4278-ac31-cbba59c9c19f', '{"hp": 8, "rack": "a", "range": 6408, "volume": 6, "cooldown": 26.5, "flight_time": 6.4, "hull_damage": 430, "armor_damage": 352, "needs_target": true, "shield_damage": 387, "missile_radius": 2.5, "activation_heat": 9.1, "ammunition_name": "LHVM-3", "ammunition_type": "8aa4d28b-e02b-4630-86eb-ab46d0ed7fc7", "fault_tolerance": 0.98, "industrialmarket": {"maxprice": 3881, "minprice": 2215, "silosize": 1000}, "activation_energy": 0.06, "missile_gfx_effect": "lhvm-3", "missile_explosion_effect": "basic_explosion", "missile_explosion_radius": 3.6}', '2022-11-20 16:28:25.972329-05', 'cdf86ad2-a1b8-43dc-96f3-1a523d70a314', 'Module for new noob ship for player', 'f3dfc511-f613-4532-b17e-c67b72be6eaa', 1, false);
    INSERT INTO public.items (id, itemtypeid, meta, created, createdby, createdreason, containerid, quantity, ispackaged) VALUES ('9582e66a-6817-48ea-b8b1-0e2f18ab9cf1', '074ccccb-a3c5-431b-9b57-854450219ee5', '{"hp": 7, "rack": "b", "range": 2742, "volume": 6, "falloff": "linear", "cooldown": 10.3, "needs_target": true, "activation_heat": 85.9, "drag_multiplier": 14.3, "industrialmarket": {"maxprice": 6027, "minprice": 5810, "silosize": 500}, "activation_energy": 95, "activation_gfx_effect": "basic_aether_dragger"}', '2022-11-20 16:28:25.97398-05', 'cdf86ad2-a1b8-43dc-96f3-1a523d70a314', 'Module for new noob ship for player', 'f3dfc511-f613-4532-b17e-c67b72be6eaa', 1, false);
    INSERT INTO public.items (id, itemtypeid, meta, created, createdby, createdreason, containerid, quantity, ispackaged) VALUES ('a1fe0c86-e20b-4fa3-96b4-d6a71f41df39', '09172710-740c-4d1c-9fc0-43cb62e674e7', '{"hp": 5, "rack": "b", "volume": 4, "cooldown": 7, "needs_target": false, "activation_heat": 65, "industrialmarket": {"maxprice": 650, "minprice": 275, "silosize": 1000}, "activation_energy": 15, "shield_boost_amount": 20, "activation_gfx_effect": "basic_shield_booster"}', '2022-11-20 16:28:25.975571-05', 'cdf86ad2-a1b8-43dc-96f3-1a523d70a314', 'Module for new noob ship for player', 'f3dfc511-f613-4532-b17e-c67b72be6eaa', 1, false);
    INSERT INTO public.items (id, itemtypeid, meta, created, createdby, createdreason, containerid, quantity, ispackaged) VALUES ('94ad23d2-92bd-44d2-8155-140c6b57f036', '993bc7c8-fb2a-423f-8000-39c7fb6be743', '{"hp": 8, "rack": "c", "volume": 6, "energy_max_add": 62, "industrialmarket": {"maxprice": 1237, "minprice": 904, "silosize": 1000}}', '2022-11-20 16:28:25.977187-05', 'cdf86ad2-a1b8-43dc-96f3-1a523d70a314', 'Module for new noob ship for player', 'f3dfc511-f613-4532-b17e-c67b72be6eaa', 1, false);
    INSERT INTO public.items (id, itemtypeid, meta, created, createdby, createdreason, containerid, quantity, ispackaged) VALUES ('5978521d-d124-4742-a501-7e6295296028', 'efee923f-aff6-41f3-ac45-2effd4fa04ac', '{"hp": 38, "rack": "c", "volume": 4, "heat_sink_add": 6.2, "industrialmarket": {"maxprice": 720, "minprice": 460, "silosize": 1000}}', '2022-11-20 16:28:25.978817-05', 'cdf86ad2-a1b8-43dc-96f3-1a523d70a314', 'Module for new noob ship for player', 'f3dfc511-f613-4532-b17e-c67b72be6eaa', 1, false);
    INSERT INTO public.items (id, itemtypeid, meta, created, createdby, createdreason, containerid, quantity, ispackaged) VALUES ('232884bb-8846-4450-ab2f-749a4b9b8ff1', '4d434e80-b8d5-488c-8f83-e3a4e62293b5', '{"hp": 30, "rack": "a", "range": 125, "volume": 6, "falloff": "linear", "cooldown": 18.6, "tracking": 175, "needs_target": true, "salvage_chance": 0.3, "salvage_volume": 50, "activation_heat": 18, "industrialmarket": {"maxprice": 1305, "minprice": 768, "silosize": 1000}, "activation_energy": 3, "activation_gfx_effect": "basic_salvager"}', '2022-11-20 16:28:25.991774-05', '8f2e3596-342a-4392-935b-9483795765c9', 'Module for new noob ship for player', '0d9b0c6e-ccbb-412e-a20b-3ce6be71a0a0', 1, false);
    INSERT INTO public.items (id, itemtypeid, meta, created, createdby, createdreason, containerid, quantity, ispackaged) VALUES ('90e5c69b-0950-40e8-bc01-33568c4e4137', '4d434e80-b8d5-488c-8f83-e3a4e62293b5', '{"hp": 30, "rack": "a", "range": 125, "volume": 6, "falloff": "linear", "cooldown": 18.6, "tracking": 175, "needs_target": true, "salvage_chance": 0.3, "salvage_volume": 50, "activation_heat": 18, "industrialmarket": {"maxprice": 1305, "minprice": 768, "silosize": 1000}, "activation_energy": 3, "activation_gfx_effect": "basic_salvager"}', '2022-11-20 16:28:25.993494-05', '8f2e3596-342a-4392-935b-9483795765c9', 'Module for new noob ship for player', '0d9b0c6e-ccbb-412e-a20b-3ce6be71a0a0', 1, false);
    INSERT INTO public.items (id, itemtypeid, meta, created, createdby, createdreason, containerid, quantity, ispackaged) VALUES ('702a1a2b-8c77-46df-a808-0253a4338fa6', 'f63d176f-82d6-4278-ac31-cbba59c9c19f', '{"hp": 8, "rack": "a", "range": 6408, "volume": 6, "cooldown": 26.5, "flight_time": 6.4, "hull_damage": 430, "armor_damage": 352, "needs_target": true, "shield_damage": 387, "missile_radius": 2.5, "activation_heat": 9.1, "ammunition_name": "LHVM-3", "ammunition_type": "8aa4d28b-e02b-4630-86eb-ab46d0ed7fc7", "fault_tolerance": 0.98, "industrialmarket": {"maxprice": 3881, "minprice": 2215, "silosize": 1000}, "activation_energy": 0.06, "missile_gfx_effect": "lhvm-3", "missile_explosion_effect": "basic_explosion", "missile_explosion_radius": 3.6}', '2022-11-20 16:28:25.995341-05', '8f2e3596-342a-4392-935b-9483795765c9', 'Module for new noob ship for player', '0d9b0c6e-ccbb-412e-a20b-3ce6be71a0a0', 1, false);
    INSERT INTO public.items (id, itemtypeid, meta, created, createdby, createdreason, containerid, quantity, ispackaged) VALUES ('abb941b0-22dd-4f46-847e-924fb73600cc', '074ccccb-a3c5-431b-9b57-854450219ee5', '{"hp": 7, "rack": "b", "range": 2742, "volume": 6, "falloff": "linear", "cooldown": 10.3, "needs_target": true, "activation_heat": 85.9, "drag_multiplier": 14.3, "industrialmarket": {"maxprice": 6027, "minprice": 5810, "silosize": 500}, "activation_energy": 95, "activation_gfx_effect": "basic_aether_dragger"}', '2022-11-20 16:28:25.997047-05', '8f2e3596-342a-4392-935b-9483795765c9', 'Module for new noob ship for player', '0d9b0c6e-ccbb-412e-a20b-3ce6be71a0a0', 1, false);
    INSERT INTO public.items (id, itemtypeid, meta, created, createdby, createdreason, containerid, quantity, ispackaged) VALUES ('bf4c6208-906e-4b7e-ad4b-881bc6cee22d', '09172710-740c-4d1c-9fc0-43cb62e674e7', '{"hp": 5, "rack": "b", "volume": 4, "cooldown": 7, "needs_target": false, "activation_heat": 65, "industrialmarket": {"maxprice": 650, "minprice": 275, "silosize": 1000}, "activation_energy": 15, "shield_boost_amount": 20, "activation_gfx_effect": "basic_shield_booster"}', '2022-11-20 16:28:25.998791-05', '8f2e3596-342a-4392-935b-9483795765c9', 'Module for new noob ship for player', '0d9b0c6e-ccbb-412e-a20b-3ce6be71a0a0', 1, false);
    INSERT INTO public.items (id, itemtypeid, meta, created, createdby, createdreason, containerid, quantity, ispackaged) VALUES ('a2fe561e-4821-4198-bad9-e0c59496d4f6', '993bc7c8-fb2a-423f-8000-39c7fb6be743', '{"hp": 8, "rack": "c", "volume": 6, "energy_max_add": 62, "industrialmarket": {"maxprice": 1237, "minprice": 904, "silosize": 1000}}', '2022-11-20 16:28:26.000467-05', '8f2e3596-342a-4392-935b-9483795765c9', 'Module for new noob ship for player', '0d9b0c6e-ccbb-412e-a20b-3ce6be71a0a0', 1, false);
    INSERT INTO public.items (id, itemtypeid, meta, created, createdby, createdreason, containerid, quantity, ispackaged) VALUES ('204bab4e-6784-43c7-9f63-0bb00a23e16b', 'efee923f-aff6-41f3-ac45-2effd4fa04ac', '{"hp": 38, "rack": "c", "volume": 4, "heat_sink_add": 6.2, "industrialmarket": {"maxprice": 720, "minprice": 460, "silosize": 1000}}', '2022-11-20 16:28:26.002101-05', '8f2e3596-342a-4392-935b-9483795765c9', 'Module for new noob ship for player', '0d9b0c6e-ccbb-412e-a20b-3ce6be71a0a0', 1, false);
    INSERT INTO public.items (id, itemtypeid, meta, created, createdby, createdreason, containerid, quantity, ispackaged) VALUES ('994383b3-e725-4127-8d61-f060473deba5', '4d434e80-b8d5-488c-8f83-e3a4e62293b5', '{"hp": 30, "rack": "a", "range": 125, "volume": 6, "falloff": "linear", "cooldown": 18.6, "tracking": 175, "needs_target": true, "salvage_chance": 0.3, "salvage_volume": 50, "activation_heat": 18, "industrialmarket": {"maxprice": 1305, "minprice": 768, "silosize": 1000}, "activation_energy": 3, "activation_gfx_effect": "basic_salvager"}', '2022-11-20 16:28:26.014996-05', 'e197ec8d-6ddf-48ca-ba6a-094aedffed4d', 'Module for new noob ship for player', '3ffd82ca-6bdf-4d1a-beaa-ae9e20b587aa', 1, false);
    INSERT INTO public.items (id, itemtypeid, meta, created, createdby, createdreason, containerid, quantity, ispackaged) VALUES ('bee1ed11-ff86-4d40-b722-a62f01a2b913', '4d434e80-b8d5-488c-8f83-e3a4e62293b5', '{"hp": 30, "rack": "a", "range": 125, "volume": 6, "falloff": "linear", "cooldown": 18.6, "tracking": 175, "needs_target": true, "salvage_chance": 0.3, "salvage_volume": 50, "activation_heat": 18, "industrialmarket": {"maxprice": 1305, "minprice": 768, "silosize": 1000}, "activation_energy": 3, "activation_gfx_effect": "basic_salvager"}', '2022-11-20 16:28:26.016843-05', 'e197ec8d-6ddf-48ca-ba6a-094aedffed4d', 'Module for new noob ship for player', '3ffd82ca-6bdf-4d1a-beaa-ae9e20b587aa', 1, false);
    INSERT INTO public.items (id, itemtypeid, meta, created, createdby, createdreason, containerid, quantity, ispackaged) VALUES ('f6d27e17-0c36-4b0e-b94d-53069e7258b7', 'f63d176f-82d6-4278-ac31-cbba59c9c19f', '{"hp": 8, "rack": "a", "range": 6408, "volume": 6, "cooldown": 26.5, "flight_time": 6.4, "hull_damage": 430, "armor_damage": 352, "needs_target": true, "shield_damage": 387, "missile_radius": 2.5, "activation_heat": 9.1, "ammunition_name": "LHVM-3", "ammunition_type": "8aa4d28b-e02b-4630-86eb-ab46d0ed7fc7", "fault_tolerance": 0.98, "industrialmarket": {"maxprice": 3881, "minprice": 2215, "silosize": 1000}, "activation_energy": 0.06, "missile_gfx_effect": "lhvm-3", "missile_explosion_effect": "basic_explosion", "missile_explosion_radius": 3.6}', '2022-11-20 16:28:26.018474-05', 'e197ec8d-6ddf-48ca-ba6a-094aedffed4d', 'Module for new noob ship for player', '3ffd82ca-6bdf-4d1a-beaa-ae9e20b587aa', 1, false);
    INSERT INTO public.items (id, itemtypeid, meta, created, createdby, createdreason, containerid, quantity, ispackaged) VALUES ('d89c3bc4-ea63-46ed-945b-bae35e03beab', '074ccccb-a3c5-431b-9b57-854450219ee5', '{"hp": 7, "rack": "b", "range": 2742, "volume": 6, "falloff": "linear", "cooldown": 10.3, "needs_target": true, "activation_heat": 85.9, "drag_multiplier": 14.3, "industrialmarket": {"maxprice": 6027, "minprice": 5810, "silosize": 500}, "activation_energy": 95, "activation_gfx_effect": "basic_aether_dragger"}', '2022-11-20 16:28:26.020199-05', 'e197ec8d-6ddf-48ca-ba6a-094aedffed4d', 'Module for new noob ship for player', '3ffd82ca-6bdf-4d1a-beaa-ae9e20b587aa', 1, false);
    INSERT INTO public.items (id, itemtypeid, meta, created, createdby, createdreason, containerid, quantity, ispackaged) VALUES ('f99d05a8-59d9-4a16-9f40-f1ee4feaee1a', '09172710-740c-4d1c-9fc0-43cb62e674e7', '{"hp": 5, "rack": "b", "volume": 4, "cooldown": 7, "needs_target": false, "activation_heat": 65, "industrialmarket": {"maxprice": 650, "minprice": 275, "silosize": 1000}, "activation_energy": 15, "shield_boost_amount": 20, "activation_gfx_effect": "basic_shield_booster"}', '2022-11-20 16:28:26.021845-05', 'e197ec8d-6ddf-48ca-ba6a-094aedffed4d', 'Module for new noob ship for player', '3ffd82ca-6bdf-4d1a-beaa-ae9e20b587aa', 1, false);
    INSERT INTO public.items (id, itemtypeid, meta, created, createdby, createdreason, containerid, quantity, ispackaged) VALUES ('791e2721-60d1-45ae-a9e9-fabd13c7357f', '993bc7c8-fb2a-423f-8000-39c7fb6be743', '{"hp": 8, "rack": "c", "volume": 6, "energy_max_add": 62, "industrialmarket": {"maxprice": 1237, "minprice": 904, "silosize": 1000}}', '2022-11-20 16:28:26.023531-05', 'e197ec8d-6ddf-48ca-ba6a-094aedffed4d', 'Module for new noob ship for player', '3ffd82ca-6bdf-4d1a-beaa-ae9e20b587aa', 1, false);
    INSERT INTO public.items (id, itemtypeid, meta, created, createdby, createdreason, containerid, quantity, ispackaged) VALUES ('efc6d99c-b664-4ac9-8c4f-6d057a67c614', 'efee923f-aff6-41f3-ac45-2effd4fa04ac', '{"hp": 38, "rack": "c", "volume": 4, "heat_sink_add": 6.2, "industrialmarket": {"maxprice": 720, "minprice": 460, "silosize": 1000}}', '2022-11-20 16:28:26.025249-05', 'e197ec8d-6ddf-48ca-ba6a-094aedffed4d', 'Module for new noob ship for player', '3ffd82ca-6bdf-4d1a-beaa-ae9e20b587aa', 1, false);
    INSERT INTO public.items (id, itemtypeid, meta, created, createdby, createdreason, containerid, quantity, ispackaged) VALUES ('114041dd-cbf0-4c7f-a28b-2b290c08939f', '4d434e80-b8d5-488c-8f83-e3a4e62293b5', '{"hp": 30, "rack": "a", "range": 125, "volume": 6, "falloff": "linear", "cooldown": 18.6, "tracking": 175, "needs_target": true, "salvage_chance": 0.3, "salvage_volume": 50, "activation_heat": 18, "industrialmarket": {"maxprice": 1305, "minprice": 768, "silosize": 1000}, "activation_energy": 3, "activation_gfx_effect": "basic_salvager"}', '2022-11-20 16:28:26.038768-05', '4d6c31a3-02b9-4de0-bef5-59c50d67f94c', 'Module for new noob ship for player', '22c3eb26-3deb-4c37-9684-51507d30b0b6', 1, false);
    INSERT INTO public.items (id, itemtypeid, meta, created, createdby, createdreason, containerid, quantity, ispackaged) VALUES ('83340204-e089-4669-97f7-7b9c1387df08', '4d434e80-b8d5-488c-8f83-e3a4e62293b5', '{"hp": 30, "rack": "a", "range": 125, "volume": 6, "falloff": "linear", "cooldown": 18.6, "tracking": 175, "needs_target": true, "salvage_chance": 0.3, "salvage_volume": 50, "activation_heat": 18, "industrialmarket": {"maxprice": 1305, "minprice": 768, "silosize": 1000}, "activation_energy": 3, "activation_gfx_effect": "basic_salvager"}', '2022-11-20 16:28:26.040507-05', '4d6c31a3-02b9-4de0-bef5-59c50d67f94c', 'Module for new noob ship for player', '22c3eb26-3deb-4c37-9684-51507d30b0b6', 1, false);
    INSERT INTO public.items (id, itemtypeid, meta, created, createdby, createdreason, containerid, quantity, ispackaged) VALUES ('532934aa-fc18-4f4c-846a-069b9c7de147', 'f63d176f-82d6-4278-ac31-cbba59c9c19f', '{"hp": 8, "rack": "a", "range": 6408, "volume": 6, "cooldown": 26.5, "flight_time": 6.4, "hull_damage": 430, "armor_damage": 352, "needs_target": true, "shield_damage": 387, "missile_radius": 2.5, "activation_heat": 9.1, "ammunition_name": "LHVM-3", "ammunition_type": "8aa4d28b-e02b-4630-86eb-ab46d0ed7fc7", "fault_tolerance": 0.98, "industrialmarket": {"maxprice": 3881, "minprice": 2215, "silosize": 1000}, "activation_energy": 0.06, "missile_gfx_effect": "lhvm-3", "missile_explosion_effect": "basic_explosion", "missile_explosion_radius": 3.6}', '2022-11-20 16:28:26.042115-05', '4d6c31a3-02b9-4de0-bef5-59c50d67f94c', 'Module for new noob ship for player', '22c3eb26-3deb-4c37-9684-51507d30b0b6', 1, false);
    INSERT INTO public.items (id, itemtypeid, meta, created, createdby, createdreason, containerid, quantity, ispackaged) VALUES ('5da3c651-b579-4711-81f2-619f38299579', '074ccccb-a3c5-431b-9b57-854450219ee5', '{"hp": 7, "rack": "b", "range": 2742, "volume": 6, "falloff": "linear", "cooldown": 10.3, "needs_target": true, "activation_heat": 85.9, "drag_multiplier": 14.3, "industrialmarket": {"maxprice": 6027, "minprice": 5810, "silosize": 500}, "activation_energy": 95, "activation_gfx_effect": "basic_aether_dragger"}', '2022-11-20 16:28:26.043896-05', '4d6c31a3-02b9-4de0-bef5-59c50d67f94c', 'Module for new noob ship for player', '22c3eb26-3deb-4c37-9684-51507d30b0b6', 1, false);
    INSERT INTO public.items (id, itemtypeid, meta, created, createdby, createdreason, containerid, quantity, ispackaged) VALUES ('cd0e2426-bd01-4e72-84b5-04cf93fb0ac9', '09172710-740c-4d1c-9fc0-43cb62e674e7', '{"hp": 5, "rack": "b", "volume": 4, "cooldown": 7, "needs_target": false, "activation_heat": 65, "industrialmarket": {"maxprice": 650, "minprice": 275, "silosize": 1000}, "activation_energy": 15, "shield_boost_amount": 20, "activation_gfx_effect": "basic_shield_booster"}', '2022-11-20 16:28:26.045445-05', '4d6c31a3-02b9-4de0-bef5-59c50d67f94c', 'Module for new noob ship for player', '22c3eb26-3deb-4c37-9684-51507d30b0b6', 1, false);
    INSERT INTO public.items (id, itemtypeid, meta, created, createdby, createdreason, containerid, quantity, ispackaged) VALUES ('c78179c2-52f7-4d44-9b82-3796524f75e9', '993bc7c8-fb2a-423f-8000-39c7fb6be743', '{"hp": 8, "rack": "c", "volume": 6, "energy_max_add": 62, "industrialmarket": {"maxprice": 1237, "minprice": 904, "silosize": 1000}}', '2022-11-20 16:28:26.047271-05', '4d6c31a3-02b9-4de0-bef5-59c50d67f94c', 'Module for new noob ship for player', '22c3eb26-3deb-4c37-9684-51507d30b0b6', 1, false);
    INSERT INTO public.items (id, itemtypeid, meta, created, createdby, createdreason, containerid, quantity, ispackaged) VALUES ('edad886b-aa90-4a9e-aa02-32ed1cb516a1', 'efee923f-aff6-41f3-ac45-2effd4fa04ac', '{"hp": 38, "rack": "c", "volume": 4, "heat_sink_add": 6.2, "industrialmarket": {"maxprice": 720, "minprice": 460, "silosize": 1000}}', '2022-11-20 16:28:26.048987-05', '4d6c31a3-02b9-4de0-bef5-59c50d67f94c', 'Module for new noob ship for player', '22c3eb26-3deb-4c37-9684-51507d30b0b6', 1, false);
    INSERT INTO public.items (id, itemtypeid, meta, created, createdby, createdreason, containerid, quantity, ispackaged) VALUES ('7de1e0bc-ca49-494f-8bb5-f4b607d8d1aa', '4d434e80-b8d5-488c-8f83-e3a4e62293b5', '{"hp": 30, "rack": "a", "range": 125, "volume": 6, "falloff": "linear", "cooldown": 18.6, "tracking": 175, "needs_target": true, "salvage_chance": 0.3, "salvage_volume": 50, "activation_heat": 18, "industrialmarket": {"maxprice": 1305, "minprice": 768, "silosize": 1000}, "activation_energy": 3, "activation_gfx_effect": "basic_salvager"}', '2022-11-20 16:28:26.062226-05', 'bdc4a561-8013-4aca-b1d8-4da0a8121177', 'Module for new noob ship for player', 'e020b0b6-52a8-4b64-b4e5-4e6e1329183c', 1, false);
    INSERT INTO public.items (id, itemtypeid, meta, created, createdby, createdreason, containerid, quantity, ispackaged) VALUES ('addb52fc-2453-4dad-a6f5-9ccf9ea12a89', '4d434e80-b8d5-488c-8f83-e3a4e62293b5', '{"hp": 30, "rack": "a", "range": 125, "volume": 6, "falloff": "linear", "cooldown": 18.6, "tracking": 175, "needs_target": true, "salvage_chance": 0.3, "salvage_volume": 50, "activation_heat": 18, "industrialmarket": {"maxprice": 1305, "minprice": 768, "silosize": 1000}, "activation_energy": 3, "activation_gfx_effect": "basic_salvager"}', '2022-11-20 16:28:26.063844-05', 'bdc4a561-8013-4aca-b1d8-4da0a8121177', 'Module for new noob ship for player', 'e020b0b6-52a8-4b64-b4e5-4e6e1329183c', 1, false);
    INSERT INTO public.items (id, itemtypeid, meta, created, createdby, createdreason, containerid, quantity, ispackaged) VALUES ('4663b3d8-7220-400a-ad96-4f48ffc4ff6f', 'f63d176f-82d6-4278-ac31-cbba59c9c19f', '{"hp": 8, "rack": "a", "range": 6408, "volume": 6, "cooldown": 26.5, "flight_time": 6.4, "hull_damage": 430, "armor_damage": 352, "needs_target": true, "shield_damage": 387, "missile_radius": 2.5, "activation_heat": 9.1, "ammunition_name": "LHVM-3", "ammunition_type": "8aa4d28b-e02b-4630-86eb-ab46d0ed7fc7", "fault_tolerance": 0.98, "industrialmarket": {"maxprice": 3881, "minprice": 2215, "silosize": 1000}, "activation_energy": 0.06, "missile_gfx_effect": "lhvm-3", "missile_explosion_effect": "basic_explosion", "missile_explosion_radius": 3.6}', '2022-11-20 16:28:26.065824-05', 'bdc4a561-8013-4aca-b1d8-4da0a8121177', 'Module for new noob ship for player', 'e020b0b6-52a8-4b64-b4e5-4e6e1329183c', 1, false);
    INSERT INTO public.items (id, itemtypeid, meta, created, createdby, createdreason, containerid, quantity, ispackaged) VALUES ('7f652775-fa79-4f8f-8d2d-4c48d955bf23', '074ccccb-a3c5-431b-9b57-854450219ee5', '{"hp": 7, "rack": "b", "range": 2742, "volume": 6, "falloff": "linear", "cooldown": 10.3, "needs_target": true, "activation_heat": 85.9, "drag_multiplier": 14.3, "industrialmarket": {"maxprice": 6027, "minprice": 5810, "silosize": 500}, "activation_energy": 95, "activation_gfx_effect": "basic_aether_dragger"}', '2022-11-20 16:28:26.067821-05', 'bdc4a561-8013-4aca-b1d8-4da0a8121177', 'Module for new noob ship for player', 'e020b0b6-52a8-4b64-b4e5-4e6e1329183c', 1, false);
    INSERT INTO public.items (id, itemtypeid, meta, created, createdby, createdreason, containerid, quantity, ispackaged) VALUES ('8c86d720-b85a-47da-9dd8-b3789e926083', '09172710-740c-4d1c-9fc0-43cb62e674e7', '{"hp": 5, "rack": "b", "volume": 4, "cooldown": 7, "needs_target": false, "activation_heat": 65, "industrialmarket": {"maxprice": 650, "minprice": 275, "silosize": 1000}, "activation_energy": 15, "shield_boost_amount": 20, "activation_gfx_effect": "basic_shield_booster"}', '2022-11-20 16:28:26.069637-05', 'bdc4a561-8013-4aca-b1d8-4da0a8121177', 'Module for new noob ship for player', 'e020b0b6-52a8-4b64-b4e5-4e6e1329183c', 1, false);
    INSERT INTO public.items (id, itemtypeid, meta, created, createdby, createdreason, containerid, quantity, ispackaged) VALUES ('b987a13e-4052-4ade-a707-9cd65974468f', '993bc7c8-fb2a-423f-8000-39c7fb6be743', '{"hp": 8, "rack": "c", "volume": 6, "energy_max_add": 62, "industrialmarket": {"maxprice": 1237, "minprice": 904, "silosize": 1000}}', '2022-11-20 16:28:26.071381-05', 'bdc4a561-8013-4aca-b1d8-4da0a8121177', 'Module for new noob ship for player', 'e020b0b6-52a8-4b64-b4e5-4e6e1329183c', 1, false);
    INSERT INTO public.items (id, itemtypeid, meta, created, createdby, createdreason, containerid, quantity, ispackaged) VALUES ('1559d181-ab3c-4c9e-9c87-27fd4dbf430a', 'efee923f-aff6-41f3-ac45-2effd4fa04ac', '{"hp": 38, "rack": "c", "volume": 4, "heat_sink_add": 6.2, "industrialmarket": {"maxprice": 720, "minprice": 460, "silosize": 1000}}', '2022-11-20 16:28:26.073638-05', 'bdc4a561-8013-4aca-b1d8-4da0a8121177', 'Module for new noob ship for player', 'e020b0b6-52a8-4b64-b4e5-4e6e1329183c', 1, false);
    INSERT INTO public.items (id, itemtypeid, meta, created, createdby, createdreason, containerid, quantity, ispackaged) VALUES ('9c898c92-dd61-41b0-a4f0-64935df1ed83', '4d434e80-b8d5-488c-8f83-e3a4e62293b5', '{"hp": 30, "rack": "a", "range": 125, "volume": 6, "falloff": "linear", "cooldown": 18.6, "tracking": 175, "needs_target": true, "salvage_chance": 0.3, "salvage_volume": 50, "activation_heat": 18, "industrialmarket": {"maxprice": 1305, "minprice": 768, "silosize": 1000}, "activation_energy": 3, "activation_gfx_effect": "basic_salvager"}', '2022-11-20 16:28:26.087265-05', 'f35eb392-5f22-4162-99d7-5ab87cdd69cb', 'Module for new noob ship for player', 'dfd0e8f0-e08d-405c-8068-46c0daafd04b', 1, false);
    INSERT INTO public.items (id, itemtypeid, meta, created, createdby, createdreason, containerid, quantity, ispackaged) VALUES ('11182558-8a29-4eeb-962e-e266af4df1f5', '4d434e80-b8d5-488c-8f83-e3a4e62293b5', '{"hp": 30, "rack": "a", "range": 125, "volume": 6, "falloff": "linear", "cooldown": 18.6, "tracking": 175, "needs_target": true, "salvage_chance": 0.3, "salvage_volume": 50, "activation_heat": 18, "industrialmarket": {"maxprice": 1305, "minprice": 768, "silosize": 1000}, "activation_energy": 3, "activation_gfx_effect": "basic_salvager"}', '2022-11-20 16:28:26.089192-05', 'f35eb392-5f22-4162-99d7-5ab87cdd69cb', 'Module for new noob ship for player', 'dfd0e8f0-e08d-405c-8068-46c0daafd04b', 1, false);
    INSERT INTO public.items (id, itemtypeid, meta, created, createdby, createdreason, containerid, quantity, ispackaged) VALUES ('a761deb1-962e-41f8-a6c2-6626dba4eceb', 'f63d176f-82d6-4278-ac31-cbba59c9c19f', '{"hp": 8, "rack": "a", "range": 6408, "volume": 6, "cooldown": 26.5, "flight_time": 6.4, "hull_damage": 430, "armor_damage": 352, "needs_target": true, "shield_damage": 387, "missile_radius": 2.5, "activation_heat": 9.1, "ammunition_name": "LHVM-3", "ammunition_type": "8aa4d28b-e02b-4630-86eb-ab46d0ed7fc7", "fault_tolerance": 0.98, "industrialmarket": {"maxprice": 3881, "minprice": 2215, "silosize": 1000}, "activation_energy": 0.06, "missile_gfx_effect": "lhvm-3", "missile_explosion_effect": "basic_explosion", "missile_explosion_radius": 3.6}', '2022-11-20 16:28:26.091708-05', 'f35eb392-5f22-4162-99d7-5ab87cdd69cb', 'Module for new noob ship for player', 'dfd0e8f0-e08d-405c-8068-46c0daafd04b', 1, false);
    INSERT INTO public.items (id, itemtypeid, meta, created, createdby, createdreason, containerid, quantity, ispackaged) VALUES ('e27712d2-4cb0-4e4b-b5e2-f9f9988ad5d7', '074ccccb-a3c5-431b-9b57-854450219ee5', '{"hp": 7, "rack": "b", "range": 2742, "volume": 6, "falloff": "linear", "cooldown": 10.3, "needs_target": true, "activation_heat": 85.9, "drag_multiplier": 14.3, "industrialmarket": {"maxprice": 6027, "minprice": 5810, "silosize": 500}, "activation_energy": 95, "activation_gfx_effect": "basic_aether_dragger"}', '2022-11-20 16:28:26.093483-05', 'f35eb392-5f22-4162-99d7-5ab87cdd69cb', 'Module for new noob ship for player', 'dfd0e8f0-e08d-405c-8068-46c0daafd04b', 1, false);
    INSERT INTO public.items (id, itemtypeid, meta, created, createdby, createdreason, containerid, quantity, ispackaged) VALUES ('cd64e935-d455-40c3-98d8-805f53a126ce', '09172710-740c-4d1c-9fc0-43cb62e674e7', '{"hp": 5, "rack": "b", "volume": 4, "cooldown": 7, "needs_target": false, "activation_heat": 65, "industrialmarket": {"maxprice": 650, "minprice": 275, "silosize": 1000}, "activation_energy": 15, "shield_boost_amount": 20, "activation_gfx_effect": "basic_shield_booster"}', '2022-11-20 16:28:26.09511-05', 'f35eb392-5f22-4162-99d7-5ab87cdd69cb', 'Module for new noob ship for player', 'dfd0e8f0-e08d-405c-8068-46c0daafd04b', 1, false);
    INSERT INTO public.items (id, itemtypeid, meta, created, createdby, createdreason, containerid, quantity, ispackaged) VALUES ('ac6f0a38-6768-4b94-94ae-fdbe6311fcbd', '993bc7c8-fb2a-423f-8000-39c7fb6be743', '{"hp": 8, "rack": "c", "volume": 6, "energy_max_add": 62, "industrialmarket": {"maxprice": 1237, "minprice": 904, "silosize": 1000}}', '2022-11-20 16:28:26.096955-05', 'f35eb392-5f22-4162-99d7-5ab87cdd69cb', 'Module for new noob ship for player', 'dfd0e8f0-e08d-405c-8068-46c0daafd04b', 1, false);
    INSERT INTO public.items (id, itemtypeid, meta, created, createdby, createdreason, containerid, quantity, ispackaged) VALUES ('806720c6-157a-4580-9888-17ee7149899a', 'efee923f-aff6-41f3-ac45-2effd4fa04ac', '{"hp": 38, "rack": "c", "volume": 4, "heat_sink_add": 6.2, "industrialmarket": {"maxprice": 720, "minprice": 460, "silosize": 1000}}', '2022-11-20 16:28:26.099426-05', 'f35eb392-5f22-4162-99d7-5ab87cdd69cb', 'Module for new noob ship for player', 'dfd0e8f0-e08d-405c-8068-46c0daafd04b', 1, false);
    INSERT INTO public.items (id, itemtypeid, meta, created, createdby, createdreason, containerid, quantity, ispackaged) VALUES ('61dfbe2f-97d4-4729-bb08-fdb0aac4977e', '4d434e80-b8d5-488c-8f83-e3a4e62293b5', '{"hp": 30, "rack": "a", "range": 125, "volume": 6, "falloff": "linear", "cooldown": 18.6, "tracking": 175, "needs_target": true, "salvage_chance": 0.3, "salvage_volume": 50, "activation_heat": 18, "industrialmarket": {"maxprice": 1305, "minprice": 768, "silosize": 1000}, "activation_energy": 3, "activation_gfx_effect": "basic_salvager"}', '2022-11-20 16:28:26.114972-05', '6aff6062-10df-4925-8214-5b208453da73', 'Module for new noob ship for player', 'ee31aefe-8257-406b-8a3e-d615012fc2a4', 1, false);
    INSERT INTO public.items (id, itemtypeid, meta, created, createdby, createdreason, containerid, quantity, ispackaged) VALUES ('dae3d32f-8ba0-4bf6-a504-bc2281365f36', '4d434e80-b8d5-488c-8f83-e3a4e62293b5', '{"hp": 30, "rack": "a", "range": 125, "volume": 6, "falloff": "linear", "cooldown": 18.6, "tracking": 175, "needs_target": true, "salvage_chance": 0.3, "salvage_volume": 50, "activation_heat": 18, "industrialmarket": {"maxprice": 1305, "minprice": 768, "silosize": 1000}, "activation_energy": 3, "activation_gfx_effect": "basic_salvager"}', '2022-11-20 16:28:26.116823-05', '6aff6062-10df-4925-8214-5b208453da73', 'Module for new noob ship for player', 'ee31aefe-8257-406b-8a3e-d615012fc2a4', 1, false);
    INSERT INTO public.items (id, itemtypeid, meta, created, createdby, createdreason, containerid, quantity, ispackaged) VALUES ('009208a7-480e-4ee1-8e01-9a59dc1735d5', 'f63d176f-82d6-4278-ac31-cbba59c9c19f', '{"hp": 8, "rack": "a", "range": 6408, "volume": 6, "cooldown": 26.5, "flight_time": 6.4, "hull_damage": 430, "armor_damage": 352, "needs_target": true, "shield_damage": 387, "missile_radius": 2.5, "activation_heat": 9.1, "ammunition_name": "LHVM-3", "ammunition_type": "8aa4d28b-e02b-4630-86eb-ab46d0ed7fc7", "fault_tolerance": 0.98, "industrialmarket": {"maxprice": 3881, "minprice": 2215, "silosize": 1000}, "activation_energy": 0.06, "missile_gfx_effect": "lhvm-3", "missile_explosion_effect": "basic_explosion", "missile_explosion_radius": 3.6}', '2022-11-20 16:28:26.118669-05', '6aff6062-10df-4925-8214-5b208453da73', 'Module for new noob ship for player', 'ee31aefe-8257-406b-8a3e-d615012fc2a4', 1, false);
    INSERT INTO public.items (id, itemtypeid, meta, created, createdby, createdreason, containerid, quantity, ispackaged) VALUES ('d6644094-c455-4bea-bd72-6e84b9d83ddf', '074ccccb-a3c5-431b-9b57-854450219ee5', '{"hp": 7, "rack": "b", "range": 2742, "volume": 6, "falloff": "linear", "cooldown": 10.3, "needs_target": true, "activation_heat": 85.9, "drag_multiplier": 14.3, "industrialmarket": {"maxprice": 6027, "minprice": 5810, "silosize": 500}, "activation_energy": 95, "activation_gfx_effect": "basic_aether_dragger"}', '2022-11-20 16:28:26.120401-05', '6aff6062-10df-4925-8214-5b208453da73', 'Module for new noob ship for player', 'ee31aefe-8257-406b-8a3e-d615012fc2a4', 1, false);
    INSERT INTO public.items (id, itemtypeid, meta, created, createdby, createdreason, containerid, quantity, ispackaged) VALUES ('405831a8-967e-4ea7-bf86-7d4e65a93198', '09172710-740c-4d1c-9fc0-43cb62e674e7', '{"hp": 5, "rack": "b", "volume": 4, "cooldown": 7, "needs_target": false, "activation_heat": 65, "industrialmarket": {"maxprice": 650, "minprice": 275, "silosize": 1000}, "activation_energy": 15, "shield_boost_amount": 20, "activation_gfx_effect": "basic_shield_booster"}', '2022-11-20 16:28:26.122214-05', '6aff6062-10df-4925-8214-5b208453da73', 'Module for new noob ship for player', 'ee31aefe-8257-406b-8a3e-d615012fc2a4', 1, false);
    INSERT INTO public.items (id, itemtypeid, meta, created, createdby, createdreason, containerid, quantity, ispackaged) VALUES ('c2d572f6-5e18-447a-8e35-50077c5733e4', '993bc7c8-fb2a-423f-8000-39c7fb6be743', '{"hp": 8, "rack": "c", "volume": 6, "energy_max_add": 62, "industrialmarket": {"maxprice": 1237, "minprice": 904, "silosize": 1000}}', '2022-11-20 16:28:26.123777-05', '6aff6062-10df-4925-8214-5b208453da73', 'Module for new noob ship for player', 'ee31aefe-8257-406b-8a3e-d615012fc2a4', 1, false);
    INSERT INTO public.items (id, itemtypeid, meta, created, createdby, createdreason, containerid, quantity, ispackaged) VALUES ('9e3a7272-8dca-4d0e-9e0c-1d7b45e35e17', 'efee923f-aff6-41f3-ac45-2effd4fa04ac', '{"hp": 38, "rack": "c", "volume": 4, "heat_sink_add": 6.2, "industrialmarket": {"maxprice": 720, "minprice": 460, "silosize": 1000}}', '2022-11-20 16:28:26.125443-05', '6aff6062-10df-4925-8214-5b208453da73', 'Module for new noob ship for player', 'ee31aefe-8257-406b-8a3e-d615012fc2a4', 1, false);

    -- fix current ship ids
    update users set current_shipid = '1d5dc2e5-f49c-4716-99fd-fe249f42f0e2' where id = '7a1ec809-fd63-491d-a850-db89839e9389';
    update users set current_shipid = '7195d624-02d6-471e-b55a-b3c30b392253' where id = 'cdf86ad2-a1b8-43dc-96f3-1a523d70a314';
    update users set current_shipid = 'df927047-7d30-4a91-8730-24ee8b5603f1' where id = '8f2e3596-342a-4392-935b-9483795765c9';
    update users set current_shipid = '7ab53d2b-9661-4a4d-9905-13770dd24b37' where id = 'e197ec8d-6ddf-48ca-ba6a-094aedffed4d';
    update users set current_shipid = '6fb6fec3-4c31-40d7-b1f7-625faef07d74' where id = '4d6c31a3-02b9-4de0-bef5-59c50d67f94c';
    update users set current_shipid = '1ec0da06-a461-49d9-801b-a0fa6f7d4209' where id = 'bdc4a561-8013-4aca-b1d8-4da0a8121177';
    update users set current_shipid = '3257b1cd-64d5-4bdc-9f70-0f77ecc04ded' where id = 'f35eb392-5f22-4162-99d7-5ab87cdd69cb';
    update users set current_shipid = '8bfb6ef6-9de0-47b4-9e9a-e1967137ae75' where id = '6aff6062-10df-4925-8214-5b208453da73';

-- bad rabbits

    -- containers
    INSERT INTO public.containers (id, meta, created) VALUES ('f746c0fc-feab-4fce-9fbe-6eb6fbd46e1d', '{}', '2022-11-20 16:44:05.445457-05');
    INSERT INTO public.containers (id, meta, created) VALUES ('3feb92bc-cecf-4d13-bdc4-0a5c9dc3eec6', '{}', '2022-11-20 16:44:05.450509-05');
    INSERT INTO public.containers (id, meta, created) VALUES ('13076a6f-58cc-47ca-a994-32407faea6fc', '{}', '2022-11-20 16:44:05.451977-05');
    INSERT INTO public.containers (id, meta, created) VALUES ('ba98c9fb-cab8-4bdd-9034-0841760a71b6', '{}', '2022-11-20 16:44:05.453377-05');
    INSERT INTO public.containers (id, meta, created) VALUES ('8ea9196e-afda-44aa-bc42-0e0685127014', '{}', '2022-11-20 16:44:05.473576-05');
    INSERT INTO public.containers (id, meta, created) VALUES ('b2c01cdb-074c-4b74-9959-0832f364f9ae', '{}', '2022-11-20 16:44:05.474935-05');
    INSERT INTO public.containers (id, meta, created) VALUES ('b9a0a0bb-36f0-4604-a07c-18a43049d412', '{}', '2022-11-20 16:44:05.476255-05');
    INSERT INTO public.containers (id, meta, created) VALUES ('cb2c05b8-f8cb-4ad2-9f5d-bbd5eadd649b', '{}', '2022-11-20 16:44:05.494297-05');
    INSERT INTO public.containers (id, meta, created) VALUES ('1a4f7b05-0bdd-48fc-a770-ac84c6d29b17', '{}', '2022-11-20 16:44:05.495561-05');
    INSERT INTO public.containers (id, meta, created) VALUES ('b58c4bc9-4eee-44b4-a8c4-9947c3c994d7', '{}', '2022-11-20 16:44:05.496943-05');
    INSERT INTO public.containers (id, meta, created) VALUES ('3305717a-6732-40fd-9a01-22e4cc83c400', '{}', '2022-11-20 16:44:05.515068-05');
    INSERT INTO public.containers (id, meta, created) VALUES ('4f5d4c7d-3841-43c0-a78a-8c3b3ce9dbef', '{}', '2022-11-20 16:44:05.516482-05');
    INSERT INTO public.containers (id, meta, created) VALUES ('5ba5da45-955e-41d9-b9a6-596720b285fa', '{}', '2022-11-20 16:44:05.517868-05');
    INSERT INTO public.containers (id, meta, created) VALUES ('27638e60-fd73-4a81-882b-ef640948a874', '{}', '2022-11-20 16:44:05.535685-05');
    INSERT INTO public.containers (id, meta, created) VALUES ('45bc0c73-0fbb-480b-a575-87f414aaec7a', '{}', '2022-11-20 16:44:05.537061-05');
    INSERT INTO public.containers (id, meta, created) VALUES ('5a3bb530-478b-4568-96ef-ce5079787e36', '{}', '2022-11-20 16:44:05.538383-05');
    INSERT INTO public.containers (id, meta, created) VALUES ('e91a9c26-a6fd-4ec7-b730-e0ac18a2410c', '{}', '2022-11-20 16:44:05.556713-05');
    INSERT INTO public.containers (id, meta, created) VALUES ('1aa47598-34ad-4adb-86e4-0e660e77eca3', '{}', '2022-11-20 16:44:05.558112-05');
    INSERT INTO public.containers (id, meta, created) VALUES ('0eae3f2c-8b5c-4078-be09-e0d2900d34af', '{}', '2022-11-20 16:44:05.559396-05');
    INSERT INTO public.containers (id, meta, created) VALUES ('162fe0d2-58d3-437b-948d-0514c45d9eab', '{}', '2022-11-20 16:44:05.577569-05');
    INSERT INTO public.containers (id, meta, created) VALUES ('47ac3551-8add-4011-84c5-b08b0ecab9b6', '{}', '2022-11-20 16:44:05.579084-05');
    INSERT INTO public.containers (id, meta, created) VALUES ('b93e3f02-fc9f-485b-8bee-cdf3bc73f4dd', '{}', '2022-11-20 16:44:05.580647-05');
    INSERT INTO public.containers (id, meta, created) VALUES ('454c4b5e-cb84-4917-ae70-1fbd0bbcc314', '{}', '2022-11-20 16:44:05.598541-05');
    INSERT INTO public.containers (id, meta, created) VALUES ('65b2cd33-e248-40e3-b9b0-3d72870b5afe', '{}', '2022-11-20 16:44:05.599877-05');
    INSERT INTO public.containers (id, meta, created) VALUES ('01e6387d-e5c2-4e09-a350-61574583ffd4', '{}', '2022-11-20 16:44:05.601291-05');

    -- users
    INSERT INTO public.users (id, charactername, hashpass, registered, banned, current_shipid, startid, escrow_containerid, current_factionid, reputationsheet, isnpc, behaviourmode, emailaddress, experiencesheet, registeredip, isdev, resettoken) VALUES ('107caf28-5ebd-4eab-8c48-1f15cb9a166a', 'Vere Snyder', '0cce5bb68d78ad292202faf1eaf03808f74ba8efa0790c341c303b24f108a6e8', '2022-11-20 16:44:05.447354-05', B'0', NULL, 'bf0efe8d-f855-4809-95ad-1558cc4c2d34', 'f746c0fc-feab-4fce-9fbe-6eb6fbd46e1d', '7decfd86-9c82-4a17-af3b-5d4af8c4e2ad', '{"factionEntries": {"27a53dfc-a321-4c12-bf7c-bb177955c95b": {"FactionID": "27a53dfc-a321-4c12-bf7c-bb177955c95b", "StandingValue": -0.5, "AreOpenlyHostile": false}, "30bc70eb-2692-47e6-a7e3-2772e131c3d7": {"FactionID": "30bc70eb-2692-47e6-a7e3-2772e131c3d7", "StandingValue": -8, "AreOpenlyHostile": true}, "506286f5-6613-4481-ac26-caa9940fbe68": {"FactionID": "506286f5-6613-4481-ac26-caa9940fbe68", "StandingValue": -3.5, "AreOpenlyHostile": true}, "559d7fc1-5470-4ab4-8c66-fa2f0b89a523": {"FactionID": "559d7fc1-5470-4ab4-8c66-fa2f0b89a523", "StandingValue": -3.5, "AreOpenlyHostile": true}, "5db2bec7-37c3-4f1c-ab88-21024c12d639": {"FactionID": "5db2bec7-37c3-4f1c-ab88-21024c12d639", "StandingValue": -3, "AreOpenlyHostile": true}, "7decfd86-9c82-4a17-af3b-5d4af8c4e2ad": {"FactionID": "7decfd86-9c82-4a17-af3b-5d4af8c4e2ad", "StandingValue": 10, "AreOpenlyHostile": false}, "a0152cbb-8a78-45a4-ae9b-2ad2b60b583b": {"FactionID": "a0152cbb-8a78-45a4-ae9b-2ad2b60b583b", "StandingValue": -0.5, "AreOpenlyHostile": false}, "bdeffd9a-3cab-408c-9cd7-32fce1124f7a": {"FactionID": "bdeffd9a-3cab-408c-9cd7-32fce1124f7a", "StandingValue": -3, "AreOpenlyHostile": true}}}', true, 5, NULL, '{}', '[::1]:58520', false, NULL);
    INSERT INTO public.users (id, charactername, hashpass, registered, banned, current_shipid, startid, escrow_containerid, current_factionid, reputationsheet, isnpc, behaviourmode, emailaddress, experiencesheet, registeredip, isdev, resettoken) VALUES ('5511fa56-a3ae-439f-938b-2825c23b358f', 'Bruno West', '80565b5fbaa8f80156e3aba08395098299d84aadb0e1944d66643d48a37b40bf', '2022-11-20 16:44:05.471619-05', B'0', NULL, 'bf0efe8d-f855-4809-95ad-1558cc4c2d34', 'f746c0fc-feab-4fce-9fbe-6eb6fbd46e1d', '7decfd86-9c82-4a17-af3b-5d4af8c4e2ad', '{"factionEntries": {"27a53dfc-a321-4c12-bf7c-bb177955c95b": {"FactionID": "27a53dfc-a321-4c12-bf7c-bb177955c95b", "StandingValue": -0.5, "AreOpenlyHostile": false}, "30bc70eb-2692-47e6-a7e3-2772e131c3d7": {"FactionID": "30bc70eb-2692-47e6-a7e3-2772e131c3d7", "StandingValue": -8, "AreOpenlyHostile": true}, "506286f5-6613-4481-ac26-caa9940fbe68": {"FactionID": "506286f5-6613-4481-ac26-caa9940fbe68", "StandingValue": -3.5, "AreOpenlyHostile": true}, "559d7fc1-5470-4ab4-8c66-fa2f0b89a523": {"FactionID": "559d7fc1-5470-4ab4-8c66-fa2f0b89a523", "StandingValue": -3.5, "AreOpenlyHostile": true}, "5db2bec7-37c3-4f1c-ab88-21024c12d639": {"FactionID": "5db2bec7-37c3-4f1c-ab88-21024c12d639", "StandingValue": -3, "AreOpenlyHostile": true}, "7decfd86-9c82-4a17-af3b-5d4af8c4e2ad": {"FactionID": "7decfd86-9c82-4a17-af3b-5d4af8c4e2ad", "StandingValue": 10, "AreOpenlyHostile": false}, "a0152cbb-8a78-45a4-ae9b-2ad2b60b583b": {"FactionID": "a0152cbb-8a78-45a4-ae9b-2ad2b60b583b", "StandingValue": -0.5, "AreOpenlyHostile": false}, "bdeffd9a-3cab-408c-9cd7-32fce1124f7a": {"FactionID": "bdeffd9a-3cab-408c-9cd7-32fce1124f7a", "StandingValue": -3, "AreOpenlyHostile": true}}}', true, 5, NULL, '{}', '[::1]:58520', false, NULL);
    INSERT INTO public.users (id, charactername, hashpass, registered, banned, current_shipid, startid, escrow_containerid, current_factionid, reputationsheet, isnpc, behaviourmode, emailaddress, experiencesheet, registeredip, isdev, resettoken) VALUES ('fcb4c436-10f4-4121-928e-4b721484e489', 'Saladin Safi', '8ff002eea95e388a9596b402ae85b448e3f5bd071fbed073e8be61750d5b4b3d', '2022-11-20 16:44:05.492393-05', B'0', NULL, 'bf0efe8d-f855-4809-95ad-1558cc4c2d34', 'f746c0fc-feab-4fce-9fbe-6eb6fbd46e1d', '7decfd86-9c82-4a17-af3b-5d4af8c4e2ad', '{"factionEntries": {"27a53dfc-a321-4c12-bf7c-bb177955c95b": {"FactionID": "27a53dfc-a321-4c12-bf7c-bb177955c95b", "StandingValue": -0.5, "AreOpenlyHostile": false}, "30bc70eb-2692-47e6-a7e3-2772e131c3d7": {"FactionID": "30bc70eb-2692-47e6-a7e3-2772e131c3d7", "StandingValue": -8, "AreOpenlyHostile": true}, "506286f5-6613-4481-ac26-caa9940fbe68": {"FactionID": "506286f5-6613-4481-ac26-caa9940fbe68", "StandingValue": -3.5, "AreOpenlyHostile": true}, "559d7fc1-5470-4ab4-8c66-fa2f0b89a523": {"FactionID": "559d7fc1-5470-4ab4-8c66-fa2f0b89a523", "StandingValue": -3.5, "AreOpenlyHostile": true}, "5db2bec7-37c3-4f1c-ab88-21024c12d639": {"FactionID": "5db2bec7-37c3-4f1c-ab88-21024c12d639", "StandingValue": -3, "AreOpenlyHostile": true}, "7decfd86-9c82-4a17-af3b-5d4af8c4e2ad": {"FactionID": "7decfd86-9c82-4a17-af3b-5d4af8c4e2ad", "StandingValue": 10, "AreOpenlyHostile": false}, "a0152cbb-8a78-45a4-ae9b-2ad2b60b583b": {"FactionID": "a0152cbb-8a78-45a4-ae9b-2ad2b60b583b", "StandingValue": -0.5, "AreOpenlyHostile": false}, "bdeffd9a-3cab-408c-9cd7-32fce1124f7a": {"FactionID": "bdeffd9a-3cab-408c-9cd7-32fce1124f7a", "StandingValue": -3, "AreOpenlyHostile": true}}}', true, 5, NULL, '{}', '[::1]:58520', false, NULL);
    INSERT INTO public.users (id, charactername, hashpass, registered, banned, current_shipid, startid, escrow_containerid, current_factionid, reputationsheet, isnpc, behaviourmode, emailaddress, experiencesheet, registeredip, isdev, resettoken) VALUES ('442d82dd-657e-421f-b8c0-1cde359fde37', 'Pierre Rome', '6021f06fb68904dc25b41d4f9fb35840edd6ef953d30e2381009921a0d206b4f', '2022-11-20 16:44:05.513143-05', B'0', NULL, 'bf0efe8d-f855-4809-95ad-1558cc4c2d34', 'f746c0fc-feab-4fce-9fbe-6eb6fbd46e1d', '7decfd86-9c82-4a17-af3b-5d4af8c4e2ad', '{"factionEntries": {"27a53dfc-a321-4c12-bf7c-bb177955c95b": {"FactionID": "27a53dfc-a321-4c12-bf7c-bb177955c95b", "StandingValue": -0.5, "AreOpenlyHostile": false}, "30bc70eb-2692-47e6-a7e3-2772e131c3d7": {"FactionID": "30bc70eb-2692-47e6-a7e3-2772e131c3d7", "StandingValue": -8, "AreOpenlyHostile": true}, "506286f5-6613-4481-ac26-caa9940fbe68": {"FactionID": "506286f5-6613-4481-ac26-caa9940fbe68", "StandingValue": -3.5, "AreOpenlyHostile": true}, "559d7fc1-5470-4ab4-8c66-fa2f0b89a523": {"FactionID": "559d7fc1-5470-4ab4-8c66-fa2f0b89a523", "StandingValue": -3.5, "AreOpenlyHostile": true}, "5db2bec7-37c3-4f1c-ab88-21024c12d639": {"FactionID": "5db2bec7-37c3-4f1c-ab88-21024c12d639", "StandingValue": -3, "AreOpenlyHostile": true}, "7decfd86-9c82-4a17-af3b-5d4af8c4e2ad": {"FactionID": "7decfd86-9c82-4a17-af3b-5d4af8c4e2ad", "StandingValue": 10, "AreOpenlyHostile": false}, "a0152cbb-8a78-45a4-ae9b-2ad2b60b583b": {"FactionID": "a0152cbb-8a78-45a4-ae9b-2ad2b60b583b", "StandingValue": -0.5, "AreOpenlyHostile": false}, "bdeffd9a-3cab-408c-9cd7-32fce1124f7a": {"FactionID": "bdeffd9a-3cab-408c-9cd7-32fce1124f7a", "StandingValue": -3, "AreOpenlyHostile": true}}}', true, 5, NULL, '{}', '[::1]:58520', false, NULL);
    INSERT INTO public.users (id, charactername, hashpass, registered, banned, current_shipid, startid, escrow_containerid, current_factionid, reputationsheet, isnpc, behaviourmode, emailaddress, experiencesheet, registeredip, isdev, resettoken) VALUES ('dd2e8392-4565-4db8-af2d-a9c5a2f9197d', 'Ida Amaya', 'bd3bc28d39a5c64f537e9db625dba01c43cfac3a949bb014032517f2fc70946b', '2022-11-20 16:44:05.533755-05', B'0', NULL, 'bf0efe8d-f855-4809-95ad-1558cc4c2d34', 'f746c0fc-feab-4fce-9fbe-6eb6fbd46e1d', '7decfd86-9c82-4a17-af3b-5d4af8c4e2ad', '{"factionEntries": {"27a53dfc-a321-4c12-bf7c-bb177955c95b": {"FactionID": "27a53dfc-a321-4c12-bf7c-bb177955c95b", "StandingValue": -0.5, "AreOpenlyHostile": false}, "30bc70eb-2692-47e6-a7e3-2772e131c3d7": {"FactionID": "30bc70eb-2692-47e6-a7e3-2772e131c3d7", "StandingValue": -8, "AreOpenlyHostile": true}, "506286f5-6613-4481-ac26-caa9940fbe68": {"FactionID": "506286f5-6613-4481-ac26-caa9940fbe68", "StandingValue": -3.5, "AreOpenlyHostile": true}, "559d7fc1-5470-4ab4-8c66-fa2f0b89a523": {"FactionID": "559d7fc1-5470-4ab4-8c66-fa2f0b89a523", "StandingValue": -3.5, "AreOpenlyHostile": true}, "5db2bec7-37c3-4f1c-ab88-21024c12d639": {"FactionID": "5db2bec7-37c3-4f1c-ab88-21024c12d639", "StandingValue": -3, "AreOpenlyHostile": true}, "7decfd86-9c82-4a17-af3b-5d4af8c4e2ad": {"FactionID": "7decfd86-9c82-4a17-af3b-5d4af8c4e2ad", "StandingValue": 10, "AreOpenlyHostile": false}, "a0152cbb-8a78-45a4-ae9b-2ad2b60b583b": {"FactionID": "a0152cbb-8a78-45a4-ae9b-2ad2b60b583b", "StandingValue": -0.5, "AreOpenlyHostile": false}, "bdeffd9a-3cab-408c-9cd7-32fce1124f7a": {"FactionID": "bdeffd9a-3cab-408c-9cd7-32fce1124f7a", "StandingValue": -3, "AreOpenlyHostile": true}}}', true, 5, NULL, '{}', '[::1]:58520', false, NULL);
    INSERT INTO public.users (id, charactername, hashpass, registered, banned, current_shipid, startid, escrow_containerid, current_factionid, reputationsheet, isnpc, behaviourmode, emailaddress, experiencesheet, registeredip, isdev, resettoken) VALUES ('ff506966-cfc9-4d7c-a3bd-8565bfd29d20', 'Cinzia Femia', 'febd1e542b32ab2e53d1b228e67a50dd62ca342c8021c0aeaed3df19818f0531', '2022-11-20 16:44:05.554497-05', B'0', NULL, 'bf0efe8d-f855-4809-95ad-1558cc4c2d34', 'f746c0fc-feab-4fce-9fbe-6eb6fbd46e1d', '7decfd86-9c82-4a17-af3b-5d4af8c4e2ad', '{"factionEntries": {"27a53dfc-a321-4c12-bf7c-bb177955c95b": {"FactionID": "27a53dfc-a321-4c12-bf7c-bb177955c95b", "StandingValue": -0.5, "AreOpenlyHostile": false}, "30bc70eb-2692-47e6-a7e3-2772e131c3d7": {"FactionID": "30bc70eb-2692-47e6-a7e3-2772e131c3d7", "StandingValue": -8, "AreOpenlyHostile": true}, "506286f5-6613-4481-ac26-caa9940fbe68": {"FactionID": "506286f5-6613-4481-ac26-caa9940fbe68", "StandingValue": -3.5, "AreOpenlyHostile": true}, "559d7fc1-5470-4ab4-8c66-fa2f0b89a523": {"FactionID": "559d7fc1-5470-4ab4-8c66-fa2f0b89a523", "StandingValue": -3.5, "AreOpenlyHostile": true}, "5db2bec7-37c3-4f1c-ab88-21024c12d639": {"FactionID": "5db2bec7-37c3-4f1c-ab88-21024c12d639", "StandingValue": -3, "AreOpenlyHostile": true}, "7decfd86-9c82-4a17-af3b-5d4af8c4e2ad": {"FactionID": "7decfd86-9c82-4a17-af3b-5d4af8c4e2ad", "StandingValue": 10, "AreOpenlyHostile": false}, "a0152cbb-8a78-45a4-ae9b-2ad2b60b583b": {"FactionID": "a0152cbb-8a78-45a4-ae9b-2ad2b60b583b", "StandingValue": -0.5, "AreOpenlyHostile": false}, "bdeffd9a-3cab-408c-9cd7-32fce1124f7a": {"FactionID": "bdeffd9a-3cab-408c-9cd7-32fce1124f7a", "StandingValue": -3, "AreOpenlyHostile": true}}}', true, 5, NULL, '{}', '[::1]:58520', false, NULL);
    INSERT INTO public.users (id, charactername, hashpass, registered, banned, current_shipid, startid, escrow_containerid, current_factionid, reputationsheet, isnpc, behaviourmode, emailaddress, experiencesheet, registeredip, isdev, resettoken) VALUES ('606e133c-975e-4460-b73f-7f54e8f82d4f', 'Meryem Gll', '30a13cfd217173d0c53a74c5e0e148de1bf037ae7584a549fd9e69ac979881a6', '2022-11-20 16:44:05.575579-05', B'0', NULL, 'bf0efe8d-f855-4809-95ad-1558cc4c2d34', 'f746c0fc-feab-4fce-9fbe-6eb6fbd46e1d', '7decfd86-9c82-4a17-af3b-5d4af8c4e2ad', '{"factionEntries": {"27a53dfc-a321-4c12-bf7c-bb177955c95b": {"FactionID": "27a53dfc-a321-4c12-bf7c-bb177955c95b", "StandingValue": -0.5, "AreOpenlyHostile": false}, "30bc70eb-2692-47e6-a7e3-2772e131c3d7": {"FactionID": "30bc70eb-2692-47e6-a7e3-2772e131c3d7", "StandingValue": -8, "AreOpenlyHostile": true}, "506286f5-6613-4481-ac26-caa9940fbe68": {"FactionID": "506286f5-6613-4481-ac26-caa9940fbe68", "StandingValue": -3.5, "AreOpenlyHostile": true}, "559d7fc1-5470-4ab4-8c66-fa2f0b89a523": {"FactionID": "559d7fc1-5470-4ab4-8c66-fa2f0b89a523", "StandingValue": -3.5, "AreOpenlyHostile": true}, "5db2bec7-37c3-4f1c-ab88-21024c12d639": {"FactionID": "5db2bec7-37c3-4f1c-ab88-21024c12d639", "StandingValue": -3, "AreOpenlyHostile": true}, "7decfd86-9c82-4a17-af3b-5d4af8c4e2ad": {"FactionID": "7decfd86-9c82-4a17-af3b-5d4af8c4e2ad", "StandingValue": 10, "AreOpenlyHostile": false}, "a0152cbb-8a78-45a4-ae9b-2ad2b60b583b": {"FactionID": "a0152cbb-8a78-45a4-ae9b-2ad2b60b583b", "StandingValue": -0.5, "AreOpenlyHostile": false}, "bdeffd9a-3cab-408c-9cd7-32fce1124f7a": {"FactionID": "bdeffd9a-3cab-408c-9cd7-32fce1124f7a", "StandingValue": -3, "AreOpenlyHostile": true}}}', true, 5, NULL, '{}', '[::1]:58520', false, NULL);
    INSERT INTO public.users (id, charactername, hashpass, registered, banned, current_shipid, startid, escrow_containerid, current_factionid, reputationsheet, isnpc, behaviourmode, emailaddress, experiencesheet, registeredip, isdev, resettoken) VALUES ('4c6cd317-a79c-4b30-8a2c-9fa1222c1a2c', 'Rhianu Firth', '4e95fe5729f47d1a99ae39e9aa077dca24f68c8590d36f50ce9c3db1c3aa8ca9', '2022-11-20 16:44:05.596489-05', B'0', NULL, 'bf0efe8d-f855-4809-95ad-1558cc4c2d34', 'f746c0fc-feab-4fce-9fbe-6eb6fbd46e1d', '7decfd86-9c82-4a17-af3b-5d4af8c4e2ad', '{"factionEntries": {"27a53dfc-a321-4c12-bf7c-bb177955c95b": {"FactionID": "27a53dfc-a321-4c12-bf7c-bb177955c95b", "StandingValue": -0.5, "AreOpenlyHostile": false}, "30bc70eb-2692-47e6-a7e3-2772e131c3d7": {"FactionID": "30bc70eb-2692-47e6-a7e3-2772e131c3d7", "StandingValue": -8, "AreOpenlyHostile": true}, "506286f5-6613-4481-ac26-caa9940fbe68": {"FactionID": "506286f5-6613-4481-ac26-caa9940fbe68", "StandingValue": -3.5, "AreOpenlyHostile": true}, "559d7fc1-5470-4ab4-8c66-fa2f0b89a523": {"FactionID": "559d7fc1-5470-4ab4-8c66-fa2f0b89a523", "StandingValue": -3.5, "AreOpenlyHostile": true}, "5db2bec7-37c3-4f1c-ab88-21024c12d639": {"FactionID": "5db2bec7-37c3-4f1c-ab88-21024c12d639", "StandingValue": -3, "AreOpenlyHostile": true}, "7decfd86-9c82-4a17-af3b-5d4af8c4e2ad": {"FactionID": "7decfd86-9c82-4a17-af3b-5d4af8c4e2ad", "StandingValue": 10, "AreOpenlyHostile": false}, "a0152cbb-8a78-45a4-ae9b-2ad2b60b583b": {"FactionID": "a0152cbb-8a78-45a4-ae9b-2ad2b60b583b", "StandingValue": -0.5, "AreOpenlyHostile": false}, "bdeffd9a-3cab-408c-9cd7-32fce1124f7a": {"FactionID": "bdeffd9a-3cab-408c-9cd7-32fce1124f7a", "StandingValue": -3, "AreOpenlyHostile": true}}}', true, 5, NULL, '{}', '[::1]:58520', false, NULL);

    -- ships
    INSERT INTO public.ships (id, universe_systemid, userid, pos_x, pos_y, created, shipname, texture, theta, vel_x, vel_y, shield, armor, hull, fuel, heat, energy, shiptemplateid, dockedat_stationid, fitting, destroyed, destroyedat, cargobay_containerid, fittingbay_containerid, remaxdirty, trash_containerid, wallet, noload, flightexperiencemodifier) VALUES ('f0e21817-43cb-4c42-8255-4c8760ca956b', '0584b6b3-86ba-4cde-b4bd-2063cdc525ac', '606e133c-975e-4460-b73f-7f54e8f82d4f', 0, 0, '2022-11-20 16:44:05.591762-05', 'Meryem Gll''s Starter Ship', 'Gila', 0, 0, 0, 185, 810, 271, 895, 0, 72, '26566ccf-8700-4538-87d8-26e6dd9b136f', '257e8dca-661f-4d76-94dc-38b1aa33b0d7', '{"a_rack": [{"item_id": "8aefb667-a772-4d1e-b187-f48bc9112279", "slot_idx": 0, "item_type_id": "fc212b1e-84db-489b-b4af-4a8513516cf7"}, {"item_id": "ba37e0fc-4664-4209-8a4d-d05b66c9bc29", "slot_idx": 1, "item_type_id": "4d434e80-b8d5-488c-8f83-e3a4e62293b5"}], "b_rack": [{"item_id": "97219a24-92dd-428b-b690-3a9cd285846d", "slot_idx": 0, "item_type_id": "21587e95-fdbd-4be7-b103-db3f9ea72a19"}], "c_rack": [{"item_id": "b541de81-4ff5-45f8-a8f1-3558bed02198", "slot_idx": 0, "item_type_id": "6b8b44b8-64fe-48f6-a451-3f14b1be7fa9"}, {"item_id": "a32264d9-2e9c-4200-b122-4ea033c2086a", "slot_idx": 1, "item_type_id": "6b8b44b8-64fe-48f6-a451-3f14b1be7fa9"}, {"item_id": "224b4fa4-f1c3-4c75-bca8-48060dab45be", "slot_idx": 2, "item_type_id": "6b8b44b8-64fe-48f6-a451-3f14b1be7fa9"}]}', false, NULL, '47ac3551-8add-4011-84c5-b08b0ecab9b6', 'b93e3f02-fc9f-485b-8bee-cdf3bc73f4dd', true, '162fe0d2-58d3-437b-948d-0514c45d9eab', 10000, false, 1);
    INSERT INTO public.ships (id, universe_systemid, userid, pos_x, pos_y, created, shipname, texture, theta, vel_x, vel_y, shield, armor, hull, fuel, heat, energy, shiptemplateid, dockedat_stationid, fitting, destroyed, destroyedat, cargobay_containerid, fittingbay_containerid, remaxdirty, trash_containerid, wallet, noload, flightexperiencemodifier) VALUES ('3f93af4b-54a9-4de6-94ed-f78862c40ca0', '0584b6b3-86ba-4cde-b4bd-2063cdc525ac', '4c6cd317-a79c-4b30-8a2c-9fa1222c1a2c', 0, 0, '2022-11-20 16:44:05.612936-05', 'Rhianu Firth''s Starter Ship', 'Gila', 0, 0, 0, 185, 810, 271, 895, 0, 72, '26566ccf-8700-4538-87d8-26e6dd9b136f', '257e8dca-661f-4d76-94dc-38b1aa33b0d7', '{"a_rack": [{"item_id": "4a95894a-d437-40cc-9848-aa0ef7c9ce19", "slot_idx": 0, "item_type_id": "fc212b1e-84db-489b-b4af-4a8513516cf7"}, {"item_id": "d644a716-2c89-4b53-9e69-fe693b5d46fe", "slot_idx": 1, "item_type_id": "4d434e80-b8d5-488c-8f83-e3a4e62293b5"}], "b_rack": [{"item_id": "fdda739e-c408-46a7-be64-7be496b95130", "slot_idx": 0, "item_type_id": "21587e95-fdbd-4be7-b103-db3f9ea72a19"}], "c_rack": [{"item_id": "6218a863-4453-45c0-a756-34519b9e38c0", "slot_idx": 0, "item_type_id": "6b8b44b8-64fe-48f6-a451-3f14b1be7fa9"}, {"item_id": "0c646626-a856-4de1-b223-1e0bd77699ec", "slot_idx": 1, "item_type_id": "6b8b44b8-64fe-48f6-a451-3f14b1be7fa9"}, {"item_id": "1defa6c4-a227-42fc-bb61-46071f0d8869", "slot_idx": 2, "item_type_id": "6b8b44b8-64fe-48f6-a451-3f14b1be7fa9"}]}', false, NULL, '65b2cd33-e248-40e3-b9b0-3d72870b5afe', '01e6387d-e5c2-4e09-a350-61574583ffd4', true, '454c4b5e-cb84-4917-ae70-1fbd0bbcc314', 10000, false, 1);
    INSERT INTO public.ships (id, universe_systemid, userid, pos_x, pos_y, created, shipname, texture, theta, vel_x, vel_y, shield, armor, hull, fuel, heat, energy, shiptemplateid, dockedat_stationid, fitting, destroyed, destroyedat, cargobay_containerid, fittingbay_containerid, remaxdirty, trash_containerid, wallet, noload, flightexperiencemodifier) VALUES ('24007133-dd67-4a88-a835-f8f6dd357703', '0584b6b3-86ba-4cde-b4bd-2063cdc525ac', '107caf28-5ebd-4eab-8c48-1f15cb9a166a', 0, 0, '2022-11-20 16:44:05.466364-05', 'Vere Snyder''s Starter Ship', 'Gila', 0, 0, 0, 185, 810, 271, 895, 0, 72, '26566ccf-8700-4538-87d8-26e6dd9b136f', '257e8dca-661f-4d76-94dc-38b1aa33b0d7', '{"a_rack": [{"item_id": "e5c76755-7dd0-46ae-b9ab-e5ed0d308faf", "slot_idx": 0, "item_type_id": "fc212b1e-84db-489b-b4af-4a8513516cf7"}, {"item_id": "6888da3c-64a5-402d-b248-b066d1fc51e1", "slot_idx": 1, "item_type_id": "4d434e80-b8d5-488c-8f83-e3a4e62293b5"}], "b_rack": [{"item_id": "38bf2e46-62c7-4744-8c9a-cc3ca7081be7", "slot_idx": 0, "item_type_id": "21587e95-fdbd-4be7-b103-db3f9ea72a19"}], "c_rack": [{"item_id": "7ee08c84-eabe-461d-9bfa-eae02ea93d57", "slot_idx": 0, "item_type_id": "6b8b44b8-64fe-48f6-a451-3f14b1be7fa9"}, {"item_id": "87ac7a01-da2f-450e-8f6b-a8e9a5d7bd29", "slot_idx": 1, "item_type_id": "6b8b44b8-64fe-48f6-a451-3f14b1be7fa9"}, {"item_id": "d7b32e69-b58b-45e6-9d5c-ea05489d20ba", "slot_idx": 2, "item_type_id": "6b8b44b8-64fe-48f6-a451-3f14b1be7fa9"}]}', false, NULL, '13076a6f-58cc-47ca-a994-32407faea6fc', 'ba98c9fb-cab8-4bdd-9034-0841760a71b6', true, '3feb92bc-cecf-4d13-bdc4-0a5c9dc3eec6', 10000, false, 1);
    INSERT INTO public.ships (id, universe_systemid, userid, pos_x, pos_y, created, shipname, texture, theta, vel_x, vel_y, shield, armor, hull, fuel, heat, energy, shiptemplateid, dockedat_stationid, fitting, destroyed, destroyedat, cargobay_containerid, fittingbay_containerid, remaxdirty, trash_containerid, wallet, noload, flightexperiencemodifier) VALUES ('cc15c132-ad55-4fa4-8f11-3caa10e49fdf', '0584b6b3-86ba-4cde-b4bd-2063cdc525ac', '5511fa56-a3ae-439f-938b-2825c23b358f', 0, 0, '2022-11-20 16:44:05.487462-05', 'Bruno West''s Starter Ship', 'Gila', 0, 0, 0, 185, 810, 271, 895, 0, 72, '26566ccf-8700-4538-87d8-26e6dd9b136f', '257e8dca-661f-4d76-94dc-38b1aa33b0d7', '{"a_rack": [{"item_id": "e3dd6c4a-db23-4f50-90da-5ec33a209bf6", "slot_idx": 0, "item_type_id": "fc212b1e-84db-489b-b4af-4a8513516cf7"}, {"item_id": "39f54425-07e5-45d2-9a2e-faf9b3b84798", "slot_idx": 1, "item_type_id": "4d434e80-b8d5-488c-8f83-e3a4e62293b5"}], "b_rack": [{"item_id": "5727f33a-b4d5-4395-88cd-ac6600df3b72", "slot_idx": 0, "item_type_id": "21587e95-fdbd-4be7-b103-db3f9ea72a19"}], "c_rack": [{"item_id": "34edefe2-070c-460e-b803-e27ccf4bf86b", "slot_idx": 0, "item_type_id": "6b8b44b8-64fe-48f6-a451-3f14b1be7fa9"}, {"item_id": "5a051775-4934-48cf-8125-4f355eb3d0d5", "slot_idx": 1, "item_type_id": "6b8b44b8-64fe-48f6-a451-3f14b1be7fa9"}, {"item_id": "cece009e-9c3c-4351-ba38-af920d952c24", "slot_idx": 2, "item_type_id": "6b8b44b8-64fe-48f6-a451-3f14b1be7fa9"}]}', false, NULL, 'b2c01cdb-074c-4b74-9959-0832f364f9ae', 'b9a0a0bb-36f0-4604-a07c-18a43049d412', true, '8ea9196e-afda-44aa-bc42-0e0685127014', 10000, false, 1);
    INSERT INTO public.ships (id, universe_systemid, userid, pos_x, pos_y, created, shipname, texture, theta, vel_x, vel_y, shield, armor, hull, fuel, heat, energy, shiptemplateid, dockedat_stationid, fitting, destroyed, destroyedat, cargobay_containerid, fittingbay_containerid, remaxdirty, trash_containerid, wallet, noload, flightexperiencemodifier) VALUES ('ed16936b-b63a-461b-b118-a924ae33db8f', '0584b6b3-86ba-4cde-b4bd-2063cdc525ac', 'fcb4c436-10f4-4121-928e-4b721484e489', 0, 0, '2022-11-20 16:44:05.508487-05', 'Saladin Safi''s Starter Ship', 'Gila', 0, 0, 0, 185, 810, 271, 895, 0, 72, '26566ccf-8700-4538-87d8-26e6dd9b136f', '257e8dca-661f-4d76-94dc-38b1aa33b0d7', '{"a_rack": [{"item_id": "3b9e136f-a6f2-4d8e-b53c-5a026722c3b9", "slot_idx": 0, "item_type_id": "fc212b1e-84db-489b-b4af-4a8513516cf7"}, {"item_id": "d50b9b9d-78af-485d-b7a0-2fd62ca1b5a1", "slot_idx": 1, "item_type_id": "4d434e80-b8d5-488c-8f83-e3a4e62293b5"}], "b_rack": [{"item_id": "25a70a53-3f3f-4501-bb98-d485439d7807", "slot_idx": 0, "item_type_id": "21587e95-fdbd-4be7-b103-db3f9ea72a19"}], "c_rack": [{"item_id": "380e576f-e8db-4991-97dc-9cec9e1e5537", "slot_idx": 0, "item_type_id": "6b8b44b8-64fe-48f6-a451-3f14b1be7fa9"}, {"item_id": "fd83d46e-254e-4e49-bf08-87ce808bcfb4", "slot_idx": 1, "item_type_id": "6b8b44b8-64fe-48f6-a451-3f14b1be7fa9"}, {"item_id": "4bde2b77-fad2-4f72-a6dd-919499f93567", "slot_idx": 2, "item_type_id": "6b8b44b8-64fe-48f6-a451-3f14b1be7fa9"}]}', false, NULL, '1a4f7b05-0bdd-48fc-a770-ac84c6d29b17', 'b58c4bc9-4eee-44b4-a8c4-9947c3c994d7', true, 'cb2c05b8-f8cb-4ad2-9f5d-bbd5eadd649b', 10000, false, 1);
    INSERT INTO public.ships (id, universe_systemid, userid, pos_x, pos_y, created, shipname, texture, theta, vel_x, vel_y, shield, armor, hull, fuel, heat, energy, shiptemplateid, dockedat_stationid, fitting, destroyed, destroyedat, cargobay_containerid, fittingbay_containerid, remaxdirty, trash_containerid, wallet, noload, flightexperiencemodifier) VALUES ('fb7932e8-0c69-415e-a01a-93b11e09c2c1', '0584b6b3-86ba-4cde-b4bd-2063cdc525ac', '442d82dd-657e-421f-b8c0-1cde359fde37', 0, 0, '2022-11-20 16:44:05.528876-05', 'Pierre Rome''s Starter Ship', 'Gila', 0, 0, 0, 185, 810, 271, 895, 0, 72, '26566ccf-8700-4538-87d8-26e6dd9b136f', '257e8dca-661f-4d76-94dc-38b1aa33b0d7', '{"a_rack": [{"item_id": "15b80c1f-6a77-442e-ba2c-ebbb99f624c3", "slot_idx": 0, "item_type_id": "fc212b1e-84db-489b-b4af-4a8513516cf7"}, {"item_id": "ca335979-30fb-42ee-a0ce-809e2ea5a914", "slot_idx": 1, "item_type_id": "4d434e80-b8d5-488c-8f83-e3a4e62293b5"}], "b_rack": [{"item_id": "d127dfe8-5b91-4753-9b33-b358fce6a4b7", "slot_idx": 0, "item_type_id": "21587e95-fdbd-4be7-b103-db3f9ea72a19"}], "c_rack": [{"item_id": "0bcc8de6-55f6-4fae-9dcf-88db68d0c8a4", "slot_idx": 0, "item_type_id": "6b8b44b8-64fe-48f6-a451-3f14b1be7fa9"}, {"item_id": "aec4b6ca-5199-4e6f-9825-330a0eb0f05c", "slot_idx": 1, "item_type_id": "6b8b44b8-64fe-48f6-a451-3f14b1be7fa9"}, {"item_id": "7ba856fc-d0c0-439c-b37c-8582fc8aa173", "slot_idx": 2, "item_type_id": "6b8b44b8-64fe-48f6-a451-3f14b1be7fa9"}]}', false, NULL, '4f5d4c7d-3841-43c0-a78a-8c3b3ce9dbef', '5ba5da45-955e-41d9-b9a6-596720b285fa', true, '3305717a-6732-40fd-9a01-22e4cc83c400', 10000, false, 1);
    INSERT INTO public.ships (id, universe_systemid, userid, pos_x, pos_y, created, shipname, texture, theta, vel_x, vel_y, shield, armor, hull, fuel, heat, energy, shiptemplateid, dockedat_stationid, fitting, destroyed, destroyedat, cargobay_containerid, fittingbay_containerid, remaxdirty, trash_containerid, wallet, noload, flightexperiencemodifier) VALUES ('c36e8292-87d0-435a-8202-b10d77f0ef1b', '0584b6b3-86ba-4cde-b4bd-2063cdc525ac', 'dd2e8392-4565-4db8-af2d-a9c5a2f9197d', 0, 0, '2022-11-20 16:44:05.549509-05', 'Ida Amaya''s Starter Ship', 'Gila', 0, 0, 0, 185, 810, 271, 895, 0, 72, '26566ccf-8700-4538-87d8-26e6dd9b136f', '257e8dca-661f-4d76-94dc-38b1aa33b0d7', '{"a_rack": [{"item_id": "7e78926f-a508-4b49-bd5a-e44ed59d36b6", "slot_idx": 0, "item_type_id": "fc212b1e-84db-489b-b4af-4a8513516cf7"}, {"item_id": "88714f71-80eb-43f9-9697-3333984b99c9", "slot_idx": 1, "item_type_id": "4d434e80-b8d5-488c-8f83-e3a4e62293b5"}], "b_rack": [{"item_id": "2fd874a1-faa4-4f11-9d2e-7d722e70092a", "slot_idx": 0, "item_type_id": "21587e95-fdbd-4be7-b103-db3f9ea72a19"}], "c_rack": [{"item_id": "81c49e4f-e77c-4042-8764-f1393d45bae7", "slot_idx": 0, "item_type_id": "6b8b44b8-64fe-48f6-a451-3f14b1be7fa9"}, {"item_id": "794b7ae5-5ee1-4d8c-bdfc-09c0df578197", "slot_idx": 1, "item_type_id": "6b8b44b8-64fe-48f6-a451-3f14b1be7fa9"}, {"item_id": "a4c6cd69-e23e-445d-905a-36c4014c084a", "slot_idx": 2, "item_type_id": "6b8b44b8-64fe-48f6-a451-3f14b1be7fa9"}]}', false, NULL, '45bc0c73-0fbb-480b-a575-87f414aaec7a', '5a3bb530-478b-4568-96ef-ce5079787e36', true, '27638e60-fd73-4a81-882b-ef640948a874', 10000, false, 1);
    INSERT INTO public.ships (id, universe_systemid, userid, pos_x, pos_y, created, shipname, texture, theta, vel_x, vel_y, shield, armor, hull, fuel, heat, energy, shiptemplateid, dockedat_stationid, fitting, destroyed, destroyedat, cargobay_containerid, fittingbay_containerid, remaxdirty, trash_containerid, wallet, noload, flightexperiencemodifier) VALUES ('c33aecc2-0dae-40b3-84a9-2502cbec22ab', '0584b6b3-86ba-4cde-b4bd-2063cdc525ac', 'ff506966-cfc9-4d7c-a3bd-8565bfd29d20', 0, 0, '2022-11-20 16:44:05.570793-05', 'Cinzia Femia''s Starter Ship', 'Gila', 0, 0, 0, 185, 810, 271, 895, 0, 72, '26566ccf-8700-4538-87d8-26e6dd9b136f', '257e8dca-661f-4d76-94dc-38b1aa33b0d7', '{"a_rack": [{"item_id": "acdeb68b-75fd-4cf1-bf23-7344abe50a2a", "slot_idx": 0, "item_type_id": "fc212b1e-84db-489b-b4af-4a8513516cf7"}, {"item_id": "f7f40f1e-1b5d-4487-9a1c-02f7e5eb3077", "slot_idx": 1, "item_type_id": "4d434e80-b8d5-488c-8f83-e3a4e62293b5"}], "b_rack": [{"item_id": "bfb471dd-eb63-436d-bc1a-649b59c8c543", "slot_idx": 0, "item_type_id": "21587e95-fdbd-4be7-b103-db3f9ea72a19"}], "c_rack": [{"item_id": "b076ef91-f017-4b45-b948-69fabe9fc7aa", "slot_idx": 0, "item_type_id": "6b8b44b8-64fe-48f6-a451-3f14b1be7fa9"}, {"item_id": "d5813da8-8751-4448-ac5e-5558b2ae2b59", "slot_idx": 1, "item_type_id": "6b8b44b8-64fe-48f6-a451-3f14b1be7fa9"}, {"item_id": "13991590-e84c-4292-8149-d8b8ffea2347", "slot_idx": 2, "item_type_id": "6b8b44b8-64fe-48f6-a451-3f14b1be7fa9"}]}', false, NULL, '1aa47598-34ad-4adb-86e4-0e660e77eca3', '0eae3f2c-8b5c-4078-be09-e0d2900d34af', true, 'e91a9c26-a6fd-4ec7-b730-e0ac18a2410c', 10000, false, 1);

    -- items
    INSERT INTO public.items (id, itemtypeid, meta, created, createdby, createdreason, containerid, quantity, ispackaged) VALUES ('e5c76755-7dd0-46ae-b9ab-e5ed0d308faf', 'fc212b1e-84db-489b-b4af-4a8513516cf7', '{"hp": 10, "rack": "a", "range": 7520, "volume": 8, "cooldown": 36.8, "flight_time": 22.7, "hull_damage": 795, "armor_damage": 776, "needs_target": true, "shield_damage": 702, "missile_radius": 2.5, "activation_heat": 4.8, "ammunition_name": "LGPM-4", "ammunition_type": "b9b274c4-d938-4155-8c69-ecb6c4df054f", "fault_tolerance": 0.93, "industrialmarket": {"maxprice": 3691, "minprice": 1577, "silosize": 200}, "activation_energy": 0.15, "missile_gfx_effect": "lgpm-4", "missile_explosion_effect": "basic_explosion", "missile_explosion_radius": 5}', '2022-11-20 16:44:05.454979-05', '107caf28-5ebd-4eab-8c48-1f15cb9a166a', 'Module for new noob ship for player', 'ba98c9fb-cab8-4bdd-9034-0841760a71b6', 1, false);
    INSERT INTO public.items (id, itemtypeid, meta, created, createdby, createdreason, containerid, quantity, ispackaged) VALUES ('6888da3c-64a5-402d-b248-b066d1fc51e1', '4d434e80-b8d5-488c-8f83-e3a4e62293b5', '{"hp": 30, "rack": "a", "range": 125, "volume": 6, "falloff": "linear", "cooldown": 18.6, "tracking": 175, "needs_target": true, "salvage_chance": 0.3, "salvage_volume": 50, "activation_heat": 18, "industrialmarket": {"maxprice": 1305, "minprice": 768, "silosize": 1000}, "activation_energy": 3, "activation_gfx_effect": "basic_salvager"}', '2022-11-20 16:44:05.458254-05', '107caf28-5ebd-4eab-8c48-1f15cb9a166a', 'Module for new noob ship for player', 'ba98c9fb-cab8-4bdd-9034-0841760a71b6', 1, false);
    INSERT INTO public.items (id, itemtypeid, meta, created, createdby, createdreason, containerid, quantity, ispackaged) VALUES ('38bf2e46-62c7-4744-8c9a-cc3ca7081be7', '21587e95-fdbd-4be7-b103-db3f9ea72a19', '{"hp": 12.3, "rack": "b", "range": 925, "volume": 14, "falloff": "linear", "cooldown": 15.5, "needs_target": true, "activation_heat": 108.1, "drag_multiplier": 9.3, "industrialmarket": {"maxprice": 12071, "minprice": 9405, "silosize": 200}, "activation_energy": 15, "activation_gfx_effect": "basic_aether_dragger"}', '2022-11-20 16:44:05.459932-05', '107caf28-5ebd-4eab-8c48-1f15cb9a166a', 'Module for new noob ship for player', 'ba98c9fb-cab8-4bdd-9034-0841760a71b6', 1, false);
    INSERT INTO public.items (id, itemtypeid, meta, created, createdby, createdreason, containerid, quantity, ispackaged) VALUES ('7ee08c84-eabe-461d-9bfa-eae02ea93d57', '6b8b44b8-64fe-48f6-a451-3f14b1be7fa9', '{"hp": 425, "rack": "c", "volume": 11, "armor_max_add": 515, "industrialmarket": {"maxprice": 3211, "minprice": 2209, "silosize": 200}}', '2022-11-20 16:44:05.461484-05', '107caf28-5ebd-4eab-8c48-1f15cb9a166a', 'Module for new noob ship for player', 'ba98c9fb-cab8-4bdd-9034-0841760a71b6', 1, false);
    INSERT INTO public.items (id, itemtypeid, meta, created, createdby, createdreason, containerid, quantity, ispackaged) VALUES ('87ac7a01-da2f-450e-8f6b-a8e9a5d7bd29', '6b8b44b8-64fe-48f6-a451-3f14b1be7fa9', '{"hp": 425, "rack": "c", "volume": 11, "armor_max_add": 515, "industrialmarket": {"maxprice": 3211, "minprice": 2209, "silosize": 200}}', '2022-11-20 16:44:05.463206-05', '107caf28-5ebd-4eab-8c48-1f15cb9a166a', 'Module for new noob ship for player', 'ba98c9fb-cab8-4bdd-9034-0841760a71b6', 1, false);
    INSERT INTO public.items (id, itemtypeid, meta, created, createdby, createdreason, containerid, quantity, ispackaged) VALUES ('d7b32e69-b58b-45e6-9d5c-ea05489d20ba', '6b8b44b8-64fe-48f6-a451-3f14b1be7fa9', '{"hp": 425, "rack": "c", "volume": 11, "armor_max_add": 515, "industrialmarket": {"maxprice": 3211, "minprice": 2209, "silosize": 200}}', '2022-11-20 16:44:05.464949-05', '107caf28-5ebd-4eab-8c48-1f15cb9a166a', 'Module for new noob ship for player', 'ba98c9fb-cab8-4bdd-9034-0841760a71b6', 1, false);
    INSERT INTO public.items (id, itemtypeid, meta, created, createdby, createdreason, containerid, quantity, ispackaged) VALUES ('e3dd6c4a-db23-4f50-90da-5ec33a209bf6', 'fc212b1e-84db-489b-b4af-4a8513516cf7', '{"hp": 10, "rack": "a", "range": 7520, "volume": 8, "cooldown": 36.8, "flight_time": 22.7, "hull_damage": 795, "armor_damage": 776, "needs_target": true, "shield_damage": 702, "missile_radius": 2.5, "activation_heat": 4.8, "ammunition_name": "LGPM-4", "ammunition_type": "b9b274c4-d938-4155-8c69-ecb6c4df054f", "fault_tolerance": 0.93, "industrialmarket": {"maxprice": 3691, "minprice": 1577, "silosize": 200}, "activation_energy": 0.15, "missile_gfx_effect": "lgpm-4", "missile_explosion_effect": "basic_explosion", "missile_explosion_radius": 5}', '2022-11-20 16:44:05.477788-05', '5511fa56-a3ae-439f-938b-2825c23b358f', 'Module for new noob ship for player', 'b9a0a0bb-36f0-4604-a07c-18a43049d412', 1, false);
    INSERT INTO public.items (id, itemtypeid, meta, created, createdby, createdreason, containerid, quantity, ispackaged) VALUES ('39f54425-07e5-45d2-9a2e-faf9b3b84798', '4d434e80-b8d5-488c-8f83-e3a4e62293b5', '{"hp": 30, "rack": "a", "range": 125, "volume": 6, "falloff": "linear", "cooldown": 18.6, "tracking": 175, "needs_target": true, "salvage_chance": 0.3, "salvage_volume": 50, "activation_heat": 18, "industrialmarket": {"maxprice": 1305, "minprice": 768, "silosize": 1000}, "activation_energy": 3, "activation_gfx_effect": "basic_salvager"}', '2022-11-20 16:44:05.47938-05', '5511fa56-a3ae-439f-938b-2825c23b358f', 'Module for new noob ship for player', 'b9a0a0bb-36f0-4604-a07c-18a43049d412', 1, false);
    INSERT INTO public.items (id, itemtypeid, meta, created, createdby, createdreason, containerid, quantity, ispackaged) VALUES ('5727f33a-b4d5-4395-88cd-ac6600df3b72', '21587e95-fdbd-4be7-b103-db3f9ea72a19', '{"hp": 12.3, "rack": "b", "range": 925, "volume": 14, "falloff": "linear", "cooldown": 15.5, "needs_target": true, "activation_heat": 108.1, "drag_multiplier": 9.3, "industrialmarket": {"maxprice": 12071, "minprice": 9405, "silosize": 200}, "activation_energy": 15, "activation_gfx_effect": "basic_aether_dragger"}', '2022-11-20 16:44:05.481041-05', '5511fa56-a3ae-439f-938b-2825c23b358f', 'Module for new noob ship for player', 'b9a0a0bb-36f0-4604-a07c-18a43049d412', 1, false);
    INSERT INTO public.items (id, itemtypeid, meta, created, createdby, createdreason, containerid, quantity, ispackaged) VALUES ('34edefe2-070c-460e-b803-e27ccf4bf86b', '6b8b44b8-64fe-48f6-a451-3f14b1be7fa9', '{"hp": 425, "rack": "c", "volume": 11, "armor_max_add": 515, "industrialmarket": {"maxprice": 3211, "minprice": 2209, "silosize": 200}}', '2022-11-20 16:44:05.482733-05', '5511fa56-a3ae-439f-938b-2825c23b358f', 'Module for new noob ship for player', 'b9a0a0bb-36f0-4604-a07c-18a43049d412', 1, false);
    INSERT INTO public.items (id, itemtypeid, meta, created, createdby, createdreason, containerid, quantity, ispackaged) VALUES ('5a051775-4934-48cf-8125-4f355eb3d0d5', '6b8b44b8-64fe-48f6-a451-3f14b1be7fa9', '{"hp": 425, "rack": "c", "volume": 11, "armor_max_add": 515, "industrialmarket": {"maxprice": 3211, "minprice": 2209, "silosize": 200}}', '2022-11-20 16:44:05.484278-05', '5511fa56-a3ae-439f-938b-2825c23b358f', 'Module for new noob ship for player', 'b9a0a0bb-36f0-4604-a07c-18a43049d412', 1, false);
    INSERT INTO public.items (id, itemtypeid, meta, created, createdby, createdreason, containerid, quantity, ispackaged) VALUES ('cece009e-9c3c-4351-ba38-af920d952c24', '6b8b44b8-64fe-48f6-a451-3f14b1be7fa9', '{"hp": 425, "rack": "c", "volume": 11, "armor_max_add": 515, "industrialmarket": {"maxprice": 3211, "minprice": 2209, "silosize": 200}}', '2022-11-20 16:44:05.48586-05', '5511fa56-a3ae-439f-938b-2825c23b358f', 'Module for new noob ship for player', 'b9a0a0bb-36f0-4604-a07c-18a43049d412', 1, false);
    INSERT INTO public.items (id, itemtypeid, meta, created, createdby, createdreason, containerid, quantity, ispackaged) VALUES ('3b9e136f-a6f2-4d8e-b53c-5a026722c3b9', 'fc212b1e-84db-489b-b4af-4a8513516cf7', '{"hp": 10, "rack": "a", "range": 7520, "volume": 8, "cooldown": 36.8, "flight_time": 22.7, "hull_damage": 795, "armor_damage": 776, "needs_target": true, "shield_damage": 702, "missile_radius": 2.5, "activation_heat": 4.8, "ammunition_name": "LGPM-4", "ammunition_type": "b9b274c4-d938-4155-8c69-ecb6c4df054f", "fault_tolerance": 0.93, "industrialmarket": {"maxprice": 3691, "minprice": 1577, "silosize": 200}, "activation_energy": 0.15, "missile_gfx_effect": "lgpm-4", "missile_explosion_effect": "basic_explosion", "missile_explosion_radius": 5}', '2022-11-20 16:44:05.498702-05', 'fcb4c436-10f4-4121-928e-4b721484e489', 'Module for new noob ship for player', 'b58c4bc9-4eee-44b4-a8c4-9947c3c994d7', 1, false);
    INSERT INTO public.items (id, itemtypeid, meta, created, createdby, createdreason, containerid, quantity, ispackaged) VALUES ('d50b9b9d-78af-485d-b7a0-2fd62ca1b5a1', '4d434e80-b8d5-488c-8f83-e3a4e62293b5', '{"hp": 30, "rack": "a", "range": 125, "volume": 6, "falloff": "linear", "cooldown": 18.6, "tracking": 175, "needs_target": true, "salvage_chance": 0.3, "salvage_volume": 50, "activation_heat": 18, "industrialmarket": {"maxprice": 1305, "minprice": 768, "silosize": 1000}, "activation_energy": 3, "activation_gfx_effect": "basic_salvager"}', '2022-11-20 16:44:05.500421-05', 'fcb4c436-10f4-4121-928e-4b721484e489', 'Module for new noob ship for player', 'b58c4bc9-4eee-44b4-a8c4-9947c3c994d7', 1, false);
    INSERT INTO public.items (id, itemtypeid, meta, created, createdby, createdreason, containerid, quantity, ispackaged) VALUES ('25a70a53-3f3f-4501-bb98-d485439d7807', '21587e95-fdbd-4be7-b103-db3f9ea72a19', '{"hp": 12.3, "rack": "b", "range": 925, "volume": 14, "falloff": "linear", "cooldown": 15.5, "needs_target": true, "activation_heat": 108.1, "drag_multiplier": 9.3, "industrialmarket": {"maxprice": 12071, "minprice": 9405, "silosize": 200}, "activation_energy": 15, "activation_gfx_effect": "basic_aether_dragger"}', '2022-11-20 16:44:05.502053-05', 'fcb4c436-10f4-4121-928e-4b721484e489', 'Module for new noob ship for player', 'b58c4bc9-4eee-44b4-a8c4-9947c3c994d7', 1, false);
    INSERT INTO public.items (id, itemtypeid, meta, created, createdby, createdreason, containerid, quantity, ispackaged) VALUES ('380e576f-e8db-4991-97dc-9cec9e1e5537', '6b8b44b8-64fe-48f6-a451-3f14b1be7fa9', '{"hp": 425, "rack": "c", "volume": 11, "armor_max_add": 515, "industrialmarket": {"maxprice": 3211, "minprice": 2209, "silosize": 200}}', '2022-11-20 16:44:05.503735-05', 'fcb4c436-10f4-4121-928e-4b721484e489', 'Module for new noob ship for player', 'b58c4bc9-4eee-44b4-a8c4-9947c3c994d7', 1, false);
    INSERT INTO public.items (id, itemtypeid, meta, created, createdby, createdreason, containerid, quantity, ispackaged) VALUES ('fd83d46e-254e-4e49-bf08-87ce808bcfb4', '6b8b44b8-64fe-48f6-a451-3f14b1be7fa9', '{"hp": 425, "rack": "c", "volume": 11, "armor_max_add": 515, "industrialmarket": {"maxprice": 3211, "minprice": 2209, "silosize": 200}}', '2022-11-20 16:44:05.505354-05', 'fcb4c436-10f4-4121-928e-4b721484e489', 'Module for new noob ship for player', 'b58c4bc9-4eee-44b4-a8c4-9947c3c994d7', 1, false);
    INSERT INTO public.items (id, itemtypeid, meta, created, createdby, createdreason, containerid, quantity, ispackaged) VALUES ('4bde2b77-fad2-4f72-a6dd-919499f93567', '6b8b44b8-64fe-48f6-a451-3f14b1be7fa9', '{"hp": 425, "rack": "c", "volume": 11, "armor_max_add": 515, "industrialmarket": {"maxprice": 3211, "minprice": 2209, "silosize": 200}}', '2022-11-20 16:44:05.506977-05', 'fcb4c436-10f4-4121-928e-4b721484e489', 'Module for new noob ship for player', 'b58c4bc9-4eee-44b4-a8c4-9947c3c994d7', 1, false);
    INSERT INTO public.items (id, itemtypeid, meta, created, createdby, createdreason, containerid, quantity, ispackaged) VALUES ('15b80c1f-6a77-442e-ba2c-ebbb99f624c3', 'fc212b1e-84db-489b-b4af-4a8513516cf7', '{"hp": 10, "rack": "a", "range": 7520, "volume": 8, "cooldown": 36.8, "flight_time": 22.7, "hull_damage": 795, "armor_damage": 776, "needs_target": true, "shield_damage": 702, "missile_radius": 2.5, "activation_heat": 4.8, "ammunition_name": "LGPM-4", "ammunition_type": "b9b274c4-d938-4155-8c69-ecb6c4df054f", "fault_tolerance": 0.93, "industrialmarket": {"maxprice": 3691, "minprice": 1577, "silosize": 200}, "activation_energy": 0.15, "missile_gfx_effect": "lgpm-4", "missile_explosion_effect": "basic_explosion", "missile_explosion_radius": 5}', '2022-11-20 16:44:05.519477-05', '442d82dd-657e-421f-b8c0-1cde359fde37', 'Module for new noob ship for player', '5ba5da45-955e-41d9-b9a6-596720b285fa', 1, false);
    INSERT INTO public.items (id, itemtypeid, meta, created, createdby, createdreason, containerid, quantity, ispackaged) VALUES ('ca335979-30fb-42ee-a0ce-809e2ea5a914', '4d434e80-b8d5-488c-8f83-e3a4e62293b5', '{"hp": 30, "rack": "a", "range": 125, "volume": 6, "falloff": "linear", "cooldown": 18.6, "tracking": 175, "needs_target": true, "salvage_chance": 0.3, "salvage_volume": 50, "activation_heat": 18, "industrialmarket": {"maxprice": 1305, "minprice": 768, "silosize": 1000}, "activation_energy": 3, "activation_gfx_effect": "basic_salvager"}', '2022-11-20 16:44:05.521088-05', '442d82dd-657e-421f-b8c0-1cde359fde37', 'Module for new noob ship for player', '5ba5da45-955e-41d9-b9a6-596720b285fa', 1, false);
    INSERT INTO public.items (id, itemtypeid, meta, created, createdby, createdreason, containerid, quantity, ispackaged) VALUES ('d127dfe8-5b91-4753-9b33-b358fce6a4b7', '21587e95-fdbd-4be7-b103-db3f9ea72a19', '{"hp": 12.3, "rack": "b", "range": 925, "volume": 14, "falloff": "linear", "cooldown": 15.5, "needs_target": true, "activation_heat": 108.1, "drag_multiplier": 9.3, "industrialmarket": {"maxprice": 12071, "minprice": 9405, "silosize": 200}, "activation_energy": 15, "activation_gfx_effect": "basic_aether_dragger"}', '2022-11-20 16:44:05.522735-05', '442d82dd-657e-421f-b8c0-1cde359fde37', 'Module for new noob ship for player', '5ba5da45-955e-41d9-b9a6-596720b285fa', 1, false);
    INSERT INTO public.items (id, itemtypeid, meta, created, createdby, createdreason, containerid, quantity, ispackaged) VALUES ('0bcc8de6-55f6-4fae-9dcf-88db68d0c8a4', '6b8b44b8-64fe-48f6-a451-3f14b1be7fa9', '{"hp": 425, "rack": "c", "volume": 11, "armor_max_add": 515, "industrialmarket": {"maxprice": 3211, "minprice": 2209, "silosize": 200}}', '2022-11-20 16:44:05.524279-05', '442d82dd-657e-421f-b8c0-1cde359fde37', 'Module for new noob ship for player', '5ba5da45-955e-41d9-b9a6-596720b285fa', 1, false);
    INSERT INTO public.items (id, itemtypeid, meta, created, createdby, createdreason, containerid, quantity, ispackaged) VALUES ('aec4b6ca-5199-4e6f-9825-330a0eb0f05c', '6b8b44b8-64fe-48f6-a451-3f14b1be7fa9', '{"hp": 425, "rack": "c", "volume": 11, "armor_max_add": 515, "industrialmarket": {"maxprice": 3211, "minprice": 2209, "silosize": 200}}', '2022-11-20 16:44:05.525889-05', '442d82dd-657e-421f-b8c0-1cde359fde37', 'Module for new noob ship for player', '5ba5da45-955e-41d9-b9a6-596720b285fa', 1, false);
    INSERT INTO public.items (id, itemtypeid, meta, created, createdby, createdreason, containerid, quantity, ispackaged) VALUES ('7ba856fc-d0c0-439c-b37c-8582fc8aa173', '6b8b44b8-64fe-48f6-a451-3f14b1be7fa9', '{"hp": 425, "rack": "c", "volume": 11, "armor_max_add": 515, "industrialmarket": {"maxprice": 3211, "minprice": 2209, "silosize": 200}}', '2022-11-20 16:44:05.527572-05', '442d82dd-657e-421f-b8c0-1cde359fde37', 'Module for new noob ship for player', '5ba5da45-955e-41d9-b9a6-596720b285fa', 1, false);
    INSERT INTO public.items (id, itemtypeid, meta, created, createdby, createdreason, containerid, quantity, ispackaged) VALUES ('7e78926f-a508-4b49-bd5a-e44ed59d36b6', 'fc212b1e-84db-489b-b4af-4a8513516cf7', '{"hp": 10, "rack": "a", "range": 7520, "volume": 8, "cooldown": 36.8, "flight_time": 22.7, "hull_damage": 795, "armor_damage": 776, "needs_target": true, "shield_damage": 702, "missile_radius": 2.5, "activation_heat": 4.8, "ammunition_name": "LGPM-4", "ammunition_type": "b9b274c4-d938-4155-8c69-ecb6c4df054f", "fault_tolerance": 0.93, "industrialmarket": {"maxprice": 3691, "minprice": 1577, "silosize": 200}, "activation_energy": 0.15, "missile_gfx_effect": "lgpm-4", "missile_explosion_effect": "basic_explosion", "missile_explosion_radius": 5}', '2022-11-20 16:44:05.539992-05', 'dd2e8392-4565-4db8-af2d-a9c5a2f9197d', 'Module for new noob ship for player', '5a3bb530-478b-4568-96ef-ce5079787e36', 1, false);
    INSERT INTO public.items (id, itemtypeid, meta, created, createdby, createdreason, containerid, quantity, ispackaged) VALUES ('88714f71-80eb-43f9-9697-3333984b99c9', '4d434e80-b8d5-488c-8f83-e3a4e62293b5', '{"hp": 30, "rack": "a", "range": 125, "volume": 6, "falloff": "linear", "cooldown": 18.6, "tracking": 175, "needs_target": true, "salvage_chance": 0.3, "salvage_volume": 50, "activation_heat": 18, "industrialmarket": {"maxprice": 1305, "minprice": 768, "silosize": 1000}, "activation_energy": 3, "activation_gfx_effect": "basic_salvager"}', '2022-11-20 16:44:05.541675-05', 'dd2e8392-4565-4db8-af2d-a9c5a2f9197d', 'Module for new noob ship for player', '5a3bb530-478b-4568-96ef-ce5079787e36', 1, false);
    INSERT INTO public.items (id, itemtypeid, meta, created, createdby, createdreason, containerid, quantity, ispackaged) VALUES ('2fd874a1-faa4-4f11-9d2e-7d722e70092a', '21587e95-fdbd-4be7-b103-db3f9ea72a19', '{"hp": 12.3, "rack": "b", "range": 925, "volume": 14, "falloff": "linear", "cooldown": 15.5, "needs_target": true, "activation_heat": 108.1, "drag_multiplier": 9.3, "industrialmarket": {"maxprice": 12071, "minprice": 9405, "silosize": 200}, "activation_energy": 15, "activation_gfx_effect": "basic_aether_dragger"}', '2022-11-20 16:44:05.54321-05', 'dd2e8392-4565-4db8-af2d-a9c5a2f9197d', 'Module for new noob ship for player', '5a3bb530-478b-4568-96ef-ce5079787e36', 1, false);
    INSERT INTO public.items (id, itemtypeid, meta, created, createdby, createdreason, containerid, quantity, ispackaged) VALUES ('81c49e4f-e77c-4042-8764-f1393d45bae7', '6b8b44b8-64fe-48f6-a451-3f14b1be7fa9', '{"hp": 425, "rack": "c", "volume": 11, "armor_max_add": 515, "industrialmarket": {"maxprice": 3211, "minprice": 2209, "silosize": 200}}', '2022-11-20 16:44:05.544802-05', 'dd2e8392-4565-4db8-af2d-a9c5a2f9197d', 'Module for new noob ship for player', '5a3bb530-478b-4568-96ef-ce5079787e36', 1, false);
    INSERT INTO public.items (id, itemtypeid, meta, created, createdby, createdreason, containerid, quantity, ispackaged) VALUES ('794b7ae5-5ee1-4d8c-bdfc-09c0df578197', '6b8b44b8-64fe-48f6-a451-3f14b1be7fa9', '{"hp": 425, "rack": "c", "volume": 11, "armor_max_add": 515, "industrialmarket": {"maxprice": 3211, "minprice": 2209, "silosize": 200}}', '2022-11-20 16:44:05.546387-05', 'dd2e8392-4565-4db8-af2d-a9c5a2f9197d', 'Module for new noob ship for player', '5a3bb530-478b-4568-96ef-ce5079787e36', 1, false);
    INSERT INTO public.items (id, itemtypeid, meta, created, createdby, createdreason, containerid, quantity, ispackaged) VALUES ('a4c6cd69-e23e-445d-905a-36c4014c084a', '6b8b44b8-64fe-48f6-a451-3f14b1be7fa9', '{"hp": 425, "rack": "c", "volume": 11, "armor_max_add": 515, "industrialmarket": {"maxprice": 3211, "minprice": 2209, "silosize": 200}}', '2022-11-20 16:44:05.54801-05', 'dd2e8392-4565-4db8-af2d-a9c5a2f9197d', 'Module for new noob ship for player', '5a3bb530-478b-4568-96ef-ce5079787e36', 1, false);
    INSERT INTO public.items (id, itemtypeid, meta, created, createdby, createdreason, containerid, quantity, ispackaged) VALUES ('acdeb68b-75fd-4cf1-bf23-7344abe50a2a', 'fc212b1e-84db-489b-b4af-4a8513516cf7', '{"hp": 10, "rack": "a", "range": 7520, "volume": 8, "cooldown": 36.8, "flight_time": 22.7, "hull_damage": 795, "armor_damage": 776, "needs_target": true, "shield_damage": 702, "missile_radius": 2.5, "activation_heat": 4.8, "ammunition_name": "LGPM-4", "ammunition_type": "b9b274c4-d938-4155-8c69-ecb6c4df054f", "fault_tolerance": 0.93, "industrialmarket": {"maxprice": 3691, "minprice": 1577, "silosize": 200}, "activation_energy": 0.15, "missile_gfx_effect": "lgpm-4", "missile_explosion_effect": "basic_explosion", "missile_explosion_radius": 5}', '2022-11-20 16:44:05.560866-05', 'ff506966-cfc9-4d7c-a3bd-8565bfd29d20', 'Module for new noob ship for player', '0eae3f2c-8b5c-4078-be09-e0d2900d34af', 1, false);
    INSERT INTO public.items (id, itemtypeid, meta, created, createdby, createdreason, containerid, quantity, ispackaged) VALUES ('f7f40f1e-1b5d-4487-9a1c-02f7e5eb3077', '4d434e80-b8d5-488c-8f83-e3a4e62293b5', '{"hp": 30, "rack": "a", "range": 125, "volume": 6, "falloff": "linear", "cooldown": 18.6, "tracking": 175, "needs_target": true, "salvage_chance": 0.3, "salvage_volume": 50, "activation_heat": 18, "industrialmarket": {"maxprice": 1305, "minprice": 768, "silosize": 1000}, "activation_energy": 3, "activation_gfx_effect": "basic_salvager"}', '2022-11-20 16:44:05.562436-05', 'ff506966-cfc9-4d7c-a3bd-8565bfd29d20', 'Module for new noob ship for player', '0eae3f2c-8b5c-4078-be09-e0d2900d34af', 1, false);
    INSERT INTO public.items (id, itemtypeid, meta, created, createdby, createdreason, containerid, quantity, ispackaged) VALUES ('bfb471dd-eb63-436d-bc1a-649b59c8c543', '21587e95-fdbd-4be7-b103-db3f9ea72a19', '{"hp": 12.3, "rack": "b", "range": 925, "volume": 14, "falloff": "linear", "cooldown": 15.5, "needs_target": true, "activation_heat": 108.1, "drag_multiplier": 9.3, "industrialmarket": {"maxprice": 12071, "minprice": 9405, "silosize": 200}, "activation_energy": 15, "activation_gfx_effect": "basic_aether_dragger"}', '2022-11-20 16:44:05.564234-05', 'ff506966-cfc9-4d7c-a3bd-8565bfd29d20', 'Module for new noob ship for player', '0eae3f2c-8b5c-4078-be09-e0d2900d34af', 1, false);
    INSERT INTO public.items (id, itemtypeid, meta, created, createdby, createdreason, containerid, quantity, ispackaged) VALUES ('b076ef91-f017-4b45-b948-69fabe9fc7aa', '6b8b44b8-64fe-48f6-a451-3f14b1be7fa9', '{"hp": 425, "rack": "c", "volume": 11, "armor_max_add": 515, "industrialmarket": {"maxprice": 3211, "minprice": 2209, "silosize": 200}}', '2022-11-20 16:44:05.566087-05', 'ff506966-cfc9-4d7c-a3bd-8565bfd29d20', 'Module for new noob ship for player', '0eae3f2c-8b5c-4078-be09-e0d2900d34af', 1, false);
    INSERT INTO public.items (id, itemtypeid, meta, created, createdby, createdreason, containerid, quantity, ispackaged) VALUES ('d5813da8-8751-4448-ac5e-5558b2ae2b59', '6b8b44b8-64fe-48f6-a451-3f14b1be7fa9', '{"hp": 425, "rack": "c", "volume": 11, "armor_max_add": 515, "industrialmarket": {"maxprice": 3211, "minprice": 2209, "silosize": 200}}', '2022-11-20 16:44:05.567799-05', 'ff506966-cfc9-4d7c-a3bd-8565bfd29d20', 'Module for new noob ship for player', '0eae3f2c-8b5c-4078-be09-e0d2900d34af', 1, false);
    INSERT INTO public.items (id, itemtypeid, meta, created, createdby, createdreason, containerid, quantity, ispackaged) VALUES ('13991590-e84c-4292-8149-d8b8ffea2347', '6b8b44b8-64fe-48f6-a451-3f14b1be7fa9', '{"hp": 425, "rack": "c", "volume": 11, "armor_max_add": 515, "industrialmarket": {"maxprice": 3211, "minprice": 2209, "silosize": 200}}', '2022-11-20 16:44:05.569528-05', 'ff506966-cfc9-4d7c-a3bd-8565bfd29d20', 'Module for new noob ship for player', '0eae3f2c-8b5c-4078-be09-e0d2900d34af', 1, false);
    INSERT INTO public.items (id, itemtypeid, meta, created, createdby, createdreason, containerid, quantity, ispackaged) VALUES ('8aefb667-a772-4d1e-b187-f48bc9112279', 'fc212b1e-84db-489b-b4af-4a8513516cf7', '{"hp": 10, "rack": "a", "range": 7520, "volume": 8, "cooldown": 36.8, "flight_time": 22.7, "hull_damage": 795, "armor_damage": 776, "needs_target": true, "shield_damage": 702, "missile_radius": 2.5, "activation_heat": 4.8, "ammunition_name": "LGPM-4", "ammunition_type": "b9b274c4-d938-4155-8c69-ecb6c4df054f", "fault_tolerance": 0.93, "industrialmarket": {"maxprice": 3691, "minprice": 1577, "silosize": 200}, "activation_energy": 0.15, "missile_gfx_effect": "lgpm-4", "missile_explosion_effect": "basic_explosion", "missile_explosion_radius": 5}', '2022-11-20 16:44:05.582216-05', '606e133c-975e-4460-b73f-7f54e8f82d4f', 'Module for new noob ship for player', 'b93e3f02-fc9f-485b-8bee-cdf3bc73f4dd', 1, false);
    INSERT INTO public.items (id, itemtypeid, meta, created, createdby, createdreason, containerid, quantity, ispackaged) VALUES ('ba37e0fc-4664-4209-8a4d-d05b66c9bc29', '4d434e80-b8d5-488c-8f83-e3a4e62293b5', '{"hp": 30, "rack": "a", "range": 125, "volume": 6, "falloff": "linear", "cooldown": 18.6, "tracking": 175, "needs_target": true, "salvage_chance": 0.3, "salvage_volume": 50, "activation_heat": 18, "industrialmarket": {"maxprice": 1305, "minprice": 768, "silosize": 1000}, "activation_energy": 3, "activation_gfx_effect": "basic_salvager"}', '2022-11-20 16:44:05.583881-05', '606e133c-975e-4460-b73f-7f54e8f82d4f', 'Module for new noob ship for player', 'b93e3f02-fc9f-485b-8bee-cdf3bc73f4dd', 1, false);
    INSERT INTO public.items (id, itemtypeid, meta, created, createdby, createdreason, containerid, quantity, ispackaged) VALUES ('97219a24-92dd-428b-b690-3a9cd285846d', '21587e95-fdbd-4be7-b103-db3f9ea72a19', '{"hp": 12.3, "rack": "b", "range": 925, "volume": 14, "falloff": "linear", "cooldown": 15.5, "needs_target": true, "activation_heat": 108.1, "drag_multiplier": 9.3, "industrialmarket": {"maxprice": 12071, "minprice": 9405, "silosize": 200}, "activation_energy": 15, "activation_gfx_effect": "basic_aether_dragger"}', '2022-11-20 16:44:05.585427-05', '606e133c-975e-4460-b73f-7f54e8f82d4f', 'Module for new noob ship for player', 'b93e3f02-fc9f-485b-8bee-cdf3bc73f4dd', 1, false);
    INSERT INTO public.items (id, itemtypeid, meta, created, createdby, createdreason, containerid, quantity, ispackaged) VALUES ('b541de81-4ff5-45f8-a8f1-3558bed02198', '6b8b44b8-64fe-48f6-a451-3f14b1be7fa9', '{"hp": 425, "rack": "c", "volume": 11, "armor_max_add": 515, "industrialmarket": {"maxprice": 3211, "minprice": 2209, "silosize": 200}}', '2022-11-20 16:44:05.587102-05', '606e133c-975e-4460-b73f-7f54e8f82d4f', 'Module for new noob ship for player', 'b93e3f02-fc9f-485b-8bee-cdf3bc73f4dd', 1, false);
    INSERT INTO public.items (id, itemtypeid, meta, created, createdby, createdreason, containerid, quantity, ispackaged) VALUES ('a32264d9-2e9c-4200-b122-4ea033c2086a', '6b8b44b8-64fe-48f6-a451-3f14b1be7fa9', '{"hp": 425, "rack": "c", "volume": 11, "armor_max_add": 515, "industrialmarket": {"maxprice": 3211, "minprice": 2209, "silosize": 200}}', '2022-11-20 16:44:05.588738-05', '606e133c-975e-4460-b73f-7f54e8f82d4f', 'Module for new noob ship for player', 'b93e3f02-fc9f-485b-8bee-cdf3bc73f4dd', 1, false);
    INSERT INTO public.items (id, itemtypeid, meta, created, createdby, createdreason, containerid, quantity, ispackaged) VALUES ('224b4fa4-f1c3-4c75-bca8-48060dab45be', '6b8b44b8-64fe-48f6-a451-3f14b1be7fa9', '{"hp": 425, "rack": "c", "volume": 11, "armor_max_add": 515, "industrialmarket": {"maxprice": 3211, "minprice": 2209, "silosize": 200}}', '2022-11-20 16:44:05.590369-05', '606e133c-975e-4460-b73f-7f54e8f82d4f', 'Module for new noob ship for player', 'b93e3f02-fc9f-485b-8bee-cdf3bc73f4dd', 1, false);
    INSERT INTO public.items (id, itemtypeid, meta, created, createdby, createdreason, containerid, quantity, ispackaged) VALUES ('4a95894a-d437-40cc-9848-aa0ef7c9ce19', 'fc212b1e-84db-489b-b4af-4a8513516cf7', '{"hp": 10, "rack": "a", "range": 7520, "volume": 8, "cooldown": 36.8, "flight_time": 22.7, "hull_damage": 795, "armor_damage": 776, "needs_target": true, "shield_damage": 702, "missile_radius": 2.5, "activation_heat": 4.8, "ammunition_name": "LGPM-4", "ammunition_type": "b9b274c4-d938-4155-8c69-ecb6c4df054f", "fault_tolerance": 0.93, "industrialmarket": {"maxprice": 3691, "minprice": 1577, "silosize": 200}, "activation_energy": 0.15, "missile_gfx_effect": "lgpm-4", "missile_explosion_effect": "basic_explosion", "missile_explosion_radius": 5}', '2022-11-20 16:44:05.602897-05', '4c6cd317-a79c-4b30-8a2c-9fa1222c1a2c', 'Module for new noob ship for player', '01e6387d-e5c2-4e09-a350-61574583ffd4', 1, false);
    INSERT INTO public.items (id, itemtypeid, meta, created, createdby, createdreason, containerid, quantity, ispackaged) VALUES ('d644a716-2c89-4b53-9e69-fe693b5d46fe', '4d434e80-b8d5-488c-8f83-e3a4e62293b5', '{"hp": 30, "rack": "a", "range": 125, "volume": 6, "falloff": "linear", "cooldown": 18.6, "tracking": 175, "needs_target": true, "salvage_chance": 0.3, "salvage_volume": 50, "activation_heat": 18, "industrialmarket": {"maxprice": 1305, "minprice": 768, "silosize": 1000}, "activation_energy": 3, "activation_gfx_effect": "basic_salvager"}', '2022-11-20 16:44:05.604599-05', '4c6cd317-a79c-4b30-8a2c-9fa1222c1a2c', 'Module for new noob ship for player', '01e6387d-e5c2-4e09-a350-61574583ffd4', 1, false);
    INSERT INTO public.items (id, itemtypeid, meta, created, createdby, createdreason, containerid, quantity, ispackaged) VALUES ('fdda739e-c408-46a7-be64-7be496b95130', '21587e95-fdbd-4be7-b103-db3f9ea72a19', '{"hp": 12.3, "rack": "b", "range": 925, "volume": 14, "falloff": "linear", "cooldown": 15.5, "needs_target": true, "activation_heat": 108.1, "drag_multiplier": 9.3, "industrialmarket": {"maxprice": 12071, "minprice": 9405, "silosize": 200}, "activation_energy": 15, "activation_gfx_effect": "basic_aether_dragger"}', '2022-11-20 16:44:05.606194-05', '4c6cd317-a79c-4b30-8a2c-9fa1222c1a2c', 'Module for new noob ship for player', '01e6387d-e5c2-4e09-a350-61574583ffd4', 1, false);
    INSERT INTO public.items (id, itemtypeid, meta, created, createdby, createdreason, containerid, quantity, ispackaged) VALUES ('6218a863-4453-45c0-a756-34519b9e38c0', '6b8b44b8-64fe-48f6-a451-3f14b1be7fa9', '{"hp": 425, "rack": "c", "volume": 11, "armor_max_add": 515, "industrialmarket": {"maxprice": 3211, "minprice": 2209, "silosize": 200}}', '2022-11-20 16:44:05.607845-05', '4c6cd317-a79c-4b30-8a2c-9fa1222c1a2c', 'Module for new noob ship for player', '01e6387d-e5c2-4e09-a350-61574583ffd4', 1, false);
    INSERT INTO public.items (id, itemtypeid, meta, created, createdby, createdreason, containerid, quantity, ispackaged) VALUES ('0c646626-a856-4de1-b223-1e0bd77699ec', '6b8b44b8-64fe-48f6-a451-3f14b1be7fa9', '{"hp": 425, "rack": "c", "volume": 11, "armor_max_add": 515, "industrialmarket": {"maxprice": 3211, "minprice": 2209, "silosize": 200}}', '2022-11-20 16:44:05.609455-05', '4c6cd317-a79c-4b30-8a2c-9fa1222c1a2c', 'Module for new noob ship for player', '01e6387d-e5c2-4e09-a350-61574583ffd4', 1, false);
    INSERT INTO public.items (id, itemtypeid, meta, created, createdby, createdreason, containerid, quantity, ispackaged) VALUES ('1defa6c4-a227-42fc-bb61-46071f0d8869', '6b8b44b8-64fe-48f6-a451-3f14b1be7fa9', '{"hp": 425, "rack": "c", "volume": 11, "armor_max_add": 515, "industrialmarket": {"maxprice": 3211, "minprice": 2209, "silosize": 200}}', '2022-11-20 16:44:05.611382-05', '4c6cd317-a79c-4b30-8a2c-9fa1222c1a2c', 'Module for new noob ship for player', '01e6387d-e5c2-4e09-a350-61574583ffd4', 1, false);

    -- fix current ship ids
    update users set current_shipid = '24007133-dd67-4a88-a835-f8f6dd357703' where id = '107caf28-5ebd-4eab-8c48-1f15cb9a166a';
    update users set current_shipid = 'cc15c132-ad55-4fa4-8f11-3caa10e49fdf' where id = '5511fa56-a3ae-439f-938b-2825c23b358f';
    update users set current_shipid = 'ed16936b-b63a-461b-b118-a924ae33db8f' where id = 'fcb4c436-10f4-4121-928e-4b721484e489';
    update users set current_shipid = 'fb7932e8-0c69-415e-a01a-93b11e09c2c1' where id = '442d82dd-657e-421f-b8c0-1cde359fde37';
    update users set current_shipid = 'c36e8292-87d0-435a-8202-b10d77f0ef1b' where id = 'dd2e8392-4565-4db8-af2d-a9c5a2f9197d';
    update users set current_shipid = 'c33aecc2-0dae-40b3-84a9-2502cbec22ab' where id = 'ff506966-cfc9-4d7c-a3bd-8565bfd29d20';
    update users set current_shipid = 'f0e21817-43cb-4c42-8255-4c8760ca956b' where id = '606e133c-975e-4460-b73f-7f54e8f82d4f';
    update users set current_shipid = '3f93af4b-54a9-4de6-94ed-f78862c40ca0' where id = '4c6cd317-a79c-4b30-8a2c-9fa1222c1a2c';

-- fly

    -- containers
    INSERT INTO public.containers (id, meta, created) VALUES ('b64092f8-a2fc-4f32-8478-cdd49542335a', '{}', '2022-11-20 16:54:48.054911-05');
    INSERT INTO public.containers (id, meta, created) VALUES ('264af436-f066-4934-a734-b2e71946a5e4', '{}', '2022-11-20 16:54:48.073228-05');
    INSERT INTO public.containers (id, meta, created) VALUES ('02828d6b-4921-40f9-9db1-d7ed1cb36ba0', '{}', '2022-11-20 16:54:48.075522-05');
    INSERT INTO public.containers (id, meta, created) VALUES ('f4e3c87a-1dba-44ec-9063-97e92e4901e7', '{}', '2022-11-20 16:54:48.077896-05');
    INSERT INTO public.containers (id, meta, created) VALUES ('73c09ef9-be01-4258-8d85-9b52752f9478', '{}', '2022-11-20 16:54:48.101366-05');
    INSERT INTO public.containers (id, meta, created) VALUES ('3ee01a4c-8844-4759-a37f-c34821b82b64', '{}', '2022-11-20 16:54:48.102718-05');
    INSERT INTO public.containers (id, meta, created) VALUES ('f010f5f2-64cb-408a-be6c-a26c7b6d41d6', '{}', '2022-11-20 16:54:48.104077-05');
    INSERT INTO public.containers (id, meta, created) VALUES ('78c7d0e7-cc7f-4db5-9ddb-38446b7d04d2', '{}', '2022-11-20 16:54:48.126405-05');
    INSERT INTO public.containers (id, meta, created) VALUES ('05452bf4-9ef0-4f59-b2b7-a6b9ded5698d', '{}', '2022-11-20 16:54:48.128252-05');
    INSERT INTO public.containers (id, meta, created) VALUES ('62f9dc54-c23c-4cc8-a1ab-8614684e5c05', '{}', '2022-11-20 16:54:48.130008-05');
    INSERT INTO public.containers (id, meta, created) VALUES ('3bd2edbf-878f-4137-a35d-1f351c46669b', '{}', '2022-11-20 16:54:48.154567-05');
    INSERT INTO public.containers (id, meta, created) VALUES ('fe6ea96d-79d8-4959-9915-373c6afcbcc3', '{}', '2022-11-20 16:54:48.156316-05');
    INSERT INTO public.containers (id, meta, created) VALUES ('ccab1633-5eaf-4b03-a69e-d329c2f9093c', '{}', '2022-11-20 16:54:48.158143-05');
    INSERT INTO public.containers (id, meta, created) VALUES ('89685e9e-cd5f-4f4d-8e1a-02a2c0f2a5fc', '{}', '2022-11-20 16:54:48.182264-05');
    INSERT INTO public.containers (id, meta, created) VALUES ('5d6f32e2-485b-445b-90f4-cb47773b1aaf', '{}', '2022-11-20 16:54:48.184549-05');
    INSERT INTO public.containers (id, meta, created) VALUES ('4ff6e122-1695-4acd-a2d5-6091fd571537', '{}', '2022-11-20 16:54:48.186368-05');
    INSERT INTO public.containers (id, meta, created) VALUES ('86ffd146-20e6-4a48-baa3-cdcf4c03fd0c', '{}', '2022-11-20 16:54:48.210314-05');
    INSERT INTO public.containers (id, meta, created) VALUES ('4b6a9aef-9127-4a92-b0f6-9fcea4c3fb05', '{}', '2022-11-20 16:54:48.212054-05');
    INSERT INTO public.containers (id, meta, created) VALUES ('b3d065ba-1f05-4ff3-8a84-7f6a27250f42', '{}', '2022-11-20 16:54:48.213723-05');
    INSERT INTO public.containers (id, meta, created) VALUES ('0d14c7ae-9b00-4159-a81e-47491bce43c2', '{}', '2022-11-20 16:54:48.238538-05');
    INSERT INTO public.containers (id, meta, created) VALUES ('d82d8a5a-764f-4014-b98f-ac4ceea38ffe', '{}', '2022-11-20 16:54:48.240304-05');
    INSERT INTO public.containers (id, meta, created) VALUES ('7b31cba3-fdf7-4e96-9519-66d2bfc1df4c', '{}', '2022-11-20 16:54:48.242061-05');
    INSERT INTO public.containers (id, meta, created) VALUES ('01b8a26d-343e-4786-a6c0-69afb988fb06', '{}', '2022-11-20 16:54:48.266223-05');
    INSERT INTO public.containers (id, meta, created) VALUES ('c9e99b00-c812-4985-b74b-a1909f9d3807', '{}', '2022-11-20 16:54:48.26801-05');
    INSERT INTO public.containers (id, meta, created) VALUES ('925efd94-58aa-43ef-a2ee-fa862d008f1e', '{}', '2022-11-20 16:54:48.26977-05');

    -- users
    INSERT INTO public.users (id, charactername, hashpass, registered, banned, current_shipid, startid, escrow_containerid, current_factionid, reputationsheet, isnpc, behaviourmode, emailaddress, experiencesheet, registeredip, isdev, resettoken) VALUES ('41fd2e36-6868-4baa-aca4-50c03d18cdca', 'Alf Preston', 'd96124e126409333d3b9a0ae8d628e0440d559a8476e669c504962b4c8313edc', '2022-11-20 16:54:48.068141-05', B'0', NULL, 'e5f2f73d-acd0-4a56-941d-eaa7c924b183', 'b64092f8-a2fc-4f32-8478-cdd49542335a', '30bc70eb-2692-47e6-a7e3-2772e131c3d7', '{"factionEntries": {"27a53dfc-a321-4c12-bf7c-bb177955c95b": {"FactionID": "27a53dfc-a321-4c12-bf7c-bb177955c95b", "StandingValue": -3, "AreOpenlyHostile": true}, "30bc70eb-2692-47e6-a7e3-2772e131c3d7": {"FactionID": "30bc70eb-2692-47e6-a7e3-2772e131c3d7", "StandingValue": 10, "AreOpenlyHostile": false}, "506286f5-6613-4481-ac26-caa9940fbe68": {"FactionID": "506286f5-6613-4481-ac26-caa9940fbe68", "StandingValue": 1.5, "AreOpenlyHostile": false}, "559d7fc1-5470-4ab4-8c66-fa2f0b89a523": {"FactionID": "559d7fc1-5470-4ab4-8c66-fa2f0b89a523", "StandingValue": -5.5, "AreOpenlyHostile": true}, "5db2bec7-37c3-4f1c-ab88-21024c12d639": {"FactionID": "5db2bec7-37c3-4f1c-ab88-21024c12d639", "StandingValue": -0.5, "AreOpenlyHostile": false}, "7decfd86-9c82-4a17-af3b-5d4af8c4e2ad": {"FactionID": "7decfd86-9c82-4a17-af3b-5d4af8c4e2ad", "StandingValue": -8, "AreOpenlyHostile": true}, "a0152cbb-8a78-45a4-ae9b-2ad2b60b583b": {"FactionID": "a0152cbb-8a78-45a4-ae9b-2ad2b60b583b", "StandingValue": -3, "AreOpenlyHostile": true}, "b3d3fa9c-b21e-490f-b39e-128b3af12128": {"FactionID": "b3d3fa9c-b21e-490f-b39e-128b3af12128", "StandingValue": 0, "AreOpenlyHostile": false}, "bdeffd9a-3cab-408c-9cd7-32fce1124f7a": {"FactionID": "bdeffd9a-3cab-408c-9cd7-32fce1124f7a", "StandingValue": -0.5, "AreOpenlyHostile": false}}}', true, 5, NULL, '{}', '[::1]:58274', false, NULL);
    INSERT INTO public.users (id, charactername, hashpass, registered, banned, current_shipid, startid, escrow_containerid, current_factionid, reputationsheet, isnpc, behaviourmode, emailaddress, experiencesheet, registeredip, isdev, resettoken) VALUES ('95dfe7ea-41f3-46fe-9e6a-d5e60c3f0b3e', 'Lindsay Mccoy', '3825e5b999e177097bcdc0e976469ce3cde80255823cd21b51a5eecdd450663e', '2022-11-20 16:54:48.099221-05', B'0', NULL, 'e5f2f73d-acd0-4a56-941d-eaa7c924b183', 'b64092f8-a2fc-4f32-8478-cdd49542335a', '30bc70eb-2692-47e6-a7e3-2772e131c3d7', '{"factionEntries": {"27a53dfc-a321-4c12-bf7c-bb177955c95b": {"FactionID": "27a53dfc-a321-4c12-bf7c-bb177955c95b", "StandingValue": -3, "AreOpenlyHostile": true}, "30bc70eb-2692-47e6-a7e3-2772e131c3d7": {"FactionID": "30bc70eb-2692-47e6-a7e3-2772e131c3d7", "StandingValue": 10, "AreOpenlyHostile": false}, "506286f5-6613-4481-ac26-caa9940fbe68": {"FactionID": "506286f5-6613-4481-ac26-caa9940fbe68", "StandingValue": 1.5, "AreOpenlyHostile": false}, "559d7fc1-5470-4ab4-8c66-fa2f0b89a523": {"FactionID": "559d7fc1-5470-4ab4-8c66-fa2f0b89a523", "StandingValue": -5.5, "AreOpenlyHostile": true}, "5db2bec7-37c3-4f1c-ab88-21024c12d639": {"FactionID": "5db2bec7-37c3-4f1c-ab88-21024c12d639", "StandingValue": -0.5, "AreOpenlyHostile": false}, "7decfd86-9c82-4a17-af3b-5d4af8c4e2ad": {"FactionID": "7decfd86-9c82-4a17-af3b-5d4af8c4e2ad", "StandingValue": -8, "AreOpenlyHostile": true}, "a0152cbb-8a78-45a4-ae9b-2ad2b60b583b": {"FactionID": "a0152cbb-8a78-45a4-ae9b-2ad2b60b583b", "StandingValue": -3, "AreOpenlyHostile": true}, "b3d3fa9c-b21e-490f-b39e-128b3af12128": {"FactionID": "b3d3fa9c-b21e-490f-b39e-128b3af12128", "StandingValue": 0, "AreOpenlyHostile": false}, "bdeffd9a-3cab-408c-9cd7-32fce1124f7a": {"FactionID": "bdeffd9a-3cab-408c-9cd7-32fce1124f7a", "StandingValue": -0.5, "AreOpenlyHostile": false}}}', true, 5, NULL, '{}', '[::1]:58274', false, NULL);
    INSERT INTO public.users (id, charactername, hashpass, registered, banned, current_shipid, startid, escrow_containerid, current_factionid, reputationsheet, isnpc, behaviourmode, emailaddress, experiencesheet, registeredip, isdev, resettoken) VALUES ('af8c89b5-b526-40ea-b4b4-c06d6f35114b', 'Bai Chen', '92133c21fc74da46e037cafd6676bae8e0d78b39db21b67e3cf89eb0abc758ae', '2022-11-20 16:54:48.123584-05', B'0', NULL, 'e5f2f73d-acd0-4a56-941d-eaa7c924b183', 'b64092f8-a2fc-4f32-8478-cdd49542335a', '30bc70eb-2692-47e6-a7e3-2772e131c3d7', '{"factionEntries": {"27a53dfc-a321-4c12-bf7c-bb177955c95b": {"FactionID": "27a53dfc-a321-4c12-bf7c-bb177955c95b", "StandingValue": -3, "AreOpenlyHostile": true}, "30bc70eb-2692-47e6-a7e3-2772e131c3d7": {"FactionID": "30bc70eb-2692-47e6-a7e3-2772e131c3d7", "StandingValue": 10, "AreOpenlyHostile": false}, "506286f5-6613-4481-ac26-caa9940fbe68": {"FactionID": "506286f5-6613-4481-ac26-caa9940fbe68", "StandingValue": 1.5, "AreOpenlyHostile": false}, "559d7fc1-5470-4ab4-8c66-fa2f0b89a523": {"FactionID": "559d7fc1-5470-4ab4-8c66-fa2f0b89a523", "StandingValue": -5.5, "AreOpenlyHostile": true}, "5db2bec7-37c3-4f1c-ab88-21024c12d639": {"FactionID": "5db2bec7-37c3-4f1c-ab88-21024c12d639", "StandingValue": -0.5, "AreOpenlyHostile": false}, "7decfd86-9c82-4a17-af3b-5d4af8c4e2ad": {"FactionID": "7decfd86-9c82-4a17-af3b-5d4af8c4e2ad", "StandingValue": -8, "AreOpenlyHostile": true}, "a0152cbb-8a78-45a4-ae9b-2ad2b60b583b": {"FactionID": "a0152cbb-8a78-45a4-ae9b-2ad2b60b583b", "StandingValue": -3, "AreOpenlyHostile": true}, "b3d3fa9c-b21e-490f-b39e-128b3af12128": {"FactionID": "b3d3fa9c-b21e-490f-b39e-128b3af12128", "StandingValue": 0, "AreOpenlyHostile": false}, "bdeffd9a-3cab-408c-9cd7-32fce1124f7a": {"FactionID": "bdeffd9a-3cab-408c-9cd7-32fce1124f7a", "StandingValue": -0.5, "AreOpenlyHostile": false}}}', true, 5, NULL, '{}', '[::1]:58274', false, NULL);
    INSERT INTO public.users (id, charactername, hashpass, registered, banned, current_shipid, startid, escrow_containerid, current_factionid, reputationsheet, isnpc, behaviourmode, emailaddress, experiencesheet, registeredip, isdev, resettoken) VALUES ('c7c078c7-ea7d-4037-8fa5-590e27eb43ab', 'Chiarina Zito', 'a8f21e110ea3c4d86e45ae3fdd41d3d460f9502bccf025813cd2f972ebcc688b', '2022-11-20 16:54:48.151772-05', B'0', NULL, 'e5f2f73d-acd0-4a56-941d-eaa7c924b183', 'b64092f8-a2fc-4f32-8478-cdd49542335a', '30bc70eb-2692-47e6-a7e3-2772e131c3d7', '{"factionEntries": {"27a53dfc-a321-4c12-bf7c-bb177955c95b": {"FactionID": "27a53dfc-a321-4c12-bf7c-bb177955c95b", "StandingValue": -3, "AreOpenlyHostile": true}, "30bc70eb-2692-47e6-a7e3-2772e131c3d7": {"FactionID": "30bc70eb-2692-47e6-a7e3-2772e131c3d7", "StandingValue": 10, "AreOpenlyHostile": false}, "506286f5-6613-4481-ac26-caa9940fbe68": {"FactionID": "506286f5-6613-4481-ac26-caa9940fbe68", "StandingValue": 1.5, "AreOpenlyHostile": false}, "559d7fc1-5470-4ab4-8c66-fa2f0b89a523": {"FactionID": "559d7fc1-5470-4ab4-8c66-fa2f0b89a523", "StandingValue": -5.5, "AreOpenlyHostile": true}, "5db2bec7-37c3-4f1c-ab88-21024c12d639": {"FactionID": "5db2bec7-37c3-4f1c-ab88-21024c12d639", "StandingValue": -0.5, "AreOpenlyHostile": false}, "7decfd86-9c82-4a17-af3b-5d4af8c4e2ad": {"FactionID": "7decfd86-9c82-4a17-af3b-5d4af8c4e2ad", "StandingValue": -8, "AreOpenlyHostile": true}, "a0152cbb-8a78-45a4-ae9b-2ad2b60b583b": {"FactionID": "a0152cbb-8a78-45a4-ae9b-2ad2b60b583b", "StandingValue": -3, "AreOpenlyHostile": true}, "b3d3fa9c-b21e-490f-b39e-128b3af12128": {"FactionID": "b3d3fa9c-b21e-490f-b39e-128b3af12128", "StandingValue": 0, "AreOpenlyHostile": false}, "bdeffd9a-3cab-408c-9cd7-32fce1124f7a": {"FactionID": "bdeffd9a-3cab-408c-9cd7-32fce1124f7a", "StandingValue": -0.5, "AreOpenlyHostile": false}}}', true, 5, NULL, '{}', '[::1]:58274', false, NULL);
    INSERT INTO public.users (id, charactername, hashpass, registered, banned, current_shipid, startid, escrow_containerid, current_factionid, reputationsheet, isnpc, behaviourmode, emailaddress, experiencesheet, registeredip, isdev, resettoken) VALUES ('a98cf9e0-da08-4ca1-94f6-4db9b373d83c', 'Svre Parent', 'f215c63e0f24f72c2b6082094b2b466caa72d8ca443cac8f1d849bbd7709afcb', '2022-11-20 16:54:48.179411-05', B'0', NULL, 'e5f2f73d-acd0-4a56-941d-eaa7c924b183', 'b64092f8-a2fc-4f32-8478-cdd49542335a', '30bc70eb-2692-47e6-a7e3-2772e131c3d7', '{"factionEntries": {"27a53dfc-a321-4c12-bf7c-bb177955c95b": {"FactionID": "27a53dfc-a321-4c12-bf7c-bb177955c95b", "StandingValue": -3, "AreOpenlyHostile": true}, "30bc70eb-2692-47e6-a7e3-2772e131c3d7": {"FactionID": "30bc70eb-2692-47e6-a7e3-2772e131c3d7", "StandingValue": 10, "AreOpenlyHostile": false}, "506286f5-6613-4481-ac26-caa9940fbe68": {"FactionID": "506286f5-6613-4481-ac26-caa9940fbe68", "StandingValue": 1.5, "AreOpenlyHostile": false}, "559d7fc1-5470-4ab4-8c66-fa2f0b89a523": {"FactionID": "559d7fc1-5470-4ab4-8c66-fa2f0b89a523", "StandingValue": -5.5, "AreOpenlyHostile": true}, "5db2bec7-37c3-4f1c-ab88-21024c12d639": {"FactionID": "5db2bec7-37c3-4f1c-ab88-21024c12d639", "StandingValue": -0.5, "AreOpenlyHostile": false}, "7decfd86-9c82-4a17-af3b-5d4af8c4e2ad": {"FactionID": "7decfd86-9c82-4a17-af3b-5d4af8c4e2ad", "StandingValue": -8, "AreOpenlyHostile": true}, "a0152cbb-8a78-45a4-ae9b-2ad2b60b583b": {"FactionID": "a0152cbb-8a78-45a4-ae9b-2ad2b60b583b", "StandingValue": -3, "AreOpenlyHostile": true}, "b3d3fa9c-b21e-490f-b39e-128b3af12128": {"FactionID": "b3d3fa9c-b21e-490f-b39e-128b3af12128", "StandingValue": 0, "AreOpenlyHostile": false}, "bdeffd9a-3cab-408c-9cd7-32fce1124f7a": {"FactionID": "bdeffd9a-3cab-408c-9cd7-32fce1124f7a", "StandingValue": -0.5, "AreOpenlyHostile": false}}}', true, 5, NULL, '{}', '[::1]:58274', false, NULL);
    INSERT INTO public.users (id, charactername, hashpass, registered, banned, current_shipid, startid, escrow_containerid, current_factionid, reputationsheet, isnpc, behaviourmode, emailaddress, experiencesheet, registeredip, isdev, resettoken) VALUES ('62d0f066-27f2-4e3f-8cce-6b5c6aeb2460', 'Esyllt Sealy', '1440a2f0160215ea65386fd12f3791108c6cca7c0a01a5257a1f21ed8715be43', '2022-11-20 16:54:48.207643-05', B'0', NULL, 'e5f2f73d-acd0-4a56-941d-eaa7c924b183', 'b64092f8-a2fc-4f32-8478-cdd49542335a', '30bc70eb-2692-47e6-a7e3-2772e131c3d7', '{"factionEntries": {"27a53dfc-a321-4c12-bf7c-bb177955c95b": {"FactionID": "27a53dfc-a321-4c12-bf7c-bb177955c95b", "StandingValue": -3, "AreOpenlyHostile": true}, "30bc70eb-2692-47e6-a7e3-2772e131c3d7": {"FactionID": "30bc70eb-2692-47e6-a7e3-2772e131c3d7", "StandingValue": 10, "AreOpenlyHostile": false}, "506286f5-6613-4481-ac26-caa9940fbe68": {"FactionID": "506286f5-6613-4481-ac26-caa9940fbe68", "StandingValue": 1.5, "AreOpenlyHostile": false}, "559d7fc1-5470-4ab4-8c66-fa2f0b89a523": {"FactionID": "559d7fc1-5470-4ab4-8c66-fa2f0b89a523", "StandingValue": -5.5, "AreOpenlyHostile": true}, "5db2bec7-37c3-4f1c-ab88-21024c12d639": {"FactionID": "5db2bec7-37c3-4f1c-ab88-21024c12d639", "StandingValue": -0.5, "AreOpenlyHostile": false}, "7decfd86-9c82-4a17-af3b-5d4af8c4e2ad": {"FactionID": "7decfd86-9c82-4a17-af3b-5d4af8c4e2ad", "StandingValue": -8, "AreOpenlyHostile": true}, "a0152cbb-8a78-45a4-ae9b-2ad2b60b583b": {"FactionID": "a0152cbb-8a78-45a4-ae9b-2ad2b60b583b", "StandingValue": -3, "AreOpenlyHostile": true}, "b3d3fa9c-b21e-490f-b39e-128b3af12128": {"FactionID": "b3d3fa9c-b21e-490f-b39e-128b3af12128", "StandingValue": 0, "AreOpenlyHostile": false}, "bdeffd9a-3cab-408c-9cd7-32fce1124f7a": {"FactionID": "bdeffd9a-3cab-408c-9cd7-32fce1124f7a", "StandingValue": -0.5, "AreOpenlyHostile": false}}}', true, 5, NULL, '{}', '[::1]:58274', false, NULL);
    INSERT INTO public.users (id, charactername, hashpass, registered, banned, current_shipid, startid, escrow_containerid, current_factionid, reputationsheet, isnpc, behaviourmode, emailaddress, experiencesheet, registeredip, isdev, resettoken) VALUES ('726511e3-d8fd-4e66-b654-88d413247adc', 'Sanaa Gbadamosi', '60f6c33b1d45460a63f2f0c575786b55c0b216871ee2efc0d883af3d015740cc', '2022-11-20 16:54:48.235816-05', B'0', NULL, 'e5f2f73d-acd0-4a56-941d-eaa7c924b183', 'b64092f8-a2fc-4f32-8478-cdd49542335a', '30bc70eb-2692-47e6-a7e3-2772e131c3d7', '{"factionEntries": {"27a53dfc-a321-4c12-bf7c-bb177955c95b": {"FactionID": "27a53dfc-a321-4c12-bf7c-bb177955c95b", "StandingValue": -3, "AreOpenlyHostile": true}, "30bc70eb-2692-47e6-a7e3-2772e131c3d7": {"FactionID": "30bc70eb-2692-47e6-a7e3-2772e131c3d7", "StandingValue": 10, "AreOpenlyHostile": false}, "506286f5-6613-4481-ac26-caa9940fbe68": {"FactionID": "506286f5-6613-4481-ac26-caa9940fbe68", "StandingValue": 1.5, "AreOpenlyHostile": false}, "559d7fc1-5470-4ab4-8c66-fa2f0b89a523": {"FactionID": "559d7fc1-5470-4ab4-8c66-fa2f0b89a523", "StandingValue": -5.5, "AreOpenlyHostile": true}, "5db2bec7-37c3-4f1c-ab88-21024c12d639": {"FactionID": "5db2bec7-37c3-4f1c-ab88-21024c12d639", "StandingValue": -0.5, "AreOpenlyHostile": false}, "7decfd86-9c82-4a17-af3b-5d4af8c4e2ad": {"FactionID": "7decfd86-9c82-4a17-af3b-5d4af8c4e2ad", "StandingValue": -8, "AreOpenlyHostile": true}, "a0152cbb-8a78-45a4-ae9b-2ad2b60b583b": {"FactionID": "a0152cbb-8a78-45a4-ae9b-2ad2b60b583b", "StandingValue": -3, "AreOpenlyHostile": true}, "b3d3fa9c-b21e-490f-b39e-128b3af12128": {"FactionID": "b3d3fa9c-b21e-490f-b39e-128b3af12128", "StandingValue": 0, "AreOpenlyHostile": false}, "bdeffd9a-3cab-408c-9cd7-32fce1124f7a": {"FactionID": "bdeffd9a-3cab-408c-9cd7-32fce1124f7a", "StandingValue": -0.5, "AreOpenlyHostile": false}}}', true, 5, NULL, '{}', '[::1]:58274', false, NULL);
    INSERT INTO public.users (id, charactername, hashpass, registered, banned, current_shipid, startid, escrow_containerid, current_factionid, reputationsheet, isnpc, behaviourmode, emailaddress, experiencesheet, registeredip, isdev, resettoken) VALUES ('a7a4a92a-acb0-43eb-8fef-375c0916be4c', 'Zakia Okoye', '0ef21bb3bf2cf4340981acdf0af530da33e658c7b5b733025290f5482558df30', '2022-11-20 16:54:48.263418-05', B'0', NULL, 'e5f2f73d-acd0-4a56-941d-eaa7c924b183', 'b64092f8-a2fc-4f32-8478-cdd49542335a', '30bc70eb-2692-47e6-a7e3-2772e131c3d7', '{"factionEntries": {"27a53dfc-a321-4c12-bf7c-bb177955c95b": {"FactionID": "27a53dfc-a321-4c12-bf7c-bb177955c95b", "StandingValue": -3, "AreOpenlyHostile": true}, "30bc70eb-2692-47e6-a7e3-2772e131c3d7": {"FactionID": "30bc70eb-2692-47e6-a7e3-2772e131c3d7", "StandingValue": 10, "AreOpenlyHostile": false}, "506286f5-6613-4481-ac26-caa9940fbe68": {"FactionID": "506286f5-6613-4481-ac26-caa9940fbe68", "StandingValue": 1.5, "AreOpenlyHostile": false}, "559d7fc1-5470-4ab4-8c66-fa2f0b89a523": {"FactionID": "559d7fc1-5470-4ab4-8c66-fa2f0b89a523", "StandingValue": -5.5, "AreOpenlyHostile": true}, "5db2bec7-37c3-4f1c-ab88-21024c12d639": {"FactionID": "5db2bec7-37c3-4f1c-ab88-21024c12d639", "StandingValue": -0.5, "AreOpenlyHostile": false}, "7decfd86-9c82-4a17-af3b-5d4af8c4e2ad": {"FactionID": "7decfd86-9c82-4a17-af3b-5d4af8c4e2ad", "StandingValue": -8, "AreOpenlyHostile": true}, "a0152cbb-8a78-45a4-ae9b-2ad2b60b583b": {"FactionID": "a0152cbb-8a78-45a4-ae9b-2ad2b60b583b", "StandingValue": -3, "AreOpenlyHostile": true}, "b3d3fa9c-b21e-490f-b39e-128b3af12128": {"FactionID": "b3d3fa9c-b21e-490f-b39e-128b3af12128", "StandingValue": 0, "AreOpenlyHostile": false}, "bdeffd9a-3cab-408c-9cd7-32fce1124f7a": {"FactionID": "bdeffd9a-3cab-408c-9cd7-32fce1124f7a", "StandingValue": -0.5, "AreOpenlyHostile": false}}}', true, 5, NULL, '{}', '[::1]:58274', false, NULL);

    -- ships
    INSERT INTO public.ships (id, universe_systemid, userid, pos_x, pos_y, created, shipname, texture, theta, vel_x, vel_y, shield, armor, hull, fuel, heat, energy, shiptemplateid, dockedat_stationid, fitting, destroyed, destroyedat, cargobay_containerid, fittingbay_containerid, remaxdirty, trash_containerid, wallet, noload, flightexperiencemodifier) VALUES ('e88372d7-45e0-4708-bd46-5d476fef8ae9', 'b41c2613-0bb6-4eaf-9c8d-b6214d8e5cd3', '726511e3-d8fd-4e66-b654-88d413247adc', 0, 0, '2022-11-20 16:54:48.256959-05', 'Sanaa Gbadamosi''s Starter Ship', 'Emu', 0, 0, 0, 249, 260, 246, 874, 0, 70, '248e1854-7ce6-4684-a339-581edde64fbc', 'a0d1da80-8e3d-4c17-b64e-797bff444034', '{"a_rack": [{"item_id": "a92a2b58-6f63-4da2-b6be-46bb0672f6b3", "slot_idx": 0, "item_type_id": "9db663d5-4525-42d0-a21e-40d47aec8360"}, {"item_id": "8995bca6-926b-48e3-9853-9439e4cb04b4", "slot_idx": 1, "item_type_id": "4d434e80-b8d5-488c-8f83-e3a4e62293b5"}], "b_rack": [{"item_id": "745ae9f5-562a-4aa7-b0ac-e0eb5e383cb4", "slot_idx": 0, "item_type_id": "2fc079a2-8cc6-4ae7-9fa8-a4af11615fc0"}, {"item_id": "bc68f3ab-4340-43c8-8ab3-76513d858b74", "slot_idx": 1, "item_type_id": "b6c61575-1c0d-4a89-9a8e-36b6720848ea"}], "c_rack": [{"item_id": "930b7c36-bf4e-4947-83c3-a2a8a415be14", "slot_idx": 0, "item_type_id": "be5ef52d-9b2d-4798-8a7c-758da84dd4c0"}, {"item_id": "0b2f92b9-98c8-4201-9997-ad98b907c6e6", "slot_idx": 1, "item_type_id": "be5ef52d-9b2d-4798-8a7c-758da84dd4c0"}]}', false, NULL, 'd82d8a5a-764f-4014-b98f-ac4ceea38ffe', '7b31cba3-fdf7-4e96-9519-66d2bfc1df4c', true, '0d14c7ae-9b00-4159-a81e-47491bce43c2', 10000, false, 1);
    INSERT INTO public.ships (id, universe_systemid, userid, pos_x, pos_y, created, shipname, texture, theta, vel_x, vel_y, shield, armor, hull, fuel, heat, energy, shiptemplateid, dockedat_stationid, fitting, destroyed, destroyedat, cargobay_containerid, fittingbay_containerid, remaxdirty, trash_containerid, wallet, noload, flightexperiencemodifier) VALUES ('51e83f2d-cce2-45b1-89d3-64bd47dbdb96', 'b41c2613-0bb6-4eaf-9c8d-b6214d8e5cd3', 'a7a4a92a-acb0-43eb-8fef-375c0916be4c', 0, 0, '2022-11-20 16:54:48.284895-05', 'Zakia Okoye''s Starter Ship', 'Emu', 0, 0, 0, 249, 260, 246, 874, 0, 70, '248e1854-7ce6-4684-a339-581edde64fbc', 'a0d1da80-8e3d-4c17-b64e-797bff444034', '{"a_rack": [{"item_id": "a4c36030-dc77-4d3e-82e8-056bcba122b0", "slot_idx": 0, "item_type_id": "9db663d5-4525-42d0-a21e-40d47aec8360"}, {"item_id": "2c5980b8-c3a6-4761-b3c1-2facccbddbac", "slot_idx": 1, "item_type_id": "4d434e80-b8d5-488c-8f83-e3a4e62293b5"}], "b_rack": [{"item_id": "1405f2bb-61be-4386-aaab-dc1d93007774", "slot_idx": 0, "item_type_id": "2fc079a2-8cc6-4ae7-9fa8-a4af11615fc0"}, {"item_id": "7a7a554d-4f6a-4b6a-b668-5db54fa37886", "slot_idx": 1, "item_type_id": "b6c61575-1c0d-4a89-9a8e-36b6720848ea"}], "c_rack": [{"item_id": "dd857559-37e4-4457-98a9-e711d6ffded8", "slot_idx": 0, "item_type_id": "be5ef52d-9b2d-4798-8a7c-758da84dd4c0"}, {"item_id": "e05e3775-f51a-41cf-8183-a9418c2fce89", "slot_idx": 1, "item_type_id": "be5ef52d-9b2d-4798-8a7c-758da84dd4c0"}]}', false, NULL, 'c9e99b00-c812-4985-b74b-a1909f9d3807', '925efd94-58aa-43ef-a2ee-fa862d008f1e', true, '01b8a26d-343e-4786-a6c0-69afb988fb06', 10000, false, 1);
    INSERT INTO public.ships (id, universe_systemid, userid, pos_x, pos_y, created, shipname, texture, theta, vel_x, vel_y, shield, armor, hull, fuel, heat, energy, shiptemplateid, dockedat_stationid, fitting, destroyed, destroyedat, cargobay_containerid, fittingbay_containerid, remaxdirty, trash_containerid, wallet, noload, flightexperiencemodifier) VALUES ('78887f45-ffbe-4cfe-a531-815c7e287702', 'b41c2613-0bb6-4eaf-9c8d-b6214d8e5cd3', '41fd2e36-6868-4baa-aca4-50c03d18cdca', 0, 0, '2022-11-20 16:54:48.093287-05', 'Alf Preston''s Starter Ship', 'Emu', 0, 0, 0, 249, 260, 246, 874, 0, 70, '248e1854-7ce6-4684-a339-581edde64fbc', 'a0d1da80-8e3d-4c17-b64e-797bff444034', '{"a_rack": [{"item_id": "61ec00b8-4d92-415c-bd64-8ac8d9d9ebec", "slot_idx": 0, "item_type_id": "9db663d5-4525-42d0-a21e-40d47aec8360"}, {"item_id": "677ad261-aaf1-418e-a9ea-b562086c70b4", "slot_idx": 1, "item_type_id": "4d434e80-b8d5-488c-8f83-e3a4e62293b5"}], "b_rack": [{"item_id": "f7b0e121-680f-453a-932e-a3533b397c64", "slot_idx": 0, "item_type_id": "2fc079a2-8cc6-4ae7-9fa8-a4af11615fc0"}, {"item_id": "4013f265-9de7-47ff-9687-cdf1d13a7724", "slot_idx": 1, "item_type_id": "b6c61575-1c0d-4a89-9a8e-36b6720848ea"}], "c_rack": [{"item_id": "b44c768d-e63d-4ac9-8ca1-718e6924d68d", "slot_idx": 0, "item_type_id": "be5ef52d-9b2d-4798-8a7c-758da84dd4c0"}, {"item_id": "0df949e4-3f54-46d5-a456-753c7da4a51f", "slot_idx": 1, "item_type_id": "be5ef52d-9b2d-4798-8a7c-758da84dd4c0"}]}', false, NULL, '02828d6b-4921-40f9-9db1-d7ed1cb36ba0', 'f4e3c87a-1dba-44ec-9063-97e92e4901e7', true, '264af436-f066-4934-a734-b2e71946a5e4', 10000, false, 1);
    INSERT INTO public.ships (id, universe_systemid, userid, pos_x, pos_y, created, shipname, texture, theta, vel_x, vel_y, shield, armor, hull, fuel, heat, energy, shiptemplateid, dockedat_stationid, fitting, destroyed, destroyedat, cargobay_containerid, fittingbay_containerid, remaxdirty, trash_containerid, wallet, noload, flightexperiencemodifier) VALUES ('9ef25a64-c840-4a5f-a452-17021f017782', 'b41c2613-0bb6-4eaf-9c8d-b6214d8e5cd3', '95dfe7ea-41f3-46fe-9e6a-d5e60c3f0b3e', 0, 0, '2022-11-20 16:54:48.117454-05', 'Lindsay Mccoy''s Starter Ship', 'Emu', 0, 0, 0, 249, 260, 246, 874, 0, 70, '248e1854-7ce6-4684-a339-581edde64fbc', 'a0d1da80-8e3d-4c17-b64e-797bff444034', '{"a_rack": [{"item_id": "19eae542-9fd7-4cb7-a098-d5d28ad1dcd1", "slot_idx": 0, "item_type_id": "9db663d5-4525-42d0-a21e-40d47aec8360"}, {"item_id": "65233fb6-ca1a-47b3-8a53-9f327adfc4e2", "slot_idx": 1, "item_type_id": "4d434e80-b8d5-488c-8f83-e3a4e62293b5"}], "b_rack": [{"item_id": "8c6919ff-0d45-4801-8d1f-490191eb1720", "slot_idx": 0, "item_type_id": "2fc079a2-8cc6-4ae7-9fa8-a4af11615fc0"}, {"item_id": "057c1241-bdf4-4f1d-9ac1-370064995dfc", "slot_idx": 1, "item_type_id": "b6c61575-1c0d-4a89-9a8e-36b6720848ea"}], "c_rack": [{"item_id": "e4b8ed91-8e11-49c3-b6d7-d6fcc33e634d", "slot_idx": 0, "item_type_id": "be5ef52d-9b2d-4798-8a7c-758da84dd4c0"}, {"item_id": "91656570-45b3-42ca-bae6-80904ee3fdae", "slot_idx": 1, "item_type_id": "be5ef52d-9b2d-4798-8a7c-758da84dd4c0"}]}', false, NULL, '3ee01a4c-8844-4759-a37f-c34821b82b64', 'f010f5f2-64cb-408a-be6c-a26c7b6d41d6', true, '73c09ef9-be01-4258-8d85-9b52752f9478', 10000, false, 1);
    INSERT INTO public.ships (id, universe_systemid, userid, pos_x, pos_y, created, shipname, texture, theta, vel_x, vel_y, shield, armor, hull, fuel, heat, energy, shiptemplateid, dockedat_stationid, fitting, destroyed, destroyedat, cargobay_containerid, fittingbay_containerid, remaxdirty, trash_containerid, wallet, noload, flightexperiencemodifier) VALUES ('a9224acf-19dc-49c0-b0a9-c43aff8da319', 'b41c2613-0bb6-4eaf-9c8d-b6214d8e5cd3', 'af8c89b5-b526-40ea-b4b4-c06d6f35114b', 0, 0, '2022-11-20 16:54:48.145315-05', 'Bai Chen''s Starter Ship', 'Emu', 0, 0, 0, 249, 260, 246, 874, 0, 70, '248e1854-7ce6-4684-a339-581edde64fbc', 'a0d1da80-8e3d-4c17-b64e-797bff444034', '{"a_rack": [{"item_id": "9490deaa-7c4c-4caa-8063-5f9f0c7ef941", "slot_idx": 0, "item_type_id": "9db663d5-4525-42d0-a21e-40d47aec8360"}, {"item_id": "33b263fc-ee7a-4a94-92dd-268bd02d77da", "slot_idx": 1, "item_type_id": "4d434e80-b8d5-488c-8f83-e3a4e62293b5"}], "b_rack": [{"item_id": "953aa10b-553b-47db-8f5a-d094d864941e", "slot_idx": 0, "item_type_id": "2fc079a2-8cc6-4ae7-9fa8-a4af11615fc0"}, {"item_id": "743e07db-c17c-4c58-824c-a1e48c9d442a", "slot_idx": 1, "item_type_id": "b6c61575-1c0d-4a89-9a8e-36b6720848ea"}], "c_rack": [{"item_id": "2ae1026e-f742-4106-a5fd-ae0592b45228", "slot_idx": 0, "item_type_id": "be5ef52d-9b2d-4798-8a7c-758da84dd4c0"}, {"item_id": "9e7d23c1-8b93-443c-a879-995475b031b1", "slot_idx": 1, "item_type_id": "be5ef52d-9b2d-4798-8a7c-758da84dd4c0"}]}', false, NULL, '05452bf4-9ef0-4f59-b2b7-a6b9ded5698d', '62f9dc54-c23c-4cc8-a1ab-8614684e5c05', true, '78c7d0e7-cc7f-4db5-9ddb-38446b7d04d2', 10000, false, 1);
    INSERT INTO public.ships (id, universe_systemid, userid, pos_x, pos_y, created, shipname, texture, theta, vel_x, vel_y, shield, armor, hull, fuel, heat, energy, shiptemplateid, dockedat_stationid, fitting, destroyed, destroyedat, cargobay_containerid, fittingbay_containerid, remaxdirty, trash_containerid, wallet, noload, flightexperiencemodifier) VALUES ('936c3403-ecd4-4c77-84f4-d087cd273d66', 'b41c2613-0bb6-4eaf-9c8d-b6214d8e5cd3', 'c7c078c7-ea7d-4037-8fa5-590e27eb43ab', 0, 0, '2022-11-20 16:54:48.173135-05', 'Chiarina Zito''s Starter Ship', 'Emu', 0, 0, 0, 249, 260, 246, 874, 0, 70, '248e1854-7ce6-4684-a339-581edde64fbc', 'a0d1da80-8e3d-4c17-b64e-797bff444034', '{"a_rack": [{"item_id": "d3a18f98-4b91-49a1-b4ff-58bb4cf1689c", "slot_idx": 0, "item_type_id": "9db663d5-4525-42d0-a21e-40d47aec8360"}, {"item_id": "86332106-2c9c-42bf-8a28-284dc2c0da47", "slot_idx": 1, "item_type_id": "4d434e80-b8d5-488c-8f83-e3a4e62293b5"}], "b_rack": [{"item_id": "83b8d0be-b01b-4147-9dde-f59a0f85a651", "slot_idx": 0, "item_type_id": "2fc079a2-8cc6-4ae7-9fa8-a4af11615fc0"}, {"item_id": "7ee44142-dd4e-4559-8308-19ce31fde6b4", "slot_idx": 1, "item_type_id": "b6c61575-1c0d-4a89-9a8e-36b6720848ea"}], "c_rack": [{"item_id": "7d7add7f-2d54-47b5-b051-2b18f232f2ad", "slot_idx": 0, "item_type_id": "be5ef52d-9b2d-4798-8a7c-758da84dd4c0"}, {"item_id": "ed7afb30-5b8e-4dc5-8a5b-277999acfd89", "slot_idx": 1, "item_type_id": "be5ef52d-9b2d-4798-8a7c-758da84dd4c0"}]}', false, NULL, 'fe6ea96d-79d8-4959-9915-373c6afcbcc3', 'ccab1633-5eaf-4b03-a69e-d329c2f9093c', true, '3bd2edbf-878f-4137-a35d-1f351c46669b', 10000, false, 1);
    INSERT INTO public.ships (id, universe_systemid, userid, pos_x, pos_y, created, shipname, texture, theta, vel_x, vel_y, shield, armor, hull, fuel, heat, energy, shiptemplateid, dockedat_stationid, fitting, destroyed, destroyedat, cargobay_containerid, fittingbay_containerid, remaxdirty, trash_containerid, wallet, noload, flightexperiencemodifier) VALUES ('5c39318e-d8da-47d9-829a-141062e99e3b', 'b41c2613-0bb6-4eaf-9c8d-b6214d8e5cd3', 'a98cf9e0-da08-4ca1-94f6-4db9b373d83c', 0, 0, '2022-11-20 16:54:48.201357-05', 'Svre Parent''s Starter Ship', 'Emu', 0, 0, 0, 249, 260, 246, 874, 0, 70, '248e1854-7ce6-4684-a339-581edde64fbc', 'a0d1da80-8e3d-4c17-b64e-797bff444034', '{"a_rack": [{"item_id": "8c575471-fb76-4d5f-b8e2-aa059540d9ee", "slot_idx": 0, "item_type_id": "9db663d5-4525-42d0-a21e-40d47aec8360"}, {"item_id": "08099e45-f961-4ae6-9844-c973f7a489ba", "slot_idx": 1, "item_type_id": "4d434e80-b8d5-488c-8f83-e3a4e62293b5"}], "b_rack": [{"item_id": "cc6eed59-f878-41fe-a1a9-08c479aa1b79", "slot_idx": 0, "item_type_id": "2fc079a2-8cc6-4ae7-9fa8-a4af11615fc0"}, {"item_id": "0f396e27-b873-44f0-813c-780b21b29ff6", "slot_idx": 1, "item_type_id": "b6c61575-1c0d-4a89-9a8e-36b6720848ea"}], "c_rack": [{"item_id": "35eda01c-efc0-460e-a065-e6f4259fb2a0", "slot_idx": 0, "item_type_id": "be5ef52d-9b2d-4798-8a7c-758da84dd4c0"}, {"item_id": "1ff8f123-d200-4809-bf38-97636dd9e3de", "slot_idx": 1, "item_type_id": "be5ef52d-9b2d-4798-8a7c-758da84dd4c0"}]}', false, NULL, '5d6f32e2-485b-445b-90f4-cb47773b1aaf', '4ff6e122-1695-4acd-a2d5-6091fd571537', true, '89685e9e-cd5f-4f4d-8e1a-02a2c0f2a5fc', 10000, false, 1);
    INSERT INTO public.ships (id, universe_systemid, userid, pos_x, pos_y, created, shipname, texture, theta, vel_x, vel_y, shield, armor, hull, fuel, heat, energy, shiptemplateid, dockedat_stationid, fitting, destroyed, destroyedat, cargobay_containerid, fittingbay_containerid, remaxdirty, trash_containerid, wallet, noload, flightexperiencemodifier) VALUES ('42c112d8-be38-4e28-a5c3-8af98ce93c95', 'b41c2613-0bb6-4eaf-9c8d-b6214d8e5cd3', '62d0f066-27f2-4e3f-8cce-6b5c6aeb2460', 0, 0, '2022-11-20 16:54:48.229148-05', 'Esyllt Sealy''s Starter Ship', 'Emu', 0, 0, 0, 249, 260, 246, 874, 0, 70, '248e1854-7ce6-4684-a339-581edde64fbc', 'a0d1da80-8e3d-4c17-b64e-797bff444034', '{"a_rack": [{"item_id": "a53d4dac-c746-475c-9781-307bc96737b6", "slot_idx": 0, "item_type_id": "9db663d5-4525-42d0-a21e-40d47aec8360"}, {"item_id": "8bc56c40-e85e-4da8-a40a-707204ca5926", "slot_idx": 1, "item_type_id": "4d434e80-b8d5-488c-8f83-e3a4e62293b5"}], "b_rack": [{"item_id": "91e23725-609f-43d1-b48d-e9c2312891f4", "slot_idx": 0, "item_type_id": "2fc079a2-8cc6-4ae7-9fa8-a4af11615fc0"}, {"item_id": "6ece9ca6-bcee-445d-a9a9-06a10086057b", "slot_idx": 1, "item_type_id": "b6c61575-1c0d-4a89-9a8e-36b6720848ea"}], "c_rack": [{"item_id": "aaa3372a-bad5-4aef-ae57-af8d3c517828", "slot_idx": 0, "item_type_id": "be5ef52d-9b2d-4798-8a7c-758da84dd4c0"}, {"item_id": "9d31b602-21cf-4d3e-b669-405b587e5153", "slot_idx": 1, "item_type_id": "be5ef52d-9b2d-4798-8a7c-758da84dd4c0"}]}', false, NULL, '4b6a9aef-9127-4a92-b0f6-9fcea4c3fb05', 'b3d065ba-1f05-4ff3-8a84-7f6a27250f42', true, '86ffd146-20e6-4a48-baa3-cdcf4c03fd0c', 10000, false, 1);

    -- items
    INSERT INTO public.items (id, itemtypeid, meta, created, createdby, createdreason, containerid, quantity, ispackaged) VALUES ('61ec00b8-4d92-415c-bd64-8ac8d9d9ebec', '9db663d5-4525-42d0-a21e-40d47aec8360', '{"hp": 10, "rack": "a", "range": 3750, "volume": 8, "falloff": "linear", "cooldown": 9.3, "tracking": 225.7, "hull_damage": 225, "armor_damage": 137, "can_mine_gas": false, "can_mine_ice": false, "can_mine_ore": false, "needs_target": true, "shield_damage": 98, "activation_heat": 6.4, "ammunition_name": "Light Gauss Shell", "ammunition_type": "33f86ee2-4c16-400e-82ad-38796bea0017", "industrialmarket": {"maxprice": 5091, "minprice": 3469, "silosize": 200}, "activation_energy": 2.5, "ore_mining_volume": 0, "activation_gfx_effect": "basic_gauss_rifle"}', '2022-11-20 16:54:48.080325-05', '41fd2e36-6868-4baa-aca4-50c03d18cdca', 'Module for new noob ship for player', 'f4e3c87a-1dba-44ec-9063-97e92e4901e7', 1, false);
    INSERT INTO public.items (id, itemtypeid, meta, created, createdby, createdreason, containerid, quantity, ispackaged) VALUES ('677ad261-aaf1-418e-a9ea-b562086c70b4', '4d434e80-b8d5-488c-8f83-e3a4e62293b5', '{"hp": 30, "rack": "a", "range": 125, "volume": 6, "falloff": "linear", "cooldown": 18.6, "tracking": 175, "needs_target": true, "salvage_chance": 0.3, "salvage_volume": 50, "activation_heat": 18, "industrialmarket": {"maxprice": 1305, "minprice": 768, "silosize": 1000}, "activation_energy": 3, "activation_gfx_effect": "basic_salvager"}', '2022-11-20 16:54:48.082713-05', '41fd2e36-6868-4baa-aca4-50c03d18cdca', 'Module for new noob ship for player', 'f4e3c87a-1dba-44ec-9063-97e92e4901e7', 1, false);
    INSERT INTO public.items (id, itemtypeid, meta, created, createdby, createdreason, containerid, quantity, ispackaged) VALUES ('f7b0e121-680f-453a-932e-a3533b397c64', '2fc079a2-8cc6-4ae7-9fa8-a4af11615fc0', '{"hp": 12, "rack": "b", "volume": 11, "cooldown": 8.2, "needs_target": false, "activation_heat": 133, "industrialmarket": {"maxprice": 1425, "minprice": 661, "silosize": 200}, "activation_energy": 28, "shield_boost_amount": 60, "activation_gfx_effect": "basic_shield_booster"}', '2022-11-20 16:54:48.084913-05', '41fd2e36-6868-4baa-aca4-50c03d18cdca', 'Module for new noob ship for player', 'f4e3c87a-1dba-44ec-9063-97e92e4901e7', 1, false);
    INSERT INTO public.items (id, itemtypeid, meta, created, createdby, createdreason, containerid, quantity, ispackaged) VALUES ('4013f265-9de7-47ff-9687-cdf1d13a7724', 'b6c61575-1c0d-4a89-9a8e-36b6720848ea', '{"hp": 20, "rack": "b", "volume": 14, "cooldown": 22.3, "needs_target": false, "activation_heat": 13, "industrialmarket": {"maxprice": 1298, "minprice": 905, "silosize": 200}, "activation_energy": 35}', '2022-11-20 16:54:48.087208-05', '41fd2e36-6868-4baa-aca4-50c03d18cdca', 'Module for new noob ship for player', 'f4e3c87a-1dba-44ec-9063-97e92e4901e7', 1, false);
    INSERT INTO public.items (id, itemtypeid, meta, created, createdby, createdreason, containerid, quantity, ispackaged) VALUES ('b44c768d-e63d-4ac9-8ca1-718e6924d68d', 'be5ef52d-9b2d-4798-8a7c-758da84dd4c0', '{"hp": 8, "rack": "c", "volume": 12, "energy_max_add": 105, "industrialmarket": {"maxprice": 1320, "minprice": 1163, "silosize": 200}}', '2022-11-20 16:54:48.089333-05', '41fd2e36-6868-4baa-aca4-50c03d18cdca', 'Module for new noob ship for player', 'f4e3c87a-1dba-44ec-9063-97e92e4901e7', 1, false);
    INSERT INTO public.items (id, itemtypeid, meta, created, createdby, createdreason, containerid, quantity, ispackaged) VALUES ('0df949e4-3f54-46d5-a456-753c7da4a51f', 'be5ef52d-9b2d-4798-8a7c-758da84dd4c0', '{"hp": 8, "rack": "c", "volume": 12, "energy_max_add": 105, "industrialmarket": {"maxprice": 1320, "minprice": 1163, "silosize": 200}}', '2022-11-20 16:54:48.091461-05', '41fd2e36-6868-4baa-aca4-50c03d18cdca', 'Module for new noob ship for player', 'f4e3c87a-1dba-44ec-9063-97e92e4901e7', 1, false);
    INSERT INTO public.items (id, itemtypeid, meta, created, createdby, createdreason, containerid, quantity, ispackaged) VALUES ('19eae542-9fd7-4cb7-a098-d5d28ad1dcd1', '9db663d5-4525-42d0-a21e-40d47aec8360', '{"hp": 10, "rack": "a", "range": 3750, "volume": 8, "falloff": "linear", "cooldown": 9.3, "tracking": 225.7, "hull_damage": 225, "armor_damage": 137, "can_mine_gas": false, "can_mine_ice": false, "can_mine_ore": false, "needs_target": true, "shield_damage": 98, "activation_heat": 6.4, "ammunition_name": "Light Gauss Shell", "ammunition_type": "33f86ee2-4c16-400e-82ad-38796bea0017", "industrialmarket": {"maxprice": 5091, "minprice": 3469, "silosize": 200}, "activation_energy": 2.5, "ore_mining_volume": 0, "activation_gfx_effect": "basic_gauss_rifle"}', '2022-11-20 16:54:48.105742-05', '95dfe7ea-41f3-46fe-9e6a-d5e60c3f0b3e', 'Module for new noob ship for player', 'f010f5f2-64cb-408a-be6c-a26c7b6d41d6', 1, false);
    INSERT INTO public.items (id, itemtypeid, meta, created, createdby, createdreason, containerid, quantity, ispackaged) VALUES ('65233fb6-ca1a-47b3-8a53-9f327adfc4e2', '4d434e80-b8d5-488c-8f83-e3a4e62293b5', '{"hp": 30, "rack": "a", "range": 125, "volume": 6, "falloff": "linear", "cooldown": 18.6, "tracking": 175, "needs_target": true, "salvage_chance": 0.3, "salvage_volume": 50, "activation_heat": 18, "industrialmarket": {"maxprice": 1305, "minprice": 768, "silosize": 1000}, "activation_energy": 3, "activation_gfx_effect": "basic_salvager"}', '2022-11-20 16:54:48.107457-05', '95dfe7ea-41f3-46fe-9e6a-d5e60c3f0b3e', 'Module for new noob ship for player', 'f010f5f2-64cb-408a-be6c-a26c7b6d41d6', 1, false);
    INSERT INTO public.items (id, itemtypeid, meta, created, createdby, createdreason, containerid, quantity, ispackaged) VALUES ('8c6919ff-0d45-4801-8d1f-490191eb1720', '2fc079a2-8cc6-4ae7-9fa8-a4af11615fc0', '{"hp": 12, "rack": "b", "volume": 11, "cooldown": 8.2, "needs_target": false, "activation_heat": 133, "industrialmarket": {"maxprice": 1425, "minprice": 661, "silosize": 200}, "activation_energy": 28, "shield_boost_amount": 60, "activation_gfx_effect": "basic_shield_booster"}', '2022-11-20 16:54:48.109136-05', '95dfe7ea-41f3-46fe-9e6a-d5e60c3f0b3e', 'Module for new noob ship for player', 'f010f5f2-64cb-408a-be6c-a26c7b6d41d6', 1, false);
    INSERT INTO public.items (id, itemtypeid, meta, created, createdby, createdreason, containerid, quantity, ispackaged) VALUES ('057c1241-bdf4-4f1d-9ac1-370064995dfc', 'b6c61575-1c0d-4a89-9a8e-36b6720848ea', '{"hp": 20, "rack": "b", "volume": 14, "cooldown": 22.3, "needs_target": false, "activation_heat": 13, "industrialmarket": {"maxprice": 1298, "minprice": 905, "silosize": 200}, "activation_energy": 35}', '2022-11-20 16:54:48.110993-05', '95dfe7ea-41f3-46fe-9e6a-d5e60c3f0b3e', 'Module for new noob ship for player', 'f010f5f2-64cb-408a-be6c-a26c7b6d41d6', 1, false);
    INSERT INTO public.items (id, itemtypeid, meta, created, createdby, createdreason, containerid, quantity, ispackaged) VALUES ('e4b8ed91-8e11-49c3-b6d7-d6fcc33e634d', 'be5ef52d-9b2d-4798-8a7c-758da84dd4c0', '{"hp": 8, "rack": "c", "volume": 12, "energy_max_add": 105, "industrialmarket": {"maxprice": 1320, "minprice": 1163, "silosize": 200}}', '2022-11-20 16:54:48.11313-05', '95dfe7ea-41f3-46fe-9e6a-d5e60c3f0b3e', 'Module for new noob ship for player', 'f010f5f2-64cb-408a-be6c-a26c7b6d41d6', 1, false);
    INSERT INTO public.items (id, itemtypeid, meta, created, createdby, createdreason, containerid, quantity, ispackaged) VALUES ('91656570-45b3-42ca-bae6-80904ee3fdae', 'be5ef52d-9b2d-4798-8a7c-758da84dd4c0', '{"hp": 8, "rack": "c", "volume": 12, "energy_max_add": 105, "industrialmarket": {"maxprice": 1320, "minprice": 1163, "silosize": 200}}', '2022-11-20 16:54:48.115368-05', '95dfe7ea-41f3-46fe-9e6a-d5e60c3f0b3e', 'Module for new noob ship for player', 'f010f5f2-64cb-408a-be6c-a26c7b6d41d6', 1, false);
    INSERT INTO public.items (id, itemtypeid, meta, created, createdby, createdreason, containerid, quantity, ispackaged) VALUES ('9490deaa-7c4c-4caa-8063-5f9f0c7ef941', '9db663d5-4525-42d0-a21e-40d47aec8360', '{"hp": 10, "rack": "a", "range": 3750, "volume": 8, "falloff": "linear", "cooldown": 9.3, "tracking": 225.7, "hull_damage": 225, "armor_damage": 137, "can_mine_gas": false, "can_mine_ice": false, "can_mine_ore": false, "needs_target": true, "shield_damage": 98, "activation_heat": 6.4, "ammunition_name": "Light Gauss Shell", "ammunition_type": "33f86ee2-4c16-400e-82ad-38796bea0017", "industrialmarket": {"maxprice": 5091, "minprice": 3469, "silosize": 200}, "activation_energy": 2.5, "ore_mining_volume": 0, "activation_gfx_effect": "basic_gauss_rifle"}', '2022-11-20 16:54:48.132055-05', 'af8c89b5-b526-40ea-b4b4-c06d6f35114b', 'Module for new noob ship for player', '62f9dc54-c23c-4cc8-a1ab-8614684e5c05', 1, false);
    INSERT INTO public.items (id, itemtypeid, meta, created, createdby, createdreason, containerid, quantity, ispackaged) VALUES ('33b263fc-ee7a-4a94-92dd-268bd02d77da', '4d434e80-b8d5-488c-8f83-e3a4e62293b5', '{"hp": 30, "rack": "a", "range": 125, "volume": 6, "falloff": "linear", "cooldown": 18.6, "tracking": 175, "needs_target": true, "salvage_chance": 0.3, "salvage_volume": 50, "activation_heat": 18, "industrialmarket": {"maxprice": 1305, "minprice": 768, "silosize": 1000}, "activation_energy": 3, "activation_gfx_effect": "basic_salvager"}', '2022-11-20 16:54:48.134195-05', 'af8c89b5-b526-40ea-b4b4-c06d6f35114b', 'Module for new noob ship for player', '62f9dc54-c23c-4cc8-a1ab-8614684e5c05', 1, false);
    INSERT INTO public.items (id, itemtypeid, meta, created, createdby, createdreason, containerid, quantity, ispackaged) VALUES ('953aa10b-553b-47db-8f5a-d094d864941e', '2fc079a2-8cc6-4ae7-9fa8-a4af11615fc0', '{"hp": 12, "rack": "b", "volume": 11, "cooldown": 8.2, "needs_target": false, "activation_heat": 133, "industrialmarket": {"maxprice": 1425, "minprice": 661, "silosize": 200}, "activation_energy": 28, "shield_boost_amount": 60, "activation_gfx_effect": "basic_shield_booster"}', '2022-11-20 16:54:48.136348-05', 'af8c89b5-b526-40ea-b4b4-c06d6f35114b', 'Module for new noob ship for player', '62f9dc54-c23c-4cc8-a1ab-8614684e5c05', 1, false);
    INSERT INTO public.items (id, itemtypeid, meta, created, createdby, createdreason, containerid, quantity, ispackaged) VALUES ('743e07db-c17c-4c58-824c-a1e48c9d442a', 'b6c61575-1c0d-4a89-9a8e-36b6720848ea', '{"hp": 20, "rack": "b", "volume": 14, "cooldown": 22.3, "needs_target": false, "activation_heat": 13, "industrialmarket": {"maxprice": 1298, "minprice": 905, "silosize": 200}, "activation_energy": 35}', '2022-11-20 16:54:48.138554-05', 'af8c89b5-b526-40ea-b4b4-c06d6f35114b', 'Module for new noob ship for player', '62f9dc54-c23c-4cc8-a1ab-8614684e5c05', 1, false);
    INSERT INTO public.items (id, itemtypeid, meta, created, createdby, createdreason, containerid, quantity, ispackaged) VALUES ('2ae1026e-f742-4106-a5fd-ae0592b45228', 'be5ef52d-9b2d-4798-8a7c-758da84dd4c0', '{"hp": 8, "rack": "c", "volume": 12, "energy_max_add": 105, "industrialmarket": {"maxprice": 1320, "minprice": 1163, "silosize": 200}}', '2022-11-20 16:54:48.140792-05', 'af8c89b5-b526-40ea-b4b4-c06d6f35114b', 'Module for new noob ship for player', '62f9dc54-c23c-4cc8-a1ab-8614684e5c05', 1, false);
    INSERT INTO public.items (id, itemtypeid, meta, created, createdby, createdreason, containerid, quantity, ispackaged) VALUES ('9e7d23c1-8b93-443c-a879-995475b031b1', 'be5ef52d-9b2d-4798-8a7c-758da84dd4c0', '{"hp": 8, "rack": "c", "volume": 12, "energy_max_add": 105, "industrialmarket": {"maxprice": 1320, "minprice": 1163, "silosize": 200}}', '2022-11-20 16:54:48.143347-05', 'af8c89b5-b526-40ea-b4b4-c06d6f35114b', 'Module for new noob ship for player', '62f9dc54-c23c-4cc8-a1ab-8614684e5c05', 1, false);
    INSERT INTO public.items (id, itemtypeid, meta, created, createdby, createdreason, containerid, quantity, ispackaged) VALUES ('d3a18f98-4b91-49a1-b4ff-58bb4cf1689c', '9db663d5-4525-42d0-a21e-40d47aec8360', '{"hp": 10, "rack": "a", "range": 3750, "volume": 8, "falloff": "linear", "cooldown": 9.3, "tracking": 225.7, "hull_damage": 225, "armor_damage": 137, "can_mine_gas": false, "can_mine_ice": false, "can_mine_ore": false, "needs_target": true, "shield_damage": 98, "activation_heat": 6.4, "ammunition_name": "Light Gauss Shell", "ammunition_type": "33f86ee2-4c16-400e-82ad-38796bea0017", "industrialmarket": {"maxprice": 5091, "minprice": 3469, "silosize": 200}, "activation_energy": 2.5, "ore_mining_volume": 0, "activation_gfx_effect": "basic_gauss_rifle"}', '2022-11-20 16:54:48.160332-05', 'c7c078c7-ea7d-4037-8fa5-590e27eb43ab', 'Module for new noob ship for player', 'ccab1633-5eaf-4b03-a69e-d329c2f9093c', 1, false);
    INSERT INTO public.items (id, itemtypeid, meta, created, createdby, createdreason, containerid, quantity, ispackaged) VALUES ('86332106-2c9c-42bf-8a28-284dc2c0da47', '4d434e80-b8d5-488c-8f83-e3a4e62293b5', '{"hp": 30, "rack": "a", "range": 125, "volume": 6, "falloff": "linear", "cooldown": 18.6, "tracking": 175, "needs_target": true, "salvage_chance": 0.3, "salvage_volume": 50, "activation_heat": 18, "industrialmarket": {"maxprice": 1305, "minprice": 768, "silosize": 1000}, "activation_energy": 3, "activation_gfx_effect": "basic_salvager"}', '2022-11-20 16:54:48.16251-05', 'c7c078c7-ea7d-4037-8fa5-590e27eb43ab', 'Module for new noob ship for player', 'ccab1633-5eaf-4b03-a69e-d329c2f9093c', 1, false);
    INSERT INTO public.items (id, itemtypeid, meta, created, createdby, createdreason, containerid, quantity, ispackaged) VALUES ('83b8d0be-b01b-4147-9dde-f59a0f85a651', '2fc079a2-8cc6-4ae7-9fa8-a4af11615fc0', '{"hp": 12, "rack": "b", "volume": 11, "cooldown": 8.2, "needs_target": false, "activation_heat": 133, "industrialmarket": {"maxprice": 1425, "minprice": 661, "silosize": 200}, "activation_energy": 28, "shield_boost_amount": 60, "activation_gfx_effect": "basic_shield_booster"}', '2022-11-20 16:54:48.164704-05', 'c7c078c7-ea7d-4037-8fa5-590e27eb43ab', 'Module for new noob ship for player', 'ccab1633-5eaf-4b03-a69e-d329c2f9093c', 1, false);
    INSERT INTO public.items (id, itemtypeid, meta, created, createdby, createdreason, containerid, quantity, ispackaged) VALUES ('7ee44142-dd4e-4559-8308-19ce31fde6b4', 'b6c61575-1c0d-4a89-9a8e-36b6720848ea', '{"hp": 20, "rack": "b", "volume": 14, "cooldown": 22.3, "needs_target": false, "activation_heat": 13, "industrialmarket": {"maxprice": 1298, "minprice": 905, "silosize": 200}, "activation_energy": 35}', '2022-11-20 16:54:48.16681-05', 'c7c078c7-ea7d-4037-8fa5-590e27eb43ab', 'Module for new noob ship for player', 'ccab1633-5eaf-4b03-a69e-d329c2f9093c', 1, false);
    INSERT INTO public.items (id, itemtypeid, meta, created, createdby, createdreason, containerid, quantity, ispackaged) VALUES ('7d7add7f-2d54-47b5-b051-2b18f232f2ad', 'be5ef52d-9b2d-4798-8a7c-758da84dd4c0', '{"hp": 8, "rack": "c", "volume": 12, "energy_max_add": 105, "industrialmarket": {"maxprice": 1320, "minprice": 1163, "silosize": 200}}', '2022-11-20 16:54:48.16904-05', 'c7c078c7-ea7d-4037-8fa5-590e27eb43ab', 'Module for new noob ship for player', 'ccab1633-5eaf-4b03-a69e-d329c2f9093c', 1, false);
    INSERT INTO public.items (id, itemtypeid, meta, created, createdby, createdreason, containerid, quantity, ispackaged) VALUES ('ed7afb30-5b8e-4dc5-8a5b-277999acfd89', 'be5ef52d-9b2d-4798-8a7c-758da84dd4c0', '{"hp": 8, "rack": "c", "volume": 12, "energy_max_add": 105, "industrialmarket": {"maxprice": 1320, "minprice": 1163, "silosize": 200}}', '2022-11-20 16:54:48.171293-05', 'c7c078c7-ea7d-4037-8fa5-590e27eb43ab', 'Module for new noob ship for player', 'ccab1633-5eaf-4b03-a69e-d329c2f9093c', 1, false);
    INSERT INTO public.items (id, itemtypeid, meta, created, createdby, createdreason, containerid, quantity, ispackaged) VALUES ('8c575471-fb76-4d5f-b8e2-aa059540d9ee', '9db663d5-4525-42d0-a21e-40d47aec8360', '{"hp": 10, "rack": "a", "range": 3750, "volume": 8, "falloff": "linear", "cooldown": 9.3, "tracking": 225.7, "hull_damage": 225, "armor_damage": 137, "can_mine_gas": false, "can_mine_ice": false, "can_mine_ore": false, "needs_target": true, "shield_damage": 98, "activation_heat": 6.4, "ammunition_name": "Light Gauss Shell", "ammunition_type": "33f86ee2-4c16-400e-82ad-38796bea0017", "industrialmarket": {"maxprice": 5091, "minprice": 3469, "silosize": 200}, "activation_energy": 2.5, "ore_mining_volume": 0, "activation_gfx_effect": "basic_gauss_rifle"}', '2022-11-20 16:54:48.188506-05', 'a98cf9e0-da08-4ca1-94f6-4db9b373d83c', 'Module for new noob ship for player', '4ff6e122-1695-4acd-a2d5-6091fd571537', 1, false);
    INSERT INTO public.items (id, itemtypeid, meta, created, createdby, createdreason, containerid, quantity, ispackaged) VALUES ('08099e45-f961-4ae6-9844-c973f7a489ba', '4d434e80-b8d5-488c-8f83-e3a4e62293b5', '{"hp": 30, "rack": "a", "range": 125, "volume": 6, "falloff": "linear", "cooldown": 18.6, "tracking": 175, "needs_target": true, "salvage_chance": 0.3, "salvage_volume": 50, "activation_heat": 18, "industrialmarket": {"maxprice": 1305, "minprice": 768, "silosize": 1000}, "activation_energy": 3, "activation_gfx_effect": "basic_salvager"}', '2022-11-20 16:54:48.190755-05', 'a98cf9e0-da08-4ca1-94f6-4db9b373d83c', 'Module for new noob ship for player', '4ff6e122-1695-4acd-a2d5-6091fd571537', 1, false);
    INSERT INTO public.items (id, itemtypeid, meta, created, createdby, createdreason, containerid, quantity, ispackaged) VALUES ('cc6eed59-f878-41fe-a1a9-08c479aa1b79', '2fc079a2-8cc6-4ae7-9fa8-a4af11615fc0', '{"hp": 12, "rack": "b", "volume": 11, "cooldown": 8.2, "needs_target": false, "activation_heat": 133, "industrialmarket": {"maxprice": 1425, "minprice": 661, "silosize": 200}, "activation_energy": 28, "shield_boost_amount": 60, "activation_gfx_effect": "basic_shield_booster"}', '2022-11-20 16:54:48.192884-05', 'a98cf9e0-da08-4ca1-94f6-4db9b373d83c', 'Module for new noob ship for player', '4ff6e122-1695-4acd-a2d5-6091fd571537', 1, false);
    INSERT INTO public.items (id, itemtypeid, meta, created, createdby, createdreason, containerid, quantity, ispackaged) VALUES ('0f396e27-b873-44f0-813c-780b21b29ff6', 'b6c61575-1c0d-4a89-9a8e-36b6720848ea', '{"hp": 20, "rack": "b", "volume": 14, "cooldown": 22.3, "needs_target": false, "activation_heat": 13, "industrialmarket": {"maxprice": 1298, "minprice": 905, "silosize": 200}, "activation_energy": 35}', '2022-11-20 16:54:48.195077-05', 'a98cf9e0-da08-4ca1-94f6-4db9b373d83c', 'Module for new noob ship for player', '4ff6e122-1695-4acd-a2d5-6091fd571537', 1, false);
    INSERT INTO public.items (id, itemtypeid, meta, created, createdby, createdreason, containerid, quantity, ispackaged) VALUES ('35eda01c-efc0-460e-a065-e6f4259fb2a0', 'be5ef52d-9b2d-4798-8a7c-758da84dd4c0', '{"hp": 8, "rack": "c", "volume": 12, "energy_max_add": 105, "industrialmarket": {"maxprice": 1320, "minprice": 1163, "silosize": 200}}', '2022-11-20 16:54:48.197278-05', 'a98cf9e0-da08-4ca1-94f6-4db9b373d83c', 'Module for new noob ship for player', '4ff6e122-1695-4acd-a2d5-6091fd571537', 1, false);
    INSERT INTO public.items (id, itemtypeid, meta, created, createdby, createdreason, containerid, quantity, ispackaged) VALUES ('1ff8f123-d200-4809-bf38-97636dd9e3de', 'be5ef52d-9b2d-4798-8a7c-758da84dd4c0', '{"hp": 8, "rack": "c", "volume": 12, "energy_max_add": 105, "industrialmarket": {"maxprice": 1320, "minprice": 1163, "silosize": 200}}', '2022-11-20 16:54:48.19945-05', 'a98cf9e0-da08-4ca1-94f6-4db9b373d83c', 'Module for new noob ship for player', '4ff6e122-1695-4acd-a2d5-6091fd571537', 1, false);
    INSERT INTO public.items (id, itemtypeid, meta, created, createdby, createdreason, containerid, quantity, ispackaged) VALUES ('a53d4dac-c746-475c-9781-307bc96737b6', '9db663d5-4525-42d0-a21e-40d47aec8360', '{"hp": 10, "rack": "a", "range": 3750, "volume": 8, "falloff": "linear", "cooldown": 9.3, "tracking": 225.7, "hull_damage": 225, "armor_damage": 137, "can_mine_gas": false, "can_mine_ice": false, "can_mine_ore": false, "needs_target": true, "shield_damage": 98, "activation_heat": 6.4, "ammunition_name": "Light Gauss Shell", "ammunition_type": "33f86ee2-4c16-400e-82ad-38796bea0017", "industrialmarket": {"maxprice": 5091, "minprice": 3469, "silosize": 200}, "activation_energy": 2.5, "ore_mining_volume": 0, "activation_gfx_effect": "basic_gauss_rifle"}', '2022-11-20 16:54:48.215834-05', '62d0f066-27f2-4e3f-8cce-6b5c6aeb2460', 'Module for new noob ship for player', 'b3d065ba-1f05-4ff3-8a84-7f6a27250f42', 1, false);
    INSERT INTO public.items (id, itemtypeid, meta, created, createdby, createdreason, containerid, quantity, ispackaged) VALUES ('8bc56c40-e85e-4da8-a40a-707204ca5926', '4d434e80-b8d5-488c-8f83-e3a4e62293b5', '{"hp": 30, "rack": "a", "range": 125, "volume": 6, "falloff": "linear", "cooldown": 18.6, "tracking": 175, "needs_target": true, "salvage_chance": 0.3, "salvage_volume": 50, "activation_heat": 18, "industrialmarket": {"maxprice": 1305, "minprice": 768, "silosize": 1000}, "activation_energy": 3, "activation_gfx_effect": "basic_salvager"}', '2022-11-20 16:54:48.218068-05', '62d0f066-27f2-4e3f-8cce-6b5c6aeb2460', 'Module for new noob ship for player', 'b3d065ba-1f05-4ff3-8a84-7f6a27250f42', 1, false);
    INSERT INTO public.items (id, itemtypeid, meta, created, createdby, createdreason, containerid, quantity, ispackaged) VALUES ('91e23725-609f-43d1-b48d-e9c2312891f4', '2fc079a2-8cc6-4ae7-9fa8-a4af11615fc0', '{"hp": 12, "rack": "b", "volume": 11, "cooldown": 8.2, "needs_target": false, "activation_heat": 133, "industrialmarket": {"maxprice": 1425, "minprice": 661, "silosize": 200}, "activation_energy": 28, "shield_boost_amount": 60, "activation_gfx_effect": "basic_shield_booster"}', '2022-11-20 16:54:48.220233-05', '62d0f066-27f2-4e3f-8cce-6b5c6aeb2460', 'Module for new noob ship for player', 'b3d065ba-1f05-4ff3-8a84-7f6a27250f42', 1, false);
    INSERT INTO public.items (id, itemtypeid, meta, created, createdby, createdreason, containerid, quantity, ispackaged) VALUES ('6ece9ca6-bcee-445d-a9a9-06a10086057b', 'b6c61575-1c0d-4a89-9a8e-36b6720848ea', '{"hp": 20, "rack": "b", "volume": 14, "cooldown": 22.3, "needs_target": false, "activation_heat": 13, "industrialmarket": {"maxprice": 1298, "minprice": 905, "silosize": 200}, "activation_energy": 35}', '2022-11-20 16:54:48.222588-05', '62d0f066-27f2-4e3f-8cce-6b5c6aeb2460', 'Module for new noob ship for player', 'b3d065ba-1f05-4ff3-8a84-7f6a27250f42', 1, false);
    INSERT INTO public.items (id, itemtypeid, meta, created, createdby, createdreason, containerid, quantity, ispackaged) VALUES ('aaa3372a-bad5-4aef-ae57-af8d3c517828', 'be5ef52d-9b2d-4798-8a7c-758da84dd4c0', '{"hp": 8, "rack": "c", "volume": 12, "energy_max_add": 105, "industrialmarket": {"maxprice": 1320, "minprice": 1163, "silosize": 200}}', '2022-11-20 16:54:48.224872-05', '62d0f066-27f2-4e3f-8cce-6b5c6aeb2460', 'Module for new noob ship for player', 'b3d065ba-1f05-4ff3-8a84-7f6a27250f42', 1, false);
    INSERT INTO public.items (id, itemtypeid, meta, created, createdby, createdreason, containerid, quantity, ispackaged) VALUES ('9d31b602-21cf-4d3e-b669-405b587e5153', 'be5ef52d-9b2d-4798-8a7c-758da84dd4c0', '{"hp": 8, "rack": "c", "volume": 12, "energy_max_add": 105, "industrialmarket": {"maxprice": 1320, "minprice": 1163, "silosize": 200}}', '2022-11-20 16:54:48.227178-05', '62d0f066-27f2-4e3f-8cce-6b5c6aeb2460', 'Module for new noob ship for player', 'b3d065ba-1f05-4ff3-8a84-7f6a27250f42', 1, false);
    INSERT INTO public.items (id, itemtypeid, meta, created, createdby, createdreason, containerid, quantity, ispackaged) VALUES ('a92a2b58-6f63-4da2-b6be-46bb0672f6b3', '9db663d5-4525-42d0-a21e-40d47aec8360', '{"hp": 10, "rack": "a", "range": 3750, "volume": 8, "falloff": "linear", "cooldown": 9.3, "tracking": 225.7, "hull_damage": 225, "armor_damage": 137, "can_mine_gas": false, "can_mine_ice": false, "can_mine_ore": false, "needs_target": true, "shield_damage": 98, "activation_heat": 6.4, "ammunition_name": "Light Gauss Shell", "ammunition_type": "33f86ee2-4c16-400e-82ad-38796bea0017", "industrialmarket": {"maxprice": 5091, "minprice": 3469, "silosize": 200}, "activation_energy": 2.5, "ore_mining_volume": 0, "activation_gfx_effect": "basic_gauss_rifle"}', '2022-11-20 16:54:48.244181-05', '726511e3-d8fd-4e66-b654-88d413247adc', 'Module for new noob ship for player', '7b31cba3-fdf7-4e96-9519-66d2bfc1df4c', 1, false);
    INSERT INTO public.items (id, itemtypeid, meta, created, createdby, createdreason, containerid, quantity, ispackaged) VALUES ('8995bca6-926b-48e3-9853-9439e4cb04b4', '4d434e80-b8d5-488c-8f83-e3a4e62293b5', '{"hp": 30, "rack": "a", "range": 125, "volume": 6, "falloff": "linear", "cooldown": 18.6, "tracking": 175, "needs_target": true, "salvage_chance": 0.3, "salvage_volume": 50, "activation_heat": 18, "industrialmarket": {"maxprice": 1305, "minprice": 768, "silosize": 1000}, "activation_energy": 3, "activation_gfx_effect": "basic_salvager"}', '2022-11-20 16:54:48.24635-05', '726511e3-d8fd-4e66-b654-88d413247adc', 'Module for new noob ship for player', '7b31cba3-fdf7-4e96-9519-66d2bfc1df4c', 1, false);
    INSERT INTO public.items (id, itemtypeid, meta, created, createdby, createdreason, containerid, quantity, ispackaged) VALUES ('745ae9f5-562a-4aa7-b0ac-e0eb5e383cb4', '2fc079a2-8cc6-4ae7-9fa8-a4af11615fc0', '{"hp": 12, "rack": "b", "volume": 11, "cooldown": 8.2, "needs_target": false, "activation_heat": 133, "industrialmarket": {"maxprice": 1425, "minprice": 661, "silosize": 200}, "activation_energy": 28, "shield_boost_amount": 60, "activation_gfx_effect": "basic_shield_booster"}', '2022-11-20 16:54:48.248539-05', '726511e3-d8fd-4e66-b654-88d413247adc', 'Module for new noob ship for player', '7b31cba3-fdf7-4e96-9519-66d2bfc1df4c', 1, false);
    INSERT INTO public.items (id, itemtypeid, meta, created, createdby, createdreason, containerid, quantity, ispackaged) VALUES ('bc68f3ab-4340-43c8-8ab3-76513d858b74', 'b6c61575-1c0d-4a89-9a8e-36b6720848ea', '{"hp": 20, "rack": "b", "volume": 14, "cooldown": 22.3, "needs_target": false, "activation_heat": 13, "industrialmarket": {"maxprice": 1298, "minprice": 905, "silosize": 200}, "activation_energy": 35}', '2022-11-20 16:54:48.250788-05', '726511e3-d8fd-4e66-b654-88d413247adc', 'Module for new noob ship for player', '7b31cba3-fdf7-4e96-9519-66d2bfc1df4c', 1, false);
    INSERT INTO public.items (id, itemtypeid, meta, created, createdby, createdreason, containerid, quantity, ispackaged) VALUES ('930b7c36-bf4e-4947-83c3-a2a8a415be14', 'be5ef52d-9b2d-4798-8a7c-758da84dd4c0', '{"hp": 8, "rack": "c", "volume": 12, "energy_max_add": 105, "industrialmarket": {"maxprice": 1320, "minprice": 1163, "silosize": 200}}', '2022-11-20 16:54:48.252978-05', '726511e3-d8fd-4e66-b654-88d413247adc', 'Module for new noob ship for player', '7b31cba3-fdf7-4e96-9519-66d2bfc1df4c', 1, false);
    INSERT INTO public.items (id, itemtypeid, meta, created, createdby, createdreason, containerid, quantity, ispackaged) VALUES ('0b2f92b9-98c8-4201-9997-ad98b907c6e6', 'be5ef52d-9b2d-4798-8a7c-758da84dd4c0', '{"hp": 8, "rack": "c", "volume": 12, "energy_max_add": 105, "industrialmarket": {"maxprice": 1320, "minprice": 1163, "silosize": 200}}', '2022-11-20 16:54:48.255176-05', '726511e3-d8fd-4e66-b654-88d413247adc', 'Module for new noob ship for player', '7b31cba3-fdf7-4e96-9519-66d2bfc1df4c', 1, false);
    INSERT INTO public.items (id, itemtypeid, meta, created, createdby, createdreason, containerid, quantity, ispackaged) VALUES ('a4c36030-dc77-4d3e-82e8-056bcba122b0', '9db663d5-4525-42d0-a21e-40d47aec8360', '{"hp": 10, "rack": "a", "range": 3750, "volume": 8, "falloff": "linear", "cooldown": 9.3, "tracking": 225.7, "hull_damage": 225, "armor_damage": 137, "can_mine_gas": false, "can_mine_ice": false, "can_mine_ore": false, "needs_target": true, "shield_damage": 98, "activation_heat": 6.4, "ammunition_name": "Light Gauss Shell", "ammunition_type": "33f86ee2-4c16-400e-82ad-38796bea0017", "industrialmarket": {"maxprice": 5091, "minprice": 3469, "silosize": 200}, "activation_energy": 2.5, "ore_mining_volume": 0, "activation_gfx_effect": "basic_gauss_rifle"}', '2022-11-20 16:54:48.271841-05', 'a7a4a92a-acb0-43eb-8fef-375c0916be4c', 'Module for new noob ship for player', '925efd94-58aa-43ef-a2ee-fa862d008f1e', 1, false);
    INSERT INTO public.items (id, itemtypeid, meta, created, createdby, createdreason, containerid, quantity, ispackaged) VALUES ('2c5980b8-c3a6-4761-b3c1-2facccbddbac', '4d434e80-b8d5-488c-8f83-e3a4e62293b5', '{"hp": 30, "rack": "a", "range": 125, "volume": 6, "falloff": "linear", "cooldown": 18.6, "tracking": 175, "needs_target": true, "salvage_chance": 0.3, "salvage_volume": 50, "activation_heat": 18, "industrialmarket": {"maxprice": 1305, "minprice": 768, "silosize": 1000}, "activation_energy": 3, "activation_gfx_effect": "basic_salvager"}', '2022-11-20 16:54:48.274084-05', 'a7a4a92a-acb0-43eb-8fef-375c0916be4c', 'Module for new noob ship for player', '925efd94-58aa-43ef-a2ee-fa862d008f1e', 1, false);
    INSERT INTO public.items (id, itemtypeid, meta, created, createdby, createdreason, containerid, quantity, ispackaged) VALUES ('1405f2bb-61be-4386-aaab-dc1d93007774', '2fc079a2-8cc6-4ae7-9fa8-a4af11615fc0', '{"hp": 12, "rack": "b", "volume": 11, "cooldown": 8.2, "needs_target": false, "activation_heat": 133, "industrialmarket": {"maxprice": 1425, "minprice": 661, "silosize": 200}, "activation_energy": 28, "shield_boost_amount": 60, "activation_gfx_effect": "basic_shield_booster"}', '2022-11-20 16:54:48.276357-05', 'a7a4a92a-acb0-43eb-8fef-375c0916be4c', 'Module for new noob ship for player', '925efd94-58aa-43ef-a2ee-fa862d008f1e', 1, false);
    INSERT INTO public.items (id, itemtypeid, meta, created, createdby, createdreason, containerid, quantity, ispackaged) VALUES ('7a7a554d-4f6a-4b6a-b668-5db54fa37886', 'b6c61575-1c0d-4a89-9a8e-36b6720848ea', '{"hp": 20, "rack": "b", "volume": 14, "cooldown": 22.3, "needs_target": false, "activation_heat": 13, "industrialmarket": {"maxprice": 1298, "minprice": 905, "silosize": 200}, "activation_energy": 35}', '2022-11-20 16:54:48.278553-05', 'a7a4a92a-acb0-43eb-8fef-375c0916be4c', 'Module for new noob ship for player', '925efd94-58aa-43ef-a2ee-fa862d008f1e', 1, false);
    INSERT INTO public.items (id, itemtypeid, meta, created, createdby, createdreason, containerid, quantity, ispackaged) VALUES ('dd857559-37e4-4457-98a9-e711d6ffded8', 'be5ef52d-9b2d-4798-8a7c-758da84dd4c0', '{"hp": 8, "rack": "c", "volume": 12, "energy_max_add": 105, "industrialmarket": {"maxprice": 1320, "minprice": 1163, "silosize": 200}}', '2022-11-20 16:54:48.280765-05', 'a7a4a92a-acb0-43eb-8fef-375c0916be4c', 'Module for new noob ship for player', '925efd94-58aa-43ef-a2ee-fa862d008f1e', 1, false);
    INSERT INTO public.items (id, itemtypeid, meta, created, createdby, createdreason, containerid, quantity, ispackaged) VALUES ('e05e3775-f51a-41cf-8183-a9418c2fce89', 'be5ef52d-9b2d-4798-8a7c-758da84dd4c0', '{"hp": 8, "rack": "c", "volume": 12, "energy_max_add": 105, "industrialmarket": {"maxprice": 1320, "minprice": 1163, "silosize": 200}}', '2022-11-20 16:54:48.28303-05', 'a7a4a92a-acb0-43eb-8fef-375c0916be4c', 'Module for new noob ship for player', '925efd94-58aa-43ef-a2ee-fa862d008f1e', 1, false);

    -- fix current ship ids
    update users set current_shipid = '78887f45-ffbe-4cfe-a531-815c7e287702' where id = '41fd2e36-6868-4baa-aca4-50c03d18cdca';
    update users set current_shipid = '9ef25a64-c840-4a5f-a452-17021f017782' where id = '95dfe7ea-41f3-46fe-9e6a-d5e60c3f0b3e';
    update users set current_shipid = 'a9224acf-19dc-49c0-b0a9-c43aff8da319' where id = 'af8c89b5-b526-40ea-b4b4-c06d6f35114b';
    update users set current_shipid = '936c3403-ecd4-4c77-84f4-d087cd273d66' where id = 'c7c078c7-ea7d-4037-8fa5-590e27eb43ab';
    update users set current_shipid = '5c39318e-d8da-47d9-829a-141062e99e3b' where id = 'a98cf9e0-da08-4ca1-94f6-4db9b373d83c';
    update users set current_shipid = '42c112d8-be38-4e28-a5c3-8af98ce93c95' where id = '62d0f066-27f2-4e3f-8cce-6b5c6aeb2460';
    update users set current_shipid = 'e88372d7-45e0-4708-bd46-5d476fef8ae9' where id = '726511e3-d8fd-4e66-b654-88d413247adc';
    update users set current_shipid = '51e83f2d-cce2-45b1-89d3-64bd47dbdb96' where id = 'a7a4a92a-acb0-43eb-8fef-375c0916be4c';
