-- item types (module)
INSERT INTO public.itemtypes (id, family, name, meta) VALUES ('fef05ee8-1cf9-42d0-97e8-4feadf94a852', 'eng_oc', 'Small Engine Overcharger', '{"hp": 17, "rack": "b", "volume": 25, "cooldown": 8.7, "needs_target": false, "activation_heat": 559, "industrialmarket": {"maxprice": 6298, "minprice": 2357, "silosize": 1000}, "activation_energy": 179}');
INSERT INTO public.itemtypes (id, family, name, meta) VALUES ('aab8ec7b-6031-4f54-9ab4-434ab5e7b47c', 'active_sink', 'Small Active Radiator', '{"hp": 35, "rack": "b", "volume": 35, "cooldown": 27.5, "needs_target": false, "activation_heat": 490, "industrialmarket": {"maxprice": 7319, "minprice": 4250, "silosize": 1000}, "activation_energy": 385}');
INSERT INTO public.itemtypes (id, family, name, meta) VALUES ('5152cbb2-5c36-4935-bba3-14046c01eece', 'missile_launcher', 'Dual LGPM-4 Launcher', '{"hp": 19, "rack": "a", "range": 5710, "volume": 37, "cooldown": 13.5, "flight_time": 14.0, "hull_damage": 812, "armor_damage": 791, "needs_target": true, "shield_damage": 795, "missile_radius": 2.5, "activation_heat": 16.5, "ammunition_name": "LGPM-4", "ammunition_type": "b9b274c4-d938-4155-8c69-ecb6c4df054f", "fault_tolerance": 0.97, "industrialmarket": {"maxprice": 4672, "minprice": 2216, "silosize": 1000}, "activation_energy": 0.15, "missile_gfx_effect": "lgpm-4", "missile_explosion_effect": "basic_explosion", "missile_explosion_radius": 5}');
INSERT INTO public.itemtypes (id, family, name, meta) VALUES ('a3ff4095-2511-412f-89df-abe7b8516192', 'heat_sink', 'Small Heat Sink', '{"hp": 72, "rack": "c", "volume": 25, "heat_sink_add": 25, "industrialmarket": {"maxprice": 1660, "minprice": 995, "silosize": 1000}}');
INSERT INTO public.itemtypes (id, family, name, meta) VALUES ('7a187110-ae8d-47d0-ab7d-1e318424284e', 'battery_pack', 'Small Battery Pack', '{"hp": 15, "rack": "c", "volume": 28, "energy_max_add": 251, "industrialmarket": {"maxprice": 4689, "minprice": 2210, "silosize": 1000}}');
INSERT INTO public.itemtypes (id, family, name, meta) VALUES ('f9e2d3d2-d7da-4573-a3b9-424dc34d882e', 'aux_generator', 'Small APU', '{"hp": 16, "rack": "c", "volume": 32, "industrialmarket": {"maxprice": 11780, "minprice": 7710, "silosize": 1000}, "energy_regen_max_add": 20}');
INSERT INTO public.itemtypes (id, family, name, meta) VALUES ('837dbdf3-8af8-47c1-9c81-f8088695e6a7', 'missile_launcher', 'Dual LHVM-3 Launcher', '{"hp": 17, "rack": "a", "range": 6398, "volume": 34, "cooldown": 14, "flight_time": 6.3, "hull_damage": 430, "armor_damage": 352, "needs_target": true, "shield_damage": 387, "missile_radius": 2.5, "activation_heat": 19, "ammunition_name": "LHVM-3", "ammunition_type": "8aa4d28b-e02b-4630-86eb-ab46d0ed7fc7", "fault_tolerance": 0.95, "industrialmarket": {"maxprice": 9671, "minprice": 4603, "silosize": 1000}, "activation_energy": 0.11, "missile_gfx_effect": "lhvm-3", "missile_explosion_effect": "basic_explosion", "missile_explosion_radius": 3.6}');
INSERT INTO public.itemtypes (id, family, name, meta) VALUES ('37f6f712-427d-4951-a311-c2557f994290', 'utility_veil', 'Small Hardening Veil', '{"hp": 9, "rack": "a", "volume": 38, "cooldown": 67.9, "activation_heat": 106.7, "industrialmarket": {"maxprice": 16709, "minprice": 8292, "silosize": 1000}, "activation_energy": 910}');
INSERT INTO public.itemtypes (id, family, name, meta) VALUES ('ba48329e-0ae5-499f-ad0f-abd609ee04b9', 'gun_turret', 'Dual Auto-5 Cannon', '{"hp": 22, "rack": "a", "range": 805, "volume": 36, "falloff": "linear", "cooldown": 1.85, "tracking": 217.8, "hull_damage": 460, "armor_damage": 310, "can_mine_gas": false, "can_mine_ice": false, "can_mine_ore": false, "needs_target": true, "shield_damage": 85, "activation_heat": 3.7, "ammunition_name": "Auto-5 Belt", "ammunition_type": "812bddab-db8f-4444-a787-e39e59b92256", "industrialmarket": {"maxprice": 17899, "minprice": 6700, "silosize": 1000}, "activation_energy": 1.7, "ore_mining_volume": 0, "activation_gfx_effect": "small_auto-5_cannon"}');
INSERT INTO public.itemtypes (id, family, name, meta) VALUES ('643b06f8-3df2-40d4-abfe-37d55287d628', 'drag_amp', 'Small Aether Dragger', '{"hp": 13, "rack": "b", "range": 5487, "volume": 33, "falloff": "linear", "cooldown": 21.2, "needs_target": true, "activation_heat": 687, "drag_multiplier": 29.5, "industrialmarket": {"maxprice": 14075, "minprice": 10233, "silosize": 500}, "activation_energy": 760, "activation_gfx_effect": "small_aether_dragger"}');
INSERT INTO public.itemtypes (id, family, name, meta) VALUES ('a7298b27-bca0-40f8-8c68-427ae19a1620', 'armor_plate', 'Small Armor Plate', '{"hp": 155, "rack": "c", "volume": 30, "armor_max_add": 770, "industrialmarket": {"maxprice": 2780, "minprice": 913, "silosize": 1000}}');
INSERT INTO public.itemtypes (id, family, name, meta) VALUES ('0d0d134c-2b7d-4888-839a-d043d6aedca6', 'fuel_tank', 'Small Fuel Tank', '{"hp": 30, "rack": "c", "volume": 22, "fuel_max_add": 850, "industrialmarket": {"maxprice": 712, "minprice": 314, "silosize": 1000}}');
INSERT INTO public.itemtypes (id, family, name, meta) VALUES ('a646945b-f841-495c-b5b5-91f66c343e01', 'gun_turret', 'Small Ice Miner', '{"hp": 23, "rack": "a", "range": 1690, "volume": 27, "falloff": "reverse_linear", "cooldown": 7.7, "tracking": 1.4, "hull_damage": 46, "armor_damage": 22, "can_mine_gas": false, "can_mine_ice": true, "can_mine_ore": false, "needs_target": true, "shield_damage": 7, "activation_heat": 205, "industrialmarket": {"maxprice": 4890, "minprice": 2219, "silosize": 1000}, "activation_energy": 26, "ice_mining_volume": 12, "activation_gfx_effect": "small_ice_miner"}');
INSERT INTO public.itemtypes (id, family, name, meta) VALUES ('06154993-80b9-4cdb-a90f-2660be8fd9d2', 'gun_turret', 'Small Laser Tool', '{"hp": 22, "rack": "a", "range": 3110, "volume": 27, "falloff": "linear", "cooldown": 11, "tracking": 2, "hull_damage": 420, "armor_damage": 220, "can_mine_gas": false, "can_mine_ice": false, "can_mine_ore": true, "needs_target": true, "shield_damage": 430, "activation_heat": 255, "industrialmarket": {"maxprice": 5607, "minprice": 2315, "silosize": 1000}, "activation_energy": 42, "ore_mining_volume": 27, "activation_gfx_effect": "small_laser_tool"}');
INSERT INTO public.itemtypes (id, family, name, meta) VALUES ('42773d1e-9a10-465b-b812-d1eca327832f', 'utility_miner', 'Small Ore Harvester', '{"hp": 18, "rack": "a", "range": 1116, "volume": 37, "falloff": "reverse_linear", "cooldown": 13, "tracking": 0.9, "can_mine_gas": false, "can_mine_ice": false, "can_mine_ore": true, "needs_target": true, "activation_heat": 1045, "industrialmarket": {"maxprice": 13450, "minprice": 8133, "silosize": 1000}, "activation_energy": 337, "ore_mining_volume": 65.2, "activation_gfx_effect": "small_ore_harvester"}');
INSERT INTO public.itemtypes (id, family, name, meta) VALUES ('7ce23f43-70a5-4ff0-801c-16b102adf75e', 'utility_miner', 'Small Ice Harvester', '{"hp": 17, "rack": "a", "range": 1233, "volume": 37, "falloff": "reverse_linear", "cooldown": 12.5, "tracking": 0.86, "can_mine_gas": false, "can_mine_ice": true, "can_mine_ore": false, "needs_target": true, "activation_heat": 1000, "industrialmarket": {"maxprice": 17800, "minprice": 11345, "silosize": 1000}, "activation_energy": 256, "ice_mining_volume": 57, "activation_gfx_effect": "small_ice_harvester"}');
INSERT INTO public.itemtypes (id, family, name, meta) VALUES ('70f816b8-e3c5-4e5f-bd0c-f8125519b168', 'shield_booster', 'Small Shield Booster', '{"hp": 10, "rack": "b", "volume": 32, "cooldown": 13.5, "needs_target": false, "activation_heat": 511, "industrialmarket": {"maxprice": 1723, "minprice": 630, "silosize": 1000}, "activation_energy": 120, "shield_boost_amount": 175, "activation_gfx_effect": "small_shield_booster"}');
INSERT INTO public.itemtypes (id, family, name, meta) VALUES ('85fc1069-22b1-44ed-838b-64ed38d1e0b4', 'gun_turret', 'Small Gauss Rifle', '{"hp": 21, "rack": "a", "range": 7173, "volume": 37, "falloff": "linear", "cooldown": 18.4, "tracking": 48.7, "hull_damage": 2520, "armor_damage": 1840, "can_mine_gas": false, "can_mine_ice": false, "can_mine_ore": false, "needs_target": true, "shield_damage": 1240, "activation_heat": 91.3, "ammunition_name": "Light Gauss Shell", "ammunition_type": "33f86ee2-4c16-400e-82ad-38796bea0017", "industrialmarket": {"maxprice": 9658, "minprice": 5219, "silosize": 1000}, "activation_energy": 27, "ore_mining_volume": 0, "activation_gfx_effect": "small_gauss_rifle"}');
INSERT INTO public.itemtypes (id, family, name, meta) VALUES ('69d118ea-617d-477b-bb30-67f5da3c812e', 'utility_siphon', 'Small Energy Siphon', '{"hp": 20, "rack": "a", "range": 1431, "volume": 39, "falloff": "linear", "cooldown": 17.5, "tracking": 110, "needs_target": true, "activation_heat": 177, "industrialmarket": {"maxprice": 16890, "minprice": 10988, "silosize": 1000}, "activation_energy": 43, "energy_siphon_amount": 858, "activation_gfx_effect": "small_energy_siphon"}');
INSERT INTO public.itemtypes (id, family, name, meta) VALUES ('465fe6dc-513a-48e7-9960-94dd383b0387', 'utility_cloak', 'Small Cloaking Device', '{"hp": 12, "rack": "a", "volume": 40, "cooldown": 45.8, "activation_heat": 47, "industrialmarket": {"maxprice": 39607, "minprice": 24891, "silosize": 1000}, "activation_energy": 452}');
INSERT INTO public.itemtypes (id, family, name, meta) VALUES ('ed0cb370-18de-4979-8920-8226a98d8c91', 'gun_turret', 'Small Anti-Shield Laser', '{"hp": 21, "rack": "a", "range": 3319, "volume": 23, "falloff": "linear", "cooldown": 7.5, "tracking": 116.8, "hull_damage": 13.7, "armor_damage": 6.3, "needs_target": true, "shield_damage": 2245, "activation_heat": 366.1, "industrialmarket": {"maxprice": 7789, "minprice": 4430, "silosize": 1000}, "activation_energy": 187.9, "activation_gfx_effect": "small_shield_laser"}');
INSERT INTO public.itemtypes (id, family, name, meta) VALUES ('068d676d-ee5b-42e2-af82-894ed2092d9c', 'gun_turret', 'Small Anti-Hull Laser', '{"hp": 20, "rack": "a", "range": 3219, "volume": 24, "falloff": "linear", "cooldown": 7.2, "tracking": 119.4, "hull_damage": 1002, "armor_damage": 768, "needs_target": true, "shield_damage": 4.7, "activation_heat": 347.7, "industrialmarket": {"maxprice": 6102, "minprice": 3980, "silosize": 1000}, "activation_energy": 193.1, "activation_gfx_effect": "small_hull_laser"}');
INSERT INTO public.itemtypes (id, family, name, meta) VALUES ('308d4423-9c48-4336-890c-b6e78d579f77', 'gun_turret', 'Small Combat Laser', '{"hp": 25, "rack": "a", "range": 2800, "volume": 27, "falloff": "linear", "cooldown": 7.7, "tracking": 97.5, "hull_damage": 625.4, "armor_damage": 603.2, "needs_target": true, "shield_damage": 612.3, "activation_heat": 328, "industrialmarket": {"maxprice": 6257, "minprice": 4490, "silosize": 1000}, "activation_energy": 180, "activation_gfx_effect": "small_general_laser"}');

-- item types (schematic)
INSERT INTO public.itemtypes (id, family, name, meta) VALUES ('fef05ee8-1cf9-42d0-97e8-4feadf94a852', 'eng_oc', 'Small Engine Overcharger', '{"hp": 17, "rack": "b", "volume": 25, "cooldown": 8.7, "needs_target": false, "activation_heat": 559, "industrialmarket": {"maxprice": 6298, "minprice": 2357, "silosize": 1000}, "activation_energy": 179}');
INSERT INTO public.itemtypes (id, family, name, meta) VALUES ('aab8ec7b-6031-4f54-9ab4-434ab5e7b47c', 'active_sink', 'Small Active Radiator', '{"hp": 35, "rack": "b", "volume": 35, "cooldown": 27.5, "needs_target": false, "activation_heat": 490, "industrialmarket": {"maxprice": 7319, "minprice": 4250, "silosize": 1000}, "activation_energy": 385}');
INSERT INTO public.itemtypes (id, family, name, meta) VALUES ('e3f14b2f-0a14-4c16-aa63-48be99d0d688', 'schematic', 'Small Combat Laser Schematic', '{"industrialmarket": {"maxprice": 160736, "minprice": 50516, "silosize": 100, "process_id": "20c2f530-dab9-4d05-b20f-ac98ff5d79ff"}}');
INSERT INTO public.itemtypes (id, family, name, meta) VALUES ('5152cbb2-5c36-4935-bba3-14046c01eece', 'missile_launcher', 'Dual LGPM-4 Launcher', '{"hp": 19, "rack": "a", "range": 5710, "volume": 37, "cooldown": 13.5, "flight_time": 14.0, "hull_damage": 812, "armor_damage": 791, "needs_target": true, "shield_damage": 795, "missile_radius": 2.5, "activation_heat": 16.5, "ammunition_name": "LGPM-4", "ammunition_type": "b9b274c4-d938-4155-8c69-ecb6c4df054f", "fault_tolerance": 0.97, "industrialmarket": {"maxprice": 4672, "minprice": 2216, "silosize": 1000}, "activation_energy": 0.15, "missile_gfx_effect": "lgpm-4", "missile_explosion_effect": "basic_explosion", "missile_explosion_radius": 5}');
INSERT INTO public.itemtypes (id, family, name, meta) VALUES ('a3ff4095-2511-412f-89df-abe7b8516192', 'heat_sink', 'Small Heat Sink', '{"hp": 72, "rack": "c", "volume": 25, "heat_sink_add": 25, "industrialmarket": {"maxprice": 1660, "minprice": 995, "silosize": 1000}}');
INSERT INTO public.itemtypes (id, family, name, meta) VALUES ('7a187110-ae8d-47d0-ab7d-1e318424284e', 'battery_pack', 'Small Battery Pack', '{"hp": 15, "rack": "c", "volume": 28, "energy_max_add": 251, "industrialmarket": {"maxprice": 4689, "minprice": 2210, "silosize": 1000}}');
INSERT INTO public.itemtypes (id, family, name, meta) VALUES ('f9e2d3d2-d7da-4573-a3b9-424dc34d882e', 'aux_generator', 'Small APU', '{"hp": 16, "rack": "c", "volume": 32, "industrialmarket": {"maxprice": 11780, "minprice": 7710, "silosize": 1000}, "energy_regen_max_add": 20}');
INSERT INTO public.itemtypes (id, family, name, meta) VALUES ('837dbdf3-8af8-47c1-9c81-f8088695e6a7', 'missile_launcher', 'Dual LHVM-3 Launcher', '{"hp": 17, "rack": "a", "range": 6398, "volume": 34, "cooldown": 14, "flight_time": 6.3, "hull_damage": 430, "armor_damage": 352, "needs_target": true, "shield_damage": 387, "missile_radius": 2.5, "activation_heat": 19, "ammunition_name": "LHVM-3", "ammunition_type": "8aa4d28b-e02b-4630-86eb-ab46d0ed7fc7", "fault_tolerance": 0.95, "industrialmarket": {"maxprice": 9671, "minprice": 4603, "silosize": 1000}, "activation_energy": 0.11, "missile_gfx_effect": "lhvm-3", "missile_explosion_effect": "basic_explosion", "missile_explosion_radius": 3.6}');
INSERT INTO public.itemtypes (id, family, name, meta) VALUES ('37f6f712-427d-4951-a311-c2557f994290', 'utility_veil', 'Small Hardening Veil', '{"hp": 9, "rack": "a", "volume": 38, "cooldown": 67.9, "activation_heat": 106.7, "industrialmarket": {"maxprice": 16709, "minprice": 8292, "silosize": 1000}, "activation_energy": 910}');
INSERT INTO public.itemtypes (id, family, name, meta) VALUES ('ba48329e-0ae5-499f-ad0f-abd609ee04b9', 'gun_turret', 'Dual Auto-5 Cannon', '{"hp": 22, "rack": "a", "range": 805, "volume": 36, "falloff": "linear", "cooldown": 1.85, "tracking": 217.8, "hull_damage": 460, "armor_damage": 310, "can_mine_gas": false, "can_mine_ice": false, "can_mine_ore": false, "needs_target": true, "shield_damage": 85, "activation_heat": 3.7, "ammunition_name": "Auto-5 Belt", "ammunition_type": "812bddab-db8f-4444-a787-e39e59b92256", "industrialmarket": {"maxprice": 17899, "minprice": 6700, "silosize": 1000}, "activation_energy": 1.7, "ore_mining_volume": 0, "activation_gfx_effect": "small_auto-5_cannon"}');
INSERT INTO public.itemtypes (id, family, name, meta) VALUES ('643b06f8-3df2-40d4-abfe-37d55287d628', 'drag_amp', 'Small Aether Dragger', '{"hp": 13, "rack": "b", "range": 5487, "volume": 33, "falloff": "linear", "cooldown": 21.2, "needs_target": true, "activation_heat": 687, "drag_multiplier": 29.5, "industrialmarket": {"maxprice": 14075, "minprice": 10233, "silosize": 500}, "activation_energy": 760, "activation_gfx_effect": "small_aether_dragger"}');
INSERT INTO public.itemtypes (id, family, name, meta) VALUES ('a7298b27-bca0-40f8-8c68-427ae19a1620', 'armor_plate', 'Small Armor Plate', '{"hp": 155, "rack": "c", "volume": 30, "armor_max_add": 770, "industrialmarket": {"maxprice": 2780, "minprice": 913, "silosize": 1000}}');
INSERT INTO public.itemtypes (id, family, name, meta) VALUES ('0d0d134c-2b7d-4888-839a-d043d6aedca6', 'fuel_tank', 'Small Fuel Tank', '{"hp": 30, "rack": "c", "volume": 22, "fuel_max_add": 850, "industrialmarket": {"maxprice": 712, "minprice": 314, "silosize": 1000}}');
INSERT INTO public.itemtypes (id, family, name, meta) VALUES ('a646945b-f841-495c-b5b5-91f66c343e01', 'gun_turret', 'Small Ice Miner', '{"hp": 23, "rack": "a", "range": 1690, "volume": 27, "falloff": "reverse_linear", "cooldown": 7.7, "tracking": 1.4, "hull_damage": 46, "armor_damage": 22, "can_mine_gas": false, "can_mine_ice": true, "can_mine_ore": false, "needs_target": true, "shield_damage": 7, "activation_heat": 205, "industrialmarket": {"maxprice": 4890, "minprice": 2219, "silosize": 1000}, "activation_energy": 26, "ice_mining_volume": 12, "activation_gfx_effect": "small_ice_miner"}');
INSERT INTO public.itemtypes (id, family, name, meta) VALUES ('06154993-80b9-4cdb-a90f-2660be8fd9d2', 'gun_turret', 'Small Laser Tool', '{"hp": 22, "rack": "a", "range": 3110, "volume": 27, "falloff": "linear", "cooldown": 11, "tracking": 2, "hull_damage": 420, "armor_damage": 220, "can_mine_gas": false, "can_mine_ice": false, "can_mine_ore": true, "needs_target": true, "shield_damage": 430, "activation_heat": 255, "industrialmarket": {"maxprice": 5607, "minprice": 2315, "silosize": 1000}, "activation_energy": 42, "ore_mining_volume": 27, "activation_gfx_effect": "small_laser_tool"}');
INSERT INTO public.itemtypes (id, family, name, meta) VALUES ('42773d1e-9a10-465b-b812-d1eca327832f', 'utility_miner', 'Small Ore Harvester', '{"hp": 18, "rack": "a", "range": 1116, "volume": 37, "falloff": "reverse_linear", "cooldown": 13, "tracking": 0.9, "can_mine_gas": false, "can_mine_ice": false, "can_mine_ore": true, "needs_target": true, "activation_heat": 1045, "industrialmarket": {"maxprice": 13450, "minprice": 8133, "silosize": 1000}, "activation_energy": 337, "ore_mining_volume": 65.2, "activation_gfx_effect": "small_ore_harvester"}');
INSERT INTO public.itemtypes (id, family, name, meta) VALUES ('7ce23f43-70a5-4ff0-801c-16b102adf75e', 'utility_miner', 'Small Ice Harvester', '{"hp": 17, "rack": "a", "range": 1233, "volume": 37, "falloff": "reverse_linear", "cooldown": 12.5, "tracking": 0.86, "can_mine_gas": false, "can_mine_ice": true, "can_mine_ore": false, "needs_target": true, "activation_heat": 1000, "industrialmarket": {"maxprice": 17800, "minprice": 11345, "silosize": 1000}, "activation_energy": 256, "ice_mining_volume": 57, "activation_gfx_effect": "small_ice_harvester"}');
INSERT INTO public.itemtypes (id, family, name, meta) VALUES ('70f816b8-e3c5-4e5f-bd0c-f8125519b168', 'shield_booster', 'Small Shield Booster', '{"hp": 10, "rack": "b", "volume": 32, "cooldown": 13.5, "needs_target": false, "activation_heat": 511, "industrialmarket": {"maxprice": 1723, "minprice": 630, "silosize": 1000}, "activation_energy": 120, "shield_boost_amount": 175, "activation_gfx_effect": "small_shield_booster"}');
INSERT INTO public.itemtypes (id, family, name, meta) VALUES ('85fc1069-22b1-44ed-838b-64ed38d1e0b4', 'gun_turret', 'Small Gauss Rifle', '{"hp": 21, "rack": "a", "range": 7173, "volume": 37, "falloff": "linear", "cooldown": 18.4, "tracking": 48.7, "hull_damage": 2520, "armor_damage": 1840, "can_mine_gas": false, "can_mine_ice": false, "can_mine_ore": false, "needs_target": true, "shield_damage": 1240, "activation_heat": 91.3, "ammunition_name": "Light Gauss Shell", "ammunition_type": "33f86ee2-4c16-400e-82ad-38796bea0017", "industrialmarket": {"maxprice": 9658, "minprice": 5219, "silosize": 1000}, "activation_energy": 27, "ore_mining_volume": 0, "activation_gfx_effect": "small_gauss_rifle"}');
INSERT INTO public.itemtypes (id, family, name, meta) VALUES ('69d118ea-617d-477b-bb30-67f5da3c812e', 'utility_siphon', 'Small Energy Siphon', '{"hp": 20, "rack": "a", "range": 1431, "volume": 39, "falloff": "linear", "cooldown": 17.5, "tracking": 110, "needs_target": true, "activation_heat": 177, "industrialmarket": {"maxprice": 16890, "minprice": 10988, "silosize": 1000}, "activation_energy": 43, "energy_siphon_amount": 858, "activation_gfx_effect": "small_energy_siphon"}');
INSERT INTO public.itemtypes (id, family, name, meta) VALUES ('465fe6dc-513a-48e7-9960-94dd383b0387', 'utility_cloak', 'Small Cloaking Device', '{"hp": 12, "rack": "a", "volume": 40, "cooldown": 45.8, "activation_heat": 47, "industrialmarket": {"maxprice": 39607, "minprice": 24891, "silosize": 1000}, "activation_energy": 452}');
INSERT INTO public.itemtypes (id, family, name, meta) VALUES ('ed0cb370-18de-4979-8920-8226a98d8c91', 'gun_turret', 'Small Anti-Shield Laser', '{"hp": 21, "rack": "a", "range": 3319, "volume": 23, "falloff": "linear", "cooldown": 7.5, "tracking": 116.8, "hull_damage": 13.7, "armor_damage": 6.3, "needs_target": true, "shield_damage": 2245, "activation_heat": 366.1, "industrialmarket": {"maxprice": 7789, "minprice": 4430, "silosize": 1000}, "activation_energy": 187.9, "activation_gfx_effect": "small_shield_laser"}');
INSERT INTO public.itemtypes (id, family, name, meta) VALUES ('068d676d-ee5b-42e2-af82-894ed2092d9c', 'gun_turret', 'Small Anti-Hull Laser', '{"hp": 20, "rack": "a", "range": 3219, "volume": 24, "falloff": "linear", "cooldown": 7.2, "tracking": 119.4, "hull_damage": 1002, "armor_damage": 768, "needs_target": true, "shield_damage": 4.7, "activation_heat": 347.7, "industrialmarket": {"maxprice": 6102, "minprice": 3980, "silosize": 1000}, "activation_energy": 193.1, "activation_gfx_effect": "small_hull_laser"}');
INSERT INTO public.itemtypes (id, family, name, meta) VALUES ('308d4423-9c48-4336-890c-b6e78d579f77', 'gun_turret', 'Small Combat Laser', '{"hp": 25, "rack": "a", "range": 2800, "volume": 27, "falloff": "linear", "cooldown": 7.7, "tracking": 97.5, "hull_damage": 625.4, "armor_damage": 603.2, "needs_target": true, "shield_damage": 612.3, "activation_heat": 328, "industrialmarket": {"maxprice": 6257, "minprice": 4490, "silosize": 1000}, "activation_energy": 180, "activation_gfx_effect": "small_general_laser"}');
INSERT INTO public.itemtypes (id, family, name, meta) VALUES ('3ebfc00e-392c-4485-848f-6e637be40320', 'schematic', 'Small Engine Overcharger Schematic', '{"industrialmarket": {"maxprice": 20822, "minprice": 10399, "silosize": 100, "process_id": "12e06c35-b923-4bf2-aaba-dad99fc26590"}}');
INSERT INTO public.itemtypes (id, family, name, meta) VALUES ('8cba454e-3a77-4975-84b1-11b6b7750f56', 'schematic', 'Small Active Radiator Schematic', '{"industrialmarket": {"maxprice": 254703, "minprice": 117058, "silosize": 100, "process_id": "1f346e6e-73d4-4bfb-8426-e9364fe4e08d"}}');
INSERT INTO public.itemtypes (id, family, name, meta) VALUES ('5ad1fe08-d63e-4750-afb3-b230c5223da1', 'schematic', 'Dual LGPM-4 Launcher Schematic', '{"industrialmarket": {"maxprice": 54673, "minprice": 17724, "silosize": 100, "process_id": "55966cd5-be70-4194-a517-dfe9d7a8459c"}}');
INSERT INTO public.itemtypes (id, family, name, meta) VALUES ('808c6636-c33a-4966-a7ae-eaaa99d3516d', 'schematic', 'Small Heat Sink Schematic', '{"industrialmarket": {"maxprice": 12867, "minprice": 3073, "silosize": 100, "process_id": "ec68716d-3bf7-4a0a-a3a5-65c08c041ebf"}}');
INSERT INTO public.itemtypes (id, family, name, meta) VALUES ('6e114e6a-1a00-4336-93a1-8233b6f0e380', 'schematic', 'Small Battery Pack Schematic', '{"industrialmarket": {"maxprice": 1013, "minprice": 500, "silosize": 100, "process_id": "40bd3a83-29fd-4023-9639-0ffb36ece96d"}}');
INSERT INTO public.itemtypes (id, family, name, meta) VALUES ('5e671cf3-4679-430d-85c2-7efe941ec5fb', 'schematic', 'Small APU Schematic', '{"industrialmarket": {"maxprice": 61307, "minprice": 21677, "silosize": 100, "process_id": "12e5ceab-576d-4b4b-9ad8-b51e71dce382"}}');
INSERT INTO public.itemtypes (id, family, name, meta) VALUES ('ec67b3ba-a148-4734-a89b-7edb7283d123', 'schematic', 'Dual LHVM-3 Launcher Schematic', '{"industrialmarket": {"maxprice": 151276, "minprice": 53171, "silosize": 100, "process_id": "746c4d74-91bf-492a-a7b1-cc65c343c60b"}}');
INSERT INTO public.itemtypes (id, family, name, meta) VALUES ('ee1e3e64-28c5-4bcb-8a73-b074fdef4049', 'schematic', 'Small Hardening Veil Schematic', '{"industrialmarket": {"maxprice": 139600, "minprice": 22837, "silosize": 100, "process_id": "3e211832-700e-45ee-9124-0027d6b69ffd"}}');
INSERT INTO public.itemtypes (id, family, name, meta) VALUES ('76f6684d-5660-4404-a8a1-71e61c0d7214', 'schematic', 'Dual Auto-5 Cannon Schematic', '{"industrialmarket": {"maxprice": 101796, "minprice": 17718, "silosize": 100, "process_id": "ae1afc9e-836c-4367-ac7c-be7d7cf0af48"}}');
INSERT INTO public.itemtypes (id, family, name, meta) VALUES ('136f420a-388a-426e-bcfe-9f0ada4daa7d', 'schematic', 'Small Aether Dragger Schematic', '{"industrialmarket": {"maxprice": 47681, "minprice": 13274, "silosize": 100, "process_id": "50e009e0-bc39-4c91-9f99-e73a47b271a9"}}');
INSERT INTO public.itemtypes (id, family, name, meta) VALUES ('346b01b4-6189-4f94-8ea6-46e47ff2b707', 'schematic', 'Small Armor Plate Schematic', '{"industrialmarket": {"maxprice": 8102, "minprice": 1626, "silosize": 100, "process_id": "1595481f-9694-470f-a84d-f9ecbc927944"}}');
INSERT INTO public.itemtypes (id, family, name, meta) VALUES ('f305a787-acbe-40b5-81e7-ff07e6a115e7', 'schematic', 'Small Ice Miner Schematic', '{"industrialmarket": {"maxprice": 165526, "minprice": 65341, "silosize": 100, "process_id": "e1e3c650-d96d-4b42-913e-9daa83820f09"}}');
INSERT INTO public.itemtypes (id, family, name, meta) VALUES ('b612e8d0-cb18-4b53-99be-092bae0143f6', 'schematic', 'Small Laser Tool Schematic', '{"industrialmarket": {"maxprice": 47647, "minprice": 14192, "silosize": 100, "process_id": "2d70e6d4-3b73-4097-b58c-cb9008c08472"}}');
INSERT INTO public.itemtypes (id, family, name, meta) VALUES ('a1897df2-5ce0-43aa-952f-007dde2ab8d8', 'schematic', 'Small Ore Harvester Schematic', '{"industrialmarket": {"maxprice": 59371, "minprice": 23134, "silosize": 100, "process_id": "1c650dc6-8f45-482b-a147-9d64b5409195"}}');
INSERT INTO public.itemtypes (id, family, name, meta) VALUES ('0de0d36a-8eb1-48ed-b32c-0575c7b8cdb7', 'schematic', 'Small Ice Harvester Schematic', '{"industrialmarket": {"maxprice": 211422, "minprice": 93807, "silosize": 100, "process_id": "35e9f7e8-c7c9-4ffd-a7c7-bd86f8439cd3"}}');
INSERT INTO public.itemtypes (id, family, name, meta) VALUES ('7d41f486-b55c-44c4-9e8b-b38ae5a114cc', 'schematic', 'Small Shield Booster Schematic', '{"industrialmarket": {"maxprice": 7064, "minprice": 2089, "silosize": 100, "process_id": "d16039b4-4cb1-4b81-bd60-42e2e1f18ff8"}}');
INSERT INTO public.itemtypes (id, family, name, meta) VALUES ('81727047-5a5b-4129-bf29-5457c3e16153', 'schematic', 'Small Gauss Rifle Schematic', '{"industrialmarket": {"maxprice": 91132, "minprice": 40326, "silosize": 100, "process_id": "a04883cd-b740-45aa-84af-1f4838ba2cd4"}}');
INSERT INTO public.itemtypes (id, family, name, meta) VALUES ('0fba70e8-dc1c-4daa-96e1-2a48848a957b', 'schematic', 'Small Energy Siphon Schematic', '{"industrialmarket": {"maxprice": 588474, "minprice": 124834, "silosize": 100, "process_id": "d93b6035-449f-4491-bf2e-a638880b311b"}}');
INSERT INTO public.itemtypes (id, family, name, meta) VALUES ('387a9f38-8dab-4884-835a-cf81b9b9642d', 'schematic', 'Small Cloaking Device Schematic', '{"industrialmarket": {"maxprice": 171372, "minprice": 63391, "silosize": 100, "process_id": "befb8ef0-291b-4a12-bff4-b688c40880b2"}}');
INSERT INTO public.itemtypes (id, family, name, meta) VALUES ('08fdc78f-c56c-435c-b352-d4d34c1d9e1d', 'schematic', 'Small Anti-Hull Laser Schematic', '{"industrialmarket": {"maxprice": 67619, "minprice": 20939, "silosize": 100, "process_id": "a0c87142-0d9d-4e6a-b1eb-4dd3b8b4bf24"}}');
INSERT INTO public.itemtypes (id, family, name, meta) VALUES ('243dab4d-510a-4d0a-84ac-660bf9c00a42', 'schematic', 'Small Anti-Shield Laser Schematic', '{"industrialmarket": {"maxprice": 36695, "minprice": 9563, "silosize": 100, "process_id": "4d8e04fc-d935-40a9-b324-8066be7744c5"}}');
INSERT INTO public.itemtypes (id, family, name, meta) VALUES ('52fc5eea-312a-4158-b825-6c86c7c383d6', 'schematic', 'Small Fuel Tank Schematic', '{"industrialmarket": {"maxprice": 8440, "minprice": 2369, "silosize": 100, "process_id": "d019d663-db16-4e6f-959f-87780d4cbc53"}}');

-- processes
INSERT INTO public.processes (id, name, meta, "time") VALUES ('12e06c35-b923-4bf2-aaba-dad99fc26590', 'Make Small Engine Overcharger', '{}', 281);
INSERT INTO public.processes (id, name, meta, "time") VALUES ('8f350754-ec8c-4e37-a4e5-533fb1f8277e', 'Small Engine Overcharger Sink [wm]', '{}', 178);
INSERT INTO public.processes (id, name, meta, "time") VALUES ('c6bc07e1-2046-4ab1-8d95-a2d5fa332926', 'Small Engine Overcharger Schematic Faucet [wm]', '{}', 728);
INSERT INTO public.processes (id, name, meta, "time") VALUES ('074b046f-e370-4e90-aeb9-fd41457cee3f', 'Small Engine Overcharger Schematic Sink [wm]', '{}', 1452);
INSERT INTO public.processes (id, name, meta, "time") VALUES ('1f346e6e-73d4-4bfb-8426-e9364fe4e08d', 'Make Small Active Radiator', '{}', 3337);
INSERT INTO public.processes (id, name, meta, "time") VALUES ('304c2832-0b80-47f3-841d-b0cae8826a8c', 'Small Active Radiator Sink [wm]', '{}', 5473);
INSERT INTO public.processes (id, name, meta, "time") VALUES ('6a8a7182-80e6-4f1a-ae98-92c508c5f365', 'Small Active Radiator Schematic Faucet [wm]', '{}', 22105);
INSERT INTO public.processes (id, name, meta, "time") VALUES ('c8252cdd-e60c-4cd3-b495-ec5cf210557a', 'Small Active Radiator Schematic Sink [wm]', '{}', 24793);
INSERT INTO public.processes (id, name, meta, "time") VALUES ('55966cd5-be70-4194-a517-dfe9d7a8459c', 'Make Dual LGPM-4 Launcher', '{}', 1857);
INSERT INTO public.processes (id, name, meta, "time") VALUES ('d4736eb1-58bf-4c65-99f5-90633ef43f46', 'Dual LGPM-4 Launcher Sink [wm]', '{}', 2515);
INSERT INTO public.processes (id, name, meta, "time") VALUES ('038232ea-16b7-4eb3-b986-64fb2c46c709', 'Dual LGPM-4 Launcher Schematic Faucet [wm]', '{}', 6412);
INSERT INTO public.processes (id, name, meta, "time") VALUES ('8182725b-80e0-4e8c-aa0e-9136a6251e3e', 'Dual LGPM-4 Launcher Schematic Sink [wm]', '{}', 12729);
INSERT INTO public.processes (id, name, meta, "time") VALUES ('ec68716d-3bf7-4a0a-a3a5-65c08c041ebf', 'Make Small Heat Sink', '{}', 1157);
INSERT INTO public.processes (id, name, meta, "time") VALUES ('2359bca1-7b69-48fc-8d5b-08a6ce59285e', 'Small Heat Sink Sink [wm]', '{}', 1990);
INSERT INTO public.processes (id, name, meta, "time") VALUES ('6e32da1d-08c4-4fbc-a663-dc65d233e341', 'Small Heat Sink Schematic Faucet [wm]', '{}', 8328);
INSERT INTO public.processes (id, name, meta, "time") VALUES ('e416386c-454f-40d2-9b7a-952a32b6e1f8', 'Small Heat Sink Schematic Sink [wm]', '{}', 6934);
INSERT INTO public.processes (id, name, meta, "time") VALUES ('40bd3a83-29fd-4023-9639-0ffb36ece96d', 'Make Small Battery Pack', '{}', 43);
INSERT INTO public.processes (id, name, meta, "time") VALUES ('1604836e-90f8-47d4-b79d-1e08bdfba14a', 'Small Battery Pack Sink [wm]', '{}', 62);
INSERT INTO public.processes (id, name, meta, "time") VALUES ('55f54ac7-21f7-4254-b600-0fdb1cf2036b', 'Small Battery Pack Schematic Faucet [wm]', '{}', 175);
INSERT INTO public.processes (id, name, meta, "time") VALUES ('0d614b36-cdc7-44e2-838f-729e3cbc2378', 'Small Battery Pack Schematic Sink [wm]', '{}', 144);
INSERT INTO public.processes (id, name, meta, "time") VALUES ('12e5ceab-576d-4b4b-9ad8-b51e71dce382', 'Make Small APU', '{}', 1021);
INSERT INTO public.processes (id, name, meta, "time") VALUES ('4e664f94-fe79-4b87-974b-8fc180638a88', 'Small APU Sink [wm]', '{}', 812);
INSERT INTO public.processes (id, name, meta, "time") VALUES ('a31fd51c-0995-4509-a2da-aef736b48b11', 'Small APU Schematic Faucet [wm]', '{}', 7740);
INSERT INTO public.processes (id, name, meta, "time") VALUES ('27c5458b-c98f-43c7-b5d6-276beac6213f', 'Small APU Schematic Sink [wm]', '{}', 7495);
INSERT INTO public.processes (id, name, meta, "time") VALUES ('746c4d74-91bf-492a-a7b1-cc65c343c60b', 'Make Dual LHVM-3 Launcher', '{}', 227);
INSERT INTO public.processes (id, name, meta, "time") VALUES ('07a05681-5d39-4511-807e-82db23ce70f2', 'Dual LHVM-3 Launcher Sink [wm]', '{}', 311);
INSERT INTO public.processes (id, name, meta, "time") VALUES ('e3d355a3-c196-41e5-94cf-3721f90458c5', 'Dual LHVM-3 Launcher Schematic Faucet [wm]', '{}', 1110);
INSERT INTO public.processes (id, name, meta, "time") VALUES ('0ee6bad6-2b82-4ec4-b198-7617c1775757', 'Dual LHVM-3 Launcher Schematic Sink [wm]', '{}', 1549);
INSERT INTO public.processes (id, name, meta, "time") VALUES ('3e211832-700e-45ee-9124-0027d6b69ffd', 'Make Small Hardening Veil', '{}', 49);
INSERT INTO public.processes (id, name, meta, "time") VALUES ('811426fe-9bfe-4c56-977e-83bbc18d6080', 'Small Hardening Veil Sink [wm]', '{}', 28);
INSERT INTO public.processes (id, name, meta, "time") VALUES ('aee56ad6-1fd8-49e2-9f55-70d83003865d', 'Small Hardening Veil Schematic Faucet [wm]', '{}', 378);
INSERT INTO public.processes (id, name, meta, "time") VALUES ('53f3768f-5a67-41b4-9497-323a3a0f63cd', 'Small Hardening Veil Schematic Sink [wm]', '{}', 369);
INSERT INTO public.processes (id, name, meta, "time") VALUES ('ae1afc9e-836c-4367-ac7c-be7d7cf0af48', 'Make Dual Auto-5 Cannon', '{}', 1431);
INSERT INTO public.processes (id, name, meta, "time") VALUES ('18508b43-4725-4039-82c5-c66b74101460', 'Dual Auto-5 Cannon Sink [wm]', '{}', 2318);
INSERT INTO public.processes (id, name, meta, "time") VALUES ('1a5b8edd-fc12-4e64-87ae-1220413e6396', 'Dual Auto-5 Cannon Schematic Faucet [wm]', '{}', 4504);
INSERT INTO public.processes (id, name, meta, "time") VALUES ('325d3ad6-0bbd-4580-b005-15afc973cbf3', 'Dual Auto-5 Cannon Schematic Sink [wm]', '{}', 7716);
INSERT INTO public.processes (id, name, meta, "time") VALUES ('50e009e0-bc39-4c91-9f99-e73a47b271a9', 'Make Small Aether Dragger', '{}', 387);
INSERT INTO public.processes (id, name, meta, "time") VALUES ('b99c0a57-3064-4cd7-94df-18e797b081b6', 'Small Aether Dragger Sink [wm]', '{}', 735);
INSERT INTO public.processes (id, name, meta, "time") VALUES ('29ca9f66-74e3-4346-a1ef-e3e68bae07fe', 'Small Aether Dragger Schematic Faucet [wm]', '{}', 1935);
INSERT INTO public.processes (id, name, meta, "time") VALUES ('31ced1da-e9e0-468a-bd9e-6ced19e8382e', 'Small Aether Dragger Schematic Sink [wm]', '{}', 823);
INSERT INTO public.processes (id, name, meta, "time") VALUES ('1595481f-9694-470f-a84d-f9ecbc927944', 'Make Small Armor Plate', '{}', 173);
INSERT INTO public.processes (id, name, meta, "time") VALUES ('c63e529d-5510-4cee-83f8-076628a3959b', 'Small Armor Plate Sink [wm]', '{}', 233);
INSERT INTO public.processes (id, name, meta, "time") VALUES ('29bc69e4-f345-4239-8308-d772962bd7b0', 'Small Armor Plate Schematic Faucet [wm]', '{}', 1312);
INSERT INTO public.processes (id, name, meta, "time") VALUES ('ec4cf466-0ae4-4c15-928a-c86c3b4aa980', 'Small Armor Plate Schematic Sink [wm]', '{}', 1052);
INSERT INTO public.processes (id, name, meta, "time") VALUES ('e1e3c650-d96d-4b42-913e-9daa83820f09', 'Make Small Ice Miner', '{}', 1499);
INSERT INTO public.processes (id, name, meta, "time") VALUES ('4f135209-37bd-4c86-a617-2a3dae5b674d', 'Small Ice Miner Sink [wm]', '{}', 1743);
INSERT INTO public.processes (id, name, meta, "time") VALUES ('6e387a5b-7ea5-42b7-a627-d56f04c8c793', 'Small Ice Miner Schematic Faucet [wm]', '{}', 9604);
INSERT INTO public.processes (id, name, meta, "time") VALUES ('a8877298-d73f-4834-8ce5-1445d22ea57e', 'Small Ice Miner Schematic Sink [wm]', '{}', 4815);
INSERT INTO public.processes (id, name, meta, "time") VALUES ('2d70e6d4-3b73-4097-b58c-cb9008c08472', 'Make Small Laser Tool', '{}', 1107);
INSERT INTO public.processes (id, name, meta, "time") VALUES ('0fbe3b3f-521e-46b2-a3a8-f5da81e17b9b', 'Small Laser Tool Sink [wm]', '{}', 2166);
INSERT INTO public.processes (id, name, meta, "time") VALUES ('594dbb18-b3dd-42a4-a078-901ba186cebd', 'Small Laser Tool Schematic Faucet [wm]', '{}', 2780);
INSERT INTO public.processes (id, name, meta, "time") VALUES ('1a93c4ad-0a23-4d7b-a0d5-669da314b172', 'Small Laser Tool Schematic Sink [wm]', '{}', 2726);
INSERT INTO public.processes (id, name, meta, "time") VALUES ('1c650dc6-8f45-482b-a147-9d64b5409195', 'Make Small Ore Harvester', '{}', 734);
INSERT INTO public.processes (id, name, meta, "time") VALUES ('6a28d823-3dd7-48ba-a771-870de93ae35f', 'Small Ore Harvester Sink [wm]', '{}', 1012);
INSERT INTO public.processes (id, name, meta, "time") VALUES ('38bf6fb8-6a8d-4e53-b59f-8c6c5f90ff72', 'Small Ore Harvester Schematic Faucet [wm]', '{}', 5572);
INSERT INTO public.processes (id, name, meta, "time") VALUES ('ddb7a683-a49b-466c-93b3-4bfa98bba048', 'Small Ore Harvester Schematic Sink [wm]', '{}', 2364);
INSERT INTO public.processes (id, name, meta, "time") VALUES ('35e9f7e8-c7c9-4ffd-a7c7-bd86f8439cd3', 'Make Small Ice Harvester', '{}', 242);
INSERT INTO public.processes (id, name, meta, "time") VALUES ('d9204dc9-c782-46a0-938f-577c2f86868f', 'Small Ice Harvester Sink [wm]', '{}', 224);
INSERT INTO public.processes (id, name, meta, "time") VALUES ('0a878648-f8b8-46bd-90cc-70547ea478a0', 'Small Ice Harvester Schematic Faucet [wm]', '{}', 1349);
INSERT INTO public.processes (id, name, meta, "time") VALUES ('35b283d2-7e02-47b5-94e6-f8c98171ecc4', 'Small Ice Harvester Schematic Sink [wm]', '{}', 1719);
INSERT INTO public.processes (id, name, meta, "time") VALUES ('d16039b4-4cb1-4b81-bd60-42e2e1f18ff8', 'Make Small Shield Booster', '{}', 181);
INSERT INTO public.processes (id, name, meta, "time") VALUES ('2eec6d15-f208-4548-af2a-a4694a3eca3b', 'Small Shield Booster Sink [wm]', '{}', 125);
INSERT INTO public.processes (id, name, meta, "time") VALUES ('cf5c76f7-2a3d-4b19-953e-2ace0a4b5566', 'Small Shield Booster Schematic Faucet [wm]', '{}', 974);
INSERT INTO public.processes (id, name, meta, "time") VALUES ('84840cc0-ccf1-4e89-8796-87fa121fb687', 'Small Shield Booster Schematic Sink [wm]', '{}', 842);
INSERT INTO public.processes (id, name, meta, "time") VALUES ('a04883cd-b740-45aa-84af-1f4838ba2cd4', 'Make Small Gauss Rifle', '{}', 1047);
INSERT INTO public.processes (id, name, meta, "time") VALUES ('0cec1e99-e42d-4e79-97af-4bc228b9e91e', 'Small Gauss Rifle Sink [wm]', '{}', 1436);
INSERT INTO public.processes (id, name, meta, "time") VALUES ('1e7d3a3e-4dc1-40fd-8c17-a5bf53cd4255', 'Small Gauss Rifle Schematic Faucet [wm]', '{}', 5918);
INSERT INTO public.processes (id, name, meta, "time") VALUES ('c1447d5b-f47a-4ee5-a0ba-f44ce4c4fb8d', 'Small Gauss Rifle Schematic Sink [wm]', '{}', 2432);
INSERT INTO public.processes (id, name, meta, "time") VALUES ('d93b6035-449f-4491-bf2e-a638880b311b', 'Make Small Energy Siphon', '{}', 753);
INSERT INTO public.processes (id, name, meta, "time") VALUES ('e2e66ed4-6c62-4f89-bd3e-1064f4f91c08', 'Small Energy Siphon Sink [wm]', '{}', 714);
INSERT INTO public.processes (id, name, meta, "time") VALUES ('6f0718ad-7404-4e91-b389-9bd5620a98f8', 'Small Energy Siphon Schematic Faucet [wm]', '{}', 4270);
INSERT INTO public.processes (id, name, meta, "time") VALUES ('271b8be9-9f1b-44e6-b8f6-03943ac2def1', 'Small Energy Siphon Schematic Sink [wm]', '{}', 2720);
INSERT INTO public.processes (id, name, meta, "time") VALUES ('befb8ef0-291b-4a12-bff4-b688c40880b2', 'Make Small Cloaking Device', '{}', 1107);
INSERT INTO public.processes (id, name, meta, "time") VALUES ('9e72f786-57f1-4a3f-851a-e0b0d0037ae3', 'Small Cloaking Device Sink [wm]', '{}', 1586);
INSERT INTO public.processes (id, name, meta, "time") VALUES ('4678141e-37db-4281-af05-a1e2ed27a5ab', 'Small Cloaking Device Schematic Faucet [wm]', '{}', 2972);
INSERT INTO public.processes (id, name, meta, "time") VALUES ('f819fbd4-fc9a-48e1-9627-274793fa7905', 'Small Cloaking Device Schematic Sink [wm]', '{}', 8808);
INSERT INTO public.processes (id, name, meta, "time") VALUES ('a0c87142-0d9d-4e6a-b1eb-4dd3b8b4bf24', 'Make Small Anti-Hull Laser', '{}', 475);
INSERT INTO public.processes (id, name, meta, "time") VALUES ('ed859b0a-432b-4e2a-a6bc-6a50c27cb944', 'Small Anti-Hull Laser Sink [wm]', '{}', 387);
INSERT INTO public.processes (id, name, meta, "time") VALUES ('b86043e6-7716-4bb1-9041-79839697a930', 'Small Anti-Hull Laser Schematic Faucet [wm]', '{}', 1535);
INSERT INTO public.processes (id, name, meta, "time") VALUES ('1b30aa7d-4fbb-4caf-8254-b09c2d2d1445', 'Small Anti-Hull Laser Schematic Sink [wm]', '{}', 1940);
INSERT INTO public.processes (id, name, meta, "time") VALUES ('4d8e04fc-d935-40a9-b324-8066be7744c5', 'Make Small Anti-Shield Laser', '{}', 389);
INSERT INTO public.processes (id, name, meta, "time") VALUES ('a76064ea-2ff5-4a53-9bc0-1b3e4dbe1819', 'Small Anti-Shield Laser Sink [wm]', '{}', 421);
INSERT INTO public.processes (id, name, meta, "time") VALUES ('64f15ac7-063e-490f-99c7-ac1e82c8b50c', 'Small Anti-Shield Laser Schematic Faucet [wm]', '{}', 2149);
INSERT INTO public.processes (id, name, meta, "time") VALUES ('f550e887-b382-452b-8fc3-a1de38544bc7', 'Small Anti-Shield Laser Schematic Sink [wm]', '{}', 2219);
INSERT INTO public.processes (id, name, meta, "time") VALUES ('20c2f530-dab9-4d05-b20f-ac98ff5d79ff', 'Make Small Combat Laser', '{}', 2850);
INSERT INTO public.processes (id, name, meta, "time") VALUES ('dd9eca8d-6cbc-4960-96ed-5878a4f92efe', 'Small Combat Laser Sink [wm]', '{}', 2485);
INSERT INTO public.processes (id, name, meta, "time") VALUES ('d2c629db-95f4-48a0-b255-0ed0d5ac801f', 'Small Combat Laser Schematic Faucet [wm]', '{}', 11659);
INSERT INTO public.processes (id, name, meta, "time") VALUES ('a34a0243-89d0-4167-a02f-e683eaf85e43', 'Small Combat Laser Schematic Sink [wm]', '{}', 5841);
INSERT INTO public.processes (id, name, meta, "time") VALUES ('d019d663-db16-4e6f-959f-87780d4cbc53', 'Make Small Fuel Tank', '{}', 926);
INSERT INTO public.processes (id, name, meta, "time") VALUES ('6cc051bb-393c-4a5c-a089-13cabd3c0b07', 'Small Fuel Tank Sink [wm]', '{}', 1178);
INSERT INTO public.processes (id, name, meta, "time") VALUES ('4e7ca073-c5e1-4ede-b19f-b42081fd7122', 'Small Fuel Tank Schematic Faucet [wm]', '{}', 6448);
INSERT INTO public.processes (id, name, meta, "time") VALUES ('0fa14c7c-3518-4be8-9a3a-9ebee24e434d', 'Small Fuel Tank Schematic Sink [wm]', '{}', 2015);

-- process inputs
INSERT INTO public.processinputs (id, itemtypeid, quantity, meta, processid) VALUES ('4281511d-b374-4c13-9b31-ed49639fd898', '3ebfc00e-392c-4485-848f-6e637be40320', 9, '{}', '074b046f-e370-4e90-aeb9-fd41457cee3f');
INSERT INTO public.processinputs (id, itemtypeid, quantity, meta, processid) VALUES ('189ba669-ec30-47fc-b256-bcfac87c811a', 'fef05ee8-1cf9-42d0-97e8-4feadf94a852', 25, '{}', '8f350754-ec8c-4e37-a4e5-533fb1f8277e');
INSERT INTO public.processinputs (id, itemtypeid, quantity, meta, processid) VALUES ('42e38324-0157-4657-9514-0abbbbd347cf', '2ce48bef-f06b-4550-b20c-0e64864db051', 3, '{}', '12e06c35-b923-4bf2-aaba-dad99fc26590');
INSERT INTO public.processinputs (id, itemtypeid, quantity, meta, processid) VALUES ('2cd2a742-ac5e-49b0-9865-0821e7865f67', '0cd04eea-a150-410c-91eb-6af00d8c6eae', 1, '{}', '12e06c35-b923-4bf2-aaba-dad99fc26590');
INSERT INTO public.processinputs (id, itemtypeid, quantity, meta, processid) VALUES ('995a2819-e1d8-4891-a3ab-2b5e42bf8c0b', '39b8eedf-ef80-4c29-a4bf-99abc4d84fa6', 1, '{}', '12e06c35-b923-4bf2-aaba-dad99fc26590');
INSERT INTO public.processinputs (id, itemtypeid, quantity, meta, processid) VALUES ('623c60b6-f203-4665-b2cb-3cb555354e87', '56617d30-6c30-425c-84bf-2484ae8c1156', 2, '{}', '12e06c35-b923-4bf2-aaba-dad99fc26590');
INSERT INTO public.processinputs (id, itemtypeid, quantity, meta, processid) VALUES ('45cf579e-22de-4d39-853f-a25b0d88d8d7', 'dd522f03-2f52-4e82-b2f8-d7e0029cb82f', 5, '{}', '12e06c35-b923-4bf2-aaba-dad99fc26590');
INSERT INTO public.processinputs (id, itemtypeid, quantity, meta, processid) VALUES ('344c41cf-48b4-4b33-a737-dd938f398b72', '24800206-2c58-45b0-8238-81974d0ebb3b', 191, '{}', '12e06c35-b923-4bf2-aaba-dad99fc26590');
INSERT INTO public.processinputs (id, itemtypeid, quantity, meta, processid) VALUES ('922bc315-e0d0-466f-9b13-4760e7081c14', 'dd0c9b0a-279e-418e-b3b6-2f569fda0186', 2, '{}', '12e06c35-b923-4bf2-aaba-dad99fc26590');
INSERT INTO public.processinputs (id, itemtypeid, quantity, meta, processid) VALUES ('c82a4421-2610-428e-8ca6-13893ad7a507', '8cba454e-3a77-4975-84b1-11b6b7750f56', 5, '{}', 'c8252cdd-e60c-4cd3-b495-ec5cf210557a');
INSERT INTO public.processinputs (id, itemtypeid, quantity, meta, processid) VALUES ('5864743e-e6a0-4a61-8ea0-d6256eb27429', 'aab8ec7b-6031-4f54-9ab4-434ab5e7b47c', 145, '{}', '304c2832-0b80-47f3-841d-b0cae8826a8c');
INSERT INTO public.processinputs (id, itemtypeid, quantity, meta, processid) VALUES ('4b6d3142-7074-4b6d-8878-deb45d298d22', '26a3fc9e-db2f-439d-a929-ba755d11d09c', 28, '{}', '1f346e6e-73d4-4bfb-8426-e9364fe4e08d');
INSERT INTO public.processinputs (id, itemtypeid, quantity, meta, processid) VALUES ('67213032-7dfc-483b-ad8e-4f31d954f198', '11688112-f3d4-4d30-864a-684a8b96ea23', 32, '{}', '1f346e6e-73d4-4bfb-8426-e9364fe4e08d');
INSERT INTO public.processinputs (id, itemtypeid, quantity, meta, processid) VALUES ('f9eaed93-5f12-418e-9bc6-15e6b5906a8b', 'dd522f03-2f52-4e82-b2f8-d7e0029cb82f', 140, '{}', '1f346e6e-73d4-4bfb-8426-e9364fe4e08d');
INSERT INTO public.processinputs (id, itemtypeid, quantity, meta, processid) VALUES ('6ad2369e-629c-4a63-b654-b988a24b158b', '24800206-2c58-45b0-8238-81974d0ebb3b', 1543, '{}', '1f346e6e-73d4-4bfb-8426-e9364fe4e08d');
INSERT INTO public.processinputs (id, itemtypeid, quantity, meta, processid) VALUES ('39fc5235-a2fb-427a-b5bb-1e6413b71c40', '39b8eedf-ef80-4c29-a4bf-99abc4d84fa6', 27, '{}', '1f346e6e-73d4-4bfb-8426-e9364fe4e08d');
INSERT INTO public.processinputs (id, itemtypeid, quantity, meta, processid) VALUES ('dbf792ae-5e7f-4394-9f04-ad7546f77a83', '2ce48bef-f06b-4550-b20c-0e64864db051', 36, '{}', '1f346e6e-73d4-4bfb-8426-e9364fe4e08d');
INSERT INTO public.processinputs (id, itemtypeid, quantity, meta, processid) VALUES ('763e1b75-0a9d-43b6-bb91-980d7bfc902c', '5ad1fe08-d63e-4750-afb3-b230c5223da1', 5, '{}', '8182725b-80e0-4e8c-aa0e-9136a6251e3e');
INSERT INTO public.processinputs (id, itemtypeid, quantity, meta, processid) VALUES ('a8f2c24a-679f-4739-9a82-b6af213f90b7', '5152cbb2-5c36-4935-bba3-14046c01eece', 37, '{}', 'd4736eb1-58bf-4c65-99f5-90633ef43f46');
INSERT INTO public.processinputs (id, itemtypeid, quantity, meta, processid) VALUES ('1f3be9f8-a2a2-41f6-838b-9dad5720353c', '24800206-2c58-45b0-8238-81974d0ebb3b', 326, '{}', '55966cd5-be70-4194-a517-dfe9d7a8459c');
INSERT INTO public.processinputs (id, itemtypeid, quantity, meta, processid) VALUES ('7afa5213-b648-4689-8591-5192064c07fa', '0cd04eea-a150-410c-91eb-6af00d8c6eae', 14, '{}', '55966cd5-be70-4194-a517-dfe9d7a8459c');
INSERT INTO public.processinputs (id, itemtypeid, quantity, meta, processid) VALUES ('c4c5a567-c1fb-4236-8409-6f4355c1b11b', '2ce48bef-f06b-4550-b20c-0e64864db051', 16, '{}', '55966cd5-be70-4194-a517-dfe9d7a8459c');
INSERT INTO public.processinputs (id, itemtypeid, quantity, meta, processid) VALUES ('81e96667-45e4-48d3-b916-ca3e3e344356', '56617d30-6c30-425c-84bf-2484ae8c1156', 11, '{}', '55966cd5-be70-4194-a517-dfe9d7a8459c');
INSERT INTO public.processinputs (id, itemtypeid, quantity, meta, processid) VALUES ('626a4e34-8773-44a7-8e23-340c8d2ce926', 'dd522f03-2f52-4e82-b2f8-d7e0029cb82f', 52, '{}', '55966cd5-be70-4194-a517-dfe9d7a8459c');
INSERT INTO public.processinputs (id, itemtypeid, quantity, meta, processid) VALUES ('e0c9beec-91aa-485f-9b49-c4ec538d36b3', '808c6636-c33a-4966-a7ae-eaaa99d3516d', 6, '{}', 'e416386c-454f-40d2-9b7a-952a32b6e1f8');
INSERT INTO public.processinputs (id, itemtypeid, quantity, meta, processid) VALUES ('9f8b8f33-712d-4b27-92bf-feff23f297ba', 'a3ff4095-2511-412f-89df-abe7b8516192', 28, '{}', '2359bca1-7b69-48fc-8d5b-08a6ce59285e');
INSERT INTO public.processinputs (id, itemtypeid, quantity, meta, processid) VALUES ('6fd7a7c6-5eeb-4cd8-a45a-1dd385e617a5', '56617d30-6c30-425c-84bf-2484ae8c1156', 5, '{}', 'ec68716d-3bf7-4a0a-a3a5-65c08c041ebf');
INSERT INTO public.processinputs (id, itemtypeid, quantity, meta, processid) VALUES ('fc3e431a-335e-46d4-9eea-9f1531dfde5a', '2ce48bef-f06b-4550-b20c-0e64864db051', 5, '{}', 'ec68716d-3bf7-4a0a-a3a5-65c08c041ebf');
INSERT INTO public.processinputs (id, itemtypeid, quantity, meta, processid) VALUES ('01c3edf9-481c-4b24-9a24-2c3c66d7819e', '24800206-2c58-45b0-8238-81974d0ebb3b', 101, '{}', 'ec68716d-3bf7-4a0a-a3a5-65c08c041ebf');
INSERT INTO public.processinputs (id, itemtypeid, quantity, meta, processid) VALUES ('4b092c32-eee0-4bc1-aec2-6a016193abb1', '61f52ba3-654b-45cf-88e3-33399d12350d', 1, '{}', 'ec68716d-3bf7-4a0a-a3a5-65c08c041ebf');
INSERT INTO public.processinputs (id, itemtypeid, quantity, meta, processid) VALUES ('1c6b8dd9-ed85-4019-bc2c-313a54350efb', 'dd522f03-2f52-4e82-b2f8-d7e0029cb82f', 15, '{}', 'ec68716d-3bf7-4a0a-a3a5-65c08c041ebf');
INSERT INTO public.processinputs (id, itemtypeid, quantity, meta, processid) VALUES ('1181f5b7-b6ea-4366-8367-1fcb1505206b', '6e114e6a-1a00-4336-93a1-8233b6f0e380', 2, '{}', '0d614b36-cdc7-44e2-838f-729e3cbc2378');
INSERT INTO public.processinputs (id, itemtypeid, quantity, meta, processid) VALUES ('539005e6-98d3-4607-be42-4853c62145c6', '7a187110-ae8d-47d0-ab7d-1e318424284e', 0, '{}', '1604836e-90f8-47d4-b79d-1e08bdfba14a');
INSERT INTO public.processinputs (id, itemtypeid, quantity, meta, processid) VALUES ('9a760b9f-0b6d-4140-bd8f-306e5c28debc', '24800206-2c58-45b0-8238-81974d0ebb3b', 4, '{}', '40bd3a83-29fd-4023-9639-0ffb36ece96d');
INSERT INTO public.processinputs (id, itemtypeid, quantity, meta, processid) VALUES ('c8bc0aab-c74b-4336-9211-57bb35c833fb', 'dd522f03-2f52-4e82-b2f8-d7e0029cb82f', 9, '{}', '40bd3a83-29fd-4023-9639-0ffb36ece96d');
INSERT INTO public.processinputs (id, itemtypeid, quantity, meta, processid) VALUES ('a8540423-8b04-4985-8828-5b5c4d60522d', '26a3fc9e-db2f-439d-a929-ba755d11d09c', 2, '{}', '40bd3a83-29fd-4023-9639-0ffb36ece96d');
INSERT INTO public.processinputs (id, itemtypeid, quantity, meta, processid) VALUES ('2703ef1b-ce30-45c7-b466-bf96b1358c31', '61f52ba3-654b-45cf-88e3-33399d12350d', 1, '{}', '40bd3a83-29fd-4023-9639-0ffb36ece96d');
INSERT INTO public.processinputs (id, itemtypeid, quantity, meta, processid) VALUES ('adc3ef8e-b2b5-456f-9b40-61fec07aa0d8', '56617d30-6c30-425c-84bf-2484ae8c1156', 3, '{}', '40bd3a83-29fd-4023-9639-0ffb36ece96d');
INSERT INTO public.processinputs (id, itemtypeid, quantity, meta, processid) VALUES ('7dc802dd-c723-4edb-ba4f-c9e60654935d', '5e671cf3-4679-430d-85c2-7efe941ec5fb', 9, '{}', '27c5458b-c98f-43c7-b5d6-276beac6213f');
INSERT INTO public.processinputs (id, itemtypeid, quantity, meta, processid) VALUES ('bdb2978e-47d0-43ce-8503-2881bdf43ca3', 'f9e2d3d2-d7da-4573-a3b9-424dc34d882e', 31, '{}', '4e664f94-fe79-4b87-974b-8fc180638a88');
INSERT INTO public.processinputs (id, itemtypeid, quantity, meta, processid) VALUES ('b8e1c0d0-fa07-45dc-a853-0b8d95d28a90', '26a3fc9e-db2f-439d-a929-ba755d11d09c', 35, '{}', '12e5ceab-576d-4b4b-9ad8-b51e71dce382');
INSERT INTO public.processinputs (id, itemtypeid, quantity, meta, processid) VALUES ('9141a1a4-069a-4a61-95ac-3a8aa2ab5dcd', '0cd04eea-a150-410c-91eb-6af00d8c6eae', 39, '{}', '12e5ceab-576d-4b4b-9ad8-b51e71dce382');
INSERT INTO public.processinputs (id, itemtypeid, quantity, meta, processid) VALUES ('7c393aea-a3d2-491f-a16c-444171b8f5c0', '24800206-2c58-45b0-8238-81974d0ebb3b', 833, '{}', '12e5ceab-576d-4b4b-9ad8-b51e71dce382');
INSERT INTO public.processinputs (id, itemtypeid, quantity, meta, processid) VALUES ('364b700d-6dfe-49d8-8bec-ab1b93938449', '39b8eedf-ef80-4c29-a4bf-99abc4d84fa6', 36, '{}', '12e5ceab-576d-4b4b-9ad8-b51e71dce382');
INSERT INTO public.processinputs (id, itemtypeid, quantity, meta, processid) VALUES ('25534b56-5a59-42f1-8a9a-e33196ab416a', 'dd522f03-2f52-4e82-b2f8-d7e0029cb82f', 157, '{}', '12e5ceab-576d-4b4b-9ad8-b51e71dce382');
INSERT INTO public.processinputs (id, itemtypeid, quantity, meta, processid) VALUES ('3dd45f6f-52b4-46b1-8326-897066408466', '61f52ba3-654b-45cf-88e3-33399d12350d', 31, '{}', '12e5ceab-576d-4b4b-9ad8-b51e71dce382');
INSERT INTO public.processinputs (id, itemtypeid, quantity, meta, processid) VALUES ('95549ae4-dc09-452c-a738-7801e47e193b', 'ec67b3ba-a148-4734-a89b-7edb7283d123', 8, '{}', '0ee6bad6-2b82-4ec4-b198-7617c1775757');
INSERT INTO public.processinputs (id, itemtypeid, quantity, meta, processid) VALUES ('8209869f-1767-4739-a72e-4912ea0db364', '837dbdf3-8af8-47c1-9c81-f8088695e6a7', 41, '{}', '07a05681-5d39-4511-807e-82db23ce70f2');
INSERT INTO public.processinputs (id, itemtypeid, quantity, meta, processid) VALUES ('7c05b20b-29a9-469e-b0f2-88eb2547efc0', '39b8eedf-ef80-4c29-a4bf-99abc4d84fa6', 47, '{}', '746c4d74-91bf-492a-a7b1-cc65c343c60b');
INSERT INTO public.processinputs (id, itemtypeid, quantity, meta, processid) VALUES ('45785bee-ecc3-4f5e-b3d2-18b4ba68c8c9', '24800206-2c58-45b0-8238-81974d0ebb3b', 604, '{}', '746c4d74-91bf-492a-a7b1-cc65c343c60b');
INSERT INTO public.processinputs (id, itemtypeid, quantity, meta, processid) VALUES ('6223f101-0910-445a-b173-5897cf72660c', '61f52ba3-654b-45cf-88e3-33399d12350d', 25, '{}', '746c4d74-91bf-492a-a7b1-cc65c343c60b');
INSERT INTO public.processinputs (id, itemtypeid, quantity, meta, processid) VALUES ('618d1b39-3c33-489a-810d-86dfa2c5ee75', 'dd522f03-2f52-4e82-b2f8-d7e0029cb82f', 151, '{}', '746c4d74-91bf-492a-a7b1-cc65c343c60b');
INSERT INTO public.processinputs (id, itemtypeid, quantity, meta, processid) VALUES ('b90904b6-d92f-4c14-9d4c-c504393059b9', '2ce48bef-f06b-4550-b20c-0e64864db051', 30, '{}', '746c4d74-91bf-492a-a7b1-cc65c343c60b');
INSERT INTO public.processinputs (id, itemtypeid, quantity, meta, processid) VALUES ('ba28b0a9-7c4a-4485-a6f7-16fd6a074c36', 'ee1e3e64-28c5-4bcb-8a73-b074fdef4049', 5, '{}', '53f3768f-5a67-41b4-9497-323a3a0f63cd');
INSERT INTO public.processinputs (id, itemtypeid, quantity, meta, processid) VALUES ('fbbb8b4d-de82-452a-b430-2a12ae173176', '37f6f712-427d-4951-a311-c2557f994290', 38, '{}', '811426fe-9bfe-4c56-977e-83bbc18d6080');
INSERT INTO public.processinputs (id, itemtypeid, quantity, meta, processid) VALUES ('c774e353-844d-4da2-a625-494d819c7545', '24800206-2c58-45b0-8238-81974d0ebb3b', 1200, '{}', '3e211832-700e-45ee-9124-0027d6b69ffd');
INSERT INTO public.processinputs (id, itemtypeid, quantity, meta, processid) VALUES ('8da7ae3f-07dd-43cd-ba33-53526d03b487', 'dd522f03-2f52-4e82-b2f8-d7e0029cb82f', 235, '{}', '3e211832-700e-45ee-9124-0027d6b69ffd');
INSERT INTO public.processinputs (id, itemtypeid, quantity, meta, processid) VALUES ('b294537f-cfe9-41d4-ab85-8cd0abc8ad8c', '2ce48bef-f06b-4550-b20c-0e64864db051', 51, '{}', '3e211832-700e-45ee-9124-0027d6b69ffd');
INSERT INTO public.processinputs (id, itemtypeid, quantity, meta, processid) VALUES ('6b038d50-d4ad-4fb6-8906-1d8d02583b8b', '76f6684d-5660-4404-a8a1-71e61c0d7214', 3, '{}', '325d3ad6-0bbd-4580-b005-15afc973cbf3');
INSERT INTO public.processinputs (id, itemtypeid, quantity, meta, processid) VALUES ('18576f5d-99a3-4cd8-8765-569f4465a789', 'ba48329e-0ae5-499f-ad0f-abd609ee04b9', 61, '{}', '18508b43-4725-4039-82c5-c66b74101460');
INSERT INTO public.processinputs (id, itemtypeid, quantity, meta, processid) VALUES ('b771eb38-0383-4cc3-9767-82a1a0f69efa', 'dd522f03-2f52-4e82-b2f8-d7e0029cb82f', 271, '{}', 'ae1afc9e-836c-4367-ac7c-be7d7cf0af48');
INSERT INTO public.processinputs (id, itemtypeid, quantity, meta, processid) VALUES ('47aaf869-02f2-4264-a95f-75b663b20f0a', '61f52ba3-654b-45cf-88e3-33399d12350d', 72, '{}', 'ae1afc9e-836c-4367-ac7c-be7d7cf0af48');
INSERT INTO public.processinputs (id, itemtypeid, quantity, meta, processid) VALUES ('e0faa1d4-fdd7-4c99-a74c-e246f7c19e0e', '24800206-2c58-45b0-8238-81974d0ebb3b', 1629, '{}', 'ae1afc9e-836c-4367-ac7c-be7d7cf0af48');
INSERT INTO public.processinputs (id, itemtypeid, quantity, meta, processid) VALUES ('e85ff322-e4f4-4867-8158-202cbd962aed', '136f420a-388a-426e-bcfe-9f0ada4daa7d', 3, '{}', '31ced1da-e9e0-468a-bd9e-6ced19e8382e');
INSERT INTO public.processinputs (id, itemtypeid, quantity, meta, processid) VALUES ('17e2f4a7-0250-4946-80f4-b6810d088d0d', '643b06f8-3df2-40d4-abfe-37d55287d628', 18, '{}', 'b99c0a57-3064-4cd7-94df-18e797b081b6');
INSERT INTO public.processinputs (id, itemtypeid, quantity, meta, processid) VALUES ('61eabecd-74de-4cd0-85ee-147248cf4856', '24800206-2c58-45b0-8238-81974d0ebb3b', 553, '{}', '50e009e0-bc39-4c91-9f99-e73a47b271a9');
INSERT INTO public.processinputs (id, itemtypeid, quantity, meta, processid) VALUES ('2bb27cef-adbd-478b-b3d6-f5580785eaa0', 'dd522f03-2f52-4e82-b2f8-d7e0029cb82f', 30, '{}', '50e009e0-bc39-4c91-9f99-e73a47b271a9');
INSERT INTO public.processinputs (id, itemtypeid, quantity, meta, processid) VALUES ('496be808-bf27-4517-80b7-426c1da7e4db', '2ce48bef-f06b-4550-b20c-0e64864db051', 6, '{}', '50e009e0-bc39-4c91-9f99-e73a47b271a9');
INSERT INTO public.processinputs (id, itemtypeid, quantity, meta, processid) VALUES ('ac27616a-8402-42ee-991b-95ec858b0b36', '61f52ba3-654b-45cf-88e3-33399d12350d', 9, '{}', '50e009e0-bc39-4c91-9f99-e73a47b271a9');
INSERT INTO public.processinputs (id, itemtypeid, quantity, meta, processid) VALUES ('95e426fd-b028-411a-af88-2ff4255737e8', '346b01b4-6189-4f94-8ea6-46e47ff2b707', 7, '{}', 'ec4cf466-0ae4-4c15-928a-c86c3b4aa980');
INSERT INTO public.processinputs (id, itemtypeid, quantity, meta, processid) VALUES ('282e6727-1ccf-4c7e-8ea3-75af1944b75d', 'a7298b27-bca0-40f8-8c68-427ae19a1620', 20, '{}', 'c63e529d-5510-4cee-83f8-076628a3959b');
INSERT INTO public.processinputs (id, itemtypeid, quantity, meta, processid) VALUES ('5ffef779-7045-47cb-9723-44fed9d78c93', '39b8eedf-ef80-4c29-a4bf-99abc4d84fa6', 16, '{}', '1595481f-9694-470f-a84d-f9ecbc927944');
INSERT INTO public.processinputs (id, itemtypeid, quantity, meta, processid) VALUES ('8016a9e8-dc86-4a66-ad29-e8398b96e1f9', '61f52ba3-654b-45cf-88e3-33399d12350d', 10, '{}', '1595481f-9694-470f-a84d-f9ecbc927944');
INSERT INTO public.processinputs (id, itemtypeid, quantity, meta, processid) VALUES ('5766da83-71ab-4652-8375-6a32ce4e20f0', '24800206-2c58-45b0-8238-81974d0ebb3b', 42, '{}', '1595481f-9694-470f-a84d-f9ecbc927944');
INSERT INTO public.processinputs (id, itemtypeid, quantity, meta, processid) VALUES ('9748cbb2-aa46-4c9d-8b53-57084e075151', 'dd522f03-2f52-4e82-b2f8-d7e0029cb82f', 62, '{}', '1595481f-9694-470f-a84d-f9ecbc927944');
INSERT INTO public.processinputs (id, itemtypeid, quantity, meta, processid) VALUES ('07b475ed-cd3f-452c-92c1-45c1d03b47af', 'f305a787-acbe-40b5-81e7-ff07e6a115e7', 5, '{}', 'a8877298-d73f-4834-8ce5-1445d22ea57e');
INSERT INTO public.processinputs (id, itemtypeid, quantity, meta, processid) VALUES ('b0ee9e42-64b2-4da4-a4a2-457b89e8e55f', 'a646945b-f841-495c-b5b5-91f66c343e01', 80, '{}', '4f135209-37bd-4c86-a617-2a3dae5b674d');
INSERT INTO public.processinputs (id, itemtypeid, quantity, meta, processid) VALUES ('e256d921-5b82-4d40-bf54-8503d5086529', '24800206-2c58-45b0-8238-81974d0ebb3b', 320, '{}', 'e1e3c650-d96d-4b42-913e-9daa83820f09');
INSERT INTO public.processinputs (id, itemtypeid, quantity, meta, processid) VALUES ('864d9892-6c81-46c5-9e17-8e5ecdbaa2ac', 'dd522f03-2f52-4e82-b2f8-d7e0029cb82f', 208, '{}', 'e1e3c650-d96d-4b42-913e-9daa83820f09');
INSERT INTO public.processinputs (id, itemtypeid, quantity, meta, processid) VALUES ('04fd5273-e60b-422f-8a0e-09fa6a112e6a', '61f52ba3-654b-45cf-88e3-33399d12350d', 43, '{}', 'e1e3c650-d96d-4b42-913e-9daa83820f09');
INSERT INTO public.processinputs (id, itemtypeid, quantity, meta, processid) VALUES ('0d0ac425-42e6-4e97-b41f-f9fd334ce45f', '11688112-f3d4-4d30-864a-684a8b96ea23', 56, '{}', 'e1e3c650-d96d-4b42-913e-9daa83820f09');
INSERT INTO public.processinputs (id, itemtypeid, quantity, meta, processid) VALUES ('c0f5a2ef-a795-4c07-abbe-37dab785d295', 'b612e8d0-cb18-4b53-99be-092bae0143f6', 3, '{}', '1a93c4ad-0a23-4d7b-a0d5-669da314b172');
INSERT INTO public.processinputs (id, itemtypeid, quantity, meta, processid) VALUES ('9eb18604-917a-421f-a226-ef76276d60f8', '06154993-80b9-4cdb-a90f-2660be8fd9d2', 90, '{}', '0fbe3b3f-521e-46b2-a3a8-f5da81e17b9b');
INSERT INTO public.processinputs (id, itemtypeid, quantity, meta, processid) VALUES ('49a44720-e025-4f43-8757-cf6dea720fca', '24800206-2c58-45b0-8238-81974d0ebb3b', 751, '{}', '2d70e6d4-3b73-4097-b58c-cb9008c08472');
INSERT INTO public.processinputs (id, itemtypeid, quantity, meta, processid) VALUES ('39e5eb41-c027-4d4e-a6b2-c5cdb3b8bc32', 'dd522f03-2f52-4e82-b2f8-d7e0029cb82f', 44, '{}', '2d70e6d4-3b73-4097-b58c-cb9008c08472');
INSERT INTO public.processinputs (id, itemtypeid, quantity, meta, processid) VALUES ('21b401df-65bb-4737-b399-a490eca6a44f', '39b8eedf-ef80-4c29-a4bf-99abc4d84fa6', 9, '{}', '2d70e6d4-3b73-4097-b58c-cb9008c08472');
INSERT INTO public.processinputs (id, itemtypeid, quantity, meta, processid) VALUES ('ebd3ece6-fcac-495c-95e0-ba067d2e04ec', '61f52ba3-654b-45cf-88e3-33399d12350d', 8, '{}', '2d70e6d4-3b73-4097-b58c-cb9008c08472');
INSERT INTO public.processinputs (id, itemtypeid, quantity, meta, processid) VALUES ('fabc10bd-83f5-4a7b-8d66-bcb8d8e64fa4', '2ce48bef-f06b-4550-b20c-0e64864db051', 9, '{}', '2d70e6d4-3b73-4097-b58c-cb9008c08472');
INSERT INTO public.processinputs (id, itemtypeid, quantity, meta, processid) VALUES ('d2ace827-954e-47b8-bf68-d48c27f9512e', 'a1897df2-5ce0-43aa-952f-007dde2ab8d8', 4, '{}', 'ddb7a683-a49b-466c-93b3-4bfa98bba048');
INSERT INTO public.processinputs (id, itemtypeid, quantity, meta, processid) VALUES ('8afe8ad6-6bf0-4d0e-8a28-2e2fbd334a1a', '42773d1e-9a10-465b-b812-d1eca327832f', 27, '{}', '6a28d823-3dd7-48ba-a771-870de93ae35f');
INSERT INTO public.processinputs (id, itemtypeid, quantity, meta, processid) VALUES ('b8c72d0c-b47f-410b-93f6-8e8eade3d32f', '39b8eedf-ef80-4c29-a4bf-99abc4d84fa6', 12, '{}', '1c650dc6-8f45-482b-a147-9d64b5409195');
INSERT INTO public.processinputs (id, itemtypeid, quantity, meta, processid) VALUES ('78419727-1b8d-41cb-9dd1-483c28733b0b', '61f52ba3-654b-45cf-88e3-33399d12350d', 10, '{}', '1c650dc6-8f45-482b-a147-9d64b5409195');
INSERT INTO public.processinputs (id, itemtypeid, quantity, meta, processid) VALUES ('d8d63ed4-6b19-4cbf-89fe-5c35c9ac8d7b', '24800206-2c58-45b0-8238-81974d0ebb3b', 325, '{}', '1c650dc6-8f45-482b-a147-9d64b5409195');
INSERT INTO public.processinputs (id, itemtypeid, quantity, meta, processid) VALUES ('f7e47da3-a8e7-4950-a93d-c5feff06fe56', 'dd522f03-2f52-4e82-b2f8-d7e0029cb82f', 44, '{}', '1c650dc6-8f45-482b-a147-9d64b5409195');
INSERT INTO public.processinputs (id, itemtypeid, quantity, meta, processid) VALUES ('bddd8d3d-d590-486d-a06f-ecca8aeb3ce7', '11688112-f3d4-4d30-864a-684a8b96ea23', 11, '{}', '1c650dc6-8f45-482b-a147-9d64b5409195');
INSERT INTO public.processinputs (id, itemtypeid, quantity, meta, processid) VALUES ('ec77d5fd-c839-4c61-8058-e231379ff669', '2ce48bef-f06b-4550-b20c-0e64864db051', 12, '{}', '1c650dc6-8f45-482b-a147-9d64b5409195');
INSERT INTO public.processinputs (id, itemtypeid, quantity, meta, processid) VALUES ('cd39142e-f8b8-468d-8036-c1cbf3026dae', '0de0d36a-8eb1-48ed-b32c-0575c7b8cdb7', 9, '{}', '35b283d2-7e02-47b5-94e6-f8c98171ecc4');
INSERT INTO public.processinputs (id, itemtypeid, quantity, meta, processid) VALUES ('a60d9cd1-b610-4baa-a92a-17e17cf7748f', '7ce23f43-70a5-4ff0-801c-16b102adf75e', 90, '{}', 'd9204dc9-c782-46a0-938f-577c2f86868f');
INSERT INTO public.processinputs (id, itemtypeid, quantity, meta, processid) VALUES ('2f2e4ea4-ca00-4e46-a468-c8c8f23d9c39', '24800206-2c58-45b0-8238-81974d0ebb3b', 3317, '{}', '35e9f7e8-c7c9-4ffd-a7c7-bd86f8439cd3');
INSERT INTO public.processinputs (id, itemtypeid, quantity, meta, processid) VALUES ('543207d2-af10-4968-8e17-14ffbe894e0e', '39b8eedf-ef80-4c29-a4bf-99abc4d84fa6', 42, '{}', '35e9f7e8-c7c9-4ffd-a7c7-bd86f8439cd3');
INSERT INTO public.processinputs (id, itemtypeid, quantity, meta, processid) VALUES ('9e550ed6-4cef-4ed8-8977-da0ebac392e3', 'dd522f03-2f52-4e82-b2f8-d7e0029cb82f', 193, '{}', '35e9f7e8-c7c9-4ffd-a7c7-bd86f8439cd3');
INSERT INTO public.processinputs (id, itemtypeid, quantity, meta, processid) VALUES ('6280eb67-f2cc-4113-a707-a811d08dd6dd', '61f52ba3-654b-45cf-88e3-33399d12350d', 46, '{}', '35e9f7e8-c7c9-4ffd-a7c7-bd86f8439cd3');
INSERT INTO public.processinputs (id, itemtypeid, quantity, meta, processid) VALUES ('9d5529e4-31cf-4477-92f3-2eff4b700cd0', '2ce48bef-f06b-4550-b20c-0e64864db051', 52, '{}', '35e9f7e8-c7c9-4ffd-a7c7-bd86f8439cd3');
INSERT INTO public.processinputs (id, itemtypeid, quantity, meta, processid) VALUES ('1ca63e21-a5a0-4482-ae3c-2a619eb9e966', '11688112-f3d4-4d30-864a-684a8b96ea23', 36, '{}', '35e9f7e8-c7c9-4ffd-a7c7-bd86f8439cd3');
INSERT INTO public.processinputs (id, itemtypeid, quantity, meta, processid) VALUES ('9516e898-bb1e-41a1-84e2-9906cbfc3541', '7d41f486-b55c-44c4-9e8b-b38ae5a114cc', 3, '{}', '84840cc0-ccf1-4e89-8796-87fa121fb687');
INSERT INTO public.processinputs (id, itemtypeid, quantity, meta, processid) VALUES ('faaf5634-7c4d-44f7-b14b-ac95f05eb9c3', '70f816b8-e3c5-4e5f-bd0c-f8125519b168', 37, '{}', '2eec6d15-f208-4548-af2a-a4694a3eca3b');
INSERT INTO public.processinputs (id, itemtypeid, quantity, meta, processid) VALUES ('fef0bdf4-4651-4195-9059-dd89395fd1ee', '24800206-2c58-45b0-8238-81974d0ebb3b', 38, '{}', 'd16039b4-4cb1-4b81-bd60-42e2e1f18ff8');
INSERT INTO public.processinputs (id, itemtypeid, quantity, meta, processid) VALUES ('33b32ab9-38c4-43ff-bfb6-319c0d0ff396', 'dd522f03-2f52-4e82-b2f8-d7e0029cb82f', 26, '{}', 'd16039b4-4cb1-4b81-bd60-42e2e1f18ff8');
INSERT INTO public.processinputs (id, itemtypeid, quantity, meta, processid) VALUES ('7ad76dd9-db4d-46f9-94cb-c22eedfb6250', '39b8eedf-ef80-4c29-a4bf-99abc4d84fa6', 8, '{}', 'd16039b4-4cb1-4b81-bd60-42e2e1f18ff8');
INSERT INTO public.processinputs (id, itemtypeid, quantity, meta, processid) VALUES ('1011b2b7-8850-4678-8094-86b78c5673f5', '61f52ba3-654b-45cf-88e3-33399d12350d', 2, '{}', 'd16039b4-4cb1-4b81-bd60-42e2e1f18ff8');
INSERT INTO public.processinputs (id, itemtypeid, quantity, meta, processid) VALUES ('a5876edf-4258-4455-9591-fc3b66b93799', '11688112-f3d4-4d30-864a-684a8b96ea23', 4, '{}', 'd16039b4-4cb1-4b81-bd60-42e2e1f18ff8');
INSERT INTO public.processinputs (id, itemtypeid, quantity, meta, processid) VALUES ('23ff1e27-cbd4-42ca-9951-e0b3adf47894', '81727047-5a5b-4129-bf29-5457c3e16153', 8, '{}', 'c1447d5b-f47a-4ee5-a0ba-f44ce4c4fb8d');
INSERT INTO public.processinputs (id, itemtypeid, quantity, meta, processid) VALUES ('6081a8d7-cde1-4bd8-8fac-c11a489c1ede', '85fc1069-22b1-44ed-838b-64ed38d1e0b4', 18, '{}', '0cec1e99-e42d-4e79-97af-4bc228b9e91e');
INSERT INTO public.processinputs (id, itemtypeid, quantity, meta, processid) VALUES ('97b75bd8-d156-49d3-930e-f7bad7bbc8b6', 'dd522f03-2f52-4e82-b2f8-d7e0029cb82f', 70, '{}', 'a04883cd-b740-45aa-84af-1f4838ba2cd4');
INSERT INTO public.processinputs (id, itemtypeid, quantity, meta, processid) VALUES ('4ed17807-9a74-408e-ac87-6e94577c5762', '24800206-2c58-45b0-8238-81974d0ebb3b', 705, '{}', 'a04883cd-b740-45aa-84af-1f4838ba2cd4');
INSERT INTO public.processinputs (id, itemtypeid, quantity, meta, processid) VALUES ('3f143cf7-e138-4931-be9d-af7525659b7f', '39b8eedf-ef80-4c29-a4bf-99abc4d84fa6', 24, '{}', 'a04883cd-b740-45aa-84af-1f4838ba2cd4');
INSERT INTO public.processinputs (id, itemtypeid, quantity, meta, processid) VALUES ('e8f210a1-4948-4f6e-b5c8-99a582d393a4', '11688112-f3d4-4d30-864a-684a8b96ea23', 12, '{}', 'a04883cd-b740-45aa-84af-1f4838ba2cd4');
INSERT INTO public.processinputs (id, itemtypeid, quantity, meta, processid) VALUES ('c24f0390-b81d-4207-a3a1-b56ed88eeb03', '61f52ba3-654b-45cf-88e3-33399d12350d', 21, '{}', 'a04883cd-b740-45aa-84af-1f4838ba2cd4');
INSERT INTO public.processinputs (id, itemtypeid, quantity, meta, processid) VALUES ('4f6cd996-c907-43a4-9666-6fb547745381', '0fba70e8-dc1c-4daa-96e1-2a48848a957b', 6, '{}', '271b8be9-9f1b-44e6-b8f6-03943ac2def1');
INSERT INTO public.processinputs (id, itemtypeid, quantity, meta, processid) VALUES ('57970c83-f96d-4c98-aa05-33253702630c', '69d118ea-617d-477b-bb30-67f5da3c812e', 60, '{}', 'e2e66ed4-6c62-4f89-bd3e-1064f4f91c08');
INSERT INTO public.processinputs (id, itemtypeid, quantity, meta, processid) VALUES ('2bc14f9b-b09c-4f9a-b927-787a798fd7a5', '11688112-f3d4-4d30-864a-684a8b96ea23', 265, '{}', 'd93b6035-449f-4491-bf2e-a638880b311b');
INSERT INTO public.processinputs (id, itemtypeid, quantity, meta, processid) VALUES ('2454000e-20a6-4f80-afb4-c33794dcdac6', '39b8eedf-ef80-4c29-a4bf-99abc4d84fa6', 259, '{}', 'd93b6035-449f-4491-bf2e-a638880b311b');
INSERT INTO public.processinputs (id, itemtypeid, quantity, meta, processid) VALUES ('285bdce1-bef2-4ee4-b01a-6d0bcc90c741', '24800206-2c58-45b0-8238-81974d0ebb3b', 1709, '{}', 'd93b6035-449f-4491-bf2e-a638880b311b');
INSERT INTO public.processinputs (id, itemtypeid, quantity, meta, processid) VALUES ('2ddd1106-1a6e-40fe-ad22-db973c531ea4', 'dd522f03-2f52-4e82-b2f8-d7e0029cb82f', 1051, '{}', 'd93b6035-449f-4491-bf2e-a638880b311b');
INSERT INTO public.processinputs (id, itemtypeid, quantity, meta, processid) VALUES ('59e30633-72ab-49a8-b882-7bd58230b4df', '387a9f38-8dab-4884-835a-cf81b9b9642d', 3, '{}', 'f819fbd4-fc9a-48e1-9627-274793fa7905');
INSERT INTO public.processinputs (id, itemtypeid, quantity, meta, processid) VALUES ('c729ad6a-cd85-4a56-b291-faf0beff6753', '465fe6dc-513a-48e7-9960-94dd383b0387', 37, '{}', '9e72f786-57f1-4a3f-851a-e0b0d0037ae3');
INSERT INTO public.processinputs (id, itemtypeid, quantity, meta, processid) VALUES ('eb2b374a-bdd1-473f-b3d3-1371d6f03cd0', '24800206-2c58-45b0-8238-81974d0ebb3b', 2689, '{}', 'befb8ef0-291b-4a12-bff4-b688c40880b2');
INSERT INTO public.processinputs (id, itemtypeid, quantity, meta, processid) VALUES ('3f7f383a-31dd-434b-a861-5c5261872552', 'dd522f03-2f52-4e82-b2f8-d7e0029cb82f', 620, '{}', 'befb8ef0-291b-4a12-bff4-b688c40880b2');
INSERT INTO public.processinputs (id, itemtypeid, quantity, meta, processid) VALUES ('065f902e-f86d-41ae-8dd9-8d5ceda6a377', '11688112-f3d4-4d30-864a-684a8b96ea23', 157, '{}', 'befb8ef0-291b-4a12-bff4-b688c40880b2');
INSERT INTO public.processinputs (id, itemtypeid, quantity, meta, processid) VALUES ('dff7a502-36b1-4a59-bcb5-ee74b000bebf', '08fdc78f-c56c-435c-b352-d4d34c1d9e1d', 2, '{}', '1b30aa7d-4fbb-4caf-8254-b09c2d2d1445');
INSERT INTO public.processinputs (id, itemtypeid, quantity, meta, processid) VALUES ('68f6a5ca-060c-412c-8000-ce2acae5b580', '068d676d-ee5b-42e2-af82-894ed2092d9c', 28, '{}', 'ed859b0a-432b-4e2a-a6bc-6a50c27cb944');
INSERT INTO public.processinputs (id, itemtypeid, quantity, meta, processid) VALUES ('6f830882-8aca-4f2b-9f58-ac8c5bcf776e', 'dd522f03-2f52-4e82-b2f8-d7e0029cb82f', 173, '{}', 'a0c87142-0d9d-4e6a-b1eb-4dd3b8b4bf24');
INSERT INTO public.processinputs (id, itemtypeid, quantity, meta, processid) VALUES ('b4dfc649-6cda-4963-9554-3aba07d07c9f', '11688112-f3d4-4d30-864a-684a8b96ea23', 31, '{}', 'a0c87142-0d9d-4e6a-b1eb-4dd3b8b4bf24');
INSERT INTO public.processinputs (id, itemtypeid, quantity, meta, processid) VALUES ('3fcc4ff5-1d40-491e-a578-aba1d4873bd9', '24800206-2c58-45b0-8238-81974d0ebb3b', 193, '{}', 'a0c87142-0d9d-4e6a-b1eb-4dd3b8b4bf24');
INSERT INTO public.processinputs (id, itemtypeid, quantity, meta, processid) VALUES ('2f0068cd-a4a0-4e31-ba20-a32307511160', '243dab4d-510a-4d0a-84ac-660bf9c00a42', 3, '{}', 'f550e887-b382-452b-8fc3-a1de38544bc7');
INSERT INTO public.processinputs (id, itemtypeid, quantity, meta, processid) VALUES ('0c4af367-da49-44d7-83c2-80b9059b1115', 'ed0cb370-18de-4979-8920-8226a98d8c91', 15, '{}', 'a76064ea-2ff5-4a53-9bc0-1b3e4dbe1819');
INSERT INTO public.processinputs (id, itemtypeid, quantity, meta, processid) VALUES ('10a12aad-aa18-42a5-a143-1362fc0a1f64', '24800206-2c58-45b0-8238-81974d0ebb3b', 120, '{}', '4d8e04fc-d935-40a9-b324-8066be7744c5');
INSERT INTO public.processinputs (id, itemtypeid, quantity, meta, processid) VALUES ('40228880-6590-49fc-a592-41b5e4e6a5c0', '1d0d344b-ef28-43c8-a7a6-3275936b2dea', 16, '{}', '4d8e04fc-d935-40a9-b324-8066be7744c5');
INSERT INTO public.processinputs (id, itemtypeid, quantity, meta, processid) VALUES ('355b40b6-aff1-4f19-aedb-cfa3898dc935', 'dd0c9b0a-279e-418e-b3b6-2f569fda0186', 13, '{}', '4d8e04fc-d935-40a9-b324-8066be7744c5');
INSERT INTO public.processinputs (id, itemtypeid, quantity, meta, processid) VALUES ('fcfaca11-5cce-4761-b59a-d926b751d74e', '39b8eedf-ef80-4c29-a4bf-99abc4d84fa6', 14, '{}', '4d8e04fc-d935-40a9-b324-8066be7744c5');
INSERT INTO public.processinputs (id, itemtypeid, quantity, meta, processid) VALUES ('58c3b1f6-b191-4bbe-bc26-dad181acf26f', '61f52ba3-654b-45cf-88e3-33399d12350d', 14, '{}', '4d8e04fc-d935-40a9-b324-8066be7744c5');
INSERT INTO public.processinputs (id, itemtypeid, quantity, meta, processid) VALUES ('8af0aa5a-4c12-44eb-a436-124732c8e33e', '26a3fc9e-db2f-439d-a929-ba755d11d09c', 10, '{}', '4d8e04fc-d935-40a9-b324-8066be7744c5');
INSERT INTO public.processinputs (id, itemtypeid, quantity, meta, processid) VALUES ('69607129-6065-4b19-99c8-1da40d56c087', '56617d30-6c30-425c-84bf-2484ae8c1156', 13, '{}', '4d8e04fc-d935-40a9-b324-8066be7744c5');
INSERT INTO public.processinputs (id, itemtypeid, quantity, meta, processid) VALUES ('81c322aa-27dd-4049-88a9-b09bc479e5d5', '11688112-f3d4-4d30-864a-684a8b96ea23', 16, '{}', '4d8e04fc-d935-40a9-b324-8066be7744c5');
INSERT INTO public.processinputs (id, itemtypeid, quantity, meta, processid) VALUES ('e3add80e-75b6-4a0d-8b2d-0c288664cb5d', 'dd522f03-2f52-4e82-b2f8-d7e0029cb82f', 51, '{}', '4d8e04fc-d935-40a9-b324-8066be7744c5');
INSERT INTO public.processinputs (id, itemtypeid, quantity, meta, processid) VALUES ('9b981c2e-503f-4ee4-b5d3-f7e50b1d6568', 'e3f14b2f-0a14-4c16-aa63-48be99d0d688', 2, '{}', 'a34a0243-89d0-4167-a02f-e683eaf85e43');
INSERT INTO public.processinputs (id, itemtypeid, quantity, meta, processid) VALUES ('efb4dec1-38c6-46a4-8875-4bcb159747f0', '308d4423-9c48-4336-890c-b6e78d579f77', 97, '{}', 'dd9eca8d-6cbc-4960-96ed-5878a4f92efe');
INSERT INTO public.processinputs (id, itemtypeid, quantity, meta, processid) VALUES ('7bc78670-66f9-42f5-b89c-9d72f549f834', '1d0d344b-ef28-43c8-a7a6-3275936b2dea', 21, '{}', '20c2f530-dab9-4d05-b20f-ac98ff5d79ff');
INSERT INTO public.processinputs (id, itemtypeid, quantity, meta, processid) VALUES ('7e7441ca-eb2a-448a-b268-ec3536754250', 'dd522f03-2f52-4e82-b2f8-d7e0029cb82f', 87, '{}', '20c2f530-dab9-4d05-b20f-ac98ff5d79ff');
INSERT INTO public.processinputs (id, itemtypeid, quantity, meta, processid) VALUES ('1ca7f442-7506-4cfb-93e2-50e384c5d55e', '24800206-2c58-45b0-8238-81974d0ebb3b', 1258, '{}', '20c2f530-dab9-4d05-b20f-ac98ff5d79ff');
INSERT INTO public.processinputs (id, itemtypeid, quantity, meta, processid) VALUES ('18c71d2c-45b5-4b2c-bea2-e658be7659f7', '39b8eedf-ef80-4c29-a4bf-99abc4d84fa6', 20, '{}', '20c2f530-dab9-4d05-b20f-ac98ff5d79ff');
INSERT INTO public.processinputs (id, itemtypeid, quantity, meta, processid) VALUES ('3994402d-0dcf-4570-9465-f77680764a3e', '26a3fc9e-db2f-439d-a929-ba755d11d09c', 33, '{}', '20c2f530-dab9-4d05-b20f-ac98ff5d79ff');
INSERT INTO public.processinputs (id, itemtypeid, quantity, meta, processid) VALUES ('98b92028-8798-4127-b348-c22467eb5f7e', '61f52ba3-654b-45cf-88e3-33399d12350d', 20, '{}', '20c2f530-dab9-4d05-b20f-ac98ff5d79ff');
INSERT INTO public.processinputs (id, itemtypeid, quantity, meta, processid) VALUES ('f93601ea-c4a6-46e4-92bd-804324c384b6', '11688112-f3d4-4d30-864a-684a8b96ea23', 18, '{}', '20c2f530-dab9-4d05-b20f-ac98ff5d79ff');
INSERT INTO public.processinputs (id, itemtypeid, quantity, meta, processid) VALUES ('d1acccde-5841-495a-a399-ac082bedb764', '66b7a322-8cfc-4467-9410-492e6b58f159', 22, '{}', '20c2f530-dab9-4d05-b20f-ac98ff5d79ff');
INSERT INTO public.processinputs (id, itemtypeid, quantity, meta, processid) VALUES ('c4a95fa1-db53-44a7-8d81-130b7f78875f', '56617d30-6c30-425c-84bf-2484ae8c1156', 22, '{}', '20c2f530-dab9-4d05-b20f-ac98ff5d79ff');
INSERT INTO public.processinputs (id, itemtypeid, quantity, meta, processid) VALUES ('9d9a2aa8-69a6-49ce-aaf0-19466c186d2e', '52fc5eea-312a-4158-b825-6c86c7c383d6', 7, '{}', '0fa14c7c-3518-4be8-9a3a-9ebee24e434d');
INSERT INTO public.processinputs (id, itemtypeid, quantity, meta, processid) VALUES ('ed393035-3d56-4cd8-96a6-33e035d735cf', '0d0d134c-2b7d-4888-839a-d043d6aedca6', 27, '{}', '6cc051bb-393c-4a5c-a089-13cabd3c0b07');
INSERT INTO public.processinputs (id, itemtypeid, quantity, meta, processid) VALUES ('e7705671-2f01-48db-8a2c-511df2cb89ae', '24800206-2c58-45b0-8238-81974d0ebb3b', 17, '{}', 'd019d663-db16-4e6f-959f-87780d4cbc53');
INSERT INTO public.processinputs (id, itemtypeid, quantity, meta, processid) VALUES ('bcfdc822-6a15-41b8-8f57-670adbd08003', 'dd0c9b0a-279e-418e-b3b6-2f569fda0186', 4, '{}', 'd019d663-db16-4e6f-959f-87780d4cbc53');
INSERT INTO public.processinputs (id, itemtypeid, quantity, meta, processid) VALUES ('f41cbf85-ac30-42a2-9167-2aea2221d6d1', '66b7a322-8cfc-4467-9410-492e6b58f159', 2, '{}', 'd019d663-db16-4e6f-959f-87780d4cbc53');
INSERT INTO public.processinputs (id, itemtypeid, quantity, meta, processid) VALUES ('e47450c1-ef3f-47c0-9b60-23671b9fd621', '7dcd5138-d7e0-419f-867a-6f0f23b99b5b', 2, '{}', 'd019d663-db16-4e6f-959f-87780d4cbc53');
INSERT INTO public.processinputs (id, itemtypeid, quantity, meta, processid) VALUES ('f160bcfc-8242-4ad4-b0ec-4bb163e6a62f', '0cd04eea-a150-410c-91eb-6af00d8c6eae', 3, '{}', 'd019d663-db16-4e6f-959f-87780d4cbc53');
INSERT INTO public.processinputs (id, itemtypeid, quantity, meta, processid) VALUES ('80e4d999-d14f-484b-98a7-b099ed2383cc', '56617d30-6c30-425c-84bf-2484ae8c1156', 2, '{}', 'd019d663-db16-4e6f-959f-87780d4cbc53');
INSERT INTO public.processinputs (id, itemtypeid, quantity, meta, processid) VALUES ('380f92ff-5503-43fa-954a-2ebfbd1b751f', 'dd522f03-2f52-4e82-b2f8-d7e0029cb82f', 12, '{}', 'd019d663-db16-4e6f-959f-87780d4cbc53');

-- process outputs

INSERT INTO public.processoutputs (id, itemtypeid, quantity, meta, processid) VALUES ('adcf9c20-e435-4012-abd6-7046ca242fdc', '3ebfc00e-392c-4485-848f-6e637be40320', 1, '{}', 'c6bc07e1-2046-4ab1-8d95-a2d5fa332926');
INSERT INTO public.processoutputs (id, itemtypeid, quantity, meta, processid) VALUES ('662e2fb1-72a8-401f-b18b-8f96e3ef9c6c', '5c1049c4-f631-4066-9f2a-b0798b2c4399', 191, '{}', '12e06c35-b923-4bf2-aaba-dad99fc26590');
INSERT INTO public.processoutputs (id, itemtypeid, quantity, meta, processid) VALUES ('396f9b07-4b3c-40bf-8e92-cf37b76525b8', 'fef05ee8-1cf9-42d0-97e8-4feadf94a852', 15, '{}', '12e06c35-b923-4bf2-aaba-dad99fc26590');
INSERT INTO public.processoutputs (id, itemtypeid, quantity, meta, processid) VALUES ('4458e037-bf3a-4e94-adbe-361cd7f65cca', '8cba454e-3a77-4975-84b1-11b6b7750f56', 7, '{}', '6a8a7182-80e6-4f1a-ae98-92c508c5f365');
INSERT INTO public.processoutputs (id, itemtypeid, quantity, meta, processid) VALUES ('a071c223-667d-4dd4-9c09-b9273fbc9d51', '5c1049c4-f631-4066-9f2a-b0798b2c4399', 1543, '{}', '1f346e6e-73d4-4bfb-8426-e9364fe4e08d');
INSERT INTO public.processoutputs (id, itemtypeid, quantity, meta, processid) VALUES ('15e43b02-7d50-4355-bd8b-cbb5e94fe1f2', 'aab8ec7b-6031-4f54-9ab4-434ab5e7b47c', 90, '{}', '1f346e6e-73d4-4bfb-8426-e9364fe4e08d');
INSERT INTO public.processoutputs (id, itemtypeid, quantity, meta, processid) VALUES ('ee4797cd-49cc-4e12-bb9b-892273696914', '5ad1fe08-d63e-4750-afb3-b230c5223da1', 4, '{}', '038232ea-16b7-4eb3-b986-64fb2c46c709');
INSERT INTO public.processoutputs (id, itemtypeid, quantity, meta, processid) VALUES ('9a1600e0-5193-4d22-bb13-71f53fe90a3c', '5c1049c4-f631-4066-9f2a-b0798b2c4399', 326, '{}', '55966cd5-be70-4194-a517-dfe9d7a8459c');
INSERT INTO public.processoutputs (id, itemtypeid, quantity, meta, processid) VALUES ('f79f4ef1-b899-44c2-8f81-d5bee7ee6ce8', '5152cbb2-5c36-4935-bba3-14046c01eece', 50, '{}', '55966cd5-be70-4194-a517-dfe9d7a8459c');
INSERT INTO public.processoutputs (id, itemtypeid, quantity, meta, processid) VALUES ('a3a92c48-c395-488d-8ebb-1374ee8a5dbf', '808c6636-c33a-4966-a7ae-eaaa99d3516d', 5, '{}', '6e32da1d-08c4-4fbc-a663-dc65d233e341');
INSERT INTO public.processoutputs (id, itemtypeid, quantity, meta, processid) VALUES ('d83dced4-a2da-42e1-b473-124ff03eb40d', '5c1049c4-f631-4066-9f2a-b0798b2c4399', 101, '{}', 'ec68716d-3bf7-4a0a-a3a5-65c08c041ebf');
INSERT INTO public.processoutputs (id, itemtypeid, quantity, meta, processid) VALUES ('e4a63867-c1ef-4a88-9c7c-7e574bcb0fa5', 'a3ff4095-2511-412f-89df-abe7b8516192', 35, '{}', 'ec68716d-3bf7-4a0a-a3a5-65c08c041ebf');
INSERT INTO public.processoutputs (id, itemtypeid, quantity, meta, processid) VALUES ('f686905f-68e7-4842-9b37-bb0d5d4cf1b6', '6e114e6a-1a00-4336-93a1-8233b6f0e380', 2, '{}', '55f54ac7-21f7-4254-b600-0fdb1cf2036b');
INSERT INTO public.processoutputs (id, itemtypeid, quantity, meta, processid) VALUES ('5641ecbe-b0fd-467c-aceb-19f4aff0005e', '7a187110-ae8d-47d0-ab7d-1e318424284e', 1, '{}', '40bd3a83-29fd-4023-9639-0ffb36ece96d');
INSERT INTO public.processoutputs (id, itemtypeid, quantity, meta, processid) VALUES ('4a551ae7-34c2-46f1-850e-daabe6b1c241', '5c1049c4-f631-4066-9f2a-b0798b2c4399', 4, '{}', '40bd3a83-29fd-4023-9639-0ffb36ece96d');
INSERT INTO public.processoutputs (id, itemtypeid, quantity, meta, processid) VALUES ('a23868e9-26b2-4193-98fe-7c5e61e650a6', '5e671cf3-4679-430d-85c2-7efe941ec5fb', 1, '{}', 'a31fd51c-0995-4509-a2da-aef736b48b11');
INSERT INTO public.processoutputs (id, itemtypeid, quantity, meta, processid) VALUES ('907f3adf-4b59-41d5-bb43-a5926293408b', '5c1049c4-f631-4066-9f2a-b0798b2c4399', 833, '{}', '12e5ceab-576d-4b4b-9ad8-b51e71dce382');
INSERT INTO public.processoutputs (id, itemtypeid, quantity, meta, processid) VALUES ('1b50a247-e3b2-42e5-8f59-1a20c885cee7', 'f9e2d3d2-d7da-4573-a3b9-424dc34d882e', 20, '{}', '12e5ceab-576d-4b4b-9ad8-b51e71dce382');
INSERT INTO public.processoutputs (id, itemtypeid, quantity, meta, processid) VALUES ('9c350b5d-80b8-44f2-8f30-45718f02b505', 'ec67b3ba-a148-4734-a89b-7edb7283d123', 9, '{}', 'e3d355a3-c196-41e5-94cf-3721f90458c5');
INSERT INTO public.processoutputs (id, itemtypeid, quantity, meta, processid) VALUES ('0135a8d3-edef-42a0-a568-21963ece3350', '5c1049c4-f631-4066-9f2a-b0798b2c4399', 604, '{}', '746c4d74-91bf-492a-a7b1-cc65c343c60b');
INSERT INTO public.processoutputs (id, itemtypeid, quantity, meta, processid) VALUES ('ed709868-7006-4c99-91dd-9a4981e115cb', '837dbdf3-8af8-47c1-9c81-f8088695e6a7', 55, '{}', '746c4d74-91bf-492a-a7b1-cc65c343c60b');
INSERT INTO public.processoutputs (id, itemtypeid, quantity, meta, processid) VALUES ('6785dcc3-2385-4fb2-b8d9-15d9fa16c952', 'ee1e3e64-28c5-4bcb-8a73-b074fdef4049', 2, '{}', 'aee56ad6-1fd8-49e2-9f55-70d83003865d');
INSERT INTO public.processoutputs (id, itemtypeid, quantity, meta, processid) VALUES ('3ea9dc01-78e9-4603-a724-ef96805e65f2', '37f6f712-427d-4951-a311-c2557f994290', 45, '{}', '3e211832-700e-45ee-9124-0027d6b69ffd');
INSERT INTO public.processoutputs (id, itemtypeid, quantity, meta, processid) VALUES ('abc24289-682a-49b8-9e64-c4659ad7c6eb', '5c1049c4-f631-4066-9f2a-b0798b2c4399', 1200, '{}', '3e211832-700e-45ee-9124-0027d6b69ffd');
INSERT INTO public.processoutputs (id, itemtypeid, quantity, meta, processid) VALUES ('b0288eaf-f626-4921-80f9-6ce25103c64e', '76f6684d-5660-4404-a8a1-71e61c0d7214', 3, '{}', '1a5b8edd-fc12-4e64-87ae-1220413e6396');
INSERT INTO public.processoutputs (id, itemtypeid, quantity, meta, processid) VALUES ('fea5bcbc-0ce9-45de-ad8d-77869c433bb1', '5c1049c4-f631-4066-9f2a-b0798b2c4399', 1629, '{}', 'ae1afc9e-836c-4367-ac7c-be7d7cf0af48');
INSERT INTO public.processoutputs (id, itemtypeid, quantity, meta, processid) VALUES ('832d556a-81c2-4924-95f9-821184f55185', 'ba48329e-0ae5-499f-ad0f-abd609ee04b9', 45, '{}', 'ae1afc9e-836c-4367-ac7c-be7d7cf0af48');
INSERT INTO public.processoutputs (id, itemtypeid, quantity, meta, processid) VALUES ('f621b640-a950-48ba-a8cd-305a6b2e5f28', '136f420a-388a-426e-bcfe-9f0ada4daa7d', 6, '{}', '29ca9f66-74e3-4346-a1ef-e3e68bae07fe');
INSERT INTO public.processoutputs (id, itemtypeid, quantity, meta, processid) VALUES ('d20b3f50-95f5-4d03-b349-a818dec0bd75', '5c1049c4-f631-4066-9f2a-b0798b2c4399', 553, '{}', '50e009e0-bc39-4c91-9f99-e73a47b271a9');
INSERT INTO public.processoutputs (id, itemtypeid, quantity, meta, processid) VALUES ('b33d5e76-474d-4c0a-b957-ed16f90ce6c6', '643b06f8-3df2-40d4-abfe-37d55287d628', 10, '{}', '50e009e0-bc39-4c91-9f99-e73a47b271a9');
INSERT INTO public.processoutputs (id, itemtypeid, quantity, meta, processid) VALUES ('b78c8a68-d6c8-4644-a217-8e003922951a', '346b01b4-6189-4f94-8ea6-46e47ff2b707', 6, '{}', '29bc69e4-f345-4239-8308-d772962bd7b0');
INSERT INTO public.processoutputs (id, itemtypeid, quantity, meta, processid) VALUES ('cf3d2fce-d4e0-42da-8cb3-1403f4746374', '5c1049c4-f631-4066-9f2a-b0798b2c4399', 42, '{}', '1595481f-9694-470f-a84d-f9ecbc927944');
INSERT INTO public.processoutputs (id, itemtypeid, quantity, meta, processid) VALUES ('ba6edd5a-b0ef-4d37-b71c-437aa59ef314', 'a7298b27-bca0-40f8-8c68-427ae19a1620', 25, '{}', '1595481f-9694-470f-a84d-f9ecbc927944');
INSERT INTO public.processoutputs (id, itemtypeid, quantity, meta, processid) VALUES ('aef7b4cc-b77d-4644-aada-64c37b8ef18d', 'f305a787-acbe-40b5-81e7-ff07e6a115e7', 9, '{}', '6e387a5b-7ea5-42b7-a627-d56f04c8c793');
INSERT INTO public.processoutputs (id, itemtypeid, quantity, meta, processid) VALUES ('aa87c723-3f1d-4d6a-9e0d-fd52c03ccf26', '5c1049c4-f631-4066-9f2a-b0798b2c4399', 320, '{}', 'e1e3c650-d96d-4b42-913e-9daa83820f09');
INSERT INTO public.processoutputs (id, itemtypeid, quantity, meta, processid) VALUES ('b6e0499b-560b-4337-9eae-7db64d3ebb3d', 'a646945b-f841-495c-b5b5-91f66c343e01', 80, '{}', 'e1e3c650-d96d-4b42-913e-9daa83820f09');
INSERT INTO public.processoutputs (id, itemtypeid, quantity, meta, processid) VALUES ('ca4f91bf-200b-41b5-bb5a-303c2fffd5e4', 'b612e8d0-cb18-4b53-99be-092bae0143f6', 3, '{}', '594dbb18-b3dd-42a4-a078-901ba186cebd');
INSERT INTO public.processoutputs (id, itemtypeid, quantity, meta, processid) VALUES ('48c69f09-5459-4d49-b883-236fed739428', '5c1049c4-f631-4066-9f2a-b0798b2c4399', 751, '{}', '2d70e6d4-3b73-4097-b58c-cb9008c08472');
INSERT INTO public.processoutputs (id, itemtypeid, quantity, meta, processid) VALUES ('6f6b19c0-01eb-4b63-ac66-5d0c5ebbfc04', '06154993-80b9-4cdb-a90f-2660be8fd9d2', 60, '{}', '2d70e6d4-3b73-4097-b58c-cb9008c08472');
INSERT INTO public.processoutputs (id, itemtypeid, quantity, meta, processid) VALUES ('c494ebd3-fcf5-4e82-b57e-0ebd059e196d', 'a1897df2-5ce0-43aa-952f-007dde2ab8d8', 2, '{}', '38bf6fb8-6a8d-4e53-b59f-8c6c5f90ff72');
INSERT INTO public.processoutputs (id, itemtypeid, quantity, meta, processid) VALUES ('2492213f-4f5d-4698-8286-e302eeb71ee1', '5c1049c4-f631-4066-9f2a-b0798b2c4399', 325, '{}', '1c650dc6-8f45-482b-a147-9d64b5409195');
INSERT INTO public.processoutputs (id, itemtypeid, quantity, meta, processid) VALUES ('f561b03a-eeb9-44eb-8c21-d6feba87538f', '42773d1e-9a10-465b-b812-d1eca327832f', 15, '{}', '1c650dc6-8f45-482b-a147-9d64b5409195');
INSERT INTO public.processoutputs (id, itemtypeid, quantity, meta, processid) VALUES ('04548122-cbb2-447e-bb91-036293c9b421', '0de0d36a-8eb1-48ed-b32c-0575c7b8cdb7', 7, '{}', '0a878648-f8b8-46bd-90cc-70547ea478a0');
INSERT INTO public.processoutputs (id, itemtypeid, quantity, meta, processid) VALUES ('e1e987ad-1f24-41e0-808a-beec7767e509', '5c1049c4-f631-4066-9f2a-b0798b2c4399', 3317, '{}', '35e9f7e8-c7c9-4ffd-a7c7-bd86f8439cd3');
INSERT INTO public.processoutputs (id, itemtypeid, quantity, meta, processid) VALUES ('d3b70369-b105-4be6-8f24-abe5ba1bc88a', '7ce23f43-70a5-4ff0-801c-16b102adf75e', 65, '{}', '35e9f7e8-c7c9-4ffd-a7c7-bd86f8439cd3');
INSERT INTO public.processoutputs (id, itemtypeid, quantity, meta, processid) VALUES ('64e00f13-5966-4c5f-9de3-589f45c2dfc0', '7d41f486-b55c-44c4-9e8b-b38ae5a114cc', 6, '{}', 'cf5c76f7-2a3d-4b19-953e-2ace0a4b5566');
INSERT INTO public.processoutputs (id, itemtypeid, quantity, meta, processid) VALUES ('88755292-d78f-4f88-9d3d-add88a646941', '70f816b8-e3c5-4e5f-bd0c-f8125519b168', 20, '{}', 'd16039b4-4cb1-4b81-bd60-42e2e1f18ff8');
INSERT INTO public.processoutputs (id, itemtypeid, quantity, meta, processid) VALUES ('a5789e53-fc15-4e18-9403-1f37ddc6d1b6', '5c1049c4-f631-4066-9f2a-b0798b2c4399', 38, '{}', 'd16039b4-4cb1-4b81-bd60-42e2e1f18ff8');
INSERT INTO public.processoutputs (id, itemtypeid, quantity, meta, processid) VALUES ('d0db95f8-df18-46f8-b4ba-94784f70835c', '81727047-5a5b-4129-bf29-5457c3e16153', 6, '{}', '1e7d3a3e-4dc1-40fd-8c17-a5bf53cd4255');
INSERT INTO public.processoutputs (id, itemtypeid, quantity, meta, processid) VALUES ('42da09f4-0ced-45fa-a1fe-1ac41da78bb5', '5c1049c4-f631-4066-9f2a-b0798b2c4399', 705, '{}', 'a04883cd-b740-45aa-84af-1f4838ba2cd4');
INSERT INTO public.processoutputs (id, itemtypeid, quantity, meta, processid) VALUES ('a6634e83-9152-46ab-94e7-e167b57fb8f0', '85fc1069-22b1-44ed-838b-64ed38d1e0b4', 25, '{}', 'a04883cd-b740-45aa-84af-1f4838ba2cd4');
INSERT INTO public.processoutputs (id, itemtypeid, quantity, meta, processid) VALUES ('0da53ad0-c485-4fbc-9b48-83890e7e46b7', '0fba70e8-dc1c-4daa-96e1-2a48848a957b', 6, '{}', '6f0718ad-7404-4e91-b389-9bd5620a98f8');
INSERT INTO public.processoutputs (id, itemtypeid, quantity, meta, processid) VALUES ('aeaf7052-60b6-42e3-bf5a-8284c33cd888', '5c1049c4-f631-4066-9f2a-b0798b2c4399', 1709, '{}', 'd93b6035-449f-4491-bf2e-a638880b311b');
INSERT INTO public.processoutputs (id, itemtypeid, quantity, meta, processid) VALUES ('e7a19b3b-112b-41ae-b4df-a389d7b39f35', '69d118ea-617d-477b-bb30-67f5da3c812e', 50, '{}', 'd93b6035-449f-4491-bf2e-a638880b311b');
INSERT INTO public.processoutputs (id, itemtypeid, quantity, meta, processid) VALUES ('6130607e-847e-475f-a828-19f5d522265d', '387a9f38-8dab-4884-835a-cf81b9b9642d', 8, '{}', '4678141e-37db-4281-af05-a1e2ed27a5ab');
INSERT INTO public.processoutputs (id, itemtypeid, quantity, meta, processid) VALUES ('416a8e88-5be4-4964-ba2f-c2713b7a5dae', '5c1049c4-f631-4066-9f2a-b0798b2c4399', 2689, '{}', 'befb8ef0-291b-4a12-bff4-b688c40880b2');
INSERT INTO public.processoutputs (id, itemtypeid, quantity, meta, processid) VALUES ('cf370c4b-e598-49f8-a69e-96ebfbffafdc', '465fe6dc-513a-48e7-9960-94dd383b0387', 20, '{}', 'befb8ef0-291b-4a12-bff4-b688c40880b2');
INSERT INTO public.processoutputs (id, itemtypeid, quantity, meta, processid) VALUES ('8f09c570-9e3c-4846-9141-962a73a95d6c', '08fdc78f-c56c-435c-b352-d4d34c1d9e1d', 9, '{}', 'b86043e6-7716-4bb1-9041-79839697a930');
INSERT INTO public.processoutputs (id, itemtypeid, quantity, meta, processid) VALUES ('4ae19722-5f72-4205-8337-8aa67fadf18b', '5c1049c4-f631-4066-9f2a-b0798b2c4399', 193, '{}', 'a0c87142-0d9d-4e6a-b1eb-4dd3b8b4bf24');
INSERT INTO public.processoutputs (id, itemtypeid, quantity, meta, processid) VALUES ('0e7021d7-e819-4599-8da3-a8cc314d5f8b', '068d676d-ee5b-42e2-af82-894ed2092d9c', 15, '{}', 'a0c87142-0d9d-4e6a-b1eb-4dd3b8b4bf24');
INSERT INTO public.processoutputs (id, itemtypeid, quantity, meta, processid) VALUES ('92137572-85c7-4cf2-be59-2ca921a698db', '243dab4d-510a-4d0a-84ac-660bf9c00a42', 8, '{}', '64f15ac7-063e-490f-99c7-ac1e82c8b50c');
INSERT INTO public.processoutputs (id, itemtypeid, quantity, meta, processid) VALUES ('5f814d51-c897-4a31-99c0-c00c5b820204', '5c1049c4-f631-4066-9f2a-b0798b2c4399', 120, '{}', '4d8e04fc-d935-40a9-b324-8066be7744c5');
INSERT INTO public.processoutputs (id, itemtypeid, quantity, meta, processid) VALUES ('15c5337b-e542-4e88-808e-daa26f0a29c6', 'ed0cb370-18de-4979-8920-8226a98d8c91', 15, '{}', '4d8e04fc-d935-40a9-b324-8066be7744c5');
INSERT INTO public.processoutputs (id, itemtypeid, quantity, meta, processid) VALUES ('fd2f5442-26c0-4379-be04-73198bab8738', 'e3f14b2f-0a14-4c16-aa63-48be99d0d688', 9, '{}', 'd2c629db-95f4-48a0-b255-0ed0d5ac801f');
INSERT INTO public.processoutputs (id, itemtypeid, quantity, meta, processid) VALUES ('719d34d3-b7af-473a-8676-b821ef861322', '308d4423-9c48-4336-890c-b6e78d579f77', 55, '{}', '20c2f530-dab9-4d05-b20f-ac98ff5d79ff');
INSERT INTO public.processoutputs (id, itemtypeid, quantity, meta, processid) VALUES ('04fa887e-ee46-401b-bcf9-67d5f5b9fd7b', '5c1049c4-f631-4066-9f2a-b0798b2c4399', 1258, '{}', '20c2f530-dab9-4d05-b20f-ac98ff5d79ff');
INSERT INTO public.processoutputs (id, itemtypeid, quantity, meta, processid) VALUES ('8917cb07-8ac8-48c7-a69c-13684f03bdf6', '52fc5eea-312a-4158-b825-6c86c7c383d6', 7, '{}', '4e7ca073-c5e1-4ede-b19f-b42081fd7122');
INSERT INTO public.processoutputs (id, itemtypeid, quantity, meta, processid) VALUES ('8fc22d30-c9dd-4a3c-ba69-ea887838ad17', '5c1049c4-f631-4066-9f2a-b0798b2c4399', 17, '{}', 'd019d663-db16-4e6f-959f-87780d4cbc53');
INSERT INTO public.processoutputs (id, itemtypeid, quantity, meta, processid) VALUES ('85f22da6-5812-4b63-90a8-f37b4ec47658', '0d0d134c-2b7d-4888-839a-d043d6aedca6', 30, '{}', 'd019d663-db16-4e6f-959f-87780d4cbc53');
