-- core item types
INSERT INTO public.itemtypes (id, family, name, meta) VALUES ('242b4af2-1384-4976-a8c2-3b0561398341', 'eng_oc', 'Medium Engine Overcharger', '{"hp": 26, "rack": "b", "volume": 50, "cooldown": 14.9, "needs_target": false, "activation_heat": 1142, "industrialmarket": {"maxprice": 13906, "minprice": 8456, "silosize": 1000}, "activation_energy": 365}');
INSERT INTO public.itemtypes (id, family, name, meta) VALUES ('caa1322a-0c9e-4d8a-9a3b-00dc2e41cc76', 'active_sink', 'Medium Active Radiator', '{"hp": 60, "rack": "b", "volume": 70, "cooldown": 58.1, "needs_target": false, "activation_heat": 988, "industrialmarket": {"maxprice": 1566, "minprice": 8610, "silosize": 1000}, "activation_energy": 754}');
INSERT INTO public.itemtypes (id, family, name, meta) VALUES ('dd5c00b9-be4f-4802-8a34-1da41118b3e0', 'gun_turret', 'Medium Ice Miner', '{"hp": 47, "rack": "a", "range": 3319, "volume": 55, "falloff": "reverse_linear", "cooldown": 15.3, "tracking": 0.75, "hull_damage": 103, "armor_damage": 39, "can_mine_gas": false, "can_mine_ice": true, "can_mine_ore": false, "needs_target": true, "shield_damage": 32, "activation_heat": 399, "industrialmarket": {"maxprice": 9971, "minprice": 4560, "silosize": 1000}, "activation_energy": 61, "ice_mining_volume": 27, "activation_gfx_effect": "medium_ice_miner"}');
INSERT INTO public.itemtypes (id, family, name, meta) VALUES ('beee1d44-6818-48a0-b7c2-7bd123f989d5', 'gun_turret', 'Medium Laser Tool', '{"hp": 46, "rack": "a", "range": 6590, "volume": 58, "falloff": "linear", "cooldown": 22.5, "tracking": 1.3, "hull_damage": 840, "armor_damage": 450, "can_mine_gas": false, "can_mine_ice": false, "can_mine_ore": true, "needs_target": true, "shield_damage": 985, "activation_heat": 311, "industrialmarket": {"maxprice": 11900, "minprice": 5099, "silosize": 1000}, "activation_energy": 97, "ore_mining_volume": 55, "activation_gfx_effect": "medium_laser_tool"}');
INSERT INTO public.itemtypes (id, family, name, meta) VALUES ('69d2ff19-70eb-4919-9579-2aa0f1ee2bc2', 'utility_miner', 'Medium Ore Harvester', '{"hp": 33, "rack": "a", "range": 2340, "volume": 78, "falloff": "reverse_linear", "cooldown": 25, "tracking": 0.42, "can_mine_gas": false, "can_mine_ice": false, "can_mine_ore": true, "needs_target": true, "activation_heat": 1950, "industrialmarket": {"maxprice": 27890, "minprice": 17302, "silosize": 1000}, "activation_energy": 657, "ore_mining_volume": 133, "activation_gfx_effect": "medium_ore_harvester"}');
INSERT INTO public.itemtypes (id, family, name, meta) VALUES ('9777cd84-0f16-4b65-8ab3-e139a44b8fbc', 'heat_sink', 'Medium Heat Sink', '{"hp": 144, "rack": "c", "volume": 50, "heat_sink_add": 50, "industrialmarket": {"maxprice": 3567, "minprice": 1850, "silosize": 1000}}');
INSERT INTO public.itemtypes (id, family, name, meta) VALUES ('a033c394-10ae-4a50-8eec-7ee7ea43b321', 'battery_pack', 'Medium Battery Pack', '{"hp": 29, "rack": "c", "volume": 60, "energy_max_add": 508, "industrialmarket": {"maxprice": 9269, "minprice": 4417, "silosize": 1000}}');
INSERT INTO public.itemtypes (id, family, name, meta) VALUES ('08814dee-d4d9-42df-a889-55dc8c75b303', 'aux_generator', 'Medium APU', '{"hp": 33, "rack": "c", "volume": 68, "industrialmarket": {"maxprice": 20450, "minprice": 15606, "silosize": 1000}, "energy_regen_max_add": 40}');
INSERT INTO public.itemtypes (id, family, name, meta) VALUES ('fe071049-81a6-4d51-8660-e0a3c32b3853', 'utility_veil', 'Medium Hardening Veil', '{"hp": 20, "rack": "a", "volume": 80, "cooldown": 125.4, "activation_heat": 214.3, "industrialmarket": {"maxprice": 34503, "minprice": 16849, "silosize": 1000}, "activation_energy": 1825}');
INSERT INTO public.itemtypes (id, family, name, meta) VALUES ('4e407b59-74bb-42a0-85a5-9a6685574e7b', 'gun_turret', 'Medium Anti-Hull Laser', '{"hp": 40, "rack": "a", "range": 6577, "volume": 49, "falloff": "linear", "cooldown": 14.6, "tracking": 64.5, "hull_damage": 2010, "armor_damage": 1545, "needs_target": true, "shield_damage": 9.6, "activation_heat": 712.4, "industrialmarket": {"maxprice": 13450, "minprice": 8491, "silosize": 1000}, "activation_energy": 375, "activation_gfx_effect": "medium_hull_laser"}');
INSERT INTO public.itemtypes (id, family, name, meta) VALUES ('fab39b1f-bab3-4cd2-9b80-e7e48f35fe9d', 'armor_plate', 'Medium Armor Plate', '{"hp": 315, "rack": "c", "volume": 60, "armor_max_add": 1610, "industrialmarket": {"maxprice": 6522, "minprice": 2245, "silosize": 1000}}');
INSERT INTO public.itemtypes (id, family, name, meta) VALUES ('79c53950-624f-437b-b277-5007bf843a7a', 'fuel_tank', 'Medium Fuel Tank', '{"hp": 60, "rack": "c", "volume": 45, "fuel_max_add": 1776, "industrialmarket": {"maxprice": 1450, "minprice": 629, "silosize": 1000}}');
INSERT INTO public.itemtypes (id, family, name, meta) VALUES ('94564bab-844a-4393-8f2a-3dd7fcf65df0', 'gun_turret', 'Medium Combat Laser', '{"hp": 52, "rack": "a", "range": 5460, "volume": 55, "falloff": "linear", "cooldown": 15.2, "tracking": 44.8, "hull_damage": 1277, "armor_damage": 1210, "needs_target": true, "shield_damage": 1368, "activation_heat": 675, "industrialmarket": {"maxprice": 12708, "minprice": 8094, "silosize": 1000}, "activation_energy": 360, "activation_gfx_effect": "medium_general_laser"}');
INSERT INTO public.itemtypes (id, family, name, meta) VALUES ('dd980070-1f58-4e2e-a997-5aed73a38c80', 'therm_cap', 'Medium Thermal Capacitor', '{"hp": 95, "rack": "c", "volume": 40, "heat_cap_max_add": 925, "industrialmarket": {"maxprice": 7745, "minprice": 4412, "silosize": 1000}}');
INSERT INTO public.itemtypes (id, family, name, meta) VALUES ('6789f483-7a7c-49a1-a5a1-4509ecdeea5d', 'drag_amp', 'Medium Aether Dragger', '{"hp": 23, "rack": "b", "range": 5487, "volume": 65, "falloff": "linear", "cooldown": 43.7, "needs_target": true, "activation_heat": 1399, "drag_multiplier": 60.5, "industrialmarket": {"maxprice": 31655, "minprice": 22498, "silosize": 500}, "activation_energy": 1526, "activation_gfx_effect": "medium_aether_dragger"}');
INSERT INTO public.itemtypes (id, family, name, meta) VALUES ('9e59a1e2-a680-4ad4-9881-97ce9f8d7464', 'utility_cloak', 'Medium Cloaking Device', '{"hp": 27, "rack": "a", "volume": 85, "cooldown": 92.4, "activation_heat": 110, "industrialmarket": {"maxprice": 104596, "minprice": 51093, "silosize": 1000}, "activation_energy": 1179}');
INSERT INTO public.itemtypes (id, family, name, meta) VALUES ('1c23cca8-3079-4247-90cf-34b9196c2428', 'utility_miner', 'Medium Ice Harvester', '{"hp": 34, "rack": "a", "range": 2492, "volume": 76, "falloff": "reverse_linear", "cooldown": 23.1, "tracking": 0.37, "can_mine_gas": false, "can_mine_ice": true, "can_mine_ore": false, "needs_target": true, "activation_heat": 1000, "industrialmarket": {"maxprice": 17800, "minprice": 11345, "silosize": 1000}, "activation_energy": 502, "ice_mining_volume": 113, "activation_gfx_effect": "medium_ice_harvester"}');
INSERT INTO public.itemtypes (id, family, name, meta) VALUES ('434d961e-09a3-4ba7-90d5-aa702c4e5fdf', 'shield_booster', 'Medium Shield Booster', '{"hp": 21, "rack": "b", "volume": 63, "cooldown": 27.8, "needs_target": false, "activation_heat": 1134, "industrialmarket": {"maxprice": 5680, "minprice": 1755, "silosize": 1000}, "activation_energy": 225, "shield_boost_amount": 400, "activation_gfx_effect": "medium_shield_booster"}');
INSERT INTO public.itemtypes (id, family, name, meta) VALUES ('06afcde3-3c8a-4d9f-9e31-7e4a6c75bbd8', 'utility_siphon', 'Medium Energy Siphon', '{"hp": 42, "rack": "a", "range": 2799, "volume": 77, "falloff": "linear", "cooldown": 38.5, "tracking": 55, "needs_target": true, "activation_heat": 360, "industrialmarket": {"maxprice": 34677, "minprice": 23904, "silosize": 1000}, "activation_energy": 98, "energy_siphon_amount": 1785, "activation_gfx_effect": "medium_energy_siphon"}');
INSERT INTO public.itemtypes (id, family, name, meta) VALUES ('bbe920ec-2796-4cd3-9a94-1ece8aff5d9b', 'gun_turret', 'Medium Anti-Shield Laser', '{"hp": 44, "rack": "a", "range": 6788, "volume": 45, "falloff": "linear", "cooldown": 16.3, "tracking": 71.4, "hull_damage": 27.5, "armor_damage": 14.2, "needs_target": true, "shield_damage": 4633, "activation_heat": 712.3, "industrialmarket": {"maxprice": 15607, "minprice": 9062, "silosize": 1000}, "activation_energy": 375.4, "activation_gfx_effect": "medium_shield_laser"}');

-- nation item types (medium)
INSERT INTO public.itemtypes (id, family, name, meta) VALUES ('81fc758a-9a44-41b6-8265-9649332957b9', 'ammunition', 'Medium Gauss Shell', '{"hp": 1, "volume": 0.5, "industrialmarket": {"maxprice": 30, "minprice": 15, "silosize": 120000}}');
INSERT INTO public.itemtypes (id, family, name, meta) VALUES ('5eeb7bfe-4c31-4123-b6a3-cf8528bf7c9c', 'ammunition', 'MGPM-8', '{"hp": 1, "volume": 2.5, "industrialmarket": {"maxprice": 150, "minprice": 50, "silosize": 120000}}');
INSERT INTO public.itemtypes (id, family, name, meta) VALUES ('f9de544c-64b4-420e-8672-b2f5f4f9c9cc', 'ammunition', 'Auto-11 Belt', '{"hp": 1, "volume": 0.8, "industrialmarket": {"maxprice": 28, "minprice": 13, "silosize": 120000}}');
INSERT INTO public.itemtypes (id, family, name, meta) VALUES ('0f82a371-cb72-45c7-96cf-4ee5032eb0b1', 'ammunition', 'MHVM-7', '{"hp": 1, "volume": 1.5, "industrialmarket": {"maxprice": 135, "minprice": 57, "silosize": 120000}}');
INSERT INTO public.itemtypes (id, family, name, meta) VALUES ('7527672b-3b02-4aca-8d48-1f104da5ce77', 'gun_turret', 'Basic Auto-11 Cannon', '{"hp": 45, "rack": "a", "range": 1711, "volume": 70, "falloff": "linear", "cooldown": 2.7, "tracking": 113, "hull_damage": 1545, "armor_damage": 952, "can_mine_gas": false, "can_mine_ice": false, "can_mine_ore": false, "needs_target": true, "shield_damage": 265, "activation_heat": 11.3, "ammunition_name": "Auto-11 Belt", "ammunition_type": "f9de544c-64b4-420e-8672-b2f5f4f9c9cc", "industrialmarket": {"maxprice": 53697, "minprice": 18771, "silosize": 1000}, "activation_energy": 3.3, "ore_mining_volume": 0, "activation_gfx_effect": "medium_auto-11_cannon"}');
INSERT INTO public.itemtypes (id, family, name, meta) VALUES ('c1fab418-79aa-44e0-9f0b-70375171af25', 'gun_turret', 'Medium Gauss Rifle', '{"hp": 38, "rack": "a", "range": 15226, "volume": 76, "falloff": "linear", "cooldown": 22.7, "tracking": 25.8, "hull_damage": 5035, "armor_damage": 3677, "can_mine_gas": false, "can_mine_ice": false, "can_mine_ore": false, "needs_target": true, "shield_damage": 2495, "activation_heat": 188.6, "ammunition_name": "Medium Gauss Shell", "ammunition_type": "81fc758a-9a44-41b6-8265-9649332957b9", "industrialmarket": {"maxprice": 37725, "minprice": 17233, "silosize": 1000}, "activation_energy": 81, "ore_mining_volume": 0, "activation_gfx_effect": "medium_gauss_rifle"}');
INSERT INTO public.itemtypes (id, family, name, meta) VALUES ('a8403283-b4c4-4735-9c68-5ca4fb895266', 'missile_launcher', 'Basic MGPM-8 Launcher', '{"hp": 36, "rack": "a", "range": 13420, "volume": 75, "cooldown": 28.3, "flight_time": 33, "hull_damage": 3256, "armor_damage": 3171, "needs_target": true, "shield_damage": 3180, "missile_radius": 3.7, "activation_heat": 132, "ammunition_name": "MGPM-8", "ammunition_type": "5eeb7bfe-4c31-4123-b6a3-cf8528bf7c9c", "fault_tolerance": 0.98, "industrialmarket": {"maxprice": 19360, "minprice": 8875, "silosize": 1000}, "activation_energy": 2.4, "missile_gfx_effect": "mgpm-8", "missile_explosion_effect": "basic_explosion", "missile_explosion_radius": 22}');
INSERT INTO public.itemtypes (id, family, name, meta) VALUES ('5e19ae7f-4725-45f3-b95b-eb849bb59416', 'missile_launcher', 'Basic MHVM-7 Launcher', '{"hp": 35, "rack": "a", "range": 12864, "volume": 68, "cooldown": 26, "flight_time": 3.3, "hull_damage": 322, "armor_damage": 263, "needs_target": true, "shield_damage": 291, "missile_radius": 2.9, "activation_heat": 82, "ammunition_name": "MHVM-7", "ammunition_type": "0f82a371-cb72-45c7-96cf-4ee5032eb0b1", "fault_tolerance": 0.94, "industrialmarket": {"maxprice": 37345, "minprice": 14607, "silosize": 1000}, "activation_energy": 1.8, "missile_gfx_effect": "mhvm-7", "missile_explosion_effect": "basic_explosion", "missile_explosion_radius": 2.3}');

-- nation item types (medium+)
INSERT INTO public.itemtypes (id, family, name, meta) VALUES ('8bc3cebd-5bbf-4527-a903-2b2fc9c79429', 'missile_launcher', 'Dual MGPM-8 Launcher', '{"hp": 47, "rack": "a", "range": 11615, "volume": 145, "cooldown": 14.1, "flight_time": 33, "hull_damage": 3253, "armor_damage": 3169, "needs_target": true, "shield_damage": 3178, "missile_radius": 3.7, "activation_heat": 129, "ammunition_name": "MGPM-8", "ammunition_type": "5eeb7bfe-4c31-4123-b6a3-cf8528bf7c9c", "fault_tolerance": 0.92, "industrialmarket": {"maxprice": 36784, "minprice": 11537, "silosize": 1000}, "activation_energy": 2.8, "missile_gfx_effect": "mgpm-8", "missile_explosion_effect": "basic_explosion", "missile_explosion_radius": 22}');
INSERT INTO public.itemtypes (id, family, name, meta) VALUES ('f305f679-78ef-469a-84dc-954feddbfc2f', 'missile_launcher', 'Dual MHVM-7 Launcher', '{"hp": 47, "rack": "a", "range": 11707, "volume": 135, "cooldown": 12, "flight_time": 3.2, "hull_damage": 319, "armor_damage": 258, "needs_target": true, "shield_damage": 287, "missile_radius": 2.9, "activation_heat": 80, "ammunition_name": "MHVM-7", "ammunition_type": "0f82a371-cb72-45c7-96cf-4ee5032eb0b1", "fault_tolerance": 0.89, "industrialmarket": {"maxprice": 70955, "minprice": 27752, "silosize": 1000}, "activation_energy": 2.1, "missile_gfx_effect": "mhvm-7", "missile_explosion_effect": "basic_explosion", "missile_explosion_radius": 2.3}');
INSERT INTO public.itemtypes (id, family, name, meta) VALUES ('a83d0915-4db7-40b2-8b3a-4417540e54d9', 'missile_launcher', 'XL MGPM-8 Launcher', '{"hp": 63, "rack": "a", "range": 10525, "volume": 288, "cooldown": 7.2, "flight_time": 34, "hull_damage": 3251, "armor_damage": 3167, "needs_target": true, "shield_damage": 3175, "missile_radius": 3.7, "activation_heat": 233, "ammunition_name": "MGPM-8", "ammunition_type": "5eeb7bfe-4c31-4123-b6a3-cf8528bf7c9c", "fault_tolerance": 0.86, "industrialmarket": {"maxprice": 69880, "minprice": 21920, "silosize": 1000}, "activation_energy": 3.1, "missile_gfx_effect": "mgpm-8", "missile_explosion_effect": "basic_explosion", "missile_explosion_radius": 22}');
INSERT INTO public.itemtypes (id, family, name, meta) VALUES ('1a976b0d-97bf-40b9-93b5-475fe7532788', 'missile_launcher', 'XL MHVM-7 Launcher', '{"hp": 65, "rack": "a", "range": 10288, "volume": 273, "cooldown": 5.9, "flight_time": 3.1, "hull_damage": 315, "armor_damage": 253, "needs_target": true, "shield_damage": 286, "missile_radius": 2.9, "activation_heat": 152, "ammunition_name": "MHVM-7", "ammunition_type": "0f82a371-cb72-45c7-96cf-4ee5032eb0b1", "fault_tolerance": 0.83, "industrialmarket": {"maxprice": 134811, "minprice": 53644, "silosize": 1000}, "activation_energy": 2.8, "missile_gfx_effect": "mhvm-7", "missile_explosion_effect": "basic_explosion", "missile_explosion_radius": 2.3}');
INSERT INTO public.itemtypes (id, family, name, meta) VALUES ('d564d43e-983e-43a7-b08b-d491fb8b24fb', 'gun_turret', 'Dual Auto-11 Cannon', '{"hp": 88, "rack": "a", "range": 1650, "volume": 137, "falloff": "linear", "cooldown": 1.3, "tracking": 112, "hull_damage": 1543, "armor_damage": 948, "can_mine_gas": false, "can_mine_ice": false, "can_mine_ore": false, "needs_target": true, "shield_damage": 259, "activation_heat": 12.1, "ammunition_name": "Auto-11 Belt", "ammunition_type": "f9de544c-64b4-420e-8672-b2f5f4f9c9cc", "industrialmarket": {"maxprice": 102024, "minprice": 35773, "silosize": 1000}, "activation_energy": 4.2, "ore_mining_volume": 0, "activation_gfx_effect": "medium_auto-11_cannon"}');
INSERT INTO public.itemtypes (id, family, name, meta) VALUES ('6a909841-18c1-4733-8456-b0283cf84fc6', 'gun_turret', 'Heavy Gauss Rifle', '{"hp": 74, "rack": "a", "range": 22923, "volume": 157, "falloff": "linear", "cooldown": 37.3, "tracking": 18.5, "hull_damage": 6047, "armor_damage": 4426, "can_mine_gas": false, "can_mine_ice": false, "can_mine_ore": false, "needs_target": true, "shield_damage": 2994, "activation_heat": 477.1, "ammunition_name": "Medium Gauss Shell", "ammunition_type": "81fc758a-9a44-41b6-8265-9649332957b9", "industrialmarket": {"maxprice": 76450, "minprice": 35766, "silosize": 1000}, "activation_energy": 203, "ore_mining_volume": 0, "activation_gfx_effect": "medium_gauss_rifle"}');

-- core schematic item types
INSERT INTO public.itemtypes (id, family, name, meta) VALUES ('3026e095-e296-4ecb-b13e-36f1f8c5cd53', 'schematic', 'Medium Engine Overcharger Schematic', '{"industrialmarket": {"maxprice": 46150, "minprice": 11101, "silosize": 100, "process_id": "5b558608-de22-4f11-b7c0-709132fac132"}}');
INSERT INTO public.itemtypes (id, family, name, meta) VALUES ('d75692eb-b0e3-4975-bf36-39ca71544288', 'schematic', 'Medium Active Radiator Schematic', '{"industrialmarket": {"maxprice": 55404, "minprice": 14607, "silosize": 100, "process_id": "de17c2c2-cf21-42ab-92ad-9d909c3b17c5"}}');
INSERT INTO public.itemtypes (id, family, name, meta) VALUES ('35843339-7284-43d5-914c-15b277989824', 'schematic', 'Medium Ice Miner Schematic', '{"industrialmarket": {"maxprice": 168702, "minprice": 54979, "silosize": 100, "process_id": "5caecb43-1d50-4f45-80bf-1c12c56ad271"}}');
INSERT INTO public.itemtypes (id, family, name, meta) VALUES ('6839c8ae-7fa7-4a2e-98cb-9beffc8dedd3', 'schematic', 'Medium Laser Tool Schematic', '{"industrialmarket": {"maxprice": 121414, "minprice": 19980, "silosize": 100, "process_id": "cd38717c-6cf1-4cf4-b65e-d36feab4a4d7"}}');
INSERT INTO public.itemtypes (id, family, name, meta) VALUES ('81d85ef2-bc24-408c-83b7-845fd2f53741', 'schematic', 'Medium Ore Harvester Schematic', '{"industrialmarket": {"maxprice": 239851, "minprice": 113711, "silosize": 100, "process_id": "5e68fb33-d183-4f55-ba23-371488a5f9ec"}}');
INSERT INTO public.itemtypes (id, family, name, meta) VALUES ('e81879a5-ce08-485b-9c2d-d2354fa9ab44', 'schematic', 'Medium Heat Sink Schematic', '{"industrialmarket": {"maxprice": 94765, "minprice": 46653, "silosize": 100, "process_id": "46c6452e-8925-457d-868c-68e346879615"}}');
INSERT INTO public.itemtypes (id, family, name, meta) VALUES ('8d4dd8b0-da7d-4a6d-8d89-19018727f4ea', 'schematic', 'Medium Battery Pack Schematic', '{"industrialmarket": {"maxprice": 219099, "minprice": 70466, "silosize": 100, "process_id": "0fdfa185-6c03-4e86-9170-5e3006272dcb"}}');
INSERT INTO public.itemtypes (id, family, name, meta) VALUES ('a4207c53-5845-49c6-be8d-39686c6ea4e0', 'schematic', 'Medium APU Schematic', '{"industrialmarket": {"maxprice": 208229, "minprice": 79088, "silosize": 100, "process_id": "8d3d7c77-0492-4e9a-b626-efb8440fe726"}}');
INSERT INTO public.itemtypes (id, family, name, meta) VALUES ('6298f4ab-a3d9-4b97-8f06-0b1302ef2a2e', 'schematic', 'Medium Hardening Veil Schematic', '{"industrialmarket": {"maxprice": 911996, "minprice": 325129, "silosize": 100, "process_id": "7dc9212b-70cb-429d-9ff7-38a73495f7a4"}}');
INSERT INTO public.itemtypes (id, family, name, meta) VALUES ('cd573798-73bb-4574-9d74-13d50b555f00', 'schematic', 'Medium Anti-Hull Laser Schematic', '{"industrialmarket": {"maxprice": 110175, "minprice": 22373, "silosize": 100, "process_id": "89bf5762-d48e-4734-891d-d3ba92e166b5"}}');
INSERT INTO public.itemtypes (id, family, name, meta) VALUES ('7d1ebc50-78c1-4c95-89c5-040f08b1ac9d', 'schematic', 'Medium Armor Plate Schematic', '{"industrialmarket": {"maxprice": 126768, "minprice": 16622, "silosize": 100, "process_id": "0e788c69-3349-4f49-8856-cc15dc2254ed"}}');
INSERT INTO public.itemtypes (id, family, name, meta) VALUES ('1d22443c-606e-4858-bb72-7a0921afb274', 'schematic', 'Medium Fuel Tank Schematic', '{"industrialmarket": {"maxprice": 6987, "minprice": 1030, "silosize": 100, "process_id": "06d84459-6c9e-4989-afb0-6eddc4c8d99e"}}');
INSERT INTO public.itemtypes (id, family, name, meta) VALUES ('a6dadc77-2b28-4168-8f32-8c4941e76331', 'schematic', 'Medium Thermal Capacitor Schematic', '{"industrialmarket": {"maxprice": 58009, "minprice": 23862, "silosize": 100, "process_id": "dfab7d0b-0dac-4410-b8c8-d67bab40e76b"}}');
INSERT INTO public.itemtypes (id, family, name, meta) VALUES ('fb18f06b-7712-49c1-9953-e36c72250577', 'schematic', 'Medium Aether Dragger Schematic', '{"industrialmarket": {"maxprice": 73106, "minprice": 30776, "silosize": 100, "process_id": "e4f4f28f-0111-41f5-8197-47680ac830bb"}}');
INSERT INTO public.itemtypes (id, family, name, meta) VALUES ('605a9861-79a8-485f-b807-e5084890d941', 'schematic', 'Medium Cloaking Device Schematic', '{"industrialmarket": {"maxprice": 412379, "minprice": 82555, "silosize": 100, "process_id": "45986a3d-bc22-4bb7-b224-dce4c480063f"}}');
INSERT INTO public.itemtypes (id, family, name, meta) VALUES ('4c393eeb-6e65-4042-8ed2-5f68647d6691', 'schematic', 'Medium Shield Booster Schematic', '{"industrialmarket": {"maxprice": 120201, "minprice": 35292, "silosize": 100, "process_id": "8f37b706-ea0f-4b20-a4ec-1927f8f9db3f"}}');
INSERT INTO public.itemtypes (id, family, name, meta) VALUES ('2608094f-8b45-42e0-8f7a-347de4bb5bc7', 'schematic', 'Medium Energy Siphon Schematic', '{"industrialmarket": {"maxprice": 1190728, "minprice": 363293, "silosize": 100, "process_id": "f46020a1-8c36-40f3-bc2e-79cf1b6e8402"}}');
INSERT INTO public.itemtypes (id, family, name, meta) VALUES ('a96dc5e1-a626-45a6-96ed-ed6e13843a92', 'schematic', 'Medium Anti-Shield Laser Schematic', '{"industrialmarket": {"maxprice": 314419, "minprice": 128821, "silosize": 100, "process_id": "80d2acff-f30a-4749-b77b-02bc234ec0aa"}}');
INSERT INTO public.itemtypes (id, family, name, meta) VALUES ('a6e164a0-43b3-4541-b264-840a98310cde', 'schematic', 'Medium Combat Laser Schematic', '{"industrialmarket": {"maxprice": 543929, "minprice": 86986, "silosize": 100, "process_id": "96649f3c-80b4-448e-9c20-0d32e8444b01"}}');
INSERT INTO public.itemtypes (id, family, name, meta) VALUES ('89d476fc-9829-44e4-9112-e4ccbf8dc189', 'schematic', 'Medium Ice Harvester Schematic', '{"industrialmarket": {"maxprice": 57797, "minprice": 26702, "silosize": 100, "process_id": "7ca07f05-4fae-4641-8c70-750316b08b2b"}}');

-- core item type processes
INSERT INTO public.processes (id, name, meta, "time") VALUES ('5b558608-de22-4f11-b7c0-709132fac132', 'Make Medium Engine Overcharger', '{}', 97);
INSERT INTO public.processes (id, name, meta, "time") VALUES ('3d0df0ee-ed10-4b10-a13c-857352c41fd9', 'Medium Engine Overcharger Sink [wm]', '{}', 49);
INSERT INTO public.processes (id, name, meta, "time") VALUES ('9d3c6e89-6adb-4417-9b4c-8a02da0817ca', 'Medium Engine Overcharger Schematic Faucet [wm]', '{}', 574);
INSERT INTO public.processes (id, name, meta, "time") VALUES ('85aff9fe-404b-412a-bda0-63bdc8cdbba0', 'Medium Engine Overcharger Schematic Sink [wm]', '{}', 572);
INSERT INTO public.processes (id, name, meta, "time") VALUES ('de17c2c2-cf21-42ab-92ad-9d909c3b17c5', 'Make Medium Active Radiator', '{}', 263);
INSERT INTO public.processes (id, name, meta, "time") VALUES ('6bc24e15-b0f4-4eef-b29e-2a667253de99', 'Medium Active Radiator Sink [wm]', '{}', 270);
INSERT INTO public.processes (id, name, meta, "time") VALUES ('6d23d3f3-60fb-434a-85e5-e6a5062bf9a3', 'Medium Active Radiator Schematic Faucet [wm]', '{}', 1117);
INSERT INTO public.processes (id, name, meta, "time") VALUES ('29271d74-6ee6-47a0-9dab-516a5fd9d2cb', 'Medium Active Radiator Schematic Sink [wm]', '{}', 2026);
INSERT INTO public.processes (id, name, meta, "time") VALUES ('5caecb43-1d50-4f45-80bf-1c12c56ad271', 'Make Medium Ice Miner', '{}', 348);
INSERT INTO public.processes (id, name, meta, "time") VALUES ('5e5feb5d-7650-4a74-b087-522a4a3778f2', 'Medium Ice Miner Sink [wm]', '{}', 181);
INSERT INTO public.processes (id, name, meta, "time") VALUES ('6627976a-d37c-4ed6-b3d5-8bfa778937fe', 'Medium Ice Miner Schematic Faucet [wm]', '{}', 1421);
INSERT INTO public.processes (id, name, meta, "time") VALUES ('8f185f30-0a09-4f69-811b-d2703bfd278e', 'Medium Ice Miner Schematic Sink [wm]', '{}', 2513);
INSERT INTO public.processes (id, name, meta, "time") VALUES ('cd38717c-6cf1-4cf4-b65e-d36feab4a4d7', 'Make Medium Laser Tool', '{}', 2963);
INSERT INTO public.processes (id, name, meta, "time") VALUES ('c7c214a2-afbc-4164-b7c9-4b6f20c78211', 'Medium Laser Tool Sink [wm]', '{}', 5471);
INSERT INTO public.processes (id, name, meta, "time") VALUES ('5176216b-899b-40a1-a588-5067bca11be7', 'Medium Laser Tool Schematic Faucet [wm]', '{}', 11639);
INSERT INTO public.processes (id, name, meta, "time") VALUES ('35f306c7-53fa-4a66-a4e6-ace4219e9fe6', 'Medium Laser Tool Schematic Sink [wm]', '{}', 22172);
INSERT INTO public.processes (id, name, meta, "time") VALUES ('5e68fb33-d183-4f55-ba23-371488a5f9ec', 'Make Medium Ore Harvester', '{}', 897);
INSERT INTO public.processes (id, name, meta, "time") VALUES ('92f7af89-ba41-443a-97ef-306921de0e50', 'Medium Ore Harvester Sink [wm]', '{}', 952);
INSERT INTO public.processes (id, name, meta, "time") VALUES ('f75e397e-9d64-411e-a656-9eb8474c1115', 'Medium Ore Harvester Schematic Faucet [wm]', '{}', 2861);
INSERT INTO public.processes (id, name, meta, "time") VALUES ('9560b295-fafa-4090-97f4-ffd7ea28f677', 'Medium Ore Harvester Schematic Sink [wm]', '{}', 5878);
INSERT INTO public.processes (id, name, meta, "time") VALUES ('46c6452e-8925-457d-868c-68e346879615', 'Make Medium Heat Sink', '{}', 948);
INSERT INTO public.processes (id, name, meta, "time") VALUES ('3e19329c-049d-4882-95bd-48d0a23cb3ca', 'Medium Heat Sink Sink [wm]', '{}', 1239);
INSERT INTO public.processes (id, name, meta, "time") VALUES ('fd3c667f-1a3b-4994-a68d-e9c49ca536a6', 'Medium Heat Sink Schematic Faucet [wm]', '{}', 4118);
INSERT INTO public.processes (id, name, meta, "time") VALUES ('f79503cb-6e1d-464d-941b-0d633f7641bc', 'Medium Heat Sink Schematic Sink [wm]', '{}', 6418);
INSERT INTO public.processes (id, name, meta, "time") VALUES ('0fdfa185-6c03-4e86-9170-5e3006272dcb', 'Make Medium Battery Pack', '{}', 2250);
INSERT INTO public.processes (id, name, meta, "time") VALUES ('9bfc1ed5-46ca-43d2-9bb8-addab03a9aa1', 'Medium Battery Pack Sink [wm]', '{}', 3801);
INSERT INTO public.processes (id, name, meta, "time") VALUES ('f6d3389a-e23f-440a-bcfc-96316aefe8e6', 'Medium Battery Pack Schematic Faucet [wm]', '{}', 9692);
INSERT INTO public.processes (id, name, meta, "time") VALUES ('f4edd146-80db-478e-905f-d09a3658b7e0', 'Medium Battery Pack Schematic Sink [wm]', '{}', 13422);
INSERT INTO public.processes (id, name, meta, "time") VALUES ('8d3d7c77-0492-4e9a-b626-efb8440fe726', 'Make Medium APU', '{}', 96);
INSERT INTO public.processes (id, name, meta, "time") VALUES ('ea31918d-3035-41b8-a963-dd8a95160763', 'Medium APU Sink [wm]', '{}', 62);
INSERT INTO public.processes (id, name, meta, "time") VALUES ('46126ae4-0e00-4b34-b64a-cbd6ab9d9496', 'Medium APU Schematic Faucet [wm]', '{}', 753);
INSERT INTO public.processes (id, name, meta, "time") VALUES ('02d03aa7-8ce9-4b07-bc4a-9dc2aab84d1f', 'Medium APU Schematic Sink [wm]', '{}', 330);
INSERT INTO public.processes (id, name, meta, "time") VALUES ('7dc9212b-70cb-429d-9ff7-38a73495f7a4', 'Make Medium Hardening Veil', '{}', 5923);
INSERT INTO public.processes (id, name, meta, "time") VALUES ('a6fc8ba8-9cfc-4305-8067-90797f34e3eb', 'Medium Hardening Veil Sink [wm]', '{}', 7238);
INSERT INTO public.processes (id, name, meta, "time") VALUES ('6b55e9d0-fd82-48f6-891c-584e308308ba', 'Medium Hardening Veil Schematic Faucet [wm]', '{}', 16042);
INSERT INTO public.processes (id, name, meta, "time") VALUES ('9b0eb4e1-c87b-4a62-8777-ea5103aab6a6', 'Medium Hardening Veil Schematic Sink [wm]', '{}', 23100);
INSERT INTO public.processes (id, name, meta, "time") VALUES ('89bf5762-d48e-4734-891d-d3ba92e166b5', 'Make Medium Anti-Hull Laser', '{}', 1423);
INSERT INTO public.processes (id, name, meta, "time") VALUES ('226829a8-bcbd-4735-bcc5-fab5b81f709e', 'Medium Anti-Hull Laser Sink [wm]', '{}', 1693);
INSERT INTO public.processes (id, name, meta, "time") VALUES ('b49a0b00-411b-4036-9d48-2dc36f75b5fd', 'Medium Anti-Hull Laser Schematic Faucet [wm]', '{}', 3737);
INSERT INTO public.processes (id, name, meta, "time") VALUES ('a80dd315-7630-4f21-9001-2d97f6d1c9da', 'Medium Anti-Hull Laser Schematic Sink [wm]', '{}', 4006);
INSERT INTO public.processes (id, name, meta, "time") VALUES ('0e788c69-3349-4f49-8856-cc15dc2254ed', 'Make Medium Armor Plate', '{}', 2750);
INSERT INTO public.processes (id, name, meta, "time") VALUES ('2ac1dd22-e3fa-4bac-ab8b-f5b073a3d4d4', 'Medium Armor Plate Sink [wm]', '{}', 2720);
INSERT INTO public.processes (id, name, meta, "time") VALUES ('864d0633-d5dc-443d-a2d0-4691058b4441', 'Medium Armor Plate Schematic Faucet [wm]', '{}', 15918);
INSERT INTO public.processes (id, name, meta, "time") VALUES ('7c903711-02ef-495c-b91b-042bd7a1b1dd', 'Medium Armor Plate Schematic Sink [wm]', '{}', 14572);
INSERT INTO public.processes (id, name, meta, "time") VALUES ('06d84459-6c9e-4989-afb0-6eddc4c8d99e', 'Make Medium Fuel Tank', '{}', 864);
INSERT INTO public.processes (id, name, meta, "time") VALUES ('f207b43c-d393-43bc-8dd6-6abd50820991', 'Medium Fuel Tank Sink [wm]', '{}', 1111);
INSERT INTO public.processes (id, name, meta, "time") VALUES ('6fe2613c-7613-4ae0-a99a-8b5cf7c99a28', 'Medium Fuel Tank Schematic Faucet [wm]', '{}', 4728);
INSERT INTO public.processes (id, name, meta, "time") VALUES ('397d1381-b201-4392-a47f-bc3849d228d2', 'Medium Fuel Tank Schematic Sink [wm]', '{}', 5674);
INSERT INTO public.processes (id, name, meta, "time") VALUES ('dfab7d0b-0dac-4410-b8c8-d67bab40e76b', 'Make Medium Thermal Capacitor', '{}', 705);
INSERT INTO public.processes (id, name, meta, "time") VALUES ('3dd3e6d4-328e-4067-872b-1bb1f028f24a', 'Medium Thermal Capacitor Sink [wm]', '{}', 1126);
INSERT INTO public.processes (id, name, meta, "time") VALUES ('af92a733-4a36-4349-8f97-d66f4a9cf5cc', 'Medium Thermal Capacitor Schematic Faucet [wm]', '{}', 2982);
INSERT INTO public.processes (id, name, meta, "time") VALUES ('2828a3b4-8e50-4ae8-b37b-fceb51bb919b', 'Medium Thermal Capacitor Schematic Sink [wm]', '{}', 1850);
INSERT INTO public.processes (id, name, meta, "time") VALUES ('e4f4f28f-0111-41f5-8197-47680ac830bb', 'Make Medium Aether Dragger', '{}', 767);
INSERT INTO public.processes (id, name, meta, "time") VALUES ('73b0c59f-4318-4c9e-a689-52ef02ccdce9', 'Medium Aether Dragger Sink [wm]', '{}', 1026);
INSERT INTO public.processes (id, name, meta, "time") VALUES ('00f7108c-eb2c-44f8-9766-8c384de7b3c6', 'Medium Aether Dragger Schematic Faucet [wm]', '{}', 5824);
INSERT INTO public.processes (id, name, meta, "time") VALUES ('ae9d2ac3-92dc-4b55-9764-9a4f0483b1db', 'Medium Aether Dragger Schematic Sink [wm]', '{}', 4021);
INSERT INTO public.processes (id, name, meta, "time") VALUES ('45986a3d-bc22-4bb7-b224-dce4c480063f', 'Make Medium Cloaking Device', '{}', 424);
INSERT INTO public.processes (id, name, meta, "time") VALUES ('33c23426-cc47-44ac-81b4-64a7a31ec5b6', 'Medium Cloaking Device Sink [wm]', '{}', 401);
INSERT INTO public.processes (id, name, meta, "time") VALUES ('520a5e98-589c-43fd-9072-5a78efad7f60', 'Medium Cloaking Device Schematic Faucet [wm]', '{}', 1198);
INSERT INTO public.processes (id, name, meta, "time") VALUES ('8de2cabb-025f-436b-a5b3-3e73440660a9', 'Medium Cloaking Device Schematic Sink [wm]', '{}', 1155);
INSERT INTO public.processes (id, name, meta, "time") VALUES ('8f37b706-ea0f-4b20-a4ec-1927f8f9db3f', 'Make Medium Shield Booster', '{}', 4990);
INSERT INTO public.processes (id, name, meta, "time") VALUES ('926854c9-6d86-4bf9-bf62-8913c5acaf62', 'Medium Shield Booster Sink [wm]', '{}', 8329);
INSERT INTO public.processes (id, name, meta, "time") VALUES ('35a8320b-bb19-4568-b978-e2e6ab68c2ed', 'Medium Shield Booster Schematic Faucet [wm]', '{}', 23973);
INSERT INTO public.processes (id, name, meta, "time") VALUES ('5c0cdc5b-160d-498d-b208-721ad5fc84fe', 'Medium Shield Booster Schematic Sink [wm]', '{}', 33268);
INSERT INTO public.processes (id, name, meta, "time") VALUES ('f46020a1-8c36-40f3-bc2e-79cf1b6e8402', 'Make Medium Energy Siphon', '{}', 1766);
INSERT INTO public.processes (id, name, meta, "time") VALUES ('8e2560fe-4dda-4a9b-b509-4725eac42bb7', 'Medium Energy Siphon Sink [wm]', '{}', 1025);
INSERT INTO public.processes (id, name, meta, "time") VALUES ('562e058e-f292-47e0-8830-320986ff7564', 'Medium Energy Siphon Schematic Faucet [wm]', '{}', 12797);
INSERT INTO public.processes (id, name, meta, "time") VALUES ('d2dd762e-c6bb-4fe1-b7d5-a9a8801a43e9', 'Medium Energy Siphon Schematic Sink [wm]', '{}', 6250);
INSERT INTO public.processes (id, name, meta, "time") VALUES ('80d2acff-f30a-4749-b77b-02bc234ec0aa', 'Make Medium Anti-Shield Laser', '{}', 884);
INSERT INTO public.processes (id, name, meta, "time") VALUES ('4187e378-1e97-470b-9f88-0383262a48ac', 'Medium Anti-Shield Laser Sink [wm]', '{}', 1679);
INSERT INTO public.processes (id, name, meta, "time") VALUES ('86a9f126-9cc7-4035-84c1-2d21bf7e99cb', 'Medium Anti-Shield Laser Schematic Faucet [wm]', '{}', 4473);
INSERT INTO public.processes (id, name, meta, "time") VALUES ('32b041ba-59f9-4244-bbdb-cd40e810b8f8', 'Medium Anti-Shield Laser Schematic Sink [wm]', '{}', 5459);
INSERT INTO public.processes (id, name, meta, "time") VALUES ('96649f3c-80b4-448e-9c20-0d32e8444b01', 'Make Medium Combat Laser', '{}', 7929);
INSERT INTO public.processes (id, name, meta, "time") VALUES ('c420bc97-a8cb-4423-8746-7e830f8ba770', 'Medium Combat Laser Sink [wm]', '{}', 11527);
INSERT INTO public.processes (id, name, meta, "time") VALUES ('76b2d8f8-2601-479c-a7ec-ca233452a617', 'Medium Combat Laser Schematic Faucet [wm]', '{}', 61879);
INSERT INTO public.processes (id, name, meta, "time") VALUES ('75bebf4c-aa57-480f-b2f7-529b9fd86b02', 'Medium Combat Laser Schematic Sink [wm]', '{}', 28584);
INSERT INTO public.processes (id, name, meta, "time") VALUES ('7ca07f05-4fae-4641-8c70-750316b08b2b', 'Make Medium Ice Harvester', '{}', 299);
INSERT INTO public.processes (id, name, meta, "time") VALUES ('1b06080e-bd9b-43a1-8fc3-3a4a0e1985f0', 'Medium Ice Harvester Sink [wm]', '{}', 161);
INSERT INTO public.processes (id, name, meta, "time") VALUES ('3c8a12ac-a03e-43c8-9cbe-e363c6521a34', 'Medium Ice Harvester Schematic Faucet [wm]', '{}', 975);
INSERT INTO public.processes (id, name, meta, "time") VALUES ('baa44692-b252-43e6-b97b-6f4b25eca429', 'Medium Ice Harvester Schematic Sink [wm]', '{}', 1232);

-- core item type process inputs
INSERT INTO public.processinputs (id, itemtypeid, quantity, meta, processid) VALUES ('381105d4-8fad-4185-b09a-4e040f6c09b7', '3026e095-e296-4ecb-b13e-36f1f8c5cd53', 4, '{}', '85aff9fe-404b-412a-bda0-63bdc8cdbba0');
INSERT INTO public.processinputs (id, itemtypeid, quantity, meta, processid) VALUES ('b62e43f7-4b77-4012-99be-0c832e56a705', '242b4af2-1384-4976-a8c2-3b0561398341', 17, '{}', '3d0df0ee-ed10-4b10-a13c-857352c41fd9');
INSERT INTO public.processinputs (id, itemtypeid, quantity, meta, processid) VALUES ('47f2ce96-8d5e-4134-aeb9-9c78ccb8608e', 'dd0c9b0a-279e-418e-b3b6-2f569fda0186', 7, '{}', '5b558608-de22-4f11-b7c0-709132fac132');
INSERT INTO public.processinputs (id, itemtypeid, quantity, meta, processid) VALUES ('500b9cfb-9fc0-4b35-81db-965bde3a2eb5', 'dd522f03-2f52-4e82-b2f8-d7e0029cb82f', 15, '{}', '5b558608-de22-4f11-b7c0-709132fac132');
INSERT INTO public.processinputs (id, itemtypeid, quantity, meta, processid) VALUES ('37e7ba80-de64-48c9-a129-77d507e043d8', '24800206-2c58-45b0-8238-81974d0ebb3b', 411, '{}', '5b558608-de22-4f11-b7c0-709132fac132');
INSERT INTO public.processinputs (id, itemtypeid, quantity, meta, processid) VALUES ('8499fa74-c02c-45d2-b7f6-f060cb14b23a', '7dcd5138-d7e0-419f-867a-6f0f23b99b5b', 2, '{}', '5b558608-de22-4f11-b7c0-709132fac132');
INSERT INTO public.processinputs (id, itemtypeid, quantity, meta, processid) VALUES ('1365686d-20fc-4be6-b9f0-ae626005959c', '2ce48bef-f06b-4550-b20c-0e64864db051', 5, '{}', '5b558608-de22-4f11-b7c0-709132fac132');
INSERT INTO public.processinputs (id, itemtypeid, quantity, meta, processid) VALUES ('e96cb888-9662-4e01-a6c2-15ddc2a26d88', '26a3fc9e-db2f-439d-a929-ba755d11d09c', 3, '{}', '5b558608-de22-4f11-b7c0-709132fac132');
INSERT INTO public.processinputs (id, itemtypeid, quantity, meta, processid) VALUES ('b28febc2-36a6-461d-8f2f-871faebeeed4', '66b7a322-8cfc-4467-9410-492e6b58f159', 1, '{}', '5b558608-de22-4f11-b7c0-709132fac132');
INSERT INTO public.processinputs (id, itemtypeid, quantity, meta, processid) VALUES ('98f629a7-b8fe-4672-b777-70632211dfa7', '0cd04eea-a150-410c-91eb-6af00d8c6eae', 5, '{}', '5b558608-de22-4f11-b7c0-709132fac132');
INSERT INTO public.processinputs (id, itemtypeid, quantity, meta, processid) VALUES ('2c182a44-af8d-45f4-bb74-6ec200eec0e2', 'd75692eb-b0e3-4975-bf36-39ca71544288', 5, '{}', '29271d74-6ee6-47a0-9dab-516a5fd9d2cb');
INSERT INTO public.processinputs (id, itemtypeid, quantity, meta, processid) VALUES ('eb91bb70-9c4e-4dba-b76a-11fe74114990', 'caa1322a-0c9e-4d8a-9a3b-00dc2e41cc76', 7, '{}', '6bc24e15-b0f4-4eef-b29e-2a667253de99');
INSERT INTO public.processinputs (id, itemtypeid, quantity, meta, processid) VALUES ('cd07e509-dc7b-49fa-a00b-ea1f61e1e533', 'dd0c9b0a-279e-418e-b3b6-2f569fda0186', 6, '{}', 'de17c2c2-cf21-42ab-92ad-9d909c3b17c5');
INSERT INTO public.processinputs (id, itemtypeid, quantity, meta, processid) VALUES ('36c7bf8d-e558-4eca-a3f9-f9848a842400', '66b7a322-8cfc-4467-9410-492e6b58f159', 9, '{}', 'de17c2c2-cf21-42ab-92ad-9d909c3b17c5');
INSERT INTO public.processinputs (id, itemtypeid, quantity, meta, processid) VALUES ('f6eb16bb-9c6b-4349-b958-62959018095c', 'dd522f03-2f52-4e82-b2f8-d7e0029cb82f', 31, '{}', 'de17c2c2-cf21-42ab-92ad-9d909c3b17c5');
INSERT INTO public.processinputs (id, itemtypeid, quantity, meta, processid) VALUES ('6ec060f0-8798-4af4-8253-a9bd83ddf465', '26a3fc9e-db2f-439d-a929-ba755d11d09c', 5, '{}', 'de17c2c2-cf21-42ab-92ad-9d909c3b17c5');
INSERT INTO public.processinputs (id, itemtypeid, quantity, meta, processid) VALUES ('800f8dcf-d513-4c7b-b9a0-97a2dfbcdfe4', '24800206-2c58-45b0-8238-81974d0ebb3b', 88, '{}', 'de17c2c2-cf21-42ab-92ad-9d909c3b17c5');
INSERT INTO public.processinputs (id, itemtypeid, quantity, meta, processid) VALUES ('8bd295db-c66e-4216-9fab-a027db8d3395', '11688112-f3d4-4d30-864a-684a8b96ea23', 8, '{}', 'de17c2c2-cf21-42ab-92ad-9d909c3b17c5');
INSERT INTO public.processinputs (id, itemtypeid, quantity, meta, processid) VALUES ('bd9a1cdf-503f-4d19-8e39-5db9f5eaa2b4', '39b8eedf-ef80-4c29-a4bf-99abc4d84fa6', 9, '{}', 'de17c2c2-cf21-42ab-92ad-9d909c3b17c5');
INSERT INTO public.processinputs (id, itemtypeid, quantity, meta, processid) VALUES ('37b0b4c1-42da-4e5e-8287-05e952d42c76', '0cd04eea-a150-410c-91eb-6af00d8c6eae', 7, '{}', 'de17c2c2-cf21-42ab-92ad-9d909c3b17c5');
INSERT INTO public.processinputs (id, itemtypeid, quantity, meta, processid) VALUES ('b87173b5-26e9-4547-8502-ea2e3b916d56', '35843339-7284-43d5-914c-15b277989824', 5, '{}', '8f185f30-0a09-4f69-811b-d2703bfd278e');
INSERT INTO public.processinputs (id, itemtypeid, quantity, meta, processid) VALUES ('c299a05b-2ea8-4aed-8f38-887fb558b59d', 'dd5c00b9-be4f-4802-8a34-1da41118b3e0', 47, '{}', '5e5feb5d-7650-4a74-b087-522a4a3778f2');
INSERT INTO public.processinputs (id, itemtypeid, quantity, meta, processid) VALUES ('b263d22a-9c5c-4a04-bc32-5635fd2d78e5', '0cd04eea-a150-410c-91eb-6af00d8c6eae', 423, '{}', '5caecb43-1d50-4f45-80bf-1c12c56ad271');
INSERT INTO public.processinputs (id, itemtypeid, quantity, meta, processid) VALUES ('fbb08e83-006a-4172-b2cc-0a650ec9f262', 'dd522f03-2f52-4e82-b2f8-d7e0029cb82f', 1711, '{}', '5caecb43-1d50-4f45-80bf-1c12c56ad271');
INSERT INTO public.processinputs (id, itemtypeid, quantity, meta, processid) VALUES ('63ae5d1f-d1cd-4384-a4b1-3aea0415e8bd', '26a3fc9e-db2f-439d-a929-ba755d11d09c', 410, '{}', '5caecb43-1d50-4f45-80bf-1c12c56ad271');
INSERT INTO public.processinputs (id, itemtypeid, quantity, meta, processid) VALUES ('cf3e5277-1d74-4d4f-ae6e-1c6925156dcc', '24800206-2c58-45b0-8238-81974d0ebb3b', 329, '{}', '5caecb43-1d50-4f45-80bf-1c12c56ad271');
INSERT INTO public.processinputs (id, itemtypeid, quantity, meta, processid) VALUES ('22389ba7-ca2e-4679-b04f-1d53b3fad953', '1d0d344b-ef28-43c8-a7a6-3275936b2dea', 418, '{}', '5caecb43-1d50-4f45-80bf-1c12c56ad271');
INSERT INTO public.processinputs (id, itemtypeid, quantity, meta, processid) VALUES ('505f2e41-a009-46a6-8281-5299c31c575a', '39b8eedf-ef80-4c29-a4bf-99abc4d84fa6', 417, '{}', '5caecb43-1d50-4f45-80bf-1c12c56ad271');
INSERT INTO public.processinputs (id, itemtypeid, quantity, meta, processid) VALUES ('96731211-667e-4305-a3de-0869dac723f6', '6839c8ae-7fa7-4a2e-98cb-9beffc8dedd3', 2, '{}', '35f306c7-53fa-4a66-a4e6-ace4219e9fe6');
INSERT INTO public.processinputs (id, itemtypeid, quantity, meta, processid) VALUES ('79117f55-1eb2-48a2-afe0-32df4860a524', 'beee1d44-6818-48a0-b7c2-7bd123f989d5', 47, '{}', 'c7c214a2-afbc-4164-b7c9-4b6f20c78211');
INSERT INTO public.processinputs (id, itemtypeid, quantity, meta, processid) VALUES ('bddc7862-021c-4ade-9319-95aecda238e5', '26a3fc9e-db2f-439d-a929-ba755d11d09c', 17, '{}', 'cd38717c-6cf1-4cf4-b65e-d36feab4a4d7');
INSERT INTO public.processinputs (id, itemtypeid, quantity, meta, processid) VALUES ('475661c9-a010-430e-ac45-5472ddbfb0af', '61f52ba3-654b-45cf-88e3-33399d12350d', 23, '{}', 'cd38717c-6cf1-4cf4-b65e-d36feab4a4d7');
INSERT INTO public.processinputs (id, itemtypeid, quantity, meta, processid) VALUES ('ac7fe4b5-66b6-47d2-ab2b-1440f59a71b7', '66b7a322-8cfc-4467-9410-492e6b58f159', 21, '{}', 'cd38717c-6cf1-4cf4-b65e-d36feab4a4d7');
INSERT INTO public.processinputs (id, itemtypeid, quantity, meta, processid) VALUES ('307bd81c-8e34-42d1-b35f-b87b37a17271', 'dd0c9b0a-279e-418e-b3b6-2f569fda0186', 15, '{}', 'cd38717c-6cf1-4cf4-b65e-d36feab4a4d7');
INSERT INTO public.processinputs (id, itemtypeid, quantity, meta, processid) VALUES ('b0964d4a-f8ad-42a5-a5a7-815804313b85', '1d0d344b-ef28-43c8-a7a6-3275936b2dea', 18, '{}', 'cd38717c-6cf1-4cf4-b65e-d36feab4a4d7');
INSERT INTO public.processinputs (id, itemtypeid, quantity, meta, processid) VALUES ('582f5cd2-e5e0-4810-8ffa-344c0862bb60', '24800206-2c58-45b0-8238-81974d0ebb3b', 1240, '{}', 'cd38717c-6cf1-4cf4-b65e-d36feab4a4d7');
INSERT INTO public.processinputs (id, itemtypeid, quantity, meta, processid) VALUES ('102ff345-c076-4ea1-a2e2-4ec1632ae117', 'dd522f03-2f52-4e82-b2f8-d7e0029cb82f', 80, '{}', 'cd38717c-6cf1-4cf4-b65e-d36feab4a4d7');
INSERT INTO public.processinputs (id, itemtypeid, quantity, meta, processid) VALUES ('9954e2c7-ecf2-4faa-9d90-4c45d9f835f6', '81d85ef2-bc24-408c-83b7-845fd2f53741', 6, '{}', '9560b295-fafa-4090-97f4-ffd7ea28f677');
INSERT INTO public.processinputs (id, itemtypeid, quantity, meta, processid) VALUES ('c9c0c7b3-10a2-402b-8814-7aab8ab7561a', '69d2ff19-70eb-4919-9579-2aa0f1ee2bc2', 70, '{}', '92f7af89-ba41-443a-97ef-306921de0e50');
INSERT INTO public.processinputs (id, itemtypeid, quantity, meta, processid) VALUES ('c377c00c-467e-4fae-8376-9f58c61e0f1e', '0cd04eea-a150-410c-91eb-6af00d8c6eae', 105, '{}', '5e68fb33-d183-4f55-ba23-371488a5f9ec');
INSERT INTO public.processinputs (id, itemtypeid, quantity, meta, processid) VALUES ('f78e616b-aa4e-43f4-8a89-ee241dd9bac4', '2ce48bef-f06b-4550-b20c-0e64864db051', 113, '{}', '5e68fb33-d183-4f55-ba23-371488a5f9ec');
INSERT INTO public.processinputs (id, itemtypeid, quantity, meta, processid) VALUES ('0b5e3f52-fa82-49c8-b2fb-4c72b26f20a1', '61f52ba3-654b-45cf-88e3-33399d12350d', 107, '{}', '5e68fb33-d183-4f55-ba23-371488a5f9ec');
INSERT INTO public.processinputs (id, itemtypeid, quantity, meta, processid) VALUES ('ac4d8b7f-d512-40d8-a3ff-a55517e62fb4', '39b8eedf-ef80-4c29-a4bf-99abc4d84fa6', 103, '{}', '5e68fb33-d183-4f55-ba23-371488a5f9ec');
INSERT INTO public.processinputs (id, itemtypeid, quantity, meta, processid) VALUES ('a22e54b2-ca69-4711-b36e-4ce3236eca1c', '24800206-2c58-45b0-8238-81974d0ebb3b', 2749, '{}', '5e68fb33-d183-4f55-ba23-371488a5f9ec');
INSERT INTO public.processinputs (id, itemtypeid, quantity, meta, processid) VALUES ('e9be39d0-ed62-4a6f-8124-c3f954739c31', 'dd522f03-2f52-4e82-b2f8-d7e0029cb82f', 439, '{}', '5e68fb33-d183-4f55-ba23-371488a5f9ec');
INSERT INTO public.processinputs (id, itemtypeid, quantity, meta, processid) VALUES ('83120a90-f84b-408e-9357-6c6b9a74f09f', 'e81879a5-ce08-485b-9c2d-d2354fa9ab44', 6, '{}', 'f79503cb-6e1d-464d-941b-0d633f7641bc');
INSERT INTO public.processinputs (id, itemtypeid, quantity, meta, processid) VALUES ('1811fa3d-c251-4190-bf7f-cd032c635cf3', '9777cd84-0f16-4b65-8ab3-e139a44b8fbc', 76, '{}', '3e19329c-049d-4882-95bd-48d0a23cb3ca');
INSERT INTO public.processinputs (id, itemtypeid, quantity, meta, processid) VALUES ('0a8ec67d-c903-433e-8d36-bff2e05871f3', '24800206-2c58-45b0-8238-81974d0ebb3b', 646, '{}', '46c6452e-8925-457d-868c-68e346879615');
INSERT INTO public.processinputs (id, itemtypeid, quantity, meta, processid) VALUES ('b06b96c0-0b40-43cd-af54-9039c8f2a0c1', '66b7a322-8cfc-4467-9410-492e6b58f159', 43, '{}', '46c6452e-8925-457d-868c-68e346879615');
INSERT INTO public.processinputs (id, itemtypeid, quantity, meta, processid) VALUES ('2eafc0ed-d163-4c5c-9202-355553bd72eb', '1d0d344b-ef28-43c8-a7a6-3275936b2dea', 44, '{}', '46c6452e-8925-457d-868c-68e346879615');
INSERT INTO public.processinputs (id, itemtypeid, quantity, meta, processid) VALUES ('d6d9aaba-c7f1-43d1-a775-b31d9bbc730b', '26a3fc9e-db2f-439d-a929-ba755d11d09c', 43, '{}', '46c6452e-8925-457d-868c-68e346879615');
INSERT INTO public.processinputs (id, itemtypeid, quantity, meta, processid) VALUES ('116acb42-090f-49dc-bc2f-773c7086e732', 'dd522f03-2f52-4e82-b2f8-d7e0029cb82f', 176, '{}', '46c6452e-8925-457d-868c-68e346879615');
INSERT INTO public.processinputs (id, itemtypeid, quantity, meta, processid) VALUES ('eaf47518-4340-4b70-923c-fa0204feaaca', '8d4dd8b0-da7d-4a6d-8d89-19018727f4ea', 5, '{}', 'f4edd146-80db-478e-905f-d09a3658b7e0');
INSERT INTO public.processinputs (id, itemtypeid, quantity, meta, processid) VALUES ('ea44117a-d858-4a8f-ae7c-2974016ea775', 'a033c394-10ae-4a50-8eec-7ee7ea43b321', 85, '{}', '9bfc1ed5-46ca-43d2-9bb8-addab03a9aa1');
INSERT INTO public.processinputs (id, itemtypeid, quantity, meta, processid) VALUES ('09b59874-c54e-4891-ac5c-0d77fdec2e1f', '61f52ba3-654b-45cf-88e3-33399d12350d', 96, '{}', '0fdfa185-6c03-4e86-9170-5e3006272dcb');
INSERT INTO public.processinputs (id, itemtypeid, quantity, meta, processid) VALUES ('31aa4999-c6c2-44f2-a630-0ea70245a4b2', '39b8eedf-ef80-4c29-a4bf-99abc4d84fa6', 91, '{}', '0fdfa185-6c03-4e86-9170-5e3006272dcb');
INSERT INTO public.processinputs (id, itemtypeid, quantity, meta, processid) VALUES ('8080df3a-9ef0-4d6c-af45-2632772ea9e1', '24800206-2c58-45b0-8238-81974d0ebb3b', 1767, '{}', '0fdfa185-6c03-4e86-9170-5e3006272dcb');
INSERT INTO public.processinputs (id, itemtypeid, quantity, meta, processid) VALUES ('f6b19898-a733-400d-a60e-3c85f0bd2863', 'dd522f03-2f52-4e82-b2f8-d7e0029cb82f', 381, '{}', '0fdfa185-6c03-4e86-9170-5e3006272dcb');
INSERT INTO public.processinputs (id, itemtypeid, quantity, meta, processid) VALUES ('9409a866-0815-4f74-baf3-f0eb22026ce2', '26a3fc9e-db2f-439d-a929-ba755d11d09c', 96, '{}', '0fdfa185-6c03-4e86-9170-5e3006272dcb');
INSERT INTO public.processinputs (id, itemtypeid, quantity, meta, processid) VALUES ('6b83b2c3-7f15-4a19-8b75-d9e89654bc2d', 'dd0c9b0a-279e-418e-b3b6-2f569fda0186', 86, '{}', '0fdfa185-6c03-4e86-9170-5e3006272dcb');
INSERT INTO public.processinputs (id, itemtypeid, quantity, meta, processid) VALUES ('9c0dc941-3f5e-4410-8b27-1fe5a0ec5720', 'a4207c53-5845-49c6-be8d-39686c6ea4e0', 3, '{}', '02d03aa7-8ce9-4b07-bc4a-9dc2aab84d1f');
INSERT INTO public.processinputs (id, itemtypeid, quantity, meta, processid) VALUES ('b3139a0d-8724-44cb-b386-45366aa5d648', '08814dee-d4d9-42df-a889-55dc8c75b303', 15, '{}', 'ea31918d-3035-41b8-a963-dd8a95160763');
INSERT INTO public.processinputs (id, itemtypeid, quantity, meta, processid) VALUES ('c4dc2460-2bc5-4089-99ac-43b4412584e1', '61f52ba3-654b-45cf-88e3-33399d12350d', 25, '{}', '8d3d7c77-0492-4e9a-b626-efb8440fe726');
INSERT INTO public.processinputs (id, itemtypeid, quantity, meta, processid) VALUES ('249b2680-1c02-4ad4-b966-8321cb2a6197', '66b7a322-8cfc-4467-9410-492e6b58f159', 19, '{}', '8d3d7c77-0492-4e9a-b626-efb8440fe726');
INSERT INTO public.processinputs (id, itemtypeid, quantity, meta, processid) VALUES ('33aceb08-268e-4ab9-85bd-0ea41397f578', '1d0d344b-ef28-43c8-a7a6-3275936b2dea', 19, '{}', '8d3d7c77-0492-4e9a-b626-efb8440fe726');
INSERT INTO public.processinputs (id, itemtypeid, quantity, meta, processid) VALUES ('ace9beaa-e6a7-42b8-98c4-72f8963d2f13', '24800206-2c58-45b0-8238-81974d0ebb3b', 2529, '{}', '8d3d7c77-0492-4e9a-b626-efb8440fe726');
INSERT INTO public.processinputs (id, itemtypeid, quantity, meta, processid) VALUES ('dfb5c49e-2bae-48d0-8e17-2a3c4823d12e', '39b8eedf-ef80-4c29-a4bf-99abc4d84fa6', 22, '{}', '8d3d7c77-0492-4e9a-b626-efb8440fe726');
INSERT INTO public.processinputs (id, itemtypeid, quantity, meta, processid) VALUES ('07bd656c-9c29-43a6-9a62-cc332d07ee47', '2ce48bef-f06b-4550-b20c-0e64864db051', 22, '{}', '8d3d7c77-0492-4e9a-b626-efb8440fe726');
INSERT INTO public.processinputs (id, itemtypeid, quantity, meta, processid) VALUES ('1f84bd14-70b2-4388-94a4-3fdaa132549f', 'dd522f03-2f52-4e82-b2f8-d7e0029cb82f', 107, '{}', '8d3d7c77-0492-4e9a-b626-efb8440fe726');
INSERT INTO public.processinputs (id, itemtypeid, quantity, meta, processid) VALUES ('b5f44456-3996-4ecf-bfd7-33a9150b70cf', '26a3fc9e-db2f-439d-a929-ba755d11d09c', 25, '{}', '8d3d7c77-0492-4e9a-b626-efb8440fe726');
INSERT INTO public.processinputs (id, itemtypeid, quantity, meta, processid) VALUES ('e8142e64-e8d9-481f-a5f2-fa5d046c1f39', '6298f4ab-a3d9-4b97-8f06-0b1302ef2a2e', 9, '{}', '9b0eb4e1-c87b-4a62-8777-ea5103aab6a6');
INSERT INTO public.processinputs (id, itemtypeid, quantity, meta, processid) VALUES ('14b6786d-af72-483b-8c9b-e3dbef4e19f3', 'fe071049-81a6-4d51-8660-e0a3c32b3853', 52, '{}', 'a6fc8ba8-9cfc-4305-8067-90797f34e3eb');
INSERT INTO public.processinputs (id, itemtypeid, quantity, meta, processid) VALUES ('cbece7a5-ef3b-4ff7-852d-7acad114fc40', '39b8eedf-ef80-4c29-a4bf-99abc4d84fa6', 115, '{}', '7dc9212b-70cb-429d-9ff7-38a73495f7a4');
INSERT INTO public.processinputs (id, itemtypeid, quantity, meta, processid) VALUES ('0b5937fb-ecb4-4675-8939-3b4d6a486b43', 'dd522f03-2f52-4e82-b2f8-d7e0029cb82f', 420, '{}', '7dc9212b-70cb-429d-9ff7-38a73495f7a4');
INSERT INTO public.processinputs (id, itemtypeid, quantity, meta, processid) VALUES ('ae3974cd-8bfd-459b-b291-a0a8eb77fe2b', '24800206-2c58-45b0-8238-81974d0ebb3b', 1365, '{}', '7dc9212b-70cb-429d-9ff7-38a73495f7a4');
INSERT INTO public.processinputs (id, itemtypeid, quantity, meta, processid) VALUES ('bbfe1acd-61eb-4da1-b732-6b2b797dec08', 'dd0c9b0a-279e-418e-b3b6-2f569fda0186', 117, '{}', '7dc9212b-70cb-429d-9ff7-38a73495f7a4');
INSERT INTO public.processinputs (id, itemtypeid, quantity, meta, processid) VALUES ('0e7ff2aa-d3c9-401d-9a26-791c0f3725b7', '2ce48bef-f06b-4550-b20c-0e64864db051', 113, '{}', '7dc9212b-70cb-429d-9ff7-38a73495f7a4');
INSERT INTO public.processinputs (id, itemtypeid, quantity, meta, processid) VALUES ('2c8bd937-1aac-47b3-ac58-4e8f22df3084', 'cd573798-73bb-4574-9d74-13d50b555f00', 9, '{}', 'a80dd315-7630-4f21-9001-2d97f6d1c9da');
INSERT INTO public.processinputs (id, itemtypeid, quantity, meta, processid) VALUES ('a6d59742-8130-431d-9013-35e2cb9ff234', '4e407b59-74bb-42a0-85a5-9a6685574e7b', 31, '{}', '226829a8-bcbd-4735-bcc5-fab5b81f709e');
INSERT INTO public.processinputs (id, itemtypeid, quantity, meta, processid) VALUES ('f05dd300-4339-4d0c-8ad6-b89275303b49', '1d0d344b-ef28-43c8-a7a6-3275936b2dea', 15, '{}', '89bf5762-d48e-4734-891d-d3ba92e166b5');
INSERT INTO public.processinputs (id, itemtypeid, quantity, meta, processid) VALUES ('9f7f1fd1-b4ca-4c70-8763-3b761812e8b5', 'dd522f03-2f52-4e82-b2f8-d7e0029cb82f', 44, '{}', '89bf5762-d48e-4734-891d-d3ba92e166b5');
INSERT INTO public.processinputs (id, itemtypeid, quantity, meta, processid) VALUES ('4670d738-fb91-4eb5-af7b-1cf947bc2656', '26a3fc9e-db2f-439d-a929-ba755d11d09c', 13, '{}', '89bf5762-d48e-4734-891d-d3ba92e166b5');
INSERT INTO public.processinputs (id, itemtypeid, quantity, meta, processid) VALUES ('53124f60-6367-4ea3-ab3f-414bb5264c4d', '24800206-2c58-45b0-8238-81974d0ebb3b', 918, '{}', '89bf5762-d48e-4734-891d-d3ba92e166b5');
INSERT INTO public.processinputs (id, itemtypeid, quantity, meta, processid) VALUES ('4b8c5979-4d00-4519-98fb-0f3a98b37ee9', '66b7a322-8cfc-4467-9410-492e6b58f159', 5, '{}', '89bf5762-d48e-4734-891d-d3ba92e166b5');
INSERT INTO public.processinputs (id, itemtypeid, quantity, meta, processid) VALUES ('f8e1fa84-6dda-4d22-9515-dce40958b649', '2ce48bef-f06b-4550-b20c-0e64864db051', 11, '{}', '89bf5762-d48e-4734-891d-d3ba92e166b5');
INSERT INTO public.processinputs (id, itemtypeid, quantity, meta, processid) VALUES ('a07deb1d-f695-4a5f-a0cf-e003b9f2e761', 'dd0c9b0a-279e-418e-b3b6-2f569fda0186', 9, '{}', '89bf5762-d48e-4734-891d-d3ba92e166b5');
INSERT INTO public.processinputs (id, itemtypeid, quantity, meta, processid) VALUES ('edd1bc9e-9c73-4155-a06b-b65b28ef3a96', '7d1ebc50-78c1-4c95-89c5-040f08b1ac9d', 4, '{}', '7c903711-02ef-495c-b91b-042bd7a1b1dd');
INSERT INTO public.processinputs (id, itemtypeid, quantity, meta, processid) VALUES ('a67a8e92-04c4-4f48-b481-55c411048d51', 'fab39b1f-bab3-4cd2-9b80-e7e48f35fe9d', 112, '{}', '2ac1dd22-e3fa-4bac-ab8b-f5b073a3d4d4');
INSERT INTO public.processinputs (id, itemtypeid, quantity, meta, processid) VALUES ('123b603f-4fb4-4a82-bad8-3a0ccb2d8701', '24800206-2c58-45b0-8238-81974d0ebb3b', 283, '{}', '0e788c69-3349-4f49-8856-cc15dc2254ed');
INSERT INTO public.processinputs (id, itemtypeid, quantity, meta, processid) VALUES ('4e2ab016-5780-441a-baf5-7851556c81e0', 'dd522f03-2f52-4e82-b2f8-d7e0029cb82f', 57, '{}', '0e788c69-3349-4f49-8856-cc15dc2254ed');
INSERT INTO public.processinputs (id, itemtypeid, quantity, meta, processid) VALUES ('5877b7a6-0f26-46c7-b81a-6145ece8b8dc', 'dd0c9b0a-279e-418e-b3b6-2f569fda0186', 10, '{}', '0e788c69-3349-4f49-8856-cc15dc2254ed');
INSERT INTO public.processinputs (id, itemtypeid, quantity, meta, processid) VALUES ('3891b94b-c9e8-4dd0-8023-bab354e89547', '66b7a322-8cfc-4467-9410-492e6b58f159', 15, '{}', '0e788c69-3349-4f49-8856-cc15dc2254ed');
INSERT INTO public.processinputs (id, itemtypeid, quantity, meta, processid) VALUES ('4b37eb05-c923-47d4-b4b8-802b6220a880', '2ce48bef-f06b-4550-b20c-0e64864db051', 15, '{}', '0e788c69-3349-4f49-8856-cc15dc2254ed');
INSERT INTO public.processinputs (id, itemtypeid, quantity, meta, processid) VALUES ('a9b06e58-f8d1-4f76-ae56-626867d52671', '61f52ba3-654b-45cf-88e3-33399d12350d', 12, '{}', '0e788c69-3349-4f49-8856-cc15dc2254ed');
INSERT INTO public.processinputs (id, itemtypeid, quantity, meta, processid) VALUES ('30d85c3c-e0a0-4948-a0da-5440e6448524', '26a3fc9e-db2f-439d-a929-ba755d11d09c', 12, '{}', '0e788c69-3349-4f49-8856-cc15dc2254ed');
INSERT INTO public.processinputs (id, itemtypeid, quantity, meta, processid) VALUES ('3acaa8ab-4719-4809-92f9-915915cc318c', '1d22443c-606e-4858-bb72-7a0921afb274', 8, '{}', '397d1381-b201-4392-a47f-bc3849d228d2');
INSERT INTO public.processinputs (id, itemtypeid, quantity, meta, processid) VALUES ('ade54a8f-167e-499c-8aa9-3c0a135eb522', '79c53950-624f-437b-b277-5007bf843a7a', 65, '{}', 'f207b43c-d393-43bc-8dd6-6abd50820991');
INSERT INTO public.processinputs (id, itemtypeid, quantity, meta, processid) VALUES ('b8276aec-7a42-4799-84ea-79c0d615c38e', '66b7a322-8cfc-4467-9410-492e6b58f159', 8, '{}', '06d84459-6c9e-4989-afb0-6eddc4c8d99e');
INSERT INTO public.processinputs (id, itemtypeid, quantity, meta, processid) VALUES ('22624e71-07e6-43d1-aefe-ba218194ef4e', '26a3fc9e-db2f-439d-a929-ba755d11d09c', 1, '{}', '06d84459-6c9e-4989-afb0-6eddc4c8d99e');
INSERT INTO public.processinputs (id, itemtypeid, quantity, meta, processid) VALUES ('b864bb02-198e-47e5-ada1-8ddd4fbd7e16', '61f52ba3-654b-45cf-88e3-33399d12350d', 2, '{}', '06d84459-6c9e-4989-afb0-6eddc4c8d99e');
INSERT INTO public.processinputs (id, itemtypeid, quantity, meta, processid) VALUES ('556de0d6-0f0a-44db-8437-050c6cbd65a5', '24800206-2c58-45b0-8238-81974d0ebb3b', 46, '{}', '06d84459-6c9e-4989-afb0-6eddc4c8d99e');
INSERT INTO public.processinputs (id, itemtypeid, quantity, meta, processid) VALUES ('89acffdb-f27f-4589-927c-13f49b9ca4d6', 'dd522f03-2f52-4e82-b2f8-d7e0029cb82f', 14, '{}', '06d84459-6c9e-4989-afb0-6eddc4c8d99e');
INSERT INTO public.processinputs (id, itemtypeid, quantity, meta, processid) VALUES ('9a5d0b17-e568-4658-91c1-fc393e873bad', 'a6dadc77-2b28-4168-8f32-8c4941e76331', 3, '{}', '2828a3b4-8e50-4ae8-b37b-fceb51bb919b');
INSERT INTO public.processinputs (id, itemtypeid, quantity, meta, processid) VALUES ('9fed8de9-7d16-4b8a-9160-55ea4a8c648c', 'dd980070-1f58-4e2e-a997-5aed73a38c80', 41, '{}', '3dd3e6d4-328e-4067-872b-1bb1f028f24a');
INSERT INTO public.processinputs (id, itemtypeid, quantity, meta, processid) VALUES ('5c6d41dc-f430-49b7-ab36-7208d6dcf2e5', 'dd522f03-2f52-4e82-b2f8-d7e0029cb82f', 95, '{}', 'dfab7d0b-0dac-4410-b8c8-d67bab40e76b');
INSERT INTO public.processinputs (id, itemtypeid, quantity, meta, processid) VALUES ('45be710c-38ae-4fa3-933e-a12a599420eb', '66b7a322-8cfc-4467-9410-492e6b58f159', 21, '{}', 'dfab7d0b-0dac-4410-b8c8-d67bab40e76b');
INSERT INTO public.processinputs (id, itemtypeid, quantity, meta, processid) VALUES ('7660c3ef-a521-4a89-be1e-a9aafa59c24b', '24800206-2c58-45b0-8238-81974d0ebb3b', 596, '{}', 'dfab7d0b-0dac-4410-b8c8-d67bab40e76b');
INSERT INTO public.processinputs (id, itemtypeid, quantity, meta, processid) VALUES ('4587bc92-949a-4ecc-ad31-0ab15b30ead1', 'fb18f06b-7712-49c1-9953-e36c72250577', 6, '{}', 'ae9d2ac3-92dc-4b55-9764-9a4f0483b1db');
INSERT INTO public.processinputs (id, itemtypeid, quantity, meta, processid) VALUES ('67c02ebf-0fef-4cd8-8941-5fa3bd5b66dd', '6789f483-7a7c-49a1-a5a1-4509ecdeea5d', 5, '{}', '73b0c59f-4318-4c9e-a689-52ef02ccdce9');
INSERT INTO public.processinputs (id, itemtypeid, quantity, meta, processid) VALUES ('af20301c-dde9-454e-b474-460c5e4acd4d', '24800206-2c58-45b0-8238-81974d0ebb3b', 851, '{}', 'e4f4f28f-0111-41f5-8197-47680ac830bb');
INSERT INTO public.processinputs (id, itemtypeid, quantity, meta, processid) VALUES ('72a3672a-29b3-40d5-95f9-f5ff4c429217', '66b7a322-8cfc-4467-9410-492e6b58f159', 8, '{}', 'e4f4f28f-0111-41f5-8197-47680ac830bb');
INSERT INTO public.processinputs (id, itemtypeid, quantity, meta, processid) VALUES ('d80f32f9-3d77-4efd-9b04-9273adac2cec', '2ce48bef-f06b-4550-b20c-0e64864db051', 10, '{}', 'e4f4f28f-0111-41f5-8197-47680ac830bb');
INSERT INTO public.processinputs (id, itemtypeid, quantity, meta, processid) VALUES ('17cc3b1f-62d5-4b5b-8cfd-696158bc7f98', 'dd522f03-2f52-4e82-b2f8-d7e0029cb82f', 49, '{}', 'e4f4f28f-0111-41f5-8197-47680ac830bb');
INSERT INTO public.processinputs (id, itemtypeid, quantity, meta, processid) VALUES ('4b558634-98e1-466d-82df-3e6bda0bb102', '605a9861-79a8-485f-b807-e5084890d941', 9, '{}', '8de2cabb-025f-436b-a5b3-3e73440660a9');
INSERT INTO public.processinputs (id, itemtypeid, quantity, meta, processid) VALUES ('05fb6fb5-2ccd-43cb-828e-6195d4b22450', '9e59a1e2-a680-4ad4-9881-97ce9f8d7464', 11, '{}', '33c23426-cc47-44ac-81b4-64a7a31ec5b6');
INSERT INTO public.processinputs (id, itemtypeid, quantity, meta, processid) VALUES ('8aee6821-b1ce-42e8-a7ec-becbad6e6389', '24800206-2c58-45b0-8238-81974d0ebb3b', 2616, '{}', '45986a3d-bc22-4bb7-b224-dce4c480063f');
INSERT INTO public.processinputs (id, itemtypeid, quantity, meta, processid) VALUES ('777efc32-77ed-4ed6-9e20-50a2510ad524', 'dd522f03-2f52-4e82-b2f8-d7e0029cb82f', 270, '{}', '45986a3d-bc22-4bb7-b224-dce4c480063f');
INSERT INTO public.processinputs (id, itemtypeid, quantity, meta, processid) VALUES ('d539d8b3-4236-491e-8aa5-f25eb2dbc804', '66b7a322-8cfc-4467-9410-492e6b58f159', 54, '{}', '45986a3d-bc22-4bb7-b224-dce4c480063f');
INSERT INTO public.processinputs (id, itemtypeid, quantity, meta, processid) VALUES ('bd81b78c-039d-446d-bfe9-e29eae5eb855', '2ce48bef-f06b-4550-b20c-0e64864db051', 77, '{}', '45986a3d-bc22-4bb7-b224-dce4c480063f');
INSERT INTO public.processinputs (id, itemtypeid, quantity, meta, processid) VALUES ('88a83c6c-2f2c-48e8-96e8-86a0f78156e8', '4c393eeb-6e65-4042-8ed2-5f68647d6691', 3, '{}', '5c0cdc5b-160d-498d-b208-721ad5fc84fe');
INSERT INTO public.processinputs (id, itemtypeid, quantity, meta, processid) VALUES ('694af029-a977-498d-ab5b-79c27081f6ad', '434d961e-09a3-4ba7-90d5-aa702c4e5fdf', 99, '{}', '926854c9-6d86-4bf9-bf62-8913c5acaf62');
INSERT INTO public.processinputs (id, itemtypeid, quantity, meta, processid) VALUES ('f40f9ef7-aae9-46ad-8300-84b649de303a', '24800206-2c58-45b0-8238-81974d0ebb3b', 339, '{}', '8f37b706-ea0f-4b20-a4ec-1927f8f9db3f');
INSERT INTO public.processinputs (id, itemtypeid, quantity, meta, processid) VALUES ('e8dd47e8-7aae-4863-b018-2f0644a79097', 'dd522f03-2f52-4e82-b2f8-d7e0029cb82f', 145, '{}', '8f37b706-ea0f-4b20-a4ec-1927f8f9db3f');
INSERT INTO public.processinputs (id, itemtypeid, quantity, meta, processid) VALUES ('5d66d632-6d38-49ba-81a5-97103ee05ec8', '66b7a322-8cfc-4467-9410-492e6b58f159', 36, '{}', '8f37b706-ea0f-4b20-a4ec-1927f8f9db3f');
INSERT INTO public.processinputs (id, itemtypeid, quantity, meta, processid) VALUES ('0a2fa29b-0202-4e92-ab96-9ad4c49fd2aa', '2608094f-8b45-42e0-8f7a-347de4bb5bc7', 8, '{}', 'd2dd762e-c6bb-4fe1-b7d5-a9a8801a43e9');
INSERT INTO public.processinputs (id, itemtypeid, quantity, meta, processid) VALUES ('c1ecde76-c2df-4ded-a9dd-87ad73a08fda', '06afcde3-3c8a-4d9f-9e31-7e4a6c75bbd8', 141, '{}', '8e2560fe-4dda-4a9b-b509-4725eac42bb7');
INSERT INTO public.processinputs (id, itemtypeid, quantity, meta, processid) VALUES ('01b26245-9401-4647-9705-39a1d97d1ae8', '24800206-2c58-45b0-8238-81974d0ebb3b', 10793, '{}', 'f46020a1-8c36-40f3-bc2e-79cf1b6e8402');
INSERT INTO public.processinputs (id, itemtypeid, quantity, meta, processid) VALUES ('48237307-9a42-4ea5-8308-d6df3f2992c5', 'dd522f03-2f52-4e82-b2f8-d7e0029cb82f', 859, '{}', 'f46020a1-8c36-40f3-bc2e-79cf1b6e8402');
INSERT INTO public.processinputs (id, itemtypeid, quantity, meta, processid) VALUES ('f244eb49-eb71-46ab-821a-55a7c232aa83', '61f52ba3-654b-45cf-88e3-33399d12350d', 224, '{}', 'f46020a1-8c36-40f3-bc2e-79cf1b6e8402');
INSERT INTO public.processinputs (id, itemtypeid, quantity, meta, processid) VALUES ('b706d70d-70f3-4822-a674-00a30493207b', '66b7a322-8cfc-4467-9410-492e6b58f159', 217, '{}', 'f46020a1-8c36-40f3-bc2e-79cf1b6e8402');
INSERT INTO public.processinputs (id, itemtypeid, quantity, meta, processid) VALUES ('fc76d767-d791-476a-9f3b-8b1bef8ec715', 'a96dc5e1-a626-45a6-96ed-ed6e13843a92', 3, '{}', '32b041ba-59f9-4244-bbdb-cd40e810b8f8');
INSERT INTO public.processinputs (id, itemtypeid, quantity, meta, processid) VALUES ('025c28ff-7de4-49ec-9897-561d6cac7978', 'bbe920ec-2796-4cd3-9a94-1ece8aff5d9b', 175, '{}', '4187e378-1e97-470b-9f88-0383262a48ac');
INSERT INTO public.processinputs (id, itemtypeid, quantity, meta, processid) VALUES ('93259939-aa2c-40a9-8eb9-00f5b75b0ca9', '66b7a322-8cfc-4467-9410-492e6b58f159', 91, '{}', '80d2acff-f30a-4749-b77b-02bc234ec0aa');
INSERT INTO public.processinputs (id, itemtypeid, quantity, meta, processid) VALUES ('5c43079d-389e-411a-ad65-2bc1ed72873a', '24800206-2c58-45b0-8238-81974d0ebb3b', 4405, '{}', '80d2acff-f30a-4749-b77b-02bc234ec0aa');
INSERT INTO public.processinputs (id, itemtypeid, quantity, meta, processid) VALUES ('ccb5ff3f-edaf-41b1-bd62-f96aab5ff941', 'dd522f03-2f52-4e82-b2f8-d7e0029cb82f', 390, '{}', '80d2acff-f30a-4749-b77b-02bc234ec0aa');
INSERT INTO public.processinputs (id, itemtypeid, quantity, meta, processid) VALUES ('91d4336b-128d-4b90-8c3b-e6a35aac06b8', '61f52ba3-654b-45cf-88e3-33399d12350d', 80, '{}', '80d2acff-f30a-4749-b77b-02bc234ec0aa');
INSERT INTO public.processinputs (id, itemtypeid, quantity, meta, processid) VALUES ('5bead506-3460-4b9e-bdc6-0026c82e1199', 'a6e164a0-43b3-4541-b264-840a98310cde', 5, '{}', '75bebf4c-aa57-480f-b2f7-529b9fd86b02');
INSERT INTO public.processinputs (id, itemtypeid, quantity, meta, processid) VALUES ('59f17424-cc0b-475e-b2e3-186f8c3d1256', '94564bab-844a-4393-8f2a-3dd7fcf65df0', 40, '{}', 'c420bc97-a8cb-4423-8746-7e830f8ba770');
INSERT INTO public.processinputs (id, itemtypeid, quantity, meta, processid) VALUES ('499ac179-8c67-495a-b5a1-6f0b3bb901ad', '1d0d344b-ef28-43c8-a7a6-3275936b2dea', 214, '{}', '96649f3c-80b4-448e-9c20-0d32e8444b01');
INSERT INTO public.processinputs (id, itemtypeid, quantity, meta, processid) VALUES ('d626409a-b10b-4fd2-b5f9-6e166dae175f', '39b8eedf-ef80-4c29-a4bf-99abc4d84fa6', 201, '{}', '96649f3c-80b4-448e-9c20-0d32e8444b01');
INSERT INTO public.processinputs (id, itemtypeid, quantity, meta, processid) VALUES ('2f76bb40-a693-4eda-8306-44cead14894e', '26a3fc9e-db2f-439d-a929-ba755d11d09c', 225, '{}', '96649f3c-80b4-448e-9c20-0d32e8444b01');
INSERT INTO public.processinputs (id, itemtypeid, quantity, meta, processid) VALUES ('bf033803-e9e8-4f7c-915a-70761ba63efc', '61f52ba3-654b-45cf-88e3-33399d12350d', 218, '{}', '96649f3c-80b4-448e-9c20-0d32e8444b01');
INSERT INTO public.processinputs (id, itemtypeid, quantity, meta, processid) VALUES ('8c171450-10a6-496f-afd8-f00ecc36c1a5', 'dd0c9b0a-279e-418e-b3b6-2f569fda0186', 195, '{}', '96649f3c-80b4-448e-9c20-0d32e8444b01');
INSERT INTO public.processinputs (id, itemtypeid, quantity, meta, processid) VALUES ('a5002958-6e8a-46e0-b74c-e043cfe44ce5', 'dd522f03-2f52-4e82-b2f8-d7e0029cb82f', 906, '{}', '96649f3c-80b4-448e-9c20-0d32e8444b01');
INSERT INTO public.processinputs (id, itemtypeid, quantity, meta, processid) VALUES ('a4577ecb-042b-4657-b4ce-d15cc44df3d0', '24800206-2c58-45b0-8238-81974d0ebb3b', 1166, '{}', '96649f3c-80b4-448e-9c20-0d32e8444b01');
INSERT INTO public.processinputs (id, itemtypeid, quantity, meta, processid) VALUES ('eff9aaff-a806-40af-8bad-a0af6187af54', '89d476fc-9829-44e4-9112-e4ccbf8dc189', 2, '{}', 'baa44692-b252-43e6-b97b-6f4b25eca429');
INSERT INTO public.processinputs (id, itemtypeid, quantity, meta, processid) VALUES ('3c8d84f5-3ced-4a73-9f05-0132b5360c08', '1c23cca8-3079-4247-90cf-34b9196c2428', 11, '{}', '1b06080e-bd9b-43a1-8fc3-3a4a0e1985f0');
INSERT INTO public.processinputs (id, itemtypeid, quantity, meta, processid) VALUES ('0b5a98fc-0d81-433d-a2ca-638b449ee740', '66b7a322-8cfc-4467-9410-492e6b58f159', 7, '{}', '7ca07f05-4fae-4641-8c70-750316b08b2b');
INSERT INTO public.processinputs (id, itemtypeid, quantity, meta, processid) VALUES ('782cb406-5513-4c08-806c-8fa5d8ea6406', '7dcd5138-d7e0-419f-867a-6f0f23b99b5b', 7, '{}', '7ca07f05-4fae-4641-8c70-750316b08b2b');
INSERT INTO public.processinputs (id, itemtypeid, quantity, meta, processid) VALUES ('e83c9b96-9f24-49ab-8185-0d9d3370e16f', '1d0d344b-ef28-43c8-a7a6-3275936b2dea', 6, '{}', '7ca07f05-4fae-4641-8c70-750316b08b2b');
INSERT INTO public.processinputs (id, itemtypeid, quantity, meta, processid) VALUES ('0045bb9c-6b3d-420e-ac47-f951336ea967', '56617d30-6c30-425c-84bf-2484ae8c1156', 5, '{}', '7ca07f05-4fae-4641-8c70-750316b08b2b');
INSERT INTO public.processinputs (id, itemtypeid, quantity, meta, processid) VALUES ('4b6cd95f-c902-4537-87d8-1fe0d0bc1eca', '2ce48bef-f06b-4550-b20c-0e64864db051', 5, '{}', '7ca07f05-4fae-4641-8c70-750316b08b2b');
INSERT INTO public.processinputs (id, itemtypeid, quantity, meta, processid) VALUES ('1afff700-8309-4c1c-80a7-f8a95bfa8498', '24800206-2c58-45b0-8238-81974d0ebb3b', 152, '{}', '7ca07f05-4fae-4641-8c70-750316b08b2b');
INSERT INTO public.processinputs (id, itemtypeid, quantity, meta, processid) VALUES ('f80072aa-d981-4866-93c3-b01787041312', '39b8eedf-ef80-4c29-a4bf-99abc4d84fa6', 4, '{}', '7ca07f05-4fae-4641-8c70-750316b08b2b');
INSERT INTO public.processinputs (id, itemtypeid, quantity, meta, processid) VALUES ('786a6a47-0725-4e5d-bc77-f9f45dfe688a', '26a3fc9e-db2f-439d-a929-ba755d11d09c', 5, '{}', '7ca07f05-4fae-4641-8c70-750316b08b2b');
INSERT INTO public.processinputs (id, itemtypeid, quantity, meta, processid) VALUES ('140203d3-69fb-4924-8c83-69e24cbfb4d0', '61f52ba3-654b-45cf-88e3-33399d12350d', 8, '{}', '7ca07f05-4fae-4641-8c70-750316b08b2b');
INSERT INTO public.processinputs (id, itemtypeid, quantity, meta, processid) VALUES ('7c5235db-b32f-49cb-b249-f9fe99ff0c48', 'dd522f03-2f52-4e82-b2f8-d7e0029cb82f', 25, '{}', '7ca07f05-4fae-4641-8c70-750316b08b2b');

-- core item type process outputs
INSERT INTO public.processoutputs (id, itemtypeid, quantity, meta, processid) VALUES ('c57f007b-99c5-465a-8bc0-d4c184b1978a', '3026e095-e296-4ecb-b13e-36f1f8c5cd53', 3, '{}', '9d3c6e89-6adb-4417-9b4c-8a02da0817ca');
INSERT INTO public.processoutputs (id, itemtypeid, quantity, meta, processid) VALUES ('709b1c62-594b-46b5-a9ab-3a51c80c9b36', '5c1049c4-f631-4066-9f2a-b0798b2c4399', 411, '{}', '5b558608-de22-4f11-b7c0-709132fac132');
INSERT INTO public.processoutputs (id, itemtypeid, quantity, meta, processid) VALUES ('7f231288-c844-42b3-8747-f2074fac896a', '242b4af2-1384-4976-a8c2-3b0561398341', 9, '{}', '5b558608-de22-4f11-b7c0-709132fac132');
INSERT INTO public.processoutputs (id, itemtypeid, quantity, meta, processid) VALUES ('cfa1f400-4e28-4eed-b188-efccfa942330', 'd75692eb-b0e3-4975-bf36-39ca71544288', 1, '{}', '6d23d3f3-60fb-434a-85e5-e6a5062bf9a3');
INSERT INTO public.processoutputs (id, itemtypeid, quantity, meta, processid) VALUES ('d1235382-02c3-495f-94e6-319eae01c14b', '5c1049c4-f631-4066-9f2a-b0798b2c4399', 88, '{}', 'de17c2c2-cf21-42ab-92ad-9d909c3b17c5');
INSERT INTO public.processoutputs (id, itemtypeid, quantity, meta, processid) VALUES ('298a6c1e-d567-48f7-aced-716113860b70', 'caa1322a-0c9e-4d8a-9a3b-00dc2e41cc76', 5, '{}', 'de17c2c2-cf21-42ab-92ad-9d909c3b17c5');
INSERT INTO public.processoutputs (id, itemtypeid, quantity, meta, processid) VALUES ('63b78c97-9bf3-4d92-9dd9-91ab780e1e55', '35843339-7284-43d5-914c-15b277989824', 9, '{}', '6627976a-d37c-4ed6-b3d5-8bfa778937fe');
INSERT INTO public.processoutputs (id, itemtypeid, quantity, meta, processid) VALUES ('fdc894a7-ef8a-4432-8f90-7571d81cc985', '5c1049c4-f631-4066-9f2a-b0798b2c4399', 329, '{}', '5caecb43-1d50-4f45-80bf-1c12c56ad271');
INSERT INTO public.processoutputs (id, itemtypeid, quantity, meta, processid) VALUES ('cd41e8c2-ad60-4c55-ac6d-24e11906573a', 'dd5c00b9-be4f-4802-8a34-1da41118b3e0', 40, '{}', '5caecb43-1d50-4f45-80bf-1c12c56ad271');
INSERT INTO public.processoutputs (id, itemtypeid, quantity, meta, processid) VALUES ('af8d73c6-5420-4387-a8a2-2174e8309b59', '6839c8ae-7fa7-4a2e-98cb-9beffc8dedd3', 9, '{}', '5176216b-899b-40a1-a588-5067bca11be7');
INSERT INTO public.processoutputs (id, itemtypeid, quantity, meta, processid) VALUES ('7b8d46f8-968b-4268-9d09-3d122e468a46', '5c1049c4-f631-4066-9f2a-b0798b2c4399', 1240, '{}', 'cd38717c-6cf1-4cf4-b65e-d36feab4a4d7');
INSERT INTO public.processoutputs (id, itemtypeid, quantity, meta, processid) VALUES ('be2aef8b-ec8c-4eed-899c-bf11e24a1c6d', 'beee1d44-6818-48a0-b7c2-7bd123f989d5', 45, '{}', 'cd38717c-6cf1-4cf4-b65e-d36feab4a4d7');
INSERT INTO public.processoutputs (id, itemtypeid, quantity, meta, processid) VALUES ('afe8d5b8-3175-4442-b340-282c391e6611', '81d85ef2-bc24-408c-83b7-845fd2f53741', 3, '{}', 'f75e397e-9d64-411e-a656-9eb8474c1115');
INSERT INTO public.processoutputs (id, itemtypeid, quantity, meta, processid) VALUES ('f47d5936-a6b5-462c-9808-e3aa2871a475', '5c1049c4-f631-4066-9f2a-b0798b2c4399', 2749, '{}', '5e68fb33-d183-4f55-ba23-371488a5f9ec');
INSERT INTO public.processoutputs (id, itemtypeid, quantity, meta, processid) VALUES ('722bd4d0-0ab9-4918-a3e3-ac95e98e747c', '69d2ff19-70eb-4919-9579-2aa0f1ee2bc2', 60, '{}', '5e68fb33-d183-4f55-ba23-371488a5f9ec');
INSERT INTO public.processoutputs (id, itemtypeid, quantity, meta, processid) VALUES ('df7a52b3-3f7a-48d9-817d-0e3f74200098', 'e81879a5-ce08-485b-9c2d-d2354fa9ab44', 6, '{}', 'fd3c667f-1a3b-4994-a68d-e9c49ca536a6');
INSERT INTO public.processoutputs (id, itemtypeid, quantity, meta, processid) VALUES ('2f4b0954-b669-457e-b253-68922c714d45', '5c1049c4-f631-4066-9f2a-b0798b2c4399', 646, '{}', '46c6452e-8925-457d-868c-68e346879615');
INSERT INTO public.processoutputs (id, itemtypeid, quantity, meta, processid) VALUES ('0cb8a890-433b-4e4e-b0fe-fb988bbf4ea0', '9777cd84-0f16-4b65-8ab3-e139a44b8fbc', 90, '{}', '46c6452e-8925-457d-868c-68e346879615');
INSERT INTO public.processoutputs (id, itemtypeid, quantity, meta, processid) VALUES ('83e75dcd-c2e6-48d8-84b5-af210e1618aa', '8d4dd8b0-da7d-4a6d-8d89-19018727f4ea', 8, '{}', 'f6d3389a-e23f-440a-bcfc-96316aefe8e6');
INSERT INTO public.processoutputs (id, itemtypeid, quantity, meta, processid) VALUES ('1391727d-46e8-4001-8b69-0baa76e68758', '5c1049c4-f631-4066-9f2a-b0798b2c4399', 1767, '{}', '0fdfa185-6c03-4e86-9170-5e3006272dcb');
INSERT INTO public.processoutputs (id, itemtypeid, quantity, meta, processid) VALUES ('3891be32-761b-4ef8-8e8f-af8797daef13', 'a033c394-10ae-4a50-8eec-7ee7ea43b321', 95, '{}', '0fdfa185-6c03-4e86-9170-5e3006272dcb');
INSERT INTO public.processoutputs (id, itemtypeid, quantity, meta, processid) VALUES ('4ca8e041-68fe-408d-959b-d4367d83acef', 'a4207c53-5845-49c6-be8d-39686c6ea4e0', 8, '{}', '46126ae4-0e00-4b34-b64a-cbd6ab9d9496');
INSERT INTO public.processoutputs (id, itemtypeid, quantity, meta, processid) VALUES ('4034a560-2161-4f43-bd50-7bd8e1606a4c', '08814dee-d4d9-42df-a889-55dc8c75b303', 30, '{}', '8d3d7c77-0492-4e9a-b626-efb8440fe726');
INSERT INTO public.processoutputs (id, itemtypeid, quantity, meta, processid) VALUES ('446125a4-5977-4ba0-a216-f9878ec11615', '5c1049c4-f631-4066-9f2a-b0798b2c4399', 2529, '{}', '8d3d7c77-0492-4e9a-b626-efb8440fe726');
INSERT INTO public.processoutputs (id, itemtypeid, quantity, meta, processid) VALUES ('08596396-f22b-4800-96ad-d3c4c3d8cf80', '6298f4ab-a3d9-4b97-8f06-0b1302ef2a2e', 6, '{}', '6b55e9d0-fd82-48f6-891c-584e308308ba');
INSERT INTO public.processoutputs (id, itemtypeid, quantity, meta, processid) VALUES ('549ee019-d0d2-42e6-9ef2-509e0e6ba009', '5c1049c4-f631-4066-9f2a-b0798b2c4399', 1365, '{}', '7dc9212b-70cb-429d-9ff7-38a73495f7a4');
INSERT INTO public.processoutputs (id, itemtypeid, quantity, meta, processid) VALUES ('9e9e0422-61e0-440a-a4f7-5c6f835906ec', 'fe071049-81a6-4d51-8660-e0a3c32b3853', 45, '{}', '7dc9212b-70cb-429d-9ff7-38a73495f7a4');
INSERT INTO public.processoutputs (id, itemtypeid, quantity, meta, processid) VALUES ('5bd378c8-a912-48da-8682-1b4ac62c0ece', 'cd573798-73bb-4574-9d74-13d50b555f00', 8, '{}', 'b49a0b00-411b-4036-9d48-2dc36f75b5fd');
INSERT INTO public.processoutputs (id, itemtypeid, quantity, meta, processid) VALUES ('1b51d00c-19b7-4105-8b9a-4b2a56350220', '5c1049c4-f631-4066-9f2a-b0798b2c4399', 918, '{}', '89bf5762-d48e-4734-891d-d3ba92e166b5');
INSERT INTO public.processoutputs (id, itemtypeid, quantity, meta, processid) VALUES ('c5ce9ac7-10c6-4be2-8f8f-007baeaaebdc', '4e407b59-74bb-42a0-85a5-9a6685574e7b', 20, '{}', '89bf5762-d48e-4734-891d-d3ba92e166b5');
INSERT INTO public.processoutputs (id, itemtypeid, quantity, meta, processid) VALUES ('18221186-40de-4dcd-b74d-125b3419a8c3', '7d1ebc50-78c1-4c95-89c5-040f08b1ac9d', 3, '{}', '864d0633-d5dc-443d-a2d0-4691058b4441');
INSERT INTO public.processoutputs (id, itemtypeid, quantity, meta, processid) VALUES ('be918169-c8b5-4541-bc3e-61baa6c965c9', '5c1049c4-f631-4066-9f2a-b0798b2c4399', 283, '{}', '0e788c69-3349-4f49-8856-cc15dc2254ed');
INSERT INTO public.processoutputs (id, itemtypeid, quantity, meta, processid) VALUES ('9438bfc9-529c-4f8c-8462-74b9d8b4fd87', 'fab39b1f-bab3-4cd2-9b80-e7e48f35fe9d', 70, '{}', '0e788c69-3349-4f49-8856-cc15dc2254ed');
INSERT INTO public.processoutputs (id, itemtypeid, quantity, meta, processid) VALUES ('3c8e5a80-773e-4ae5-8ade-0368d0c99c7a', '1d22443c-606e-4858-bb72-7a0921afb274', 2, '{}', '6fe2613c-7613-4ae0-a99a-8b5cf7c99a28');
INSERT INTO public.processoutputs (id, itemtypeid, quantity, meta, processid) VALUES ('a06691ed-09f1-4f2d-9954-b06a5b75dcd2', '5c1049c4-f631-4066-9f2a-b0798b2c4399', 46, '{}', '06d84459-6c9e-4989-afb0-6eddc4c8d99e');
INSERT INTO public.processoutputs (id, itemtypeid, quantity, meta, processid) VALUES ('f5a8ecb7-448b-452a-8763-39f7ef6944fd', '79c53950-624f-437b-b277-5007bf843a7a', 40, '{}', '06d84459-6c9e-4989-afb0-6eddc4c8d99e');
INSERT INTO public.processoutputs (id, itemtypeid, quantity, meta, processid) VALUES ('42518d82-7c42-4275-a4ed-bb3cc592d796', 'a6dadc77-2b28-4168-8f32-8c4941e76331', 2, '{}', 'af92a733-4a36-4349-8f97-d66f4a9cf5cc');
INSERT INTO public.processoutputs (id, itemtypeid, quantity, meta, processid) VALUES ('4c8b00cd-e5af-4242-b9f9-3987213d3b66', '5c1049c4-f631-4066-9f2a-b0798b2c4399', 596, '{}', 'dfab7d0b-0dac-4410-b8c8-d67bab40e76b');
INSERT INTO public.processoutputs (id, itemtypeid, quantity, meta, processid) VALUES ('b59ed5e3-8797-4e32-abdc-012f6db05586', 'dd980070-1f58-4e2e-a997-5aed73a38c80', 25, '{}', 'dfab7d0b-0dac-4410-b8c8-d67bab40e76b');
INSERT INTO public.processoutputs (id, itemtypeid, quantity, meta, processid) VALUES ('d331a10b-25b5-4b6d-81fd-1d3f25e8a93a', 'fb18f06b-7712-49c1-9953-e36c72250577', 8, '{}', '00f7108c-eb2c-44f8-9766-8c384de7b3c6');
INSERT INTO public.processoutputs (id, itemtypeid, quantity, meta, processid) VALUES ('c16c8616-c471-4ea4-94be-29120fd5ef61', '5c1049c4-f631-4066-9f2a-b0798b2c4399', 851, '{}', 'e4f4f28f-0111-41f5-8197-47680ac830bb');
INSERT INTO public.processoutputs (id, itemtypeid, quantity, meta, processid) VALUES ('62978f77-54f3-438e-8122-bdfeddcd8260', '6789f483-7a7c-49a1-a5a1-4509ecdeea5d', 7, '{}', 'e4f4f28f-0111-41f5-8197-47680ac830bb');
INSERT INTO public.processoutputs (id, itemtypeid, quantity, meta, processid) VALUES ('1139bcdc-6fe9-4930-8710-e6821b632ef4', '605a9861-79a8-485f-b807-e5084890d941', 7, '{}', '520a5e98-589c-43fd-9072-5a78efad7f60');
INSERT INTO public.processoutputs (id, itemtypeid, quantity, meta, processid) VALUES ('c1cd4383-a28f-4bcf-9d77-092445e44367', '5c1049c4-f631-4066-9f2a-b0798b2c4399', 2616, '{}', '45986a3d-bc22-4bb7-b224-dce4c480063f');
INSERT INTO public.processoutputs (id, itemtypeid, quantity, meta, processid) VALUES ('76326721-ff5b-4c41-a28f-6132efa504e6', '9e59a1e2-a680-4ad4-9881-97ce9f8d7464', 15, '{}', '45986a3d-bc22-4bb7-b224-dce4c480063f');
INSERT INTO public.processoutputs (id, itemtypeid, quantity, meta, processid) VALUES ('63aa0ad5-2c72-4007-adc1-19ba2e763e65', '4c393eeb-6e65-4042-8ed2-5f68647d6691', 6, '{}', '35a8320b-bb19-4568-b978-e2e6ab68c2ed');
INSERT INTO public.processoutputs (id, itemtypeid, quantity, meta, processid) VALUES ('77549c84-d6a9-40f5-985f-a46ae9646417', '5c1049c4-f631-4066-9f2a-b0798b2c4399', 339, '{}', '8f37b706-ea0f-4b20-a4ec-1927f8f9db3f');
INSERT INTO public.processoutputs (id, itemtypeid, quantity, meta, processid) VALUES ('dbf26fbd-49de-4bd6-8cb1-d6d5f51a055d', '434d961e-09a3-4ba7-90d5-aa702c4e5fdf', 65, '{}', '8f37b706-ea0f-4b20-a4ec-1927f8f9db3f');
INSERT INTO public.processoutputs (id, itemtypeid, quantity, meta, processid) VALUES ('f4880611-9706-440e-81b5-15d72372e565', '2608094f-8b45-42e0-8f7a-347de4bb5bc7', 4, '{}', '562e058e-f292-47e0-8830-320986ff7564');
INSERT INTO public.processoutputs (id, itemtypeid, quantity, meta, processid) VALUES ('88b26a5f-803e-4757-a2d0-e412afaa2e6d', '5c1049c4-f631-4066-9f2a-b0798b2c4399', 10793, '{}', 'f46020a1-8c36-40f3-bc2e-79cf1b6e8402');
INSERT INTO public.processoutputs (id, itemtypeid, quantity, meta, processid) VALUES ('a3cfe683-3faf-4bde-af55-46ae79900cd9', '06afcde3-3c8a-4d9f-9e31-7e4a6c75bbd8', 85, '{}', 'f46020a1-8c36-40f3-bc2e-79cf1b6e8402');
INSERT INTO public.processoutputs (id, itemtypeid, quantity, meta, processid) VALUES ('0f496057-c938-4a24-b598-ddd467354964', 'a96dc5e1-a626-45a6-96ed-ed6e13843a92', 1, '{}', '86a9f126-9cc7-4035-84c1-2d21bf7e99cb');
INSERT INTO public.processoutputs (id, itemtypeid, quantity, meta, processid) VALUES ('17a83232-2332-440c-a0e2-e8f3432ea381', 'bbe920ec-2796-4cd3-9a94-1ece8aff5d9b', 90, '{}', '80d2acff-f30a-4749-b77b-02bc234ec0aa');
INSERT INTO public.processoutputs (id, itemtypeid, quantity, meta, processid) VALUES ('59978e5c-cc22-4bf2-92d8-5878ab487d5a', '5c1049c4-f631-4066-9f2a-b0798b2c4399', 4405, '{}', '80d2acff-f30a-4749-b77b-02bc234ec0aa');
INSERT INTO public.processoutputs (id, itemtypeid, quantity, meta, processid) VALUES ('0d556e6f-0e52-485f-b5e1-ea02449d48fc', 'a6e164a0-43b3-4541-b264-840a98310cde', 7, '{}', '76b2d8f8-2601-479c-a7ec-ca233452a617');
INSERT INTO public.processoutputs (id, itemtypeid, quantity, meta, processid) VALUES ('19eb293e-d2e6-405c-8502-f36f51c86558', '5c1049c4-f631-4066-9f2a-b0798b2c4399', 1166, '{}', '96649f3c-80b4-448e-9c20-0d32e8444b01');
INSERT INTO public.processoutputs (id, itemtypeid, quantity, meta, processid) VALUES ('161b3e7f-6e67-4acf-9068-df45bb8c4820', '94564bab-844a-4393-8f2a-3dd7fcf65df0', 80, '{}', '96649f3c-80b4-448e-9c20-0d32e8444b01');
INSERT INTO public.processoutputs (id, itemtypeid, quantity, meta, processid) VALUES ('58463543-3d3d-4183-b5ef-215ba6b291fe', '89d476fc-9829-44e4-9112-e4ccbf8dc189', 8, '{}', '3c8a12ac-a03e-43c8-9cbe-e363c6521a34');
INSERT INTO public.processoutputs (id, itemtypeid, quantity, meta, processid) VALUES ('7dd150d3-3bb8-47f4-8e82-46d60a718176', '5c1049c4-f631-4066-9f2a-b0798b2c4399', 152, '{}', '7ca07f05-4fae-4641-8c70-750316b08b2b');
INSERT INTO public.processoutputs (id, itemtypeid, quantity, meta, processid) VALUES ('ad3a082b-883f-43f7-9d60-c20b307b0c1d', '1c23cca8-3079-4247-90cf-34b9196c2428', 6, '{}', '7ca07f05-4fae-4641-8c70-750316b08b2b');

-- nation module schematic item types
INSERT INTO public.itemtypes (id, family, name, meta) VALUES ('ae7f9ad2-0956-491d-8ea1-0c666d30e42d', 'schematic', 'Medium Gauss Rifle Schematic', '{"industrialmarket": {"maxprice": 396449, "minprice": 92180, "silosize": 100, "process_id": "ceec8d05-03fd-48f3-9118-e78b6758a158"}}');
INSERT INTO public.itemtypes (id, family, name, meta) VALUES ('0172e97b-ec83-4b9f-94ff-10ae46bf9895', 'schematic', 'Basic Auto-11 Cannon Schematic', '{"industrialmarket": {"maxprice": 27320, "minprice": 5722, "silosize": 100, "process_id": "7e43fe44-9ba7-4508-9827-96732f00242d"}}');
INSERT INTO public.itemtypes (id, family, name, meta) VALUES ('c0700ce3-a2e7-48e5-bf28-f5bbbfd75390', 'schematic', 'Basic MGPM-8 Launcher Schematic', '{"industrialmarket": {"maxprice": 74108, "minprice": 36114, "silosize": 100, "process_id": "bdc8ad56-5dc3-41f4-8086-c2becab0d01b"}}');
INSERT INTO public.itemtypes (id, family, name, meta) VALUES ('4b1b5d18-128f-48fc-b1d4-94e5d36cd628', 'schematic', 'Basic MHVM-7 Launcher Schematic', '{"industrialmarket": {"maxprice": 17508, "minprice": 8580, "silosize": 100, "process_id": "618dfa20-287e-419c-b884-e29d183fecab"}}');
INSERT INTO public.itemtypes (id, family, name, meta) VALUES ('7747916a-49d6-4617-afa7-ffde1ecbef01', 'schematic', 'Dual MGPM-8 Launcher Schematic', '{"industrialmarket": {"maxprice": 334922, "minprice": 71374, "silosize": 100, "process_id": "292a418c-4f87-471c-9019-66814ebd60b2"}}');
INSERT INTO public.itemtypes (id, family, name, meta) VALUES ('0f9f38b5-86bc-416b-9a4b-c3e52a36b450', 'schematic', 'Dual MHVM-7 Launcher Schematic', '{"industrialmarket": {"maxprice": 1471062, "minprice": 665330, "silosize": 100, "process_id": "40484155-bd47-4806-8ffc-a9a1bb9a8870"}}');
INSERT INTO public.itemtypes (id, family, name, meta) VALUES ('42f30b93-3548-476a-a3ac-b1ebda476263', 'schematic', 'XL MGPM-8 Launcher Schematic', '{"industrialmarket": {"maxprice": 1001096, "minprice": 411975, "silosize": 100, "process_id": "c275d7c8-b075-46ee-a8e4-6e5d3fc36119"}}');
INSERT INTO public.itemtypes (id, family, name, meta) VALUES ('180ddc14-5c18-4662-bcef-4f5b2c14fd6f', 'schematic', 'XL MHVM-7 Launcher Schematic', '{"industrialmarket": {"maxprice": 757524, "minprice": 276298, "silosize": 100, "process_id": "49e4b535-ec10-4f00-b8c3-24450dc43587"}}');
INSERT INTO public.itemtypes (id, family, name, meta) VALUES ('1fd1731c-2aaa-43f5-bfdf-0432139c6779', 'schematic', 'Dual Auto-11 Cannon Schematic', '{"industrialmarket": {"maxprice": 837205, "minprice": 152591, "silosize": 100, "process_id": "0c3fe4d6-1beb-4a10-aaa5-7287ddb3f0e0"}}');
INSERT INTO public.itemtypes (id, family, name, meta) VALUES ('62736101-fc36-415d-885f-939b36fb86a6', 'schematic', 'Heavy Gauss Rifle Schematic', '{"industrialmarket": {"maxprice": 290812, "minprice": 68764, "silosize": 100, "process_id": "360cbe02-419c-4e6e-bb63-192eeb69d0ef"}}');

-- nation module item type processes
INSERT INTO public.processes (id, name, meta, "time") VALUES ('ceec8d05-03fd-48f3-9118-e78b6758a158', 'Make Medium Gauss Rifle', '{}', 3460);
INSERT INTO public.processes (id, name, meta, "time") VALUES ('b3a46fb4-eff0-45d6-9a4f-10089fa943a7', 'Medium Gauss Rifle Sink [wm]', '{}', 4521);
INSERT INTO public.processes (id, name, meta, "time") VALUES ('793a761c-b342-4c92-90d9-e44a859e5ae6', 'Medium Gauss Rifle Schematic Faucet [wm]', '{}', 10061);
INSERT INTO public.processes (id, name, meta, "time") VALUES ('82fdca33-ca2e-4bcd-87bc-5f2aa8f155fe', 'Medium Gauss Rifle Schematic Sink [wm]', '{}', 22336);
INSERT INTO public.processes (id, name, meta, "time") VALUES ('7e43fe44-9ba7-4508-9827-96732f00242d', 'Make Basic Auto-11 Cannon', '{}', 1963);
INSERT INTO public.processes (id, name, meta, "time") VALUES ('a50b1991-046c-4a33-a5a0-a58ff3adba1a', 'Basic Auto-11 Cannon Sink [wm]', '{}', 2990);
INSERT INTO public.processes (id, name, meta, "time") VALUES ('35bc4f69-96cf-424e-ba4d-a21d23d9e3d5', 'Basic Auto-11 Cannon Schematic Faucet [wm]', '{}', 12374);
INSERT INTO public.processes (id, name, meta, "time") VALUES ('1f48bce0-b4f6-4590-b421-f1ef358d97f7', 'Basic Auto-11 Cannon Schematic Sink [wm]', '{}', 9379);
INSERT INTO public.processes (id, name, meta, "time") VALUES ('bdc8ad56-5dc3-41f4-8086-c2becab0d01b', 'Make Basic MGPM-8 Launcher', '{}', 1860);
INSERT INTO public.processes (id, name, meta, "time") VALUES ('1a64f9b4-f90b-4910-ae89-c555453070b6', 'Basic MGPM-8 Launcher Sink [wm]', '{}', 2701);
INSERT INTO public.processes (id, name, meta, "time") VALUES ('30877c6c-a25e-46fc-af72-683c2f085cb2', 'Basic MGPM-8 Launcher Schematic Faucet [wm]', '{}', 8933);
INSERT INTO public.processes (id, name, meta, "time") VALUES ('dd4e746d-d1de-42eb-a091-5f77442929ef', 'Basic MGPM-8 Launcher Schematic Sink [wm]', '{}', 12652);
INSERT INTO public.processes (id, name, meta, "time") VALUES ('618dfa20-287e-419c-b884-e29d183fecab', 'Make Basic MHVM-7 Launcher', '{}', 240);
INSERT INTO public.processes (id, name, meta, "time") VALUES ('5d2dbca2-6771-40cf-b54b-fb845f340e20', 'Basic MHVM-7 Launcher Sink [wm]', '{}', 146);
INSERT INTO public.processes (id, name, meta, "time") VALUES ('84314afe-0f43-4586-b6a4-f3176c46e964', 'Basic MHVM-7 Launcher Schematic Faucet [wm]', '{}', 1603);
INSERT INTO public.processes (id, name, meta, "time") VALUES ('39de1d0c-dbef-41ee-90db-1bb1063b15eb', 'Basic MHVM-7 Launcher Schematic Sink [wm]', '{}', 884);
INSERT INTO public.processes (id, name, meta, "time") VALUES ('292a418c-4f87-471c-9019-66814ebd60b2', 'Make Dual MGPM-8 Launcher', '{}', 5575);
INSERT INTO public.processes (id, name, meta, "time") VALUES ('90bbdcc5-2e4c-4098-a665-78b0586661f9', 'Dual MGPM-8 Launcher Sink [wm]', '{}', 7292);
INSERT INTO public.processes (id, name, meta, "time") VALUES ('3ae1dbdd-57dc-4d2b-9739-6b2e6a9dd7c5', 'Dual MGPM-8 Launcher Schematic Faucet [wm]', '{}', 17566);
INSERT INTO public.processes (id, name, meta, "time") VALUES ('ede51805-42e6-4d9d-95c9-d55a700a988c', 'Dual MGPM-8 Launcher Schematic Sink [wm]', '{}', 17543);
INSERT INTO public.processes (id, name, meta, "time") VALUES ('40484155-bd47-4806-8ffc-a9a1bb9a8870', 'Make Dual MHVM-7 Launcher', '{}', 2500);
INSERT INTO public.processes (id, name, meta, "time") VALUES ('ada90bfe-5e30-4bce-8856-42687da7aba1', 'Dual MHVM-7 Launcher Sink [wm]', '{}', 4304);
INSERT INTO public.processes (id, name, meta, "time") VALUES ('292bf381-7862-4b8c-bfce-e71c74d9ac53', 'Dual MHVM-7 Launcher Schematic Faucet [wm]', '{}', 10786);
INSERT INTO public.processes (id, name, meta, "time") VALUES ('b4b30c48-5488-4824-a9a1-8b94becdae57', 'Dual MHVM-7 Launcher Schematic Sink [wm]', '{}', 19916);
INSERT INTO public.processes (id, name, meta, "time") VALUES ('c275d7c8-b075-46ee-a8e4-6e5d3fc36119', 'Make XL MGPM-8 Launcher', '{}', 41647);
INSERT INTO public.processes (id, name, meta, "time") VALUES ('7f136726-d9e6-4294-b753-6656c59e357f', 'XL MGPM-8 Launcher Sink [wm]', '{}', 23703);
INSERT INTO public.processes (id, name, meta, "time") VALUES ('13e0c981-4829-4c5f-b6fd-7713f721b24c', 'XL MGPM-8 Launcher Schematic Faucet [wm]', '{}', 265885);
INSERT INTO public.processes (id, name, meta, "time") VALUES ('b845832a-5c1a-4a5d-a3ae-07308ac0c4ae', 'XL MGPM-8 Launcher Schematic Sink [wm]', '{}', 298546);
INSERT INTO public.processes (id, name, meta, "time") VALUES ('49e4b535-ec10-4f00-b8c3-24450dc43587', 'Make XL MHVM-7 Launcher', '{}', 6595);
INSERT INTO public.processes (id, name, meta, "time") VALUES ('9a5984d1-177b-4127-b32c-a57ba2657064', 'XL MHVM-7 Launcher Sink [wm]', '{}', 5430);
INSERT INTO public.processes (id, name, meta, "time") VALUES ('68665646-8358-4616-a748-68d00cf306b8', 'XL MHVM-7 Launcher Schematic Faucet [wm]', '{}', 28409);
INSERT INTO public.processes (id, name, meta, "time") VALUES ('a79fd3f7-35da-4e8d-a536-150e62c7526b', 'XL MHVM-7 Launcher Schematic Sink [wm]', '{}', 49420);
INSERT INTO public.processes (id, name, meta, "time") VALUES ('0c3fe4d6-1beb-4a10-aaa5-7287ddb3f0e0', 'Make Dual Auto-11 Cannon', '{}', 3913);
INSERT INTO public.processes (id, name, meta, "time") VALUES ('5b8321cc-6da3-4270-a805-2c0c34118261', 'Dual Auto-11 Cannon Sink [wm]', '{}', 6165);
INSERT INTO public.processes (id, name, meta, "time") VALUES ('1ca7c216-f43a-4e20-8eca-c0be569b7ec4', 'Dual Auto-11 Cannon Schematic Faucet [wm]', '{}', 25892);
INSERT INTO public.processes (id, name, meta, "time") VALUES ('b40f9d76-4ad3-44ae-8432-7a8be0f4ea3d', 'Dual Auto-11 Cannon Schematic Sink [wm]', '{}', 21677);
INSERT INTO public.processes (id, name, meta, "time") VALUES ('360cbe02-419c-4e6e-bb63-192eeb69d0ef', 'Make Heavy Gauss Rifle', '{}', 2269);
INSERT INTO public.processes (id, name, meta, "time") VALUES ('781fa434-e6d0-489f-9f91-381fe9197e66', 'Heavy Gauss Rifle Sink [wm]', '{}', 3149);
INSERT INTO public.processes (id, name, meta, "time") VALUES ('593cff59-5771-4c03-80e0-f40d23fdd11d', 'Heavy Gauss Rifle Schematic Faucet [wm]', '{}', 9634);
INSERT INTO public.processes (id, name, meta, "time") VALUES ('e0a539e5-8af4-422b-ab8b-c319835826ca', 'Heavy Gauss Rifle Schematic Sink [wm]', '{}', 8678);

-- nation module item type process inputs
INSERT INTO public.processinputs (id, itemtypeid, quantity, meta, processid) VALUES ('d3c82def-1088-4231-b8ad-09b525f94418', 'ae7f9ad2-0956-491d-8ea1-0c666d30e42d', 7, '{}', '82fdca33-ca2e-4bcd-87bc-5f2aa8f155fe');
INSERT INTO public.processinputs (id, itemtypeid, quantity, meta, processid) VALUES ('e24f0a53-867e-4c4f-8795-7a6a477a0f6c', 'c1fab418-79aa-44e0-9f0b-70375171af25', 47, '{}', 'b3a46fb4-eff0-45d6-9a4f-10089fa943a7');
INSERT INTO public.processinputs (id, itemtypeid, quantity, meta, processid) VALUES ('9995b9e0-a7d3-4d0f-a87d-8e42bebbbe7b', '1d0d344b-ef28-43c8-a7a6-3275936b2dea', 43, '{}', 'ceec8d05-03fd-48f3-9118-e78b6758a158');
INSERT INTO public.processinputs (id, itemtypeid, quantity, meta, processid) VALUES ('94cec53f-7d75-44f6-99e1-1800a88f3e8f', 'dd0c9b0a-279e-418e-b3b6-2f569fda0186', 45, '{}', 'ceec8d05-03fd-48f3-9118-e78b6758a158');
INSERT INTO public.processinputs (id, itemtypeid, quantity, meta, processid) VALUES ('7abd6d87-c46f-451b-a35d-0493f45fd31d', 'dd522f03-2f52-4e82-b2f8-d7e0029cb82f', 166, '{}', 'ceec8d05-03fd-48f3-9118-e78b6758a158');
INSERT INTO public.processinputs (id, itemtypeid, quantity, meta, processid) VALUES ('66eefdd2-02db-4b81-a00c-1bd736d38604', '24800206-2c58-45b0-8238-81974d0ebb3b', 1985, '{}', 'ceec8d05-03fd-48f3-9118-e78b6758a158');
INSERT INTO public.processinputs (id, itemtypeid, quantity, meta, processid) VALUES ('8e44e776-f39f-4888-b9aa-78e66472a1a4', '2ce48bef-f06b-4550-b20c-0e64864db051', 43, '{}', 'ceec8d05-03fd-48f3-9118-e78b6758a158');
INSERT INTO public.processinputs (id, itemtypeid, quantity, meta, processid) VALUES ('02b9bcbb-3830-4557-9f8c-30b12aafd661', '26a3fc9e-db2f-439d-a929-ba755d11d09c', 45, '{}', 'ceec8d05-03fd-48f3-9118-e78b6758a158');
INSERT INTO public.processinputs (id, itemtypeid, quantity, meta, processid) VALUES ('34b4e6d9-fb67-4fb8-9d15-94a83ed91ec7', '56617d30-6c30-425c-84bf-2484ae8c1156', 38, '{}', 'ceec8d05-03fd-48f3-9118-e78b6758a158');
INSERT INTO public.processinputs (id, itemtypeid, quantity, meta, processid) VALUES ('4d5a8211-15fe-4009-bb0a-7e25b35cc138', '61f52ba3-654b-45cf-88e3-33399d12350d', 39, '{}', 'ceec8d05-03fd-48f3-9118-e78b6758a158');
INSERT INTO public.processinputs (id, itemtypeid, quantity, meta, processid) VALUES ('251febdd-eee4-48ca-a71e-efb62a0c38cc', '0172e97b-ec83-4b9f-94ff-10ae46bf9895', 3, '{}', '1f48bce0-b4f6-4590-b421-f1ef358d97f7');
INSERT INTO public.processinputs (id, itemtypeid, quantity, meta, processid) VALUES ('1c3a3ce9-3cf2-4ec4-8ec0-0d20b533c198', '7527672b-3b02-4aca-8d48-1f104da5ce77', 22, '{}', 'a50b1991-046c-4a33-a5a0-a58ff3adba1a');
INSERT INTO public.processinputs (id, itemtypeid, quantity, meta, processid) VALUES ('9903a281-7106-4a66-9197-adcd9db91a61', 'dd522f03-2f52-4e82-b2f8-d7e0029cb82f', 96, '{}', '7e43fe44-9ba7-4508-9827-96732f00242d');
INSERT INTO public.processinputs (id, itemtypeid, quantity, meta, processid) VALUES ('1fa55f6f-870a-44e7-9dcc-2824da8722d8', '66b7a322-8cfc-4467-9410-492e6b58f159', 17, '{}', '7e43fe44-9ba7-4508-9827-96732f00242d');
INSERT INTO public.processinputs (id, itemtypeid, quantity, meta, processid) VALUES ('1f9d59a5-fa77-46e1-afee-ad807159e896', '56617d30-6c30-425c-84bf-2484ae8c1156', 25, '{}', '7e43fe44-9ba7-4508-9827-96732f00242d');
INSERT INTO public.processinputs (id, itemtypeid, quantity, meta, processid) VALUES ('4813d593-eab1-48dc-a876-5d1c205612ac', '26a3fc9e-db2f-439d-a929-ba755d11d09c', 21, '{}', '7e43fe44-9ba7-4508-9827-96732f00242d');
INSERT INTO public.processinputs (id, itemtypeid, quantity, meta, processid) VALUES ('57104a8c-50aa-47a8-b0bf-07aaf51f9fab', '0cd04eea-a150-410c-91eb-6af00d8c6eae', 22, '{}', '7e43fe44-9ba7-4508-9827-96732f00242d');
INSERT INTO public.processinputs (id, itemtypeid, quantity, meta, processid) VALUES ('fdf37877-a258-4e88-bb7d-595fc321dfd5', '2ce48bef-f06b-4550-b20c-0e64864db051', 30, '{}', '7e43fe44-9ba7-4508-9827-96732f00242d');
INSERT INTO public.processinputs (id, itemtypeid, quantity, meta, processid) VALUES ('e7406084-e68f-4e7e-94b7-8cbbc4a08a6a', '1d0d344b-ef28-43c8-a7a6-3275936b2dea', 25, '{}', '7e43fe44-9ba7-4508-9827-96732f00242d');
INSERT INTO public.processinputs (id, itemtypeid, quantity, meta, processid) VALUES ('75aea1ee-7e39-4ff8-a1e0-9123b075ed47', '24800206-2c58-45b0-8238-81974d0ebb3b', 507, '{}', '7e43fe44-9ba7-4508-9827-96732f00242d');
INSERT INTO public.processinputs (id, itemtypeid, quantity, meta, processid) VALUES ('575e4bf7-2111-4b80-9671-543423dc864c', '39b8eedf-ef80-4c29-a4bf-99abc4d84fa6', 31, '{}', '7e43fe44-9ba7-4508-9827-96732f00242d');
INSERT INTO public.processinputs (id, itemtypeid, quantity, meta, processid) VALUES ('f86fce3a-7fa2-4901-9f58-2a41edb834a3', '61f52ba3-654b-45cf-88e3-33399d12350d', 26, '{}', '7e43fe44-9ba7-4508-9827-96732f00242d');
INSERT INTO public.processinputs (id, itemtypeid, quantity, meta, processid) VALUES ('aa44e77b-338a-4a49-9fb7-35e2cf91fff6', 'c0700ce3-a2e7-48e5-bf28-f5bbbfd75390', 5, '{}', 'dd4e746d-d1de-42eb-a091-5f77442929ef');
INSERT INTO public.processinputs (id, itemtypeid, quantity, meta, processid) VALUES ('a4f68e70-8e93-40d6-8d5e-d1796da2b603', 'a8403283-b4c4-4735-9c68-5ca4fb895266', 49, '{}', '1a64f9b4-f90b-4910-ae89-c555453070b6');
INSERT INTO public.processinputs (id, itemtypeid, quantity, meta, processid) VALUES ('a1925078-8585-4417-9bc2-8cc4ca6497e0', '39b8eedf-ef80-4c29-a4bf-99abc4d84fa6', 36, '{}', 'bdc8ad56-5dc3-41f4-8086-c2becab0d01b');
INSERT INTO public.processinputs (id, itemtypeid, quantity, meta, processid) VALUES ('15ae8b0d-1bcc-4261-81c6-7cefc6edbb15', 'dd0c9b0a-279e-418e-b3b6-2f569fda0186', 28, '{}', 'bdc8ad56-5dc3-41f4-8086-c2becab0d01b');
INSERT INTO public.processinputs (id, itemtypeid, quantity, meta, processid) VALUES ('bce287b1-57c1-4351-88c2-d3f2fdcc36a3', '0cd04eea-a150-410c-91eb-6af00d8c6eae', 46, '{}', 'bdc8ad56-5dc3-41f4-8086-c2becab0d01b');
INSERT INTO public.processinputs (id, itemtypeid, quantity, meta, processid) VALUES ('13d57d61-7b9d-49c7-9ac2-9aa1c1c16e64', '2ce48bef-f06b-4550-b20c-0e64864db051', 35, '{}', 'bdc8ad56-5dc3-41f4-8086-c2becab0d01b');
INSERT INTO public.processinputs (id, itemtypeid, quantity, meta, processid) VALUES ('e79d7ac5-83b3-408d-ba41-6c79a5d32156', '61f52ba3-654b-45cf-88e3-33399d12350d', 37, '{}', 'bdc8ad56-5dc3-41f4-8086-c2becab0d01b');
INSERT INTO public.processinputs (id, itemtypeid, quantity, meta, processid) VALUES ('784e29b7-5956-4100-a95a-116415e8587d', 'dd522f03-2f52-4e82-b2f8-d7e0029cb82f', 148, '{}', 'bdc8ad56-5dc3-41f4-8086-c2becab0d01b');
INSERT INTO public.processinputs (id, itemtypeid, quantity, meta, processid) VALUES ('e8eff2ae-ca58-4526-ad5c-550e2359e020', '24800206-2c58-45b0-8238-81974d0ebb3b', 799, '{}', 'bdc8ad56-5dc3-41f4-8086-c2becab0d01b');
INSERT INTO public.processinputs (id, itemtypeid, quantity, meta, processid) VALUES ('eac02e92-49ec-4f3d-ae1e-6c87d4560eac', '66b7a322-8cfc-4467-9410-492e6b58f159', 50, '{}', 'bdc8ad56-5dc3-41f4-8086-c2becab0d01b');
INSERT INTO public.processinputs (id, itemtypeid, quantity, meta, processid) VALUES ('cf77a280-3d66-4ebf-a9a9-f2fdf2ba6842', '26a3fc9e-db2f-439d-a929-ba755d11d09c', 33, '{}', 'bdc8ad56-5dc3-41f4-8086-c2becab0d01b');
INSERT INTO public.processinputs (id, itemtypeid, quantity, meta, processid) VALUES ('00ab9d8e-139a-45f9-a82e-ffa2c35e3fc8', '4b1b5d18-128f-48fc-b1d4-94e5d36cd628', 9, '{}', '39de1d0c-dbef-41ee-90db-1bb1063b15eb');
INSERT INTO public.processinputs (id, itemtypeid, quantity, meta, processid) VALUES ('54b54d88-2e86-4616-b666-6168d80ef6b7', '5e19ae7f-4725-45f3-b95b-eb849bb59416', 3, '{}', '5d2dbca2-6771-40cf-b54b-fb845f340e20');
INSERT INTO public.processinputs (id, itemtypeid, quantity, meta, processid) VALUES ('9ff6e6a2-1aea-4c08-81fe-26eab3362204', '24800206-2c58-45b0-8238-81974d0ebb3b', 158, '{}', '618dfa20-287e-419c-b884-e29d183fecab');
INSERT INTO public.processinputs (id, itemtypeid, quantity, meta, processid) VALUES ('e205966c-e0bb-4f73-8451-4985a2d46861', 'dd522f03-2f52-4e82-b2f8-d7e0029cb82f', 61, '{}', '618dfa20-287e-419c-b884-e29d183fecab');
INSERT INTO public.processinputs (id, itemtypeid, quantity, meta, processid) VALUES ('3c448f08-ff2e-4ceb-a486-a36316c37432', '56617d30-6c30-425c-84bf-2484ae8c1156', 21, '{}', '618dfa20-287e-419c-b884-e29d183fecab');
INSERT INTO public.processinputs (id, itemtypeid, quantity, meta, processid) VALUES ('73faf871-f6e4-47f0-a2c6-4d2ce89af69a', '1d0d344b-ef28-43c8-a7a6-3275936b2dea', 13, '{}', '618dfa20-287e-419c-b884-e29d183fecab');
INSERT INTO public.processinputs (id, itemtypeid, quantity, meta, processid) VALUES ('14b90071-9c5c-4b27-868f-ecb7ec7d1dde', 'dd0c9b0a-279e-418e-b3b6-2f569fda0186', 15, '{}', '618dfa20-287e-419c-b884-e29d183fecab');
INSERT INTO public.processinputs (id, itemtypeid, quantity, meta, processid) VALUES ('f8ca4879-1302-4e96-98c5-8b9b15789fa9', '26a3fc9e-db2f-439d-a929-ba755d11d09c', 17, '{}', '618dfa20-287e-419c-b884-e29d183fecab');
INSERT INTO public.processinputs (id, itemtypeid, quantity, meta, processid) VALUES ('17396aa5-b9b6-4460-8e90-ceb9688c3e02', '39b8eedf-ef80-4c29-a4bf-99abc4d84fa6', 20, '{}', '618dfa20-287e-419c-b884-e29d183fecab');
INSERT INTO public.processinputs (id, itemtypeid, quantity, meta, processid) VALUES ('b7cc64d9-50c0-4291-925d-6c17eb67d1de', '7747916a-49d6-4617-afa7-ffde1ecbef01', 4, '{}', 'ede51805-42e6-4d9d-95c9-d55a700a988c');
INSERT INTO public.processinputs (id, itemtypeid, quantity, meta, processid) VALUES ('d175d928-4e34-497e-a2a2-ad073cd02534', '8bc3cebd-5bbf-4527-a903-2b2fc9c79429', 56, '{}', '90bbdcc5-2e4c-4098-a665-78b0586661f9');
INSERT INTO public.processinputs (id, itemtypeid, quantity, meta, processid) VALUES ('674570dd-e568-4a22-8a89-e1541ecce94f', '24800206-2c58-45b0-8238-81974d0ebb3b', 2831, '{}', '292a418c-4f87-471c-9019-66814ebd60b2');
INSERT INTO public.processinputs (id, itemtypeid, quantity, meta, processid) VALUES ('239bb726-53b8-4066-bb37-ca03a5a4b128', '26a3fc9e-db2f-439d-a929-ba755d11d09c', 81, '{}', '292a418c-4f87-471c-9019-66814ebd60b2');
INSERT INTO public.processinputs (id, itemtypeid, quantity, meta, processid) VALUES ('f110f58e-c658-4b7b-9214-c0bf14aa4606', '66b7a322-8cfc-4467-9410-492e6b58f159', 60, '{}', '292a418c-4f87-471c-9019-66814ebd60b2');
INSERT INTO public.processinputs (id, itemtypeid, quantity, meta, processid) VALUES ('54df586b-9e02-4483-b243-cd20e64b5454', 'dd522f03-2f52-4e82-b2f8-d7e0029cb82f', 269, '{}', '292a418c-4f87-471c-9019-66814ebd60b2');
INSERT INTO public.processinputs (id, itemtypeid, quantity, meta, processid) VALUES ('f23788df-ed85-497e-af1a-34b3f0266ce9', '56617d30-6c30-425c-84bf-2484ae8c1156', 73, '{}', '292a418c-4f87-471c-9019-66814ebd60b2');
INSERT INTO public.processinputs (id, itemtypeid, quantity, meta, processid) VALUES ('0c05ab49-c122-430c-bdb7-193f6cad7efd', '39b8eedf-ef80-4c29-a4bf-99abc4d84fa6', 67, '{}', '292a418c-4f87-471c-9019-66814ebd60b2');
INSERT INTO public.processinputs (id, itemtypeid, quantity, meta, processid) VALUES ('e9501c47-5cdb-4e49-a8d2-ddbdfebcb700', '61f52ba3-654b-45cf-88e3-33399d12350d', 74, '{}', '292a418c-4f87-471c-9019-66814ebd60b2');
INSERT INTO public.processinputs (id, itemtypeid, quantity, meta, processid) VALUES ('8f2de373-b77f-400e-b22a-13db7f853c50', '0f9f38b5-86bc-416b-9a4b-c3e52a36b450', 3, '{}', 'b4b30c48-5488-4824-a9a1-8b94becdae57');
INSERT INTO public.processinputs (id, itemtypeid, quantity, meta, processid) VALUES ('b7ba9175-0716-467d-8ccf-18eb0bf56431', 'f305f679-78ef-469a-84dc-954feddbfc2f', 98, '{}', 'ada90bfe-5e30-4bce-8856-42687da7aba1');
INSERT INTO public.processinputs (id, itemtypeid, quantity, meta, processid) VALUES ('8ebed2dd-4181-4457-ac6e-60b5bb096ca4', '24800206-2c58-45b0-8238-81974d0ebb3b', 11221, '{}', '40484155-bd47-4806-8ffc-a9a1bb9a8870');
INSERT INTO public.processinputs (id, itemtypeid, quantity, meta, processid) VALUES ('1a28db24-6ad0-44bb-9eb3-886f50b7a5e9', '66b7a322-8cfc-4467-9410-492e6b58f159', 475, '{}', '40484155-bd47-4806-8ffc-a9a1bb9a8870');
INSERT INTO public.processinputs (id, itemtypeid, quantity, meta, processid) VALUES ('973305c5-06bf-43a5-87d1-e3525350fddb', 'dd522f03-2f52-4e82-b2f8-d7e0029cb82f', 1943, '{}', '40484155-bd47-4806-8ffc-a9a1bb9a8870');
INSERT INTO public.processinputs (id, itemtypeid, quantity, meta, processid) VALUES ('8533a5eb-42b4-4fed-aad6-effd0728bd4d', 'dd0c9b0a-279e-418e-b3b6-2f569fda0186', 435, '{}', '40484155-bd47-4806-8ffc-a9a1bb9a8870');
INSERT INTO public.processinputs (id, itemtypeid, quantity, meta, processid) VALUES ('589a95b1-ec5a-470a-b7fe-a1fc81488f67', '42f30b93-3548-476a-a3ac-b1ebda476263', 1, '{}', 'b845832a-5c1a-4a5d-a3ae-07308ac0c4ae');
INSERT INTO public.processinputs (id, itemtypeid, quantity, meta, processid) VALUES ('a00f88c1-2898-414a-b77b-d3377d12f66a', 'a83d0915-4db7-40b2-8b3a-4417540e54d9', 108, '{}', '7f136726-d9e6-4294-b753-6656c59e357f');
INSERT INTO public.processinputs (id, itemtypeid, quantity, meta, processid) VALUES ('7a30e909-e067-4969-b756-f6244e93d2eb', '24800206-2c58-45b0-8238-81974d0ebb3b', 8878, '{}', 'c275d7c8-b075-46ee-a8e4-6e5d3fc36119');
INSERT INTO public.processinputs (id, itemtypeid, quantity, meta, processid) VALUES ('192e765c-7e5e-412c-92b4-eece8e8d5839', '39b8eedf-ef80-4c29-a4bf-99abc4d84fa6', 881, '{}', 'c275d7c8-b075-46ee-a8e4-6e5d3fc36119');
INSERT INTO public.processinputs (id, itemtypeid, quantity, meta, processid) VALUES ('4bef4d28-c9b1-4556-a70c-e0aefe91469c', 'dd522f03-2f52-4e82-b2f8-d7e0029cb82f', 3716, '{}', 'c275d7c8-b075-46ee-a8e4-6e5d3fc36119');
INSERT INTO public.processinputs (id, itemtypeid, quantity, meta, processid) VALUES ('c7bc52d3-e59f-4ffe-9d2c-c5610620ae5b', '1d0d344b-ef28-43c8-a7a6-3275936b2dea', 916, '{}', 'c275d7c8-b075-46ee-a8e4-6e5d3fc36119');
INSERT INTO public.processinputs (id, itemtypeid, quantity, meta, processid) VALUES ('2c6fcb1a-495e-4cc3-9586-0620980017dd', 'dd0c9b0a-279e-418e-b3b6-2f569fda0186', 920, '{}', 'c275d7c8-b075-46ee-a8e4-6e5d3fc36119');
INSERT INTO public.processinputs (id, itemtypeid, quantity, meta, processid) VALUES ('dace1e19-538d-464c-b47c-f4f28aa74677', '180ddc14-5c18-4662-bcef-4f5b2c14fd6f', 5, '{}', 'a79fd3f7-35da-4e8d-a536-150e62c7526b');
INSERT INTO public.processinputs (id, itemtypeid, quantity, meta, processid) VALUES ('dc280b53-be00-484b-94c3-cfc93fec4e95', '1a976b0d-97bf-40b9-93b5-475fe7532788', 41, '{}', '9a5984d1-177b-4127-b32c-a57ba2657064');
INSERT INTO public.processinputs (id, itemtypeid, quantity, meta, processid) VALUES ('4dab862e-7bf8-4550-8712-a7af2710981b', '24800206-2c58-45b0-8238-81974d0ebb3b', 7378, '{}', '49e4b535-ec10-4f00-b8c3-24450dc43587');
INSERT INTO public.processinputs (id, itemtypeid, quantity, meta, processid) VALUES ('0290fbee-d8bd-45c3-8658-71db65944f19', 'dd522f03-2f52-4e82-b2f8-d7e0029cb82f', 2055, '{}', '49e4b535-ec10-4f00-b8c3-24450dc43587');
INSERT INTO public.processinputs (id, itemtypeid, quantity, meta, processid) VALUES ('c9ef7dfa-0e3f-4d30-a13e-e094f3925e82', '66b7a322-8cfc-4467-9410-492e6b58f159', 485, '{}', '49e4b535-ec10-4f00-b8c3-24450dc43587');
INSERT INTO public.processinputs (id, itemtypeid, quantity, meta, processid) VALUES ('efaf9c80-c991-4e08-ae8d-8e6546f86533', '1d0d344b-ef28-43c8-a7a6-3275936b2dea', 533, '{}', '49e4b535-ec10-4f00-b8c3-24450dc43587');
INSERT INTO public.processinputs (id, itemtypeid, quantity, meta, processid) VALUES ('94f53755-ca45-4b52-8f1a-74fb3c6da1e4', '1fd1731c-2aaa-43f5-bfdf-0432139c6779', 5, '{}', 'b40f9d76-4ad3-44ae-8432-7a8be0f4ea3d');
INSERT INTO public.processinputs (id, itemtypeid, quantity, meta, processid) VALUES ('185067f7-5b3e-4ef9-8593-21c2230c4980', 'd564d43e-983e-43a7-b08b-d491fb8b24fb', 126, '{}', '5b8321cc-6da3-4270-a805-2c0c34118261');
INSERT INTO public.processinputs (id, itemtypeid, quantity, meta, processid) VALUES ('1c27c7bf-098b-40e5-baea-6360e8cdcfcd', '66b7a322-8cfc-4467-9410-492e6b58f159', 328, '{}', '0c3fe4d6-1beb-4a10-aaa5-7287ddb3f0e0');
INSERT INTO public.processinputs (id, itemtypeid, quantity, meta, processid) VALUES ('9e90b4c9-dd14-4861-a1fb-ce8461f59c4e', '39b8eedf-ef80-4c29-a4bf-99abc4d84fa6', 339, '{}', '0c3fe4d6-1beb-4a10-aaa5-7287ddb3f0e0');
INSERT INTO public.processinputs (id, itemtypeid, quantity, meta, processid) VALUES ('9949645e-6b4c-465a-9662-8f43c56d6889', 'dd0c9b0a-279e-418e-b3b6-2f569fda0186', 302, '{}', '0c3fe4d6-1beb-4a10-aaa5-7287ddb3f0e0');
INSERT INTO public.processinputs (id, itemtypeid, quantity, meta, processid) VALUES ('aeeadcbd-eef1-4306-a838-07d39c2f0174', 'df13b7cf-3019-4f8e-8933-c9f25d4ff941', 308, '{}', '0c3fe4d6-1beb-4a10-aaa5-7287ddb3f0e0');
INSERT INTO public.processinputs (id, itemtypeid, quantity, meta, processid) VALUES ('9322acc3-a370-432f-9fd6-5ceee1ff082f', '24800206-2c58-45b0-8238-81974d0ebb3b', 12557, '{}', '0c3fe4d6-1beb-4a10-aaa5-7287ddb3f0e0');
INSERT INTO public.processinputs (id, itemtypeid, quantity, meta, processid) VALUES ('de82ee81-f483-4675-9709-b58850f4fc88', 'dd522f03-2f52-4e82-b2f8-d7e0029cb82f', 1332, '{}', '0c3fe4d6-1beb-4a10-aaa5-7287ddb3f0e0');
INSERT INTO public.processinputs (id, itemtypeid, quantity, meta, processid) VALUES ('d66615ef-bae6-4007-b78d-dd81381b996d', '56617d30-6c30-425c-84bf-2484ae8c1156', 311, '{}', '0c3fe4d6-1beb-4a10-aaa5-7287ddb3f0e0');
INSERT INTO public.processinputs (id, itemtypeid, quantity, meta, processid) VALUES ('e712d962-3585-4991-ab70-69ea4d5e795b', '62736101-fc36-415d-885f-939b36fb86a6', 2, '{}', 'e0a539e5-8af4-422b-ab8b-c319835826ca');
INSERT INTO public.processinputs (id, itemtypeid, quantity, meta, processid) VALUES ('f461aa08-595c-4519-aba6-9d378fedd1b7', '6a909841-18c1-4733-8456-b0283cf84fc6', 16, '{}', '781fa434-e6d0-489f-9f91-381fe9197e66');
INSERT INTO public.processinputs (id, itemtypeid, quantity, meta, processid) VALUES ('95912d00-a009-4859-bc2f-1585bcadd71e', '56617d30-6c30-425c-84bf-2484ae8c1156', 127, '{}', '360cbe02-419c-4e6e-bb63-192eeb69d0ef');
INSERT INTO public.processinputs (id, itemtypeid, quantity, meta, processid) VALUES ('aa7ecead-f083-478e-8fb9-349d653f2fac', 'dd522f03-2f52-4e82-b2f8-d7e0029cb82f', 613, '{}', '360cbe02-419c-4e6e-bb63-192eeb69d0ef');
INSERT INTO public.processinputs (id, itemtypeid, quantity, meta, processid) VALUES ('ad738cfe-21f5-48b5-81c4-01ac1e8f53f9', '39b8eedf-ef80-4c29-a4bf-99abc4d84fa6', 149, '{}', '360cbe02-419c-4e6e-bb63-192eeb69d0ef');
INSERT INTO public.processinputs (id, itemtypeid, quantity, meta, processid) VALUES ('4d12f071-2cca-4f2b-a760-7fbd933cd814', '66b7a322-8cfc-4467-9410-492e6b58f159', 162, '{}', '360cbe02-419c-4e6e-bb63-192eeb69d0ef');
INSERT INTO public.processinputs (id, itemtypeid, quantity, meta, processid) VALUES ('7c2cbdff-0bf0-48e7-ab29-9f00cfd4ae07', 'dd0c9b0a-279e-418e-b3b6-2f569fda0186', 128, '{}', '360cbe02-419c-4e6e-bb63-192eeb69d0ef');
INSERT INTO public.processinputs (id, itemtypeid, quantity, meta, processid) VALUES ('776ee83d-8e6c-4ecd-b516-266c56668304', '24800206-2c58-45b0-8238-81974d0ebb3b', 5795, '{}', '360cbe02-419c-4e6e-bb63-192eeb69d0ef');

-- nation module item type process outputs
INSERT INTO public.processoutputs (id, itemtypeid, quantity, meta, processid) VALUES ('6c26be0d-264e-4262-9148-8f79cb739250', 'ae7f9ad2-0956-491d-8ea1-0c666d30e42d', 8, '{}', '793a761c-b342-4c92-90d9-e44a859e5ae6');
INSERT INTO public.processoutputs (id, itemtypeid, quantity, meta, processid) VALUES ('4100a3c8-7cc5-4a83-88e2-91289490531d', 'c1fab418-79aa-44e0-9f0b-70375171af25', 30, '{}', 'ceec8d05-03fd-48f3-9118-e78b6758a158');
INSERT INTO public.processoutputs (id, itemtypeid, quantity, meta, processid) VALUES ('fb132d28-05fe-43ec-b7ac-c43793b44d63', '5c1049c4-f631-4066-9f2a-b0798b2c4399', 1985, '{}', 'ceec8d05-03fd-48f3-9118-e78b6758a158');
INSERT INTO public.processoutputs (id, itemtypeid, quantity, meta, processid) VALUES ('c6d38ce2-c448-4cb9-acfd-6cfdda15ae6e', '0172e97b-ec83-4b9f-94ff-10ae46bf9895', 1, '{}', '35bc4f69-96cf-424e-ba4d-a21d23d9e3d5');
INSERT INTO public.processoutputs (id, itemtypeid, quantity, meta, processid) VALUES ('1792b373-5640-498c-a388-1dc5aeab3195', '5c1049c4-f631-4066-9f2a-b0798b2c4399', 507, '{}', '7e43fe44-9ba7-4508-9827-96732f00242d');
INSERT INTO public.processoutputs (id, itemtypeid, quantity, meta, processid) VALUES ('009a9da0-4f35-4290-99b8-ca6ad24a2379', '7527672b-3b02-4aca-8d48-1f104da5ce77', 15, '{}', '7e43fe44-9ba7-4508-9827-96732f00242d');
INSERT INTO public.processoutputs (id, itemtypeid, quantity, meta, processid) VALUES ('b6221943-34b7-429f-a27f-4642254edcde', 'c0700ce3-a2e7-48e5-bf28-f5bbbfd75390', 5, '{}', '30877c6c-a25e-46fc-af72-683c2f085cb2');
INSERT INTO public.processoutputs (id, itemtypeid, quantity, meta, processid) VALUES ('77d8b805-83d7-4d80-b82f-792bdb3839cb', '5c1049c4-f631-4066-9f2a-b0798b2c4399', 799, '{}', 'bdc8ad56-5dc3-41f4-8086-c2becab0d01b');
INSERT INTO public.processoutputs (id, itemtypeid, quantity, meta, processid) VALUES ('7739a60b-e311-4c10-a7c2-191c77dc4d63', 'a8403283-b4c4-4735-9c68-5ca4fb895266', 50, '{}', 'bdc8ad56-5dc3-41f4-8086-c2becab0d01b');
INSERT INTO public.processoutputs (id, itemtypeid, quantity, meta, processid) VALUES ('26ccab62-3da5-4da5-a0a7-48710f930c58', '4b1b5d18-128f-48fc-b1d4-94e5d36cd628', 3, '{}', '84314afe-0f43-4586-b6a4-f3176c46e964');
INSERT INTO public.processoutputs (id, itemtypeid, quantity, meta, processid) VALUES ('f046592b-a54e-42b1-8d4e-2762d13d4890', '5c1049c4-f631-4066-9f2a-b0798b2c4399', 158, '{}', '618dfa20-287e-419c-b884-e29d183fecab');
INSERT INTO public.processoutputs (id, itemtypeid, quantity, meta, processid) VALUES ('d8e75078-8e46-4c90-b2f8-dda851c6131a', '5e19ae7f-4725-45f3-b95b-eb849bb59416', 2, '{}', '618dfa20-287e-419c-b884-e29d183fecab');
INSERT INTO public.processoutputs (id, itemtypeid, quantity, meta, processid) VALUES ('dcb63a3d-2890-4ebb-8ba2-98577d357ade', '7747916a-49d6-4617-afa7-ffde1ecbef01', 3, '{}', '3ae1dbdd-57dc-4d2b-9739-6b2e6a9dd7c5');
INSERT INTO public.processoutputs (id, itemtypeid, quantity, meta, processid) VALUES ('310eda34-7848-489e-8476-304160a81664', '5c1049c4-f631-4066-9f2a-b0798b2c4399', 2831, '{}', '292a418c-4f87-471c-9019-66814ebd60b2');
INSERT INTO public.processoutputs (id, itemtypeid, quantity, meta, processid) VALUES ('b5d9841a-76e3-4c60-aa24-5778bf3d95f1', '8bc3cebd-5bbf-4527-a903-2b2fc9c79429', 50, '{}', '292a418c-4f87-471c-9019-66814ebd60b2');
INSERT INTO public.processoutputs (id, itemtypeid, quantity, meta, processid) VALUES ('7d4d439a-c2ca-4d7d-a740-9a919299a1bd', '0f9f38b5-86bc-416b-9a4b-c3e52a36b450', 2, '{}', '292bf381-7862-4b8c-bfce-e71c74d9ac53');
INSERT INTO public.processoutputs (id, itemtypeid, quantity, meta, processid) VALUES ('ef332435-9b2a-4764-8d18-9970c3c5fa3c', '5c1049c4-f631-4066-9f2a-b0798b2c4399', 11221, '{}', '40484155-bd47-4806-8ffc-a9a1bb9a8870');
INSERT INTO public.processoutputs (id, itemtypeid, quantity, meta, processid) VALUES ('165050db-a612-4bf2-80fe-378002c2c53d', 'f305f679-78ef-469a-84dc-954feddbfc2f', 90, '{}', '40484155-bd47-4806-8ffc-a9a1bb9a8870');
INSERT INTO public.processoutputs (id, itemtypeid, quantity, meta, processid) VALUES ('a3664973-8b9b-417c-9c49-190213cb3f0c', '42f30b93-3548-476a-a3ac-b1ebda476263', 3, '{}', '13e0c981-4829-4c5f-b6fd-7713f721b24c');
INSERT INTO public.processoutputs (id, itemtypeid, quantity, meta, processid) VALUES ('dfd75f41-f108-4150-b551-3e27035dae53', '5c1049c4-f631-4066-9f2a-b0798b2c4399', 8878, '{}', 'c275d7c8-b075-46ee-a8e4-6e5d3fc36119');
INSERT INTO public.processoutputs (id, itemtypeid, quantity, meta, processid) VALUES ('edc35e67-413a-4f21-84ec-7efa6af28f73', 'a83d0915-4db7-40b2-8b3a-4417540e54d9', 75, '{}', 'c275d7c8-b075-46ee-a8e4-6e5d3fc36119');
INSERT INTO public.processoutputs (id, itemtypeid, quantity, meta, processid) VALUES ('5de9aa0d-e4b6-45ac-8412-0b7967618df8', '180ddc14-5c18-4662-bcef-4f5b2c14fd6f', 8, '{}', '68665646-8358-4616-a748-68d00cf306b8');
INSERT INTO public.processoutputs (id, itemtypeid, quantity, meta, processid) VALUES ('1a07d1c6-558a-4f46-89dd-62af5a42e6da', '5c1049c4-f631-4066-9f2a-b0798b2c4399', 7378, '{}', '49e4b535-ec10-4f00-b8c3-24450dc43587');
INSERT INTO public.processoutputs (id, itemtypeid, quantity, meta, processid) VALUES ('2eaf7f59-dd60-4700-a8e7-9d00d46dbc79', '1a976b0d-97bf-40b9-93b5-475fe7532788', 35, '{}', '49e4b535-ec10-4f00-b8c3-24450dc43587');
INSERT INTO public.processoutputs (id, itemtypeid, quantity, meta, processid) VALUES ('9a51b0fb-5136-4f72-ac2d-82c516283abd', '1fd1731c-2aaa-43f5-bfdf-0432139c6779', 2, '{}', '1ca7c216-f43a-4e20-8eca-c0be569b7ec4');
INSERT INTO public.processoutputs (id, itemtypeid, quantity, meta, processid) VALUES ('a144028e-6199-4c76-b14d-950bff9bcd0d', 'd564d43e-983e-43a7-b08b-d491fb8b24fb', 65, '{}', '0c3fe4d6-1beb-4a10-aaa5-7287ddb3f0e0');
INSERT INTO public.processoutputs (id, itemtypeid, quantity, meta, processid) VALUES ('19af853f-39bb-46f2-b8b1-7ab18e8615b5', '5c1049c4-f631-4066-9f2a-b0798b2c4399', 12557, '{}', '0c3fe4d6-1beb-4a10-aaa5-7287ddb3f0e0');
INSERT INTO public.processoutputs (id, itemtypeid, quantity, meta, processid) VALUES ('6383bad5-8b16-4c8c-9deb-fd2f57982ace', '62736101-fc36-415d-885f-939b36fb86a6', 7, '{}', '593cff59-5771-4c03-80e0-f40d23fdd11d');
INSERT INTO public.processoutputs (id, itemtypeid, quantity, meta, processid) VALUES ('df3d0409-11a5-4bd2-b416-3f8210429cc8', '5c1049c4-f631-4066-9f2a-b0798b2c4399', 5795, '{}', '360cbe02-419c-4e6e-bb63-192eeb69d0ef');
INSERT INTO public.processoutputs (id, itemtypeid, quantity, meta, processid) VALUES ('6ed57a31-7962-48cc-8522-af9eea126e77', '6a909841-18c1-4733-8456-b0283cf84fc6', 30, '{}', '360cbe02-419c-4e6e-bb63-192eeb69d0ef');

-- nation ammunition schematics

-- nation ammunition processes
INSERT INTO public.processes (id, name, meta, "time") VALUES ('b07f1407-0b62-4ae3-a740-7975604735be', 'Make Medium Gauss Shell', '{}', 145);
INSERT INTO public.processes (id, name, meta, "time") VALUES ('54933edb-7b78-4d81-b3a9-05b1bb0e905e', 'Make MGPM-8', '{}', 287);
INSERT INTO public.processes (id, name, meta, "time") VALUES ('3289de85-e26f-4003-bc1d-01052e7c6a5a', 'Make Auto-11 Belt', '{}', 168);
INSERT INTO public.processes (id, name, meta, "time") VALUES ('a3b12c8f-415a-4b89-a907-9db3ebf69e70', 'Make MHVM-7', '{}', 407);

-- nation ammunition process inputs
INSERT INTO public.processinputs (id, itemtypeid, quantity, meta, processid) VALUES ('49dca438-75ac-4d5c-8fe9-a56cdb01b86c', '26a3fc9e-db2f-439d-a929-ba755d11d09c', 78, '{}', 'b07f1407-0b62-4ae3-a740-7975604735be');
INSERT INTO public.processinputs (id, itemtypeid, quantity, meta, processid) VALUES ('e9fa24a9-9a93-4ebb-a39a-c454fb7c996c', '24800206-2c58-45b0-8238-81974d0ebb3b', 21, '{}', 'b07f1407-0b62-4ae3-a740-7975604735be');
INSERT INTO public.processinputs (id, itemtypeid, quantity, meta, processid) VALUES ('fcf3a8d0-e09e-4d92-8b4f-11ef2690a7cb', '1d0d344b-ef28-43c8-a7a6-3275936b2dea', 218, '{}', '54933edb-7b78-4d81-b3a9-05b1bb0e905e');
INSERT INTO public.processinputs (id, itemtypeid, quantity, meta, processid) VALUES ('b4ba5665-7e9d-445c-a784-c511d148b46a', 'a8646647-881a-4d24-a22f-f0dce044e6d3', 4, '{}', '54933edb-7b78-4d81-b3a9-05b1bb0e905e');
INSERT INTO public.processinputs (id, itemtypeid, quantity, meta, processid) VALUES ('61e0817e-fa78-4508-bdf5-93380bd3aa3b', '24800206-2c58-45b0-8238-81974d0ebb3b', 76, '{}', '54933edb-7b78-4d81-b3a9-05b1bb0e905e');
INSERT INTO public.processinputs (id, itemtypeid, quantity, meta, processid) VALUES ('1c7d820a-ab5d-4b1c-b575-e0ef53c2fd2c', '0cd04eea-a150-410c-91eb-6af00d8c6eae', 20, '{}', '3289de85-e26f-4003-bc1d-01052e7c6a5a');
INSERT INTO public.processinputs (id, itemtypeid, quantity, meta, processid) VALUES ('dbdd8f63-3ad1-4712-91e5-e352fc775fc3', '24800206-2c58-45b0-8238-81974d0ebb3b', 13, '{}', '3289de85-e26f-4003-bc1d-01052e7c6a5a');
INSERT INTO public.processinputs (id, itemtypeid, quantity, meta, processid) VALUES ('f2acc0eb-5f10-4e13-abdb-26cce8f71c46', '1d0d344b-ef28-43c8-a7a6-3275936b2dea', 170, '{}', 'a3b12c8f-415a-4b89-a907-9db3ebf69e70');
INSERT INTO public.processinputs (id, itemtypeid, quantity, meta, processid) VALUES ('8cdd8ef4-5300-4968-bd13-d7d2df9709fd', 'a8646647-881a-4d24-a22f-f0dce044e6d3', 8, '{}', 'a3b12c8f-415a-4b89-a907-9db3ebf69e70');
INSERT INTO public.processinputs (id, itemtypeid, quantity, meta, processid) VALUES ('125f0b42-4dc0-4c9a-8e1e-2fb7ced089ee', '24800206-2c58-45b0-8238-81974d0ebb3b', 100, '{}', 'a3b12c8f-415a-4b89-a907-9db3ebf69e70');

-- nation ammunition process outputs
INSERT INTO public.processoutputs (id, itemtypeid, quantity, meta, processid) VALUES ('42dde738-8342-4dc8-b91d-7297bca6019d', '81fc758a-9a44-41b6-8265-9649332957b9', 600, '{}', 'b07f1407-0b62-4ae3-a740-7975604735be');
INSERT INTO public.processoutputs (id, itemtypeid, quantity, meta, processid) VALUES ('d42438f3-5ec4-43a3-a4fa-7539267d6281', '5c1049c4-f631-4066-9f2a-b0798b2c4399', 21, '{}', 'b07f1407-0b62-4ae3-a740-7975604735be');
INSERT INTO public.processoutputs (id, itemtypeid, quantity, meta, processid) VALUES ('403c6fd1-3273-4e01-b89e-d9fd9b565fe8', '5eeb7bfe-4c31-4123-b6a3-cf8528bf7c9c', 195, '{}', '54933edb-7b78-4d81-b3a9-05b1bb0e905e');
INSERT INTO public.processoutputs (id, itemtypeid, quantity, meta, processid) VALUES ('85d9c335-ac28-4bc0-828a-2fe23cea9630', '5c1049c4-f631-4066-9f2a-b0798b2c4399', 76, '{}', '54933edb-7b78-4d81-b3a9-05b1bb0e905e');
INSERT INTO public.processoutputs (id, itemtypeid, quantity, meta, processid) VALUES ('b7c1ddc4-1c2a-4d5d-a0d9-a35625427ee1', '5c1049c4-f631-4066-9f2a-b0798b2c4399', 13, '{}', '3289de85-e26f-4003-bc1d-01052e7c6a5a');
INSERT INTO public.processoutputs (id, itemtypeid, quantity, meta, processid) VALUES ('8f7ab7a7-1c0c-466e-a9c9-ba93aebe2ab0', 'f9de544c-64b4-420e-8672-b2f5f4f9c9cc', 150, '{}', '3289de85-e26f-4003-bc1d-01052e7c6a5a');
INSERT INTO public.processoutputs (id, itemtypeid, quantity, meta, processid) VALUES ('d8e1af27-f3a7-4fd9-8e4e-9f8d754d99ac', '0f82a371-cb72-45c7-96cf-4ee5032eb0b1', 205, '{}', 'a3b12c8f-415a-4b89-a907-9db3ebf69e70');
INSERT INTO public.processoutputs (id, itemtypeid, quantity, meta, processid) VALUES ('dce32d7c-0594-4298-bd3e-3a3fd9212ca0', '5c1049c4-f631-4066-9f2a-b0798b2c4399', 100, '{}', 'a3b12c8f-415a-4b89-a907-9db3ebf69e70');
