-- core item types
INSERT INTO public.itemtypes (id, family, name, meta) VALUES ('242b4af2-1384-4976-a8c2-3b0561398341', 'eng_oc', 'Medium Engine Overcharger', '{"hp": 26, "rack": "b", "volume": 50, "cooldown": 14.9, "needs_target": false, "activation_heat": 1142, "industrialmarket": {"maxprice": 13906, "minprice": 8456, "silosize": 1000}, "activation_energy": 365}');
INSERT INTO public.itemtypes (id, family, name, meta) VALUES ('caa1322a-0c9e-4d8a-9a3b-00dc2e41cc76', 'active_sink', 'Medium Active Radiator', '{"hp": 60, "rack": "b", "volume": 70, "cooldown": 58.1, "needs_target": false, "activation_heat": 988, "industrialmarket": {"maxprice": 1566, "minprice": 8610, "silosize": 1000}, "activation_energy": 754}');
INSERT INTO public.itemtypes (id, family, name, meta) VALUES ('dd5c00b9-be4f-4802-8a34-1da41118b3e0', 'gun_turret', 'Medium Ice Miner', '{"hp": 47, "rack": "a", "range": 3319, "volume": 55, "falloff": "reverse_linear", "cooldown": 15.3, "tracking": 0.75, "hull_damage": 103, "armor_damage": 39, "can_mine_gas": false, "can_mine_ice": true, "can_mine_ore": false, "needs_target": true, "shield_damage": 32, "activation_heat": 399, "industrialmarket": {"maxprice": 9971, "minprice": 4560, "silosize": 1000}, "activation_energy": 61, "ice_mining_volume": 27, "activation_gfx_effect": "medium_ice_miner"}');
INSERT INTO public.itemtypes (id, family, name, meta) VALUES ('beee1d44-6818-48a0-b7c2-7bd123f989d5', 'gun_turret', 'Medium Laser Tool', '{"hp": 46, "rack": "a", "range": 6590, "volume": 58, "falloff": "linear", "cooldown": 22.5, "tracking": 1.3, "hull_damage": 840, "armor_damage": 450, "can_mine_gas": false, "can_mine_ice": false, "can_mine_ore": true, "needs_target": true, "shield_damage": 985, "activation_heat": 311, "industrialmarket": {"maxprice": 11900, "minprice": 5099, "silosize": 1000}, "activation_energy": 97, "ore_mining_volume": 55, "activation_gfx_effect": "medium_laser_tool"}');
INSERT INTO public.itemtypes (id, family, name, meta) VALUES ('69d2ff19-70eb-4919-9579-2aa0f1ee2bc2', 'utility_miner', 'Medium Ore Harvester', '{"hp": 33, "rack": "a", "range": 2340, "volume": 78, "falloff": "reverse_linear", "cooldown": 25, "tracking": 0.42, "can_mine_gas": false, "can_mine_ice": false, "can_mine_ore": true, "needs_target": true, "activation_heat": 1950, "industrialmarket": {"maxprice": 27890, "minprice": 17302, "silosize": 1000}, "activation_energy": 657, "ore_mining_volume": 133, "activation_gfx_effect": "medium_ore_harvester"}');
INSERT INTO public.itemtypes (id, family, name, meta) VALUES ('9777cd84-0f16-4b65-8ab3-e139a44b8fbc', 'heat_sink', 'Medium Heat Sink', '{"hp": 144, "rack": "c", "volume": 50, "heat_sink_add": 50, "industrialmarket": {"maxprice": 3567, "minprice": 1850, "silosize": 1000}}');
INSERT INTO public.itemtypes (id, family, name, meta) VALUES ('a033c394-10ae-4a50-8eec-7ee7ea43b321', 'battery_pack', 'Medium Battery Pack', '{"hp": 29, "rack": "c", "volume": 60, "energy_max_add": 508, "industrialmarket": {"maxprice": 9269, "minprice": 4417, "silosize": 1000}}');
INSERT INTO public.itemtypes (id, family, name, meta) VALUES ('08814dee-d4d9-42df-a889-55dc8c75b303', 'aux_generator', 'Medium APU', '{"hp": 33, "rack": "c", "volume": 68, "industrialmarket": {"maxprice": 20450, "minprice": 15606, "silosize": 1000}, "energy_regen_max_add": 40}');
INSERT INTO public.itemtypes (id, family, name, meta) VALUES ('fe071049-81a6-4d51-8660-e0a3c32b3853', 'utility_veil', 'Medium Hardening Veil', '{"hp": 20, "rack": "a", "volume": 80, "cooldown": 125.4, "activation_heat": 214.3, "industrialmarket": {"maxprice": 34503, "minprice": 16849, "silosize": 1000}, "activation_energy": 1825}');
INSERT INTO public.itemtypes (id, family, name, meta) VALUES ('4e407b59-74bb-42a0-85a5-9a6685574e7b', 'gun_turret', 'Medium Anti-Hull Laser', '{"hp": 40, "rack": "a", "range": 6577, "volume": 49, "falloff": "linear", "cooldown": 14.6, "tracking": 64.5, "hull_damage": 2010, "armor_damage": 1545, "needs_target": true, "shield_damage": 9.6, "activation_heat": 712.4, "industrialmarket": {"maxprice": 13450, "minprice": 8491, "silosize": 1000}, "activation_energy": 375, "activation_gfx_effect": "medium_hull_laser"}');
INSERT INTO public.itemtypes (id, family, name, meta) VALUES ('fab39b1f-bab3-4cd2-9b80-e7e48f35fe9d', 'armor_plate', 'Medium Armor Plate', '{"hp": 315, "rack": "c", "volume": 60, "armor_max_add": 1610, "industrialmarket": {"maxprice": 6522, "minprice": 2245, "silosize": 1000}}');
INSERT INTO public.itemtypes (id, family, name, meta) VALUES ('79c53950-624f-437b-b277-5007bf843a7a', 'fuel_tank', 'Medium Fuel Tank', '{"hp": 60, "rack": "c", "volume": 45, "fuel_max_add": 1776, "industrialmarket": {"maxprice": 1450, "minprice": 629, "silosize": 1000}}');
INSERT INTO public.itemtypes (id, family, name, meta) VALUES ('94564bab-844a-4393-8f2a-3dd7fcf65df0', 'gun_turret', 'Medium Combat Laser', '{"hp": 52, "rack": "a", "range": 5460, "volume": 55, "falloff": "linear", "cooldown": 15.2, "tracking": 44.8, "hull_damage": 1277, "armor_damage": 1210, "needs_target": true, "shield_damage": 1368, "activation_heat": 675, "industrialmarket": {"maxprice": 12708, "minprice": 8094, "silosize": 1000}, "activation_energy": 360, "activation_gfx_effect": "medium_general_laser"}');
INSERT INTO public.itemtypes (id, family, name, meta) VALUES ('dd980070-1f58-4e2e-a997-5aed73a38c80', 'therm_cap', 'Medium Thermal Capacitor', '{"hp": 95, "rack": "c", "volume": 40, "heat_cap_max_add": 925, "industrialmarket": {"maxprice": 7745, "minprice": 4412, "silosize": 1000}}');
INSERT INTO public.itemtypes (id, family, name, meta) VALUES ('6789f483-7a7c-49a1-a5a1-4509ecdeea5d', 'drag_amp', 'Medium Aether Dragger', '{"hp": 23, "rack": "b", "range": 5487, "volume": 65, "falloff": "linear", "cooldown": 43.7, "needs_target": true, "activation_heat": 1399, "drag_multiplier": 60.5, "industrialmarket": {"maxprice": 31655, "minprice": 22498, "silosize": 500}, "activation_energy": 1526, "activation_gfx_effect": "medium_aether_dragger"}');
INSERT INTO public.itemtypes (id, family, name, meta) VALUES ('9e59a1e2-a680-4ad4-9881-97ce9f8d7464', 'utility_cloak', 'Medium Cloaking Device', '{"hp": 27, "rack": "a", "volume": 85, "cooldown": 92.4, "activation_heat": 110, "industrialmarket": {"maxprice": 104596, "minprice": 51093, "silosize": 1000}, "activation_energy": 1179}');
INSERT INTO public.itemtypes (id, family, name, meta) VALUES ('1c23cca8-3079-4247-90cf-34b9196c2428', 'utility_miner', 'Medium Ice Harvester', '{"hp": 34, "rack": "a", "range": 2492, "volume": 76, "falloff": "reverse_linear", "cooldown": 23.1, "tracking": 0.37, "can_mine_gas": false, "can_mine_ice": true, "can_mine_ore": false, "needs_target": true, "activation_heat": 1000, "industrialmarket": {"maxprice": 17800, "minprice": 11345, "silosize": 1000}, "activation_energy": 502, "ice_mining_volume": 113, "activation_gfx_effect": "medium_ice_harvester"}');
INSERT INTO public.itemtypes (id, family, name, meta) VALUES ('434d961e-09a3-4ba7-90d5-aa702c4e5fdf', 'shield_booster', 'Medium Shield Booster', '{"hp": 21, "rack": "b", "volume": 63, "cooldown": 27.8, "needs_target": false, "activation_heat": 1134, "industrialmarket": {"maxprice": 5680, "minprice": 1755, "silosize": 1000}, "activation_energy": 225, "shield_boost_amount": 400, "activation_gfx_effect": "medium_shield_booster"}');
INSERT INTO public.itemtypes (id, family, name, meta) VALUES ('06afcde3-3c8a-4d9f-9e31-7e4a6c75bbd8', 'utility_siphon', 'Medium Energy Siphon', '{"hp": 42, "rack": "a", "range": 2799, "volume": 77, "falloff": "linear", "cooldown": 38.5, "tracking": 55, "needs_target": true, "activation_heat": 360, "industrialmarket": {"maxprice": 34677, "minprice": 23904, "silosize": 1000}, "activation_energy": 98, "energy_siphon_amount": 1785, "activation_gfx_effect": "medium_energy_siphon"}');
INSERT INTO public.itemtypes (id, family, name, meta) VALUES ('bbe920ec-2796-4cd3-9a94-1ece8aff5d9b', 'gun_turret', 'Medium Anti-Shield Laser', '{"hp": 44, "rack": "a", "range": 6788, "volume": 45, "falloff": "linear", "cooldown": 16.3, "tracking": 71.4, "hull_damage": 27.5, "armor_damage": 14.2, "needs_target": true, "shield_damage": 4633, "activation_heat": 712.3, "industrialmarket": {"maxprice": 15607, "minprice": 9062, "silosize": 1000}, "activation_energy": 375.4, "activation_gfx_effect": "medium_shield_laser"}');

-- core schematic item types
INSERT INTO public.itemtypes (id, family, name, meta) VALUES ('4a0f437f-19d2-4c2e-b578-8bef14fba4a7', 'schematic', 'Medium Engine Overcharger Schematic', '{"industrialmarket": {"maxprice": 49410, "minprice": 14063, "silosize": 100, "process_id": "5ec93bc7-5a25-4689-97ed-fe2d78178374"}}');
INSERT INTO public.itemtypes (id, family, name, meta) VALUES ('10e28793-414e-4b88-be23-6081afc4bc4a', 'schematic', 'Medium Active Radiator Schematic', '{"industrialmarket": {"maxprice": 88156, "minprice": 17450, "silosize": 100, "process_id": "c8826176-e2ed-44f7-b478-80dc8901ca26"}}');
INSERT INTO public.itemtypes (id, family, name, meta) VALUES ('5b5c9ea9-a643-4a3b-9400-53875c60b151', 'schematic', 'Medium Ice Miner Schematic', '{"industrialmarket": {"maxprice": 27684, "minprice": 12561, "silosize": 100, "process_id": "7afec0a1-f693-424d-b0ba-e19093451db0"}}');
INSERT INTO public.itemtypes (id, family, name, meta) VALUES ('df96b2e7-1a5f-4f59-b8a8-4c920c452517', 'schematic', 'Medium Heat Sink Schematic', '{"industrialmarket": {"maxprice": 6521, "minprice": 2857, "silosize": 100, "process_id": "12bc294b-8a1a-4751-838c-ea266a357878"}}');
INSERT INTO public.itemtypes (id, family, name, meta) VALUES ('fed5f51d-da62-404f-a8e2-f7dacf8eacd9', 'schematic', 'Medium Battery Pack Schematic', '{"industrialmarket": {"maxprice": 127406, "minprice": 43909, "silosize": 100, "process_id": "33b857b5-c933-45e4-8f7b-0ef2c8f61a7e"}}');
INSERT INTO public.itemtypes (id, family, name, meta) VALUES ('d3b9b706-d3a9-4545-9798-12e613d3a799', 'schematic', 'Medium APU Schematic', '{"industrialmarket": {"maxprice": 351905, "minprice": 73199, "silosize": 100, "process_id": "08d89115-7d3a-4daf-9fa8-18b50b82d173"}}');
INSERT INTO public.itemtypes (id, family, name, meta) VALUES ('cea3dc2a-2127-4fa0-a261-a567315099b3', 'schematic', 'Medium Hardening Veil Schematic', '{"industrialmarket": {"maxprice": 457502, "minprice": 99953, "silosize": 100, "process_id": "cb6f0c19-88fb-40c2-9083-613231bc857d"}}');
INSERT INTO public.itemtypes (id, family, name, meta) VALUES ('4ba2b808-43ff-4aa0-94b8-15f550b25f2a', 'schematic', 'Medium Combat Laser Schematic', '{"industrialmarket": {"maxprice": 415824, "minprice": 117591, "silosize": 100, "process_id": "7ad51cb5-1ea8-4229-a3a6-6236fd0cda68"}}');
INSERT INTO public.itemtypes (id, family, name, meta) VALUES ('96d7385e-1248-47d0-8615-0619e3a19108', 'schematic', 'Medium Thermal Capacitor Schematic', '{"industrialmarket": {"maxprice": 75017, "minprice": 11092, "silosize": 100, "process_id": "8f9b5d1c-48de-405f-ac1f-acf089edfc7b"}}');
INSERT INTO public.itemtypes (id, family, name, meta) VALUES ('df06331f-157e-4993-9cb1-53c6b44dc2b6', 'schematic', 'Medium Aether Dragger Schematic', '{"industrialmarket": {"maxprice": 399386, "minprice": 134623, "silosize": 100, "process_id": "971376e4-7219-4b46-b536-14b62a93f891"}}');
INSERT INTO public.itemtypes (id, family, name, meta) VALUES ('6dcee4ca-3904-4e45-aace-bc11395677f1', 'schematic', 'Medium Shield Booster Schematic', '{"industrialmarket": {"maxprice": 5565, "minprice": 2270, "silosize": 100, "process_id": "6998e1c6-7bc7-482b-9cbd-849ea497e87b"}}');
INSERT INTO public.itemtypes (id, family, name, meta) VALUES ('f0fa8c2f-4a3c-4d8e-acaf-538e0a555754', 'schematic', 'Medium Anti-Hull Laser Schematic', '{"industrialmarket": {"maxprice": 80955, "minprice": 17098, "silosize": 100, "process_id": "d14f6626-8626-4077-a6af-666c44a03a2d"}}');
INSERT INTO public.itemtypes (id, family, name, meta) VALUES ('0f237c5d-df34-4179-a9a4-095f55504047', 'schematic', 'Medium Armor Plate Schematic', '{"industrialmarket": {"maxprice": 11451, "minprice": 3273, "silosize": 100, "process_id": "88a1889d-2874-4f94-bb97-f554f8dc5175"}}');
INSERT INTO public.itemtypes (id, family, name, meta) VALUES ('326b174d-7e21-41bb-b346-2cf68c134838', 'schematic', 'Medium Fuel Tank Schematic', '{"industrialmarket": {"maxprice": 13240, "minprice": 4293, "silosize": 100, "process_id": "efaf0a33-87da-421a-b44b-0aa391ca3fc4"}}');
INSERT INTO public.itemtypes (id, family, name, meta) VALUES ('ca621b13-81b1-4f38-9335-d9e9ac89fa24', 'schematic', 'Medium Ice Harvester Schematic', '{"industrialmarket": {"maxprice": 280528, "minprice": 42189, "silosize": 100, "process_id": "c3ffb295-0f89-4cd5-9970-b55182a808ad"}}');
INSERT INTO public.itemtypes (id, family, name, meta) VALUES ('c905f249-806d-4e91-ad6a-64e7ef74bcec', 'schematic', 'Medium Anti-Shield Laser Schematic', '{"industrialmarket": {"maxprice": 88789, "minprice": 42284, "silosize": 100, "process_id": "e1a70200-d1fe-4b14-a4f2-e321532ab9a0"}}');
INSERT INTO public.itemtypes (id, family, name, meta) VALUES ('3df70aca-6135-4b11-91e0-309dcc49eb3f', 'schematic', 'Medium Energy Siphon Schematic', '{"industrialmarket": {"maxprice": 940545, "minprice": 260594, "silosize": 100, "process_id": "97035337-0d5e-4a0a-8d3e-263086a64046"}}');
INSERT INTO public.itemtypes (id, family, name, meta) VALUES ('27222f97-0279-4832-a80d-445718d6bbe8', 'schematic', 'Medium Cloaking Device Schematic', '{"industrialmarket": {"maxprice": 1361244, "minprice": 508692, "silosize": 100, "process_id": "075d5743-05bf-4078-b295-f4bf7afd5e40"}}');

-- core item type processes
INSERT INTO public.processes (id, name, meta, "time") VALUES ('5ec93bc7-5a25-4689-97ed-fe2d78178374', 'Make Medium Engine Overcharger', '{}', 1102);
INSERT INTO public.processes (id, name, meta, "time") VALUES ('bedebfe5-db24-45ed-9dfa-e742819c2932', 'Medium Engine Overcharger Sink [wm]', '{}', 2170);
INSERT INTO public.processes (id, name, meta, "time") VALUES ('0d719c08-110f-4cbb-81ad-760dfd06b2ef', 'Medium Engine Overcharger Schematic Faucet [wm]', '{}', 8503);
INSERT INTO public.processes (id, name, meta, "time") VALUES ('c365baa0-1f46-42a5-b981-c76227bf3c3f', 'Medium Engine Overcharger Schematic Sink [wm]', '{}', 2932);
INSERT INTO public.processes (id, name, meta, "time") VALUES ('c8826176-e2ed-44f7-b478-80dc8901ca26', 'Make Medium Active Radiator', '{}', 1277);
INSERT INTO public.processes (id, name, meta, "time") VALUES ('10e677f8-84d1-4216-891e-c75e688b3733', 'Medium Active Radiator Sink [wm]', '{}', 1641);
INSERT INTO public.processes (id, name, meta, "time") VALUES ('5a420383-ab10-49e1-87bf-af57ccdb23d6', 'Medium Active Radiator Schematic Faucet [wm]', '{}', 7905);
INSERT INTO public.processes (id, name, meta, "time") VALUES ('262d3ce2-d714-4c56-9d89-b73c0904840a', 'Medium Active Radiator Schematic Sink [wm]', '{}', 5819);
INSERT INTO public.processes (id, name, meta, "time") VALUES ('7afec0a1-f693-424d-b0ba-e19093451db0', 'Make Medium Ice Miner', '{}', 585);
INSERT INTO public.processes (id, name, meta, "time") VALUES ('76459a93-25b2-4412-9a11-a90ffac66316', 'Medium Ice Miner Sink [wm]', '{}', 591);
INSERT INTO public.processes (id, name, meta, "time") VALUES ('885deb02-7718-49f0-b005-baac5eb35daf', 'Medium Ice Miner Schematic Faucet [wm]', '{}', 2032);
INSERT INTO public.processes (id, name, meta, "time") VALUES ('8190069d-21e1-4b49-82f7-3d634662422c', 'Medium Ice Miner Schematic Sink [wm]', '{}', 4020);
INSERT INTO public.processes (id, name, meta, "time") VALUES ('490a5bd5-5699-46d0-98a9-2152227945ee', 'Make Medium Laser Tool', '{}', 5879);
INSERT INTO public.processes (id, name, meta, "time") VALUES ('32c20278-d928-4aa7-bec0-6ca56ce4a279', 'Medium Laser Tool Sink [wm]', '{}', 11528);
INSERT INTO public.processes (id, name, meta, "time") VALUES ('2a463812-c4fc-453e-b263-dea1d123ffbb', 'Medium Laser Tool Schematic Faucet [wm]', '{}', 42353);
INSERT INTO public.processes (id, name, meta, "time") VALUES ('d7982114-b81b-4531-b55e-7cc0b7104a20', 'Medium Laser Tool Schematic Sink [wm]', '{}', 23943);
INSERT INTO public.processes (id, name, meta, "time") VALUES ('d1919b0b-f0b0-44b9-bf21-5f2247b8da97', 'Make Medium Ore Harvester', '{}', 9826);
INSERT INTO public.processes (id, name, meta, "time") VALUES ('3d9407c9-b3a4-4d70-ad76-d056945f686d', 'Medium Ore Harvester Sink [wm]', '{}', 17089);
INSERT INTO public.processes (id, name, meta, "time") VALUES ('ffcde3fb-b610-420a-9ee2-cb30684e3c13', 'Medium Ore Harvester Schematic Faucet [wm]', '{}', 39684);
INSERT INTO public.processes (id, name, meta, "time") VALUES ('3409e15e-ebc8-4599-9f04-f8b1dc378fbf', 'Medium Ore Harvester Schematic Sink [wm]', '{}', 39630);
INSERT INTO public.processes (id, name, meta, "time") VALUES ('12bc294b-8a1a-4751-838c-ea266a357878', 'Make Medium Heat Sink', '{}', 292);
INSERT INTO public.processes (id, name, meta, "time") VALUES ('4aa734c2-d6cb-4e59-8a8f-e11a303dca6e', 'Medium Heat Sink Sink [wm]', '{}', 368);
INSERT INTO public.processes (id, name, meta, "time") VALUES ('fd6c5b88-fb4d-4040-9ebc-33643c116302', 'Medium Heat Sink Schematic Faucet [wm]', '{}', 1805);
INSERT INTO public.processes (id, name, meta, "time") VALUES ('90626471-d13e-4f70-9c4d-278d9f016dc7', 'Medium Heat Sink Schematic Sink [wm]', '{}', 655);
INSERT INTO public.processes (id, name, meta, "time") VALUES ('33b857b5-c933-45e4-8f7b-0ef2c8f61a7e', 'Make Medium Battery Pack', '{}', 4795);
INSERT INTO public.processes (id, name, meta, "time") VALUES ('13748a88-6e6e-4d8c-9e07-6e4190bb7346', 'Medium Battery Pack Sink [wm]', '{}', 5096);
INSERT INTO public.processes (id, name, meta, "time") VALUES ('36357d8c-e74d-47df-876b-a0879d2698a5', 'Medium Battery Pack Schematic Faucet [wm]', '{}', 27319);
INSERT INTO public.processes (id, name, meta, "time") VALUES ('cd2c842e-239b-40e9-89d1-cb09f2bf4410', 'Medium Battery Pack Schematic Sink [wm]', '{}', 14244);
INSERT INTO public.processes (id, name, meta, "time") VALUES ('08d89115-7d3a-4daf-9fa8-18b50b82d173', 'Make Medium APU', '{}', 599);
INSERT INTO public.processes (id, name, meta, "time") VALUES ('bd46a30f-7ddd-4531-8d1d-68b1148e2644', 'Medium APU Sink [wm]', '{}', 945);
INSERT INTO public.processes (id, name, meta, "time") VALUES ('96c60d9a-5972-46c6-aa1d-67740d00de1b', 'Medium APU Schematic Faucet [wm]', '{}', 2004);
INSERT INTO public.processes (id, name, meta, "time") VALUES ('213b304e-5755-4297-b3b1-3aa12eb9bada', 'Medium APU Schematic Sink [wm]', '{}', 1970);
INSERT INTO public.processes (id, name, meta, "time") VALUES ('cb6f0c19-88fb-40c2-9083-613231bc857d', 'Make Medium Hardening Veil', '{}', 1776);
INSERT INTO public.processes (id, name, meta, "time") VALUES ('46ecd674-2841-4f51-9bc7-e3c237b3be52', 'Medium Hardening Veil Sink [wm]', '{}', 1244);
INSERT INTO public.processes (id, name, meta, "time") VALUES ('5a048d0f-0f56-4515-a677-b64d4be37066', 'Medium Hardening Veil Schematic Faucet [wm]', '{}', 13943);
INSERT INTO public.processes (id, name, meta, "time") VALUES ('7ff2e717-7c80-4ed0-8da1-cb57afab353a', 'Medium Hardening Veil Schematic Sink [wm]', '{}', 6805);
INSERT INTO public.processes (id, name, meta, "time") VALUES ('7ad51cb5-1ea8-4229-a3a6-6236fd0cda68', 'Make Medium Combat Laser', '{}', 5869);
INSERT INTO public.processes (id, name, meta, "time") VALUES ('23e6face-7898-4375-9d33-a29ea3d2e076', 'Medium Combat Laser Sink [wm]', '{}', 11178);
INSERT INTO public.processes (id, name, meta, "time") VALUES ('871933a4-f217-4173-864b-8f8f55f7007d', 'Medium Combat Laser Schematic Faucet [wm]', '{}', 27982);
INSERT INTO public.processes (id, name, meta, "time") VALUES ('afa32237-b177-46af-8965-e82cc07f8691', 'Medium Combat Laser Schematic Sink [wm]', '{}', 45503);
INSERT INTO public.processes (id, name, meta, "time") VALUES ('8f9b5d1c-48de-405f-ac1f-acf089edfc7b', 'Make Medium Thermal Capacitor', '{}', 221);
INSERT INTO public.processes (id, name, meta, "time") VALUES ('d5097d03-145c-4121-b89e-9e9aed288cb4', 'Medium Thermal Capacitor Sink [wm]', '{}', 398);
INSERT INTO public.processes (id, name, meta, "time") VALUES ('9a73d968-a84d-4f72-acda-d1dfa615c6db', 'Medium Thermal Capacitor Schematic Faucet [wm]', '{}', 1329);
INSERT INTO public.processes (id, name, meta, "time") VALUES ('45ad32f7-0b12-4317-95a1-ab265af9a95e', 'Medium Thermal Capacitor Schematic Sink [wm]', '{}', 1064);
INSERT INTO public.processes (id, name, meta, "time") VALUES ('971376e4-7219-4b46-b536-14b62a93f891', 'Make Medium Aether Dragger', '{}', 3800);
INSERT INTO public.processes (id, name, meta, "time") VALUES ('4d757c22-4fcb-4d0b-b7e6-d62a5b2b4edb', 'Medium Aether Dragger Sink [wm]', '{}', 4350);
INSERT INTO public.processes (id, name, meta, "time") VALUES ('794a6272-cec3-4a79-9393-0fffa4a37300', 'Medium Aether Dragger Schematic Faucet [wm]', '{}', 11101);
INSERT INTO public.processes (id, name, meta, "time") VALUES ('75facade-538f-4e6f-a602-377491ba2480', 'Medium Aether Dragger Schematic Sink [wm]', '{}', 24605);
INSERT INTO public.processes (id, name, meta, "time") VALUES ('6998e1c6-7bc7-482b-9cbd-849ea497e87b', 'Make Medium Shield Booster', '{}', 71);
INSERT INTO public.processes (id, name, meta, "time") VALUES ('560aaac1-0c63-4169-8cf7-0c4f00162230', 'Medium Shield Booster Sink [wm]', '{}', 106);
INSERT INTO public.processes (id, name, meta, "time") VALUES ('c5f920de-c2f0-478e-9580-6e7a8777b21d', 'Medium Shield Booster Schematic Faucet [wm]', '{}', 215);
INSERT INTO public.processes (id, name, meta, "time") VALUES ('6875448c-a4c6-4c56-bbf7-e7421a299411', 'Medium Shield Booster Schematic Sink [wm]', '{}', 479);
INSERT INTO public.processes (id, name, meta, "time") VALUES ('d14f6626-8626-4077-a6af-666c44a03a2d', 'Make Medium Anti-Hull Laser', '{}', 539);
INSERT INTO public.processes (id, name, meta, "time") VALUES ('f55becd8-f20c-4a85-9517-d6ef961442f9', 'Medium Anti-Hull Laser Sink [wm]', '{}', 972);
INSERT INTO public.processes (id, name, meta, "time") VALUES ('8370f0b7-25c2-42b6-ba30-ee1bc69ebe76', 'Medium Anti-Hull Laser Schematic Faucet [wm]', '{}', 3127);
INSERT INTO public.processes (id, name, meta, "time") VALUES ('577f82b1-112b-42e6-a8a5-526d91a830a2', 'Medium Anti-Hull Laser Schematic Sink [wm]', '{}', 1578);
INSERT INTO public.processes (id, name, meta, "time") VALUES ('88a1889d-2874-4f94-bb97-f554f8dc5175', 'Make Medium Armor Plate', '{}', 600);
INSERT INTO public.processes (id, name, meta, "time") VALUES ('4fd483dd-5744-4c0f-9364-add54c10bcf9', 'Medium Armor Plate Sink [wm]', '{}', 1126);
INSERT INTO public.processes (id, name, meta, "time") VALUES ('65ba551a-6be4-4170-b601-1d3215d2c060', 'Medium Armor Plate Schematic Faucet [wm]', '{}', 4390);
INSERT INTO public.processes (id, name, meta, "time") VALUES ('ec5f4db7-7a16-417b-a374-e87baec8bdde', 'Medium Armor Plate Schematic Sink [wm]', '{}', 3507);
INSERT INTO public.processes (id, name, meta, "time") VALUES ('efaf0a33-87da-421a-b44b-0aa391ca3fc4', 'Make Medium Fuel Tank', '{}', 1082);
INSERT INTO public.processes (id, name, meta, "time") VALUES ('1e67d3ce-0674-412a-b2a4-20d53465ca60', 'Medium Fuel Tank Sink [wm]', '{}', 1699);
INSERT INTO public.processes (id, name, meta, "time") VALUES ('690edddc-228a-4e28-90e8-010bf8bf9e3c', 'Medium Fuel Tank Schematic Faucet [wm]', '{}', 8050);
INSERT INTO public.processes (id, name, meta, "time") VALUES ('73c11347-7ddc-4f74-809a-a1203aea43c9', 'Medium Fuel Tank Schematic Sink [wm]', '{}', 2909);
INSERT INTO public.processes (id, name, meta, "time") VALUES ('c3ffb295-0f89-4cd5-9970-b55182a808ad', 'Make Medium Ice Harvester', '{}', 5752);
INSERT INTO public.processes (id, name, meta, "time") VALUES ('03e360ab-8e65-435d-9284-2e34159d485b', 'Medium Ice Harvester Sink [wm]', '{}', 7193);
INSERT INTO public.processes (id, name, meta, "time") VALUES ('32f208fc-46fe-46bd-bb5f-7b688bf8949b', 'Medium Ice Harvester Schematic Faucet [wm]', '{}', 32064);
INSERT INTO public.processes (id, name, meta, "time") VALUES ('1b56ce40-bdc9-4518-92a1-3fa8883d45da', 'Medium Ice Harvester Schematic Sink [wm]', '{}', 23791);
INSERT INTO public.processes (id, name, meta, "time") VALUES ('e1a70200-d1fe-4b14-a4f2-e321532ab9a0', 'Make Medium Anti-Shield Laser', '{}', 64);
INSERT INTO public.processes (id, name, meta, "time") VALUES ('6b032601-89a9-4f51-8094-9ec125e4b0bd', 'Medium Anti-Shield Laser Sink [wm]', '{}', 119);
INSERT INTO public.processes (id, name, meta, "time") VALUES ('520ceed2-34a1-44a1-94c2-f8b3e12e114d', 'Medium Anti-Shield Laser Schematic Faucet [wm]', '{}', 392);
INSERT INTO public.processes (id, name, meta, "time") VALUES ('ed82ac02-0008-482c-bb0c-7fb546732fb5', 'Medium Anti-Shield Laser Schematic Sink [wm]', '{}', 153);
INSERT INTO public.processes (id, name, meta, "time") VALUES ('97035337-0d5e-4a0a-8d3e-263086a64046', 'Make Medium Energy Siphon', '{}', 1112);
INSERT INTO public.processes (id, name, meta, "time") VALUES ('96a62d90-7770-4793-9a17-0dbc00f0e435', 'Medium Energy Siphon Sink [wm]', '{}', 1564);
INSERT INTO public.processes (id, name, meta, "time") VALUES ('4d9cb7ca-2458-48bc-9a82-5aa79fa8c855', 'Medium Energy Siphon Schematic Faucet [wm]', '{}', 3090);
INSERT INTO public.processes (id, name, meta, "time") VALUES ('7c2a3a8e-0994-43f5-9367-22dff977f0e5', 'Medium Energy Siphon Schematic Sink [wm]', '{}', 7379);
INSERT INTO public.processes (id, name, meta, "time") VALUES ('075d5743-05bf-4078-b295-f4bf7afd5e40', 'Make Medium Cloaking Device', '{}', 3742);
INSERT INTO public.processes (id, name, meta, "time") VALUES ('6c2b90fc-df0f-43e4-944d-414404f63ba8', 'Medium Cloaking Device Sink [wm]', '{}', 5904);
INSERT INTO public.processes (id, name, meta, "time") VALUES ('2ef7b58c-162f-4a18-87c7-d8fbd62fb025', 'Medium Cloaking Device Schematic Faucet [wm]', '{}', 9982);
INSERT INTO public.processes (id, name, meta, "time") VALUES ('57511319-7d2b-4435-94d3-de6b3c318f55', 'Medium Cloaking Device Schematic Sink [wm]', '{}', 19187);

-- core item type process inputs
INSERT INTO public.processinputs (id, itemtypeid, quantity, meta, processid) VALUES ('619465e2-e393-4981-8557-f6b844fc65a1', '4a0f437f-19d2-4c2e-b578-8bef14fba4a7', 7, '{}', 'c365baa0-1f46-42a5-b981-c76227bf3c3f');
INSERT INTO public.processinputs (id, itemtypeid, quantity, meta, processid) VALUES ('31d62587-79ca-4f09-8448-c1f4a81eff71', '242b4af2-1384-4976-a8c2-3b0561398341', 17, '{}', 'bedebfe5-db24-45ed-9dfa-e742819c2932');
INSERT INTO public.processinputs (id, itemtypeid, quantity, meta, processid) VALUES ('8e3ba545-693d-46a8-8d2e-53e0b94c7af3', '7dcd5138-d7e0-419f-867a-6f0f23b99b5b', 11, '{}', '5ec93bc7-5a25-4689-97ed-fe2d78178374');
INSERT INTO public.processinputs (id, itemtypeid, quantity, meta, processid) VALUES ('e94085c6-86ad-4c63-af4e-0c2ce6aa52aa', '0cd04eea-a150-410c-91eb-6af00d8c6eae', 6, '{}', '5ec93bc7-5a25-4689-97ed-fe2d78178374');
INSERT INTO public.processinputs (id, itemtypeid, quantity, meta, processid) VALUES ('fa4013ee-a117-4682-9a2c-ab43c5120372', 'dd0c9b0a-279e-418e-b3b6-2f569fda0186', 12, '{}', '5ec93bc7-5a25-4689-97ed-fe2d78178374');
INSERT INTO public.processinputs (id, itemtypeid, quantity, meta, processid) VALUES ('4b197d08-757a-4e9e-9a37-5108b1190a65', '39b8eedf-ef80-4c29-a4bf-99abc4d84fa6', 14, '{}', '5ec93bc7-5a25-4689-97ed-fe2d78178374');
INSERT INTO public.processinputs (id, itemtypeid, quantity, meta, processid) VALUES ('d5ad9798-45d6-478c-85cd-b15245ee546c', 'dd522f03-2f52-4e82-b2f8-d7e0029cb82f', 34, '{}', '5ec93bc7-5a25-4689-97ed-fe2d78178374');
INSERT INTO public.processinputs (id, itemtypeid, quantity, meta, processid) VALUES ('6f80efcb-b8fe-46b5-85a1-a6aa6103f771', '24800206-2c58-45b0-8238-81974d0ebb3b', 685, '{}', '5ec93bc7-5a25-4689-97ed-fe2d78178374');
INSERT INTO public.processinputs (id, itemtypeid, quantity, meta, processid) VALUES ('fbead83b-4f25-4a3e-af5e-c2917d86f8a8', '2ce48bef-f06b-4550-b20c-0e64864db051', 9, '{}', '5ec93bc7-5a25-4689-97ed-fe2d78178374');
INSERT INTO public.processinputs (id, itemtypeid, quantity, meta, processid) VALUES ('2398fd07-89f9-46da-8550-ec7925e6e127', '10e28793-414e-4b88-be23-6081afc4bc4a', 1, '{}', '262d3ce2-d714-4c56-9d89-b73c0904840a');
INSERT INTO public.processinputs (id, itemtypeid, quantity, meta, processid) VALUES ('2dd4b3fb-a311-45e0-97c6-10151b025b23', 'caa1322a-0c9e-4d8a-9a3b-00dc2e41cc76', 50, '{}', '10e677f8-84d1-4216-891e-c75e688b3733');
INSERT INTO public.processinputs (id, itemtypeid, quantity, meta, processid) VALUES ('e421cddb-4a62-41e6-b349-27bff22e5caa', '24800206-2c58-45b0-8238-81974d0ebb3b', 1395, '{}', 'c8826176-e2ed-44f7-b478-80dc8901ca26');
INSERT INTO public.processinputs (id, itemtypeid, quantity, meta, processid) VALUES ('08fce6b1-470b-4fe4-af18-f62459e199cf', '0cd04eea-a150-410c-91eb-6af00d8c6eae', 48, '{}', 'c8826176-e2ed-44f7-b478-80dc8901ca26');
INSERT INTO public.processinputs (id, itemtypeid, quantity, meta, processid) VALUES ('cb0b400e-306f-4781-88bf-f56552c640f7', '7dcd5138-d7e0-419f-867a-6f0f23b99b5b', 44, '{}', 'c8826176-e2ed-44f7-b478-80dc8901ca26');
INSERT INTO public.processinputs (id, itemtypeid, quantity, meta, processid) VALUES ('dcf974e7-0dc0-4e4b-8e27-051be2e8d562', '61f52ba3-654b-45cf-88e3-33399d12350d', 49, '{}', 'c8826176-e2ed-44f7-b478-80dc8901ca26');
INSERT INTO public.processinputs (id, itemtypeid, quantity, meta, processid) VALUES ('4e26405a-2d95-43fc-98de-283df19859a0', 'dd522f03-2f52-4e82-b2f8-d7e0029cb82f', 191, '{}', 'c8826176-e2ed-44f7-b478-80dc8901ca26');
INSERT INTO public.processinputs (id, itemtypeid, quantity, meta, processid) VALUES ('4bb66602-0f6c-41b1-bf9f-71a9ff4ac102', '5b5c9ea9-a643-4a3b-9400-53875c60b151', 7, '{}', '8190069d-21e1-4b49-82f7-3d634662422c');
INSERT INTO public.processinputs (id, itemtypeid, quantity, meta, processid) VALUES ('40e30e0a-1480-4aa4-b93d-fa1aa0409d13', 'dd5c00b9-be4f-4802-8a34-1da41118b3e0', 12, '{}', '76459a93-25b2-4412-9a11-a90ffac66316');
INSERT INTO public.processinputs (id, itemtypeid, quantity, meta, processid) VALUES ('0dbffc17-a00a-403c-a907-d33023627377', 'dd0c9b0a-279e-418e-b3b6-2f569fda0186', 3, '{}', '7afec0a1-f693-424d-b0ba-e19093451db0');
INSERT INTO public.processinputs (id, itemtypeid, quantity, meta, processid) VALUES ('315310b8-2e51-431f-b7ad-92da7b5f47dd', '7dcd5138-d7e0-419f-867a-6f0f23b99b5b', 4, '{}', '7afec0a1-f693-424d-b0ba-e19093451db0');
INSERT INTO public.processinputs (id, itemtypeid, quantity, meta, processid) VALUES ('dfccb3c3-11ec-485e-9328-8bf50548302c', '66b7a322-8cfc-4467-9410-492e6b58f159', 4, '{}', '7afec0a1-f693-424d-b0ba-e19093451db0');
INSERT INTO public.processinputs (id, itemtypeid, quantity, meta, processid) VALUES ('bc15249e-6374-421c-9b79-c5c207fd33b6', '61f52ba3-654b-45cf-88e3-33399d12350d', 3, '{}', '7afec0a1-f693-424d-b0ba-e19093451db0');
INSERT INTO public.processinputs (id, itemtypeid, quantity, meta, processid) VALUES ('5fc572ff-4bb9-46cd-8ff2-a6e066c1100e', '24800206-2c58-45b0-8238-81974d0ebb3b', 222, '{}', '7afec0a1-f693-424d-b0ba-e19093451db0');
INSERT INTO public.processinputs (id, itemtypeid, quantity, meta, processid) VALUES ('2ff3df6e-8d10-49dc-83af-780919d8dc9d', '39b8eedf-ef80-4c29-a4bf-99abc4d84fa6', 4, '{}', '7afec0a1-f693-424d-b0ba-e19093451db0');
INSERT INTO public.processinputs (id, itemtypeid, quantity, meta, processid) VALUES ('1e94d51c-10c1-4cd6-a1bd-e9edc83a9f4c', '1d0d344b-ef28-43c8-a7a6-3275936b2dea', 5, '{}', '7afec0a1-f693-424d-b0ba-e19093451db0');
INSERT INTO public.processinputs (id, itemtypeid, quantity, meta, processid) VALUES ('97abc151-db1e-4907-a315-657e7ff52b41', 'dd522f03-2f52-4e82-b2f8-d7e0029cb82f', 19, '{}', '7afec0a1-f693-424d-b0ba-e19093451db0');
INSERT INTO public.processinputs (id, itemtypeid, quantity, meta, processid) VALUES ('0a6de855-ea16-41cb-af0d-3c2e5819d88b', '7b2b4569-9416-4121-83cd-a9d71d298e80', 2, '{}', 'd7982114-b81b-4531-b55e-7cc0b7104a20');
INSERT INTO public.processinputs (id, itemtypeid, quantity, meta, processid) VALUES ('3dc948ae-0ae2-48e8-99eb-f515a93cc008', 'beee1d44-6818-48a0-b7c2-7bd123f989d5', 80, '{}', '32c20278-d928-4aa7-bec0-6ca56ce4a279');
INSERT INTO public.processinputs (id, itemtypeid, quantity, meta, processid) VALUES ('102cbb67-96ff-433a-b06d-82141e719988', '24800206-2c58-45b0-8238-81974d0ebb3b', 2066, '{}', '490a5bd5-5699-46d0-98a9-2152227945ee');
INSERT INTO public.processinputs (id, itemtypeid, quantity, meta, processid) VALUES ('2a7f7214-430c-4eb5-b154-bcdf53f2f75e', 'dd0c9b0a-279e-418e-b3b6-2f569fda0186', 22, '{}', '490a5bd5-5699-46d0-98a9-2152227945ee');
INSERT INTO public.processinputs (id, itemtypeid, quantity, meta, processid) VALUES ('adf8b0a2-ae83-4e31-9a76-fa118b207809', '11688112-f3d4-4d30-864a-684a8b96ea23', 16, '{}', '490a5bd5-5699-46d0-98a9-2152227945ee');
INSERT INTO public.processinputs (id, itemtypeid, quantity, meta, processid) VALUES ('5578b890-02be-4f9d-bd05-397193081980', '66b7a322-8cfc-4467-9410-492e6b58f159', 20, '{}', '490a5bd5-5699-46d0-98a9-2152227945ee');
INSERT INTO public.processinputs (id, itemtypeid, quantity, meta, processid) VALUES ('b8e3c367-534b-4662-8c3e-610b35515247', '2ce48bef-f06b-4550-b20c-0e64864db051', 16, '{}', '490a5bd5-5699-46d0-98a9-2152227945ee');
INSERT INTO public.processinputs (id, itemtypeid, quantity, meta, processid) VALUES ('1dda3fc9-a05a-4549-b46b-ec661842a64f', '7dcd5138-d7e0-419f-867a-6f0f23b99b5b', 14, '{}', '490a5bd5-5699-46d0-98a9-2152227945ee');
INSERT INTO public.processinputs (id, itemtypeid, quantity, meta, processid) VALUES ('ef71ad88-96ab-47ec-ae5a-de6e475331d5', 'dd522f03-2f52-4e82-b2f8-d7e0029cb82f', 63, '{}', '490a5bd5-5699-46d0-98a9-2152227945ee');
INSERT INTO public.processinputs (id, itemtypeid, quantity, meta, processid) VALUES ('083057f6-60d7-4287-9395-248936a06408', '3f8b6b48-b350-4bc3-8b8d-ad8415f46183', 6, '{}', '3409e15e-ebc8-4599-9f04-f8b1dc378fbf');
INSERT INTO public.processinputs (id, itemtypeid, quantity, meta, processid) VALUES ('89642148-0fda-447c-9d59-2863bdd98eec', '69d2ff19-70eb-4919-9579-2aa0f1ee2bc2', 77, '{}', '3d9407c9-b3a4-4d70-ad76-d056945f686d');
INSERT INTO public.processinputs (id, itemtypeid, quantity, meta, processid) VALUES ('9b5103ed-7431-4d17-ba8a-c21115bd04d2', 'dd0c9b0a-279e-418e-b3b6-2f569fda0186', 101, '{}', 'd1919b0b-f0b0-44b9-bf21-5f2247b8da97');
INSERT INTO public.processinputs (id, itemtypeid, quantity, meta, processid) VALUES ('50aceab7-d94d-4b2b-9ef1-87924dc535bf', '39b8eedf-ef80-4c29-a4bf-99abc4d84fa6', 116, '{}', 'd1919b0b-f0b0-44b9-bf21-5f2247b8da97');
INSERT INTO public.processinputs (id, itemtypeid, quantity, meta, processid) VALUES ('3809da77-9fac-42b4-96d5-1e2b22177dd9', '24800206-2c58-45b0-8238-81974d0ebb3b', 5124, '{}', 'd1919b0b-f0b0-44b9-bf21-5f2247b8da97');
INSERT INTO public.processinputs (id, itemtypeid, quantity, meta, processid) VALUES ('d4d9cef1-5bfa-4e78-bc26-c19ba29f6cfa', 'dd522f03-2f52-4e82-b2f8-d7e0029cb82f', 383, '{}', 'd1919b0b-f0b0-44b9-bf21-5f2247b8da97');
INSERT INTO public.processinputs (id, itemtypeid, quantity, meta, processid) VALUES ('9be3c1a2-edc2-4650-a353-df06bbd9adb2', '2ce48bef-f06b-4550-b20c-0e64864db051', 87, '{}', 'd1919b0b-f0b0-44b9-bf21-5f2247b8da97');
INSERT INTO public.processinputs (id, itemtypeid, quantity, meta, processid) VALUES ('743a877b-e0a1-4337-977d-ffb9bd18df2e', '61f52ba3-654b-45cf-88e3-33399d12350d', 96, '{}', 'd1919b0b-f0b0-44b9-bf21-5f2247b8da97');
INSERT INTO public.processinputs (id, itemtypeid, quantity, meta, processid) VALUES ('dd57a96c-6fb8-4c15-90ed-16e28f4f892f', '1d0d344b-ef28-43c8-a7a6-3275936b2dea', 94, '{}', 'd1919b0b-f0b0-44b9-bf21-5f2247b8da97');
INSERT INTO public.processinputs (id, itemtypeid, quantity, meta, processid) VALUES ('54c5909f-b297-4fa9-aba6-76809d1193a4', 'df96b2e7-1a5f-4f59-b8a8-4c920c452517', 7, '{}', '90626471-d13e-4f70-9c4d-278d9f016dc7');
INSERT INTO public.processinputs (id, itemtypeid, quantity, meta, processid) VALUES ('91929f53-e616-4600-9cb8-01469299d2b8', '9777cd84-0f16-4b65-8ab3-e139a44b8fbc', 10, '{}', '4aa734c2-d6cb-4e59-8a8f-e11a303dca6e');
INSERT INTO public.processinputs (id, itemtypeid, quantity, meta, processid) VALUES ('10b3d931-4a19-4d0e-aadb-1ae3fa8d4e2f', '24800206-2c58-45b0-8238-81974d0ebb3b', 60, '{}', '12bc294b-8a1a-4751-838c-ea266a357878');
INSERT INTO public.processinputs (id, itemtypeid, quantity, meta, processid) VALUES ('90e2d516-fdd1-46e1-bf8f-63bbf8fdddd7', '66b7a322-8cfc-4467-9410-492e6b58f159', 1, '{}', '12bc294b-8a1a-4751-838c-ea266a357878');
INSERT INTO public.processinputs (id, itemtypeid, quantity, meta, processid) VALUES ('fc7ebc90-9aaf-4e38-9be5-b0de0dd10bb0', 'dd522f03-2f52-4e82-b2f8-d7e0029cb82f', 3, '{}', '12bc294b-8a1a-4751-838c-ea266a357878');
INSERT INTO public.processinputs (id, itemtypeid, quantity, meta, processid) VALUES ('c425a714-af7e-4138-b6c8-399f56eef91d', '11688112-f3d4-4d30-864a-684a8b96ea23', 2, '{}', '12bc294b-8a1a-4751-838c-ea266a357878');
INSERT INTO public.processinputs (id, itemtypeid, quantity, meta, processid) VALUES ('cd6f00c1-01ff-4bbf-b2a5-08d963cdd3d6', 'fed5f51d-da62-404f-a8e2-f7dacf8eacd9', 9, '{}', 'cd2c842e-239b-40e9-89d1-cb09f2bf4410');
INSERT INTO public.processinputs (id, itemtypeid, quantity, meta, processid) VALUES ('be49e766-3ed2-4c63-92fa-acd9d3e7112e', 'a033c394-10ae-4a50-8eec-7ee7ea43b321', 110, '{}', '13748a88-6e6e-4d8c-9e07-6e4190bb7346');
INSERT INTO public.processinputs (id, itemtypeid, quantity, meta, processid) VALUES ('ec9771bd-dfd7-4381-ada0-898cf931045f', '24800206-2c58-45b0-8238-81974d0ebb3b', 1670, '{}', '33b857b5-c933-45e4-8f7b-0ef2c8f61a7e');
INSERT INTO public.processinputs (id, itemtypeid, quantity, meta, processid) VALUES ('27d0922a-556f-4f74-9f29-e315460130ed', '2ce48bef-f06b-4550-b20c-0e64864db051', 20, '{}', '33b857b5-c933-45e4-8f7b-0ef2c8f61a7e');
INSERT INTO public.processinputs (id, itemtypeid, quantity, meta, processid) VALUES ('073ef2bc-bba3-4864-8a0d-086424a4e74f', 'dd522f03-2f52-4e82-b2f8-d7e0029cb82f', 89, '{}', '33b857b5-c933-45e4-8f7b-0ef2c8f61a7e');
INSERT INTO public.processinputs (id, itemtypeid, quantity, meta, processid) VALUES ('11f49262-52c4-4b79-a3f8-a5fe9b61ef86', '39b8eedf-ef80-4c29-a4bf-99abc4d84fa6', 19, '{}', '33b857b5-c933-45e4-8f7b-0ef2c8f61a7e');
INSERT INTO public.processinputs (id, itemtypeid, quantity, meta, processid) VALUES ('850ce073-3841-41e2-afe7-30f743096db4', '11688112-f3d4-4d30-864a-684a8b96ea23', 24, '{}', '33b857b5-c933-45e4-8f7b-0ef2c8f61a7e');
INSERT INTO public.processinputs (id, itemtypeid, quantity, meta, processid) VALUES ('d47a573b-bd98-499d-bc65-e2839a6abaf3', 'd3b9b706-d3a9-4545-9798-12e613d3a799', 8, '{}', '213b304e-5755-4297-b3b1-3aa12eb9bada');
INSERT INTO public.processinputs (id, itemtypeid, quantity, meta, processid) VALUES ('700f1d0b-5067-4dd1-834b-cc1e432ac60c', '08814dee-d4d9-42df-a889-55dc8c75b303', 27, '{}', 'bd46a30f-7ddd-4531-8d1d-68b1148e2644');
INSERT INTO public.processinputs (id, itemtypeid, quantity, meta, processid) VALUES ('051170a1-a075-4f7e-b784-25af6ad85f8d', '24800206-2c58-45b0-8238-81974d0ebb3b', 2950, '{}', '08d89115-7d3a-4daf-9fa8-18b50b82d173');
INSERT INTO public.processinputs (id, itemtypeid, quantity, meta, processid) VALUES ('5b6facb5-a861-4b41-a864-b8709aa32e55', 'dd522f03-2f52-4e82-b2f8-d7e0029cb82f', 259, '{}', '08d89115-7d3a-4daf-9fa8-18b50b82d173');
INSERT INTO public.processinputs (id, itemtypeid, quantity, meta, processid) VALUES ('7ae775bd-ed6a-44f6-b7dd-fafff61a631b', '11688112-f3d4-4d30-864a-684a8b96ea23', 64, '{}', '08d89115-7d3a-4daf-9fa8-18b50b82d173');
INSERT INTO public.processinputs (id, itemtypeid, quantity, meta, processid) VALUES ('45a65848-72a5-437d-ad9f-6caf445f8517', '66b7a322-8cfc-4467-9410-492e6b58f159', 66, '{}', '08d89115-7d3a-4daf-9fa8-18b50b82d173');
INSERT INTO public.processinputs (id, itemtypeid, quantity, meta, processid) VALUES ('19744f1a-d667-4fda-ac34-b918107ff3c7', 'cea3dc2a-2127-4fa0-a261-a567315099b3', 3, '{}', '7ff2e717-7c80-4ed0-8da1-cb57afab353a');
INSERT INTO public.processinputs (id, itemtypeid, quantity, meta, processid) VALUES ('5dfe1c04-f1b2-4c90-8bd7-d45e1abe6c10', 'fe071049-81a6-4d51-8660-e0a3c32b3853', 166, '{}', '46ecd674-2841-4f51-9bc7-e3c237b3be52');
INSERT INTO public.processinputs (id, itemtypeid, quantity, meta, processid) VALUES ('82086705-adab-4396-9eb4-1a1647c284dc', '24800206-2c58-45b0-8238-81974d0ebb3b', 3956, '{}', 'cb6f0c19-88fb-40c2-9083-613231bc857d');
INSERT INTO public.processinputs (id, itemtypeid, quantity, meta, processid) VALUES ('719a47b1-fac4-44af-a7c5-8f49a318bd12', '61f52ba3-654b-45cf-88e3-33399d12350d', 275, '{}', 'cb6f0c19-88fb-40c2-9083-613231bc857d');
INSERT INTO public.processinputs (id, itemtypeid, quantity, meta, processid) VALUES ('33e9cc21-09dc-4a40-988f-bdeea00cae86', '66b7a322-8cfc-4467-9410-492e6b58f159', 292, '{}', 'cb6f0c19-88fb-40c2-9083-613231bc857d');
INSERT INTO public.processinputs (id, itemtypeid, quantity, meta, processid) VALUES ('0217a145-cfbc-4ef1-bbef-4d964e260801', 'dd522f03-2f52-4e82-b2f8-d7e0029cb82f', 1146, '{}', 'cb6f0c19-88fb-40c2-9083-613231bc857d');
INSERT INTO public.processinputs (id, itemtypeid, quantity, meta, processid) VALUES ('4409d1cd-eb38-42e1-a6e5-615b220070e2', '4ba2b808-43ff-4aa0-94b8-15f550b25f2a', 1, '{}', 'afa32237-b177-46af-8965-e82cc07f8691');
INSERT INTO public.processinputs (id, itemtypeid, quantity, meta, processid) VALUES ('e1aa5cbc-8ab2-47b8-84e6-e2102db4be90', '94564bab-844a-4393-8f2a-3dd7fcf65df0', 149, '{}', '23e6face-7898-4375-9d33-a29ea3d2e076');
INSERT INTO public.processinputs (id, itemtypeid, quantity, meta, processid) VALUES ('89ca33b8-2a60-4db4-9d26-cc5c39231a69', '66b7a322-8cfc-4467-9410-492e6b58f159', 80, '{}', '7ad51cb5-1ea8-4229-a3a6-6236fd0cda68');
INSERT INTO public.processinputs (id, itemtypeid, quantity, meta, processid) VALUES ('11154d6b-bd83-4249-ad24-d983e388861e', 'dd522f03-2f52-4e82-b2f8-d7e0029cb82f', 341, '{}', '7ad51cb5-1ea8-4229-a3a6-6236fd0cda68');
INSERT INTO public.processinputs (id, itemtypeid, quantity, meta, processid) VALUES ('e6ce6e93-801b-4e67-89a4-67f7dd52b904', '24800206-2c58-45b0-8238-81974d0ebb3b', 1166, '{}', '7ad51cb5-1ea8-4229-a3a6-6236fd0cda68');
INSERT INTO public.processinputs (id, itemtypeid, quantity, meta, processid) VALUES ('62d8c8f5-83bb-455a-bacb-22f25d832128', '2ce48bef-f06b-4550-b20c-0e64864db051', 75, '{}', '7ad51cb5-1ea8-4229-a3a6-6236fd0cda68');
INSERT INTO public.processinputs (id, itemtypeid, quantity, meta, processid) VALUES ('221511a9-7865-44a1-b95b-7ea783706389', '96d7385e-1248-47d0-8615-0619e3a19108', 5, '{}', '45ad32f7-0b12-4317-95a1-ab265af9a95e');
INSERT INTO public.processinputs (id, itemtypeid, quantity, meta, processid) VALUES ('51aa38f4-8f81-4159-92f3-b8e36341e62b', 'dd980070-1f58-4e2e-a997-5aed73a38c80', 61, '{}', 'd5097d03-145c-4121-b89e-9e9aed288cb4');
INSERT INTO public.processinputs (id, itemtypeid, quantity, meta, processid) VALUES ('5da16fd8-9eb1-4a5f-9411-d06d3f2763c7', '24800206-2c58-45b0-8238-81974d0ebb3b', 834, '{}', '8f9b5d1c-48de-405f-ac1f-acf089edfc7b');
INSERT INTO public.processinputs (id, itemtypeid, quantity, meta, processid) VALUES ('05db7ea4-b91d-4ecf-95ad-0b7cee3afb31', '2ce48bef-f06b-4550-b20c-0e64864db051', 9, '{}', '8f9b5d1c-48de-405f-ac1f-acf089edfc7b');
INSERT INTO public.processinputs (id, itemtypeid, quantity, meta, processid) VALUES ('6e17fd54-d87a-46e8-97af-d387575d92f8', 'dd522f03-2f52-4e82-b2f8-d7e0029cb82f', 39, '{}', '8f9b5d1c-48de-405f-ac1f-acf089edfc7b');
INSERT INTO public.processinputs (id, itemtypeid, quantity, meta, processid) VALUES ('8fcd3d92-f75c-4114-a5d4-9f0a8a01eb92', '66b7a322-8cfc-4467-9410-492e6b58f159', 10, '{}', '8f9b5d1c-48de-405f-ac1f-acf089edfc7b');
INSERT INTO public.processinputs (id, itemtypeid, quantity, meta, processid) VALUES ('722bbdad-b87f-49db-b6a9-8d0c4e22c5ef', 'df06331f-157e-4993-9cb1-53c6b44dc2b6', 4, '{}', '75facade-538f-4e6f-a602-377491ba2480');
INSERT INTO public.processinputs (id, itemtypeid, quantity, meta, processid) VALUES ('3204a1d9-9c50-49fd-8c36-5f9bf9199b15', '6789f483-7a7c-49a1-a5a1-4509ecdeea5d', 51, '{}', '4d757c22-4fcb-4d0b-b7e6-d62a5b2b4edb');
INSERT INTO public.processinputs (id, itemtypeid, quantity, meta, processid) VALUES ('dd1c938e-4ea9-4935-b604-1c586f5c0f3e', '24800206-2c58-45b0-8238-81974d0ebb3b', 3645, '{}', '971376e4-7219-4b46-b536-14b62a93f891');
INSERT INTO public.processinputs (id, itemtypeid, quantity, meta, processid) VALUES ('85a43ee1-ab5f-4b04-a534-fbc1d63f25c9', 'dd522f03-2f52-4e82-b2f8-d7e0029cb82f', 307, '{}', '971376e4-7219-4b46-b536-14b62a93f891');
INSERT INTO public.processinputs (id, itemtypeid, quantity, meta, processid) VALUES ('6dab8685-9147-4553-b519-16fdc22c337b', '66b7a322-8cfc-4467-9410-492e6b58f159', 81, '{}', '971376e4-7219-4b46-b536-14b62a93f891');
INSERT INTO public.processinputs (id, itemtypeid, quantity, meta, processid) VALUES ('be5c3648-1811-4bb9-9085-f4a2d33d0d9d', '11688112-f3d4-4d30-864a-684a8b96ea23', 79, '{}', '971376e4-7219-4b46-b536-14b62a93f891');
INSERT INTO public.processinputs (id, itemtypeid, quantity, meta, processid) VALUES ('94d3d93c-8847-472f-8d2b-35106f1004b9', '6dcee4ca-3904-4e45-aace-bc11395677f1', 4, '{}', '6875448c-a4c6-4c56-bbf7-e7421a299411');
INSERT INTO public.processinputs (id, itemtypeid, quantity, meta, processid) VALUES ('b639de58-8347-4097-a2e8-9cdb77a96061', '434d961e-09a3-4ba7-90d5-aa702c4e5fdf', 3, '{}', '560aaac1-0c63-4169-8cf7-0c4f00162230');
INSERT INTO public.processinputs (id, itemtypeid, quantity, meta, processid) VALUES ('656c0f6c-c3b1-4bb2-944e-031e17099ef7', '66b7a322-8cfc-4467-9410-492e6b58f159', 2, '{}', '6998e1c6-7bc7-482b-9cbd-849ea497e87b');
INSERT INTO public.processinputs (id, itemtypeid, quantity, meta, processid) VALUES ('d22ffdbe-523d-489b-8910-4bdadee38b0a', '24800206-2c58-45b0-8238-81974d0ebb3b', 44, '{}', '6998e1c6-7bc7-482b-9cbd-849ea497e87b');
INSERT INTO public.processinputs (id, itemtypeid, quantity, meta, processid) VALUES ('1abd9660-4fae-4b5d-868e-e9b45a780232', 'dd522f03-2f52-4e82-b2f8-d7e0029cb82f', 10, '{}', '6998e1c6-7bc7-482b-9cbd-849ea497e87b');
INSERT INTO public.processinputs (id, itemtypeid, quantity, meta, processid) VALUES ('26f637a3-bd14-4787-b916-bd66ba2500ed', 'f0fa8c2f-4a3c-4d8e-acaf-538e0a555754', 1, '{}', '577f82b1-112b-42e6-a8a5-526d91a830a2');
INSERT INTO public.processinputs (id, itemtypeid, quantity, meta, processid) VALUES ('76152b96-c44e-4e82-80f5-3d11f5e0c7bd', '4e407b59-74bb-42a0-85a5-9a6685574e7b', 14, '{}', 'f55becd8-f20c-4a85-9517-d6ef961442f9');
INSERT INTO public.processinputs (id, itemtypeid, quantity, meta, processid) VALUES ('8d889db5-3e7e-4450-98ba-f206700c4557', '56617d30-6c30-425c-84bf-2484ae8c1156', 15, '{}', 'd14f6626-8626-4077-a6af-666c44a03a2d');
INSERT INTO public.processinputs (id, itemtypeid, quantity, meta, processid) VALUES ('33d48d2e-588f-4882-9600-637728e90c71', '39b8eedf-ef80-4c29-a4bf-99abc4d84fa6', 16, '{}', 'd14f6626-8626-4077-a6af-666c44a03a2d');
INSERT INTO public.processinputs (id, itemtypeid, quantity, meta, processid) VALUES ('4f8f85b5-de51-4afe-97b1-c1b2f6dd8ddd', '66b7a322-8cfc-4467-9410-492e6b58f159', 19, '{}', 'd14f6626-8626-4077-a6af-666c44a03a2d');
INSERT INTO public.processinputs (id, itemtypeid, quantity, meta, processid) VALUES ('f5bfd708-7c87-4595-be9b-3a2469f79b05', '0cd04eea-a150-410c-91eb-6af00d8c6eae', 11, '{}', 'd14f6626-8626-4077-a6af-666c44a03a2d');
INSERT INTO public.processinputs (id, itemtypeid, quantity, meta, processid) VALUES ('6ef3e698-4f36-4dbf-b472-08a79e71a2ff', '1d0d344b-ef28-43c8-a7a6-3275936b2dea', 15, '{}', 'd14f6626-8626-4077-a6af-666c44a03a2d');
INSERT INTO public.processinputs (id, itemtypeid, quantity, meta, processid) VALUES ('2f4c5b82-50d6-4076-8a42-2d4cb14af510', 'dd522f03-2f52-4e82-b2f8-d7e0029cb82f', 66, '{}', 'd14f6626-8626-4077-a6af-666c44a03a2d');
INSERT INTO public.processinputs (id, itemtypeid, quantity, meta, processid) VALUES ('c12a1838-1463-4d87-9cd3-db21dd49e2ec', '24800206-2c58-45b0-8238-81974d0ebb3b', 507, '{}', 'd14f6626-8626-4077-a6af-666c44a03a2d');
INSERT INTO public.processinputs (id, itemtypeid, quantity, meta, processid) VALUES ('53539abf-fc14-4c03-85cc-81db686474d4', 'dd0c9b0a-279e-418e-b3b6-2f569fda0186', 17, '{}', 'd14f6626-8626-4077-a6af-666c44a03a2d');
INSERT INTO public.processinputs (id, itemtypeid, quantity, meta, processid) VALUES ('402e4174-6309-41d9-8dd3-07b1711317b6', '11688112-f3d4-4d30-864a-684a8b96ea23', 14, '{}', 'd14f6626-8626-4077-a6af-666c44a03a2d');
INSERT INTO public.processinputs (id, itemtypeid, quantity, meta, processid) VALUES ('7081607a-be8e-4074-a010-c8c4ce4c1582', '0f237c5d-df34-4179-a9a4-095f55504047', 2, '{}', 'ec5f4db7-7a16-417b-a374-e87baec8bdde');
INSERT INTO public.processinputs (id, itemtypeid, quantity, meta, processid) VALUES ('f45106f0-affa-4b53-a2e2-3a721d7076d6', 'fab39b1f-bab3-4cd2-9b80-e7e48f35fe9d', 8, '{}', '4fd483dd-5744-4c0f-9364-add54c10bcf9');
INSERT INTO public.processinputs (id, itemtypeid, quantity, meta, processid) VALUES ('607f5624-7e41-4636-a82d-5218fb193d2e', '24800206-2c58-45b0-8238-81974d0ebb3b', 122, '{}', '88a1889d-2874-4f94-bb97-f554f8dc5175');
INSERT INTO public.processinputs (id, itemtypeid, quantity, meta, processid) VALUES ('65e6d168-853b-4193-8ebc-1030e4067bad', '26a3fc9e-db2f-439d-a929-ba755d11d09c', 43, '{}', '88a1889d-2874-4f94-bb97-f554f8dc5175');
INSERT INTO public.processinputs (id, itemtypeid, quantity, meta, processid) VALUES ('1228345e-249b-4eec-865d-f00cfb4b0dfc', 'dd522f03-2f52-4e82-b2f8-d7e0029cb82f', 192, '{}', '88a1889d-2874-4f94-bb97-f554f8dc5175');
INSERT INTO public.processinputs (id, itemtypeid, quantity, meta, processid) VALUES ('2cb9d661-252c-4111-9e01-ba873f2930bf', '0cd04eea-a150-410c-91eb-6af00d8c6eae', 43, '{}', '88a1889d-2874-4f94-bb97-f554f8dc5175');
INSERT INTO public.processinputs (id, itemtypeid, quantity, meta, processid) VALUES ('0e07c033-6a9c-4075-b0ab-ed9e269d7877', '56617d30-6c30-425c-84bf-2484ae8c1156', 41, '{}', '88a1889d-2874-4f94-bb97-f554f8dc5175');
INSERT INTO public.processinputs (id, itemtypeid, quantity, meta, processid) VALUES ('385555d9-9f68-44fc-8da1-9d8a1fe1e87e', '326b174d-7e21-41bb-b346-2cf68c134838', 5, '{}', '73c11347-7ddc-4f74-809a-a1203aea43c9');
INSERT INTO public.processinputs (id, itemtypeid, quantity, meta, processid) VALUES ('b1a5d732-c222-4e4b-a21f-4761b826df05', '79c53950-624f-437b-b277-5007bf843a7a', 39, '{}', '1e67d3ce-0674-412a-b2a4-20d53465ca60');
INSERT INTO public.processinputs (id, itemtypeid, quantity, meta, processid) VALUES ('c7b7892e-f7ef-4eb9-b49c-ed3a8c887a9b', 'dd522f03-2f52-4e82-b2f8-d7e0029cb82f', 16, '{}', 'efaf0a33-87da-421a-b44b-0aa391ca3fc4');
INSERT INTO public.processinputs (id, itemtypeid, quantity, meta, processid) VALUES ('2e493863-ffc7-4478-9755-bddcf8b1ec3a', '1d0d344b-ef28-43c8-a7a6-3275936b2dea', 2, '{}', 'efaf0a33-87da-421a-b44b-0aa391ca3fc4');
INSERT INTO public.processinputs (id, itemtypeid, quantity, meta, processid) VALUES ('34641ba6-f22a-483e-9143-77c1ec58f170', '24800206-2c58-45b0-8238-81974d0ebb3b', 40, '{}', 'efaf0a33-87da-421a-b44b-0aa391ca3fc4');
INSERT INTO public.processinputs (id, itemtypeid, quantity, meta, processid) VALUES ('9c0a9d38-09bd-4269-9948-80873e1c5cfa', '39b8eedf-ef80-4c29-a4bf-99abc4d84fa6', 5, '{}', 'efaf0a33-87da-421a-b44b-0aa391ca3fc4');
INSERT INTO public.processinputs (id, itemtypeid, quantity, meta, processid) VALUES ('5aaefa5d-3bb6-4adc-a3b2-50066d55aec2', '66b7a322-8cfc-4467-9410-492e6b58f159', 6, '{}', 'efaf0a33-87da-421a-b44b-0aa391ca3fc4');
INSERT INTO public.processinputs (id, itemtypeid, quantity, meta, processid) VALUES ('13132678-5ec3-44ed-86e0-651de0ac3a9e', '2ce48bef-f06b-4550-b20c-0e64864db051', 1, '{}', 'efaf0a33-87da-421a-b44b-0aa391ca3fc4');
INSERT INTO public.processinputs (id, itemtypeid, quantity, meta, processid) VALUES ('f0a0da33-bbdd-4e14-be04-90d33d57bac9', 'ca621b13-81b1-4f38-9335-d9e9ac89fa24', 8, '{}', '1b56ce40-bdc9-4518-92a1-3fa8883d45da');
INSERT INTO public.processinputs (id, itemtypeid, quantity, meta, processid) VALUES ('75a6596d-bfc8-40fd-ad81-e92e9865ef04', '1c23cca8-3079-4247-90cf-34b9196c2428', 44, '{}', '03e360ab-8e65-435d-9284-2e34159d485b');
INSERT INTO public.processinputs (id, itemtypeid, quantity, meta, processid) VALUES ('9cdfa6e2-3cea-4399-bc94-1a0d9a372be3', '66b7a322-8cfc-4467-9410-492e6b58f159', 235, '{}', 'c3ffb295-0f89-4cd5-9970-b55182a808ad');
INSERT INTO public.processinputs (id, itemtypeid, quantity, meta, processid) VALUES ('84f55682-5a04-4d4e-85de-5d999b0712cf', '0cd04eea-a150-410c-91eb-6af00d8c6eae', 225, '{}', 'c3ffb295-0f89-4cd5-9970-b55182a808ad');
INSERT INTO public.processinputs (id, itemtypeid, quantity, meta, processid) VALUES ('435eb9c6-0a56-411d-8ee2-9de302de4444', '24800206-2c58-45b0-8238-81974d0ebb3b', 3418, '{}', 'c3ffb295-0f89-4cd5-9970-b55182a808ad');
INSERT INTO public.processinputs (id, itemtypeid, quantity, meta, processid) VALUES ('bd987498-c5ea-4f87-a59b-7445bbfa921d', 'dd522f03-2f52-4e82-b2f8-d7e0029cb82f', 925, '{}', 'c3ffb295-0f89-4cd5-9970-b55182a808ad');
INSERT INTO public.processinputs (id, itemtypeid, quantity, meta, processid) VALUES ('23259a71-fb4e-42bb-adfe-8f35fb2eecaa', 'c905f249-806d-4e91-ad6a-64e7ef74bcec', 3, '{}', 'ed82ac02-0008-482c-bb0c-7fb546732fb5');
INSERT INTO public.processinputs (id, itemtypeid, quantity, meta, processid) VALUES ('4863ce49-36a2-4272-afcc-de3b63d909b0', 'bbe920ec-2796-4cd3-9a94-1ece8aff5d9b', 61, '{}', '6b032601-89a9-4f51-8094-9ec125e4b0bd');
INSERT INTO public.processinputs (id, itemtypeid, quantity, meta, processid) VALUES ('321b955f-e933-4048-b238-4433db176491', '24800206-2c58-45b0-8238-81974d0ebb3b', 1713, '{}', 'e1a70200-d1fe-4b14-a4f2-e321532ab9a0');
INSERT INTO public.processinputs (id, itemtypeid, quantity, meta, processid) VALUES ('35aaee00-1be7-4655-acd4-1bddecf9b7af', '26a3fc9e-db2f-439d-a929-ba755d11d09c', 311, '{}', 'e1a70200-d1fe-4b14-a4f2-e321532ab9a0');
INSERT INTO public.processinputs (id, itemtypeid, quantity, meta, processid) VALUES ('96992cdd-5426-44b8-b891-b477ffbcb5c8', 'dd522f03-2f52-4e82-b2f8-d7e0029cb82f', 1269, '{}', 'e1a70200-d1fe-4b14-a4f2-e321532ab9a0');
INSERT INTO public.processinputs (id, itemtypeid, quantity, meta, processid) VALUES ('9caf1ec3-0121-49c4-9db2-d0f8617471d2', '7dcd5138-d7e0-419f-867a-6f0f23b99b5b', 298, '{}', 'e1a70200-d1fe-4b14-a4f2-e321532ab9a0');
INSERT INTO public.processinputs (id, itemtypeid, quantity, meta, processid) VALUES ('603e6a63-c240-4d28-8249-76055ec9ef11', '3df70aca-6135-4b11-91e0-309dcc49eb3f', 3, '{}', '7c2a3a8e-0994-43f5-9367-22dff977f0e5');
INSERT INTO public.processinputs (id, itemtypeid, quantity, meta, processid) VALUES ('29d2b57d-dc6d-41a2-95b1-5489c8b3553e', '06afcde3-3c8a-4d9f-9e31-7e4a6c75bbd8', 51, '{}', '96a62d90-7770-4793-9a17-0dbc00f0e435');
INSERT INTO public.processinputs (id, itemtypeid, quantity, meta, processid) VALUES ('a715a2c5-d4a7-4258-b918-496b000761fc', '0cd04eea-a150-410c-91eb-6af00d8c6eae', 138, '{}', '97035337-0d5e-4a0a-8d3e-263086a64046');
INSERT INTO public.processinputs (id, itemtypeid, quantity, meta, processid) VALUES ('a16d5fcc-37e3-44b8-8075-323c1417789c', 'dd522f03-2f52-4e82-b2f8-d7e0029cb82f', 665, '{}', '97035337-0d5e-4a0a-8d3e-263086a64046');
INSERT INTO public.processinputs (id, itemtypeid, quantity, meta, processid) VALUES ('60108725-5ecc-4b8a-ac3d-9b1c95f8b48b', '24800206-2c58-45b0-8238-81974d0ebb3b', 7100, '{}', '97035337-0d5e-4a0a-8d3e-263086a64046');
INSERT INTO public.processinputs (id, itemtypeid, quantity, meta, processid) VALUES ('a273b9ec-bbc4-48f4-8f4a-5a35bbb67b4b', '61f52ba3-654b-45cf-88e3-33399d12350d', 157, '{}', '97035337-0d5e-4a0a-8d3e-263086a64046');
INSERT INTO public.processinputs (id, itemtypeid, quantity, meta, processid) VALUES ('87023bed-4a17-4df1-83db-9cf7e6af1327', '7dcd5138-d7e0-419f-867a-6f0f23b99b5b', 157, '{}', '97035337-0d5e-4a0a-8d3e-263086a64046');
INSERT INTO public.processinputs (id, itemtypeid, quantity, meta, processid) VALUES ('8f426b4b-8e9d-4e01-87a1-27f98333f01d', '11688112-f3d4-4d30-864a-684a8b96ea23', 152, '{}', '97035337-0d5e-4a0a-8d3e-263086a64046');
INSERT INTO public.processinputs (id, itemtypeid, quantity, meta, processid) VALUES ('42b9567f-44d0-4c09-8a44-c0c1d4db37cc', '27222f97-0279-4832-a80d-445718d6bbe8', 3, '{}', '57511319-7d2b-4435-94d3-de6b3c318f55');
INSERT INTO public.processinputs (id, itemtypeid, quantity, meta, processid) VALUES ('c7d06789-a475-48f2-84a5-528690b90d74', '9e59a1e2-a680-4ad4-9881-97ce9f8d7464', 64, '{}', '6c2b90fc-df0f-43e4-944d-414404f63ba8');
INSERT INTO public.processinputs (id, itemtypeid, quantity, meta, processid) VALUES ('f546938c-0df6-4ac1-86d6-90ce59c63803', '2ce48bef-f06b-4550-b20c-0e64864db051', 127, '{}', '075d5743-05bf-4078-b295-f4bf7afd5e40');
INSERT INTO public.processinputs (id, itemtypeid, quantity, meta, processid) VALUES ('81b7ec25-1528-4be2-bda9-0ebde7d6e58d', '7dcd5138-d7e0-419f-867a-6f0f23b99b5b', 114, '{}', '075d5743-05bf-4078-b295-f4bf7afd5e40');
INSERT INTO public.processinputs (id, itemtypeid, quantity, meta, processid) VALUES ('6d0d5028-e5e4-43a9-af55-a2903b69bd72', 'dd0c9b0a-279e-418e-b3b6-2f569fda0186', 117, '{}', '075d5743-05bf-4078-b295-f4bf7afd5e40');
INSERT INTO public.processinputs (id, itemtypeid, quantity, meta, processid) VALUES ('9438cab0-fdfb-471f-9d4c-0fc07bf23924', 'dd522f03-2f52-4e82-b2f8-d7e0029cb82f', 509, '{}', '075d5743-05bf-4078-b295-f4bf7afd5e40');
INSERT INTO public.processinputs (id, itemtypeid, quantity, meta, processid) VALUES ('3a76fac7-4186-4889-9ec7-b0aad9e999f5', '24800206-2c58-45b0-8238-81974d0ebb3b', 12416, '{}', '075d5743-05bf-4078-b295-f4bf7afd5e40');
INSERT INTO public.processinputs (id, itemtypeid, quantity, meta, processid) VALUES ('25e10664-5243-435d-b44b-16e9db571c34', '61f52ba3-654b-45cf-88e3-33399d12350d', 126, '{}', '075d5743-05bf-4078-b295-f4bf7afd5e40');
INSERT INTO public.processinputs (id, itemtypeid, quantity, meta, processid) VALUES ('655bf2c7-56cd-4159-9e3f-7c8050f0493c', '39b8eedf-ef80-4c29-a4bf-99abc4d84fa6', 116, '{}', '075d5743-05bf-4078-b295-f4bf7afd5e40');

-- core item type process outputs
INSERT INTO public.processoutputs (id, itemtypeid, quantity, meta, processid) VALUES ('aab815a4-4e29-4d2f-85cc-296a5141b8d3', '4a0f437f-19d2-4c2e-b578-8bef14fba4a7', 8, '{}', '0d719c08-110f-4cbb-81ad-760dfd06b2ef');
INSERT INTO public.processoutputs (id, itemtypeid, quantity, meta, processid) VALUES ('b3c1626f-97b4-449a-9e59-3f01fe10e23a', '5c1049c4-f631-4066-9f2a-b0798b2c4399', 685, '{}', '5ec93bc7-5a25-4689-97ed-fe2d78178374');
INSERT INTO public.processoutputs (id, itemtypeid, quantity, meta, processid) VALUES ('d8e8923f-8c65-4873-a619-38cc7770834e', '242b4af2-1384-4976-a8c2-3b0561398341', 15, '{}', '5ec93bc7-5a25-4689-97ed-fe2d78178374');
INSERT INTO public.processoutputs (id, itemtypeid, quantity, meta, processid) VALUES ('45f0ec59-cedf-4654-bebd-e383832e1696', '10e28793-414e-4b88-be23-6081afc4bc4a', 8, '{}', '5a420383-ab10-49e1-87bf-af57ccdb23d6');
INSERT INTO public.processoutputs (id, itemtypeid, quantity, meta, processid) VALUES ('e323e605-d655-409d-85b8-e3ef209fa5f5', '5c1049c4-f631-4066-9f2a-b0798b2c4399', 1395, '{}', 'c8826176-e2ed-44f7-b478-80dc8901ca26');
INSERT INTO public.processoutputs (id, itemtypeid, quantity, meta, processid) VALUES ('cf0392b4-1743-447d-8b14-701b97f76028', 'caa1322a-0c9e-4d8a-9a3b-00dc2e41cc76', 30, '{}', 'c8826176-e2ed-44f7-b478-80dc8901ca26');
INSERT INTO public.processoutputs (id, itemtypeid, quantity, meta, processid) VALUES ('daae0e0c-41b2-4257-8b43-622353af7f83', '5b5c9ea9-a643-4a3b-9400-53875c60b151', 9, '{}', '885deb02-7718-49f0-b005-baac5eb35daf');
INSERT INTO public.processoutputs (id, itemtypeid, quantity, meta, processid) VALUES ('e79c63ba-3f7d-488d-a53a-e05ad1856276', '5c1049c4-f631-4066-9f2a-b0798b2c4399', 222, '{}', '7afec0a1-f693-424d-b0ba-e19093451db0');
INSERT INTO public.processoutputs (id, itemtypeid, quantity, meta, processid) VALUES ('575cd1aa-6e26-479f-b5e6-3a2c06410446', 'dd5c00b9-be4f-4802-8a34-1da41118b3e0', 9, '{}', '7afec0a1-f693-424d-b0ba-e19093451db0');
INSERT INTO public.processoutputs (id, itemtypeid, quantity, meta, processid) VALUES ('1abe5d77-a000-4f83-bf4d-bda39399f452', '7b2b4569-9416-4121-83cd-a9d71d298e80', 3, '{}', '2a463812-c4fc-453e-b263-dea1d123ffbb');
INSERT INTO public.processoutputs (id, itemtypeid, quantity, meta, processid) VALUES ('26d5b09e-a2d1-435e-a066-de80b3a12b16', '5c1049c4-f631-4066-9f2a-b0798b2c4399', 2066, '{}', '490a5bd5-5699-46d0-98a9-2152227945ee');
INSERT INTO public.processoutputs (id, itemtypeid, quantity, meta, processid) VALUES ('d366fd4f-d456-4915-8290-b4fca333e8d0', 'beee1d44-6818-48a0-b7c2-7bd123f989d5', 75, '{}', '490a5bd5-5699-46d0-98a9-2152227945ee');
INSERT INTO public.processoutputs (id, itemtypeid, quantity, meta, processid) VALUES ('7e5b08d6-922b-430f-8935-08c8ed45991a', '3f8b6b48-b350-4bc3-8b8d-ad8415f46183', 2, '{}', 'ffcde3fb-b610-420a-9ee2-cb30684e3c13');
INSERT INTO public.processoutputs (id, itemtypeid, quantity, meta, processid) VALUES ('e57f31aa-a19f-4cfc-aaa7-77a5eb2555ea', '5c1049c4-f631-4066-9f2a-b0798b2c4399', 5124, '{}', 'd1919b0b-f0b0-44b9-bf21-5f2247b8da97');
INSERT INTO public.processoutputs (id, itemtypeid, quantity, meta, processid) VALUES ('cfbba315-441f-42ed-b01f-32816cf93cd9', '69d2ff19-70eb-4919-9579-2aa0f1ee2bc2', 70, '{}', 'd1919b0b-f0b0-44b9-bf21-5f2247b8da97');
INSERT INTO public.processoutputs (id, itemtypeid, quantity, meta, processid) VALUES ('1d20a493-e727-43d2-ba03-aeaa6d2420b9', 'df96b2e7-1a5f-4f59-b8a8-4c920c452517', 7, '{}', 'fd6c5b88-fb4d-4040-9ebc-33643c116302');
INSERT INTO public.processoutputs (id, itemtypeid, quantity, meta, processid) VALUES ('ad4b72b3-11db-486f-83f0-b82cd0eac47e', '5c1049c4-f631-4066-9f2a-b0798b2c4399', 60, '{}', '12bc294b-8a1a-4751-838c-ea266a357878');
INSERT INTO public.processoutputs (id, itemtypeid, quantity, meta, processid) VALUES ('53e52a46-7839-4d59-ab92-5199cf0607c4', '9777cd84-0f16-4b65-8ab3-e139a44b8fbc', 6, '{}', '12bc294b-8a1a-4751-838c-ea266a357878');
INSERT INTO public.processoutputs (id, itemtypeid, quantity, meta, processid) VALUES ('dd8a565d-0da3-4074-8c09-24b2ae2e1850', 'fed5f51d-da62-404f-a8e2-f7dacf8eacd9', 6, '{}', '36357d8c-e74d-47df-876b-a0879d2698a5');
INSERT INTO public.processoutputs (id, itemtypeid, quantity, meta, processid) VALUES ('c5ac8a3c-284d-4b82-86c4-f08c3e469b68', '5c1049c4-f631-4066-9f2a-b0798b2c4399', 1670, '{}', '33b857b5-c933-45e4-8f7b-0ef2c8f61a7e');
INSERT INTO public.processoutputs (id, itemtypeid, quantity, meta, processid) VALUES ('1c43c9ec-58f5-4ed4-b5c6-d0dec6af4f8e', 'a033c394-10ae-4a50-8eec-7ee7ea43b321', 70, '{}', '33b857b5-c933-45e4-8f7b-0ef2c8f61a7e');
INSERT INTO public.processoutputs (id, itemtypeid, quantity, meta, processid) VALUES ('94b58bfb-899a-41f8-9660-988428a873d8', 'd3b9b706-d3a9-4545-9798-12e613d3a799', 1, '{}', '96c60d9a-5972-46c6-aa1d-67740d00de1b');
INSERT INTO public.processoutputs (id, itemtypeid, quantity, meta, processid) VALUES ('674e845f-db1e-448c-952c-4ef92d219b48', '5c1049c4-f631-4066-9f2a-b0798b2c4399', 2950, '{}', '08d89115-7d3a-4daf-9fa8-18b50b82d173');
INSERT INTO public.processoutputs (id, itemtypeid, quantity, meta, processid) VALUES ('e55ae55d-5cbb-4abc-aade-bdc6458d8e01', '08814dee-d4d9-42df-a889-55dc8c75b303', 35, '{}', '08d89115-7d3a-4daf-9fa8-18b50b82d173');
INSERT INTO public.processoutputs (id, itemtypeid, quantity, meta, processid) VALUES ('08128916-2ce7-4b7d-ae6c-3613cdff6bd3', 'cea3dc2a-2127-4fa0-a261-a567315099b3', 2, '{}', '5a048d0f-0f56-4515-a677-b64d4be37066');
INSERT INTO public.processoutputs (id, itemtypeid, quantity, meta, processid) VALUES ('d84c202a-3058-4ac9-a068-4112a878c68d', '5c1049c4-f631-4066-9f2a-b0798b2c4399', 3956, '{}', 'cb6f0c19-88fb-40c2-9083-613231bc857d');
INSERT INTO public.processoutputs (id, itemtypeid, quantity, meta, processid) VALUES ('12f3ae55-95e5-47ec-8086-6f34775afbe5', 'fe071049-81a6-4d51-8660-e0a3c32b3853', 90, '{}', 'cb6f0c19-88fb-40c2-9083-613231bc857d');
INSERT INTO public.processoutputs (id, itemtypeid, quantity, meta, processid) VALUES ('460aa250-a975-479a-aed0-46eb24015987', '4ba2b808-43ff-4aa0-94b8-15f550b25f2a', 7, '{}', '871933a4-f217-4173-864b-8f8f55f7007d');
INSERT INTO public.processoutputs (id, itemtypeid, quantity, meta, processid) VALUES ('6ff6a185-e4c0-4264-93b3-7e77ec0d9075', '5c1049c4-f631-4066-9f2a-b0798b2c4399', 1166, '{}', '7ad51cb5-1ea8-4229-a3a6-6236fd0cda68');
INSERT INTO public.processoutputs (id, itemtypeid, quantity, meta, processid) VALUES ('c6a97058-1965-4e1c-9dd2-88c75a89378d', '94564bab-844a-4393-8f2a-3dd7fcf65df0', 80, '{}', '7ad51cb5-1ea8-4229-a3a6-6236fd0cda68');
INSERT INTO public.processoutputs (id, itemtypeid, quantity, meta, processid) VALUES ('c7d38049-b11f-4066-aa02-2856acf32a43', '96d7385e-1248-47d0-8615-0619e3a19108', 4, '{}', '9a73d968-a84d-4f72-acda-d1dfa615c6db');
INSERT INTO public.processoutputs (id, itemtypeid, quantity, meta, processid) VALUES ('7f32b12d-1dad-45eb-bd80-983cdfc192ff', '5c1049c4-f631-4066-9f2a-b0798b2c4399', 834, '{}', '8f9b5d1c-48de-405f-ac1f-acf089edfc7b');
INSERT INTO public.processoutputs (id, itemtypeid, quantity, meta, processid) VALUES ('59dd0835-ada3-4b6f-bd70-f89f3f4abdfd', 'dd980070-1f58-4e2e-a997-5aed73a38c80', 35, '{}', '8f9b5d1c-48de-405f-ac1f-acf089edfc7b');
INSERT INTO public.processoutputs (id, itemtypeid, quantity, meta, processid) VALUES ('242bf244-801b-4817-aab0-5c400bfc6f89', 'df06331f-157e-4993-9cb1-53c6b44dc2b6', 1, '{}', '794a6272-cec3-4a79-9393-0fffa4a37300');
INSERT INTO public.processoutputs (id, itemtypeid, quantity, meta, processid) VALUES ('de5b3d6f-6b02-49e7-9826-8d9b2aaba71f', '5c1049c4-f631-4066-9f2a-b0798b2c4399', 3645, '{}', '971376e4-7219-4b46-b536-14b62a93f891');
INSERT INTO public.processoutputs (id, itemtypeid, quantity, meta, processid) VALUES ('c7dbf3db-4335-4e02-b060-23b3f11201e0', '6789f483-7a7c-49a1-a5a1-4509ecdeea5d', 30, '{}', '971376e4-7219-4b46-b536-14b62a93f891');
INSERT INTO public.processoutputs (id, itemtypeid, quantity, meta, processid) VALUES ('475bcaa8-3d89-4625-96a9-648e1ebaa846', '6dcee4ca-3904-4e45-aace-bc11395677f1', 8, '{}', 'c5f920de-c2f0-478e-9580-6e7a8777b21d');
INSERT INTO public.processoutputs (id, itemtypeid, quantity, meta, processid) VALUES ('bd40afe2-f1c9-4f63-8501-01b0e3bcc419', '5c1049c4-f631-4066-9f2a-b0798b2c4399', 44, '{}', '6998e1c6-7bc7-482b-9cbd-849ea497e87b');
INSERT INTO public.processoutputs (id, itemtypeid, quantity, meta, processid) VALUES ('10900813-b598-4a6c-84e7-a5e3a5f40b51', '434d961e-09a3-4ba7-90d5-aa702c4e5fdf', 5, '{}', '6998e1c6-7bc7-482b-9cbd-849ea497e87b');
INSERT INTO public.processoutputs (id, itemtypeid, quantity, meta, processid) VALUES ('043fda2b-dd0b-4550-bb70-2ec8a9c1239d', 'f0fa8c2f-4a3c-4d8e-acaf-538e0a555754', 6, '{}', '8370f0b7-25c2-42b6-ba30-ee1bc69ebe76');
INSERT INTO public.processoutputs (id, itemtypeid, quantity, meta, processid) VALUES ('4fa35ccd-6fb0-4d69-bcd5-c663f738cc0f', '5c1049c4-f631-4066-9f2a-b0798b2c4399', 507, '{}', 'd14f6626-8626-4077-a6af-666c44a03a2d');
INSERT INTO public.processoutputs (id, itemtypeid, quantity, meta, processid) VALUES ('5b9cd0e0-6557-46b5-8687-74896e288a75', '4e407b59-74bb-42a0-85a5-9a6685574e7b', 15, '{}', 'd14f6626-8626-4077-a6af-666c44a03a2d');
INSERT INTO public.processoutputs (id, itemtypeid, quantity, meta, processid) VALUES ('2e1a00b0-e393-4b00-b56c-d1528608bc9e', '0f237c5d-df34-4179-a9a4-095f55504047', 1, '{}', '65ba551a-6be4-4170-b601-1d3215d2c060');
INSERT INTO public.processoutputs (id, itemtypeid, quantity, meta, processid) VALUES ('401c8386-bb99-4ae3-8c0d-e78a314cda3d', '5c1049c4-f631-4066-9f2a-b0798b2c4399', 122, '{}', '88a1889d-2874-4f94-bb97-f554f8dc5175');
INSERT INTO public.processoutputs (id, itemtypeid, quantity, meta, processid) VALUES ('871708b0-11e1-4b55-b5d8-421cf5a27316', 'fab39b1f-bab3-4cd2-9b80-e7e48f35fe9d', 10, '{}', '88a1889d-2874-4f94-bb97-f554f8dc5175');
INSERT INTO public.processoutputs (id, itemtypeid, quantity, meta, processid) VALUES ('2e65914c-a136-4f58-b041-4af38c84b2dc', '326b174d-7e21-41bb-b346-2cf68c134838', 5, '{}', '690edddc-228a-4e28-90e8-010bf8bf9e3c');
INSERT INTO public.processoutputs (id, itemtypeid, quantity, meta, processid) VALUES ('eb22c4ce-1749-4159-9f43-6ba4fc252587', '5c1049c4-f631-4066-9f2a-b0798b2c4399', 40, '{}', 'efaf0a33-87da-421a-b44b-0aa391ca3fc4');
INSERT INTO public.processoutputs (id, itemtypeid, quantity, meta, processid) VALUES ('2a221c01-75f9-4c59-991b-b9cc4c41f05e', '79c53950-624f-437b-b277-5007bf843a7a', 35, '{}', 'efaf0a33-87da-421a-b44b-0aa391ca3fc4');
INSERT INTO public.processoutputs (id, itemtypeid, quantity, meta, processid) VALUES ('b44a7280-4e37-426e-87b1-dab695092e95', 'ca621b13-81b1-4f38-9335-d9e9ac89fa24', 9, '{}', '32f208fc-46fe-46bd-bb5f-7b688bf8949b');
INSERT INTO public.processoutputs (id, itemtypeid, quantity, meta, processid) VALUES ('0eff3c6b-6021-45b3-a39b-b7f1797d5443', '5c1049c4-f631-4066-9f2a-b0798b2c4399', 3418, '{}', 'c3ffb295-0f89-4cd5-9970-b55182a808ad');
INSERT INTO public.processoutputs (id, itemtypeid, quantity, meta, processid) VALUES ('c8fbc04d-ebe5-4e70-97f8-7a3a18438b51', '1c23cca8-3079-4247-90cf-34b9196c2428', 80, '{}', 'c3ffb295-0f89-4cd5-9970-b55182a808ad');
INSERT INTO public.processoutputs (id, itemtypeid, quantity, meta, processid) VALUES ('f2579f00-d51b-4a2b-b41a-c3bb0d9ef389', 'c905f249-806d-4e91-ad6a-64e7ef74bcec', 1, '{}', '520ceed2-34a1-44a1-94c2-f8b3e12e114d');
INSERT INTO public.processoutputs (id, itemtypeid, quantity, meta, processid) VALUES ('2155d718-a0aa-4221-9308-6d19a4f4de7c', '5c1049c4-f631-4066-9f2a-b0798b2c4399', 1713, '{}', 'e1a70200-d1fe-4b14-a4f2-e321532ab9a0');
INSERT INTO public.processoutputs (id, itemtypeid, quantity, meta, processid) VALUES ('4a629951-6f92-4216-b3c9-5448e1ed710a', 'bbe920ec-2796-4cd3-9a94-1ece8aff5d9b', 35, '{}', 'e1a70200-d1fe-4b14-a4f2-e321532ab9a0');
INSERT INTO public.processoutputs (id, itemtypeid, quantity, meta, processid) VALUES ('1702dd56-49b7-4ed2-a7ab-909c522fbe37', '3df70aca-6135-4b11-91e0-309dcc49eb3f', 4, '{}', '4d9cb7ca-2458-48bc-9a82-5aa79fa8c855');
INSERT INTO public.processoutputs (id, itemtypeid, quantity, meta, processid) VALUES ('886ce15d-4a7e-4661-ad25-ee28320a57e3', '5c1049c4-f631-4066-9f2a-b0798b2c4399', 7100, '{}', '97035337-0d5e-4a0a-8d3e-263086a64046');
INSERT INTO public.processoutputs (id, itemtypeid, quantity, meta, processid) VALUES ('508d6230-b583-48ab-ad8e-785f4ec3de95', '06afcde3-3c8a-4d9f-9e31-7e4a6c75bbd8', 55, '{}', '97035337-0d5e-4a0a-8d3e-263086a64046');
INSERT INTO public.processoutputs (id, itemtypeid, quantity, meta, processid) VALUES ('fa3a3fc7-bbd4-40ba-86fc-2941b6867dee', '27222f97-0279-4832-a80d-445718d6bbe8', 6, '{}', '2ef7b58c-162f-4a18-87c7-d8fbd62fb025');
INSERT INTO public.processoutputs (id, itemtypeid, quantity, meta, processid) VALUES ('83be13ef-f600-4d99-b9c7-0a060a380a29', '9e59a1e2-a680-4ad4-9881-97ce9f8d7464', 45, '{}', '075d5743-05bf-4078-b295-f4bf7afd5e40');
INSERT INTO public.processoutputs (id, itemtypeid, quantity, meta, processid) VALUES ('fb9d0cc1-8c4c-4157-b7a6-76bce9b28011', '5c1049c4-f631-4066-9f2a-b0798b2c4399', 12416, '{}', '075d5743-05bf-4078-b295-f4bf7afd5e40');
