-- kingdom

    -- containers
    INSERT INTO public.containers (id, meta, created) VALUES ('4cf50124-2a13-4530-a345-b3a647bd3997', '{}', '2022-09-10 18:51:25.748901-04');
    INSERT INTO public.containers (id, meta, created) VALUES ('a2c619f2-442f-4509-b32a-a2361e7ad419', '{}', '2022-09-10 18:51:25.755086-04');
    INSERT INTO public.containers (id, meta, created) VALUES ('d1b4fc41-3729-43e9-a990-a387f5cd84c9', '{}', '2022-09-10 18:51:25.756543-04');
    INSERT INTO public.containers (id, meta, created) VALUES ('350495f0-684e-44a2-b914-cf5b8ac33ec8', '{}', '2022-09-10 18:51:25.758004-04');
    INSERT INTO public.containers (id, meta, created) VALUES ('6a462423-c42d-4e80-8e0a-1737e392adba', '{}', '2022-09-10 18:51:25.782614-04');
    INSERT INTO public.containers (id, meta, created) VALUES ('32c93d7d-7a26-44f6-8883-b91631b73d28', '{}', '2022-09-10 18:51:25.786727-04');
    INSERT INTO public.containers (id, meta, created) VALUES ('8e5ba703-7cde-427d-84b2-cc02ce014606', '{}', '2022-09-10 18:51:25.788317-04');
    INSERT INTO public.containers (id, meta, created) VALUES ('5bbd992e-9a6e-4e18-9d2c-5120b605dfec', '{}', '2022-09-10 18:51:25.78975-04');
    INSERT INTO public.containers (id, meta, created) VALUES ('6adecda2-518a-4585-9716-0d8ae3210969', '{}', '2022-09-10 18:51:25.81416-04');
    INSERT INTO public.containers (id, meta, created) VALUES ('ffcce9c1-28a3-4aec-9cb6-bd7e8df625da', '{}', '2022-09-10 18:51:25.818849-04');
    INSERT INTO public.containers (id, meta, created) VALUES ('c4d20731-65c9-4bb0-8feb-3ae0bfcf025a', '{}', '2022-09-10 18:51:25.820857-04');
    INSERT INTO public.containers (id, meta, created) VALUES ('8314292a-1bc3-4e07-920d-98c2af2c776c', '{}', '2022-09-10 18:51:25.82275-04');
    INSERT INTO public.containers (id, meta, created) VALUES ('5f04d5bd-f3f8-4f04-acdf-4316d6921350', '{}', '2022-09-10 18:51:25.847699-04');
    INSERT INTO public.containers (id, meta, created) VALUES ('4385e93d-e580-46a9-90df-8a652ca347de', '{}', '2022-09-10 18:51:25.851839-04');
    INSERT INTO public.containers (id, meta, created) VALUES ('a64fd6ad-b637-4950-a6f3-6dfaeaf93901', '{}', '2022-09-10 18:51:25.85343-04');
    INSERT INTO public.containers (id, meta, created) VALUES ('64c59ae7-b527-4793-adbf-515b494ed56e', '{}', '2022-09-10 18:51:25.85501-04');
    INSERT INTO public.containers (id, meta, created) VALUES ('94879cbd-e45d-4a68-8af0-85aba7bdcab4', '{}', '2022-09-10 18:51:25.878102-04');
    INSERT INTO public.containers (id, meta, created) VALUES ('a4b04a61-5129-4aa7-a16a-9f399e10ac41', '{}', '2022-09-10 18:51:25.882289-04');
    INSERT INTO public.containers (id, meta, created) VALUES ('c04a8097-50ea-4cd3-95b3-15fd957130e9', '{}', '2022-09-10 18:51:25.883813-04');
    INSERT INTO public.containers (id, meta, created) VALUES ('20528f8d-485d-4c6f-bc1e-459935bb3b3c', '{}', '2022-09-10 18:51:25.88543-04');
    INSERT INTO public.containers (id, meta, created) VALUES ('0a34508c-a1b0-4491-8dfa-7d731a99d593', '{}', '2022-09-10 18:51:25.907163-04');
    INSERT INTO public.containers (id, meta, created) VALUES ('63d9a47c-6a5a-44e1-b439-a79512f4ec83', '{}', '2022-09-10 18:51:25.911181-04');
    INSERT INTO public.containers (id, meta, created) VALUES ('dc7cf520-2b47-4374-8473-05c18434844d', '{}', '2022-09-10 18:51:25.912951-04');
    INSERT INTO public.containers (id, meta, created) VALUES ('50836946-9a90-43b4-bb2a-56e8a4ae1e28', '{}', '2022-09-10 18:51:25.914525-04');
    INSERT INTO public.containers (id, meta, created) VALUES ('fadce8d0-160b-4079-b79a-9db61f759a76', '{}', '2022-09-10 18:51:25.937911-04');
    INSERT INTO public.containers (id, meta, created) VALUES ('fd1d25b6-8e2e-4c46-8cba-a5e2162e9357', '{}', '2022-09-10 18:51:25.941682-04');
    INSERT INTO public.containers (id, meta, created) VALUES ('9f0e244b-1b15-4b30-ae8d-0373c36d374f', '{}', '2022-09-10 18:51:25.943233-04');
    INSERT INTO public.containers (id, meta, created) VALUES ('e821c8a5-c6b8-4783-9545-4f62c31a18d0', '{}', '2022-09-10 18:51:25.944818-04');
    INSERT INTO public.containers (id, meta, created) VALUES ('73c4f9a4-d6d3-4a3a-a797-a2c34ea1f327', '{}', '2022-09-10 18:51:25.967643-04');
    INSERT INTO public.containers (id, meta, created) VALUES ('cc9675a5-6d6f-4223-b42c-cfec80741662', '{}', '2022-09-10 18:51:25.971994-04');
    INSERT INTO public.containers (id, meta, created) VALUES ('d90b5bec-a7e7-4336-a803-205ed82ae1e8', '{}', '2022-09-10 18:51:25.973551-04');
    INSERT INTO public.containers (id, meta, created) VALUES ('15b70d9c-efeb-4004-89c4-89f4decc8764', '{}', '2022-09-10 18:51:25.97502-04');

    -- users
    INSERT INTO public.users (id, charactername, hashpass, registered, banned, current_shipid, startid, escrow_containerid, current_factionid, reputationsheet, isnpc, behaviourmode, emailaddress, experiencesheet, registeredip, isdev) VALUES ('4f7952b8-c70d-4eb3-affb-d46f672b1a1f', 'Ambrose Ruell', 'ccc0752065570f22aad33a3c3a225f5552ff3e91cc671585b893664bc85f753b', '2022-09-10 18:51:25.751069-04', B'0', NULL, '51a06f05-4f4c-4a9e-8992-d8c13e478729', '4cf50124-2a13-4530-a345-b3a647bd3997', 'a0152cbb-8a78-45a4-ae9b-2ad2b60b583b', '{"factionEntries": {"27a53dfc-a321-4c12-bf7c-bb177955c95b": {"FactionID": "27a53dfc-a321-4c12-bf7c-bb177955c95b", "StandingValue": 5, "AreOpenlyHostile": false}, "30bc70eb-2692-47e6-a7e3-2772e131c3d7": {"FactionID": "30bc70eb-2692-47e6-a7e3-2772e131c3d7", "StandingValue": -3, "AreOpenlyHostile": true}, "506286f5-6613-4481-ac26-caa9940fbe68": {"FactionID": "506286f5-6613-4481-ac26-caa9940fbe68", "StandingValue": -0.5, "AreOpenlyHostile": false}, "559d7fc1-5470-4ab4-8c66-fa2f0b89a523": {"FactionID": "559d7fc1-5470-4ab4-8c66-fa2f0b89a523", "StandingValue": 0.5, "AreOpenlyHostile": false}, "5db2bec7-37c3-4f1c-ab88-21024c12d639": {"FactionID": "5db2bec7-37c3-4f1c-ab88-21024c12d639", "StandingValue": -4, "AreOpenlyHostile": true}, "7decfd86-9c82-4a17-af3b-5d4af8c4e2ad": {"FactionID": "7decfd86-9c82-4a17-af3b-5d4af8c4e2ad", "StandingValue": -0.5, "AreOpenlyHostile": false}, "a0152cbb-8a78-45a4-ae9b-2ad2b60b583b": {"FactionID": "a0152cbb-8a78-45a4-ae9b-2ad2b60b583b", "StandingValue": 10, "AreOpenlyHostile": false}, "b3d3fa9c-b21e-490f-b39e-128b3af12128": {"FactionID": "b3d3fa9c-b21e-490f-b39e-128b3af12128", "StandingValue": 0, "AreOpenlyHostile": false}, "bdeffd9a-3cab-408c-9cd7-32fce1124f7a": {"FactionID": "bdeffd9a-3cab-408c-9cd7-32fce1124f7a", "StandingValue": -5, "AreOpenlyHostile": true}}}', true, 2, NULL, '{}', '[::1]:34120', false);
    INSERT INTO public.users (id, charactername, hashpass, registered, banned, current_shipid, startid, escrow_containerid, current_factionid, reputationsheet, isnpc, behaviourmode, emailaddress, experiencesheet, registeredip, isdev) VALUES ('c3bd5e14-063c-48d4-89a4-ca79a8b99621', 'Hanley Larson', '1dcff9556488639cbfd0fafc2b98b2f5ffad9a0225f2abb919aa16a299d11116', '2022-09-10 18:51:25.784122-04', B'0', NULL, '51a06f05-4f4c-4a9e-8992-d8c13e478729', '6a462423-c42d-4e80-8e0a-1737e392adba', 'a0152cbb-8a78-45a4-ae9b-2ad2b60b583b', '{"factionEntries": {"27a53dfc-a321-4c12-bf7c-bb177955c95b": {"FactionID": "27a53dfc-a321-4c12-bf7c-bb177955c95b", "StandingValue": 5, "AreOpenlyHostile": false}, "30bc70eb-2692-47e6-a7e3-2772e131c3d7": {"FactionID": "30bc70eb-2692-47e6-a7e3-2772e131c3d7", "StandingValue": -3, "AreOpenlyHostile": true}, "506286f5-6613-4481-ac26-caa9940fbe68": {"FactionID": "506286f5-6613-4481-ac26-caa9940fbe68", "StandingValue": -0.5, "AreOpenlyHostile": false}, "559d7fc1-5470-4ab4-8c66-fa2f0b89a523": {"FactionID": "559d7fc1-5470-4ab4-8c66-fa2f0b89a523", "StandingValue": 0.5, "AreOpenlyHostile": false}, "5db2bec7-37c3-4f1c-ab88-21024c12d639": {"FactionID": "5db2bec7-37c3-4f1c-ab88-21024c12d639", "StandingValue": -4, "AreOpenlyHostile": true}, "7decfd86-9c82-4a17-af3b-5d4af8c4e2ad": {"FactionID": "7decfd86-9c82-4a17-af3b-5d4af8c4e2ad", "StandingValue": -0.5, "AreOpenlyHostile": false}, "a0152cbb-8a78-45a4-ae9b-2ad2b60b583b": {"FactionID": "a0152cbb-8a78-45a4-ae9b-2ad2b60b583b", "StandingValue": 10, "AreOpenlyHostile": false}, "b3d3fa9c-b21e-490f-b39e-128b3af12128": {"FactionID": "b3d3fa9c-b21e-490f-b39e-128b3af12128", "StandingValue": 0, "AreOpenlyHostile": false}, "bdeffd9a-3cab-408c-9cd7-32fce1124f7a": {"FactionID": "bdeffd9a-3cab-408c-9cd7-32fce1124f7a", "StandingValue": -5, "AreOpenlyHostile": true}}}', true, 2, NULL, '{}', '[::1]:34120', false);
    INSERT INTO public.users (id, charactername, hashpass, registered, banned, current_shipid, startid, escrow_containerid, current_factionid, reputationsheet, isnpc, behaviourmode, emailaddress, experiencesheet, registeredip, isdev) VALUES ('071429d7-8f89-497e-b27b-54f24583f602', 'Lazare Girard', '035200c5b189c04fdecc0d2e30395d2c4beacff13e5dc75c05339b4b0838cde2', '2022-09-10 18:51:25.816038-04', B'0', NULL, '51a06f05-4f4c-4a9e-8992-d8c13e478729', '6adecda2-518a-4585-9716-0d8ae3210969', 'a0152cbb-8a78-45a4-ae9b-2ad2b60b583b', '{"factionEntries": {"27a53dfc-a321-4c12-bf7c-bb177955c95b": {"FactionID": "27a53dfc-a321-4c12-bf7c-bb177955c95b", "StandingValue": 5, "AreOpenlyHostile": false}, "30bc70eb-2692-47e6-a7e3-2772e131c3d7": {"FactionID": "30bc70eb-2692-47e6-a7e3-2772e131c3d7", "StandingValue": -3, "AreOpenlyHostile": true}, "506286f5-6613-4481-ac26-caa9940fbe68": {"FactionID": "506286f5-6613-4481-ac26-caa9940fbe68", "StandingValue": -0.5, "AreOpenlyHostile": false}, "559d7fc1-5470-4ab4-8c66-fa2f0b89a523": {"FactionID": "559d7fc1-5470-4ab4-8c66-fa2f0b89a523", "StandingValue": 0.5, "AreOpenlyHostile": false}, "5db2bec7-37c3-4f1c-ab88-21024c12d639": {"FactionID": "5db2bec7-37c3-4f1c-ab88-21024c12d639", "StandingValue": -4, "AreOpenlyHostile": true}, "7decfd86-9c82-4a17-af3b-5d4af8c4e2ad": {"FactionID": "7decfd86-9c82-4a17-af3b-5d4af8c4e2ad", "StandingValue": -0.5, "AreOpenlyHostile": false}, "a0152cbb-8a78-45a4-ae9b-2ad2b60b583b": {"FactionID": "a0152cbb-8a78-45a4-ae9b-2ad2b60b583b", "StandingValue": 10, "AreOpenlyHostile": false}, "b3d3fa9c-b21e-490f-b39e-128b3af12128": {"FactionID": "b3d3fa9c-b21e-490f-b39e-128b3af12128", "StandingValue": 0, "AreOpenlyHostile": false}, "bdeffd9a-3cab-408c-9cd7-32fce1124f7a": {"FactionID": "bdeffd9a-3cab-408c-9cd7-32fce1124f7a", "StandingValue": -5, "AreOpenlyHostile": true}}}', true, 2, NULL, '{}', '[::1]:34120', false);
    INSERT INTO public.users (id, charactername, hashpass, registered, banned, current_shipid, startid, escrow_containerid, current_factionid, reputationsheet, isnpc, behaviourmode, emailaddress, experiencesheet, registeredip, isdev) VALUES ('53e464b9-89ba-4967-8374-aba09b3eeead', 'Jaleel Ayim', '4062f0a7a260663d52b19d5682890335235823727e174a4ed40821c59f5773e2', '2022-09-10 18:51:25.969507-04', B'0', NULL, '51a06f05-4f4c-4a9e-8992-d8c13e478729', '73c4f9a4-d6d3-4a3a-a797-a2c34ea1f327', 'a0152cbb-8a78-45a4-ae9b-2ad2b60b583b', '{"factionEntries": {"27a53dfc-a321-4c12-bf7c-bb177955c95b": {"FactionID": "27a53dfc-a321-4c12-bf7c-bb177955c95b", "StandingValue": 5, "AreOpenlyHostile": false}, "30bc70eb-2692-47e6-a7e3-2772e131c3d7": {"FactionID": "30bc70eb-2692-47e6-a7e3-2772e131c3d7", "StandingValue": -3, "AreOpenlyHostile": true}, "506286f5-6613-4481-ac26-caa9940fbe68": {"FactionID": "506286f5-6613-4481-ac26-caa9940fbe68", "StandingValue": -0.5, "AreOpenlyHostile": false}, "559d7fc1-5470-4ab4-8c66-fa2f0b89a523": {"FactionID": "559d7fc1-5470-4ab4-8c66-fa2f0b89a523", "StandingValue": 0.5, "AreOpenlyHostile": false}, "5db2bec7-37c3-4f1c-ab88-21024c12d639": {"FactionID": "5db2bec7-37c3-4f1c-ab88-21024c12d639", "StandingValue": -4, "AreOpenlyHostile": true}, "7decfd86-9c82-4a17-af3b-5d4af8c4e2ad": {"FactionID": "7decfd86-9c82-4a17-af3b-5d4af8c4e2ad", "StandingValue": -0.5, "AreOpenlyHostile": false}, "a0152cbb-8a78-45a4-ae9b-2ad2b60b583b": {"FactionID": "a0152cbb-8a78-45a4-ae9b-2ad2b60b583b", "StandingValue": 10, "AreOpenlyHostile": false}, "b3d3fa9c-b21e-490f-b39e-128b3af12128": {"FactionID": "b3d3fa9c-b21e-490f-b39e-128b3af12128", "StandingValue": 0, "AreOpenlyHostile": false}, "bdeffd9a-3cab-408c-9cd7-32fce1124f7a": {"FactionID": "bdeffd9a-3cab-408c-9cd7-32fce1124f7a", "StandingValue": -5, "AreOpenlyHostile": true}}}', true, 2, NULL, '{}', '[::1]:34120', false);
    INSERT INTO public.users (id, charactername, hashpass, registered, banned, current_shipid, startid, escrow_containerid, current_factionid, reputationsheet, isnpc, behaviourmode, emailaddress, experiencesheet, registeredip, isdev) VALUES ('e22ab6aa-bf75-43aa-ad99-d7d170acf3d5', 'Raoul Babin', '332457bf77c891cc2bd142f73e3afc8ed5b9235712989364af19f95f2e4db829', '2022-09-10 18:51:25.8493-04', B'0', NULL, '51a06f05-4f4c-4a9e-8992-d8c13e478729', '5f04d5bd-f3f8-4f04-acdf-4316d6921350', 'a0152cbb-8a78-45a4-ae9b-2ad2b60b583b', '{"factionEntries": {"27a53dfc-a321-4c12-bf7c-bb177955c95b": {"FactionID": "27a53dfc-a321-4c12-bf7c-bb177955c95b", "StandingValue": 5, "AreOpenlyHostile": false}, "30bc70eb-2692-47e6-a7e3-2772e131c3d7": {"FactionID": "30bc70eb-2692-47e6-a7e3-2772e131c3d7", "StandingValue": -3, "AreOpenlyHostile": true}, "506286f5-6613-4481-ac26-caa9940fbe68": {"FactionID": "506286f5-6613-4481-ac26-caa9940fbe68", "StandingValue": -0.5, "AreOpenlyHostile": false}, "559d7fc1-5470-4ab4-8c66-fa2f0b89a523": {"FactionID": "559d7fc1-5470-4ab4-8c66-fa2f0b89a523", "StandingValue": 0.5, "AreOpenlyHostile": false}, "5db2bec7-37c3-4f1c-ab88-21024c12d639": {"FactionID": "5db2bec7-37c3-4f1c-ab88-21024c12d639", "StandingValue": -4, "AreOpenlyHostile": true}, "7decfd86-9c82-4a17-af3b-5d4af8c4e2ad": {"FactionID": "7decfd86-9c82-4a17-af3b-5d4af8c4e2ad", "StandingValue": -0.5, "AreOpenlyHostile": false}, "a0152cbb-8a78-45a4-ae9b-2ad2b60b583b": {"FactionID": "a0152cbb-8a78-45a4-ae9b-2ad2b60b583b", "StandingValue": 10, "AreOpenlyHostile": false}, "b3d3fa9c-b21e-490f-b39e-128b3af12128": {"FactionID": "b3d3fa9c-b21e-490f-b39e-128b3af12128", "StandingValue": 0, "AreOpenlyHostile": false}, "bdeffd9a-3cab-408c-9cd7-32fce1124f7a": {"FactionID": "bdeffd9a-3cab-408c-9cd7-32fce1124f7a", "StandingValue": -5, "AreOpenlyHostile": true}}}', true, 2, NULL, '{}', '[::1]:34120', false);
    INSERT INTO public.users (id, charactername, hashpass, registered, banned, current_shipid, startid, escrow_containerid, current_factionid, reputationsheet, isnpc, behaviourmode, emailaddress, experiencesheet, registeredip, isdev) VALUES ('0a48553a-f3e3-40ba-ad39-243f0f6759da', 'Wi Yoon', 'a322f7a44c6ef943ecdf21820009b5ce0dc28adc2da6635786d8f7baf1eb4c35', '2022-09-10 18:51:25.879811-04', B'0', NULL, '51a06f05-4f4c-4a9e-8992-d8c13e478729', '94879cbd-e45d-4a68-8af0-85aba7bdcab4', 'a0152cbb-8a78-45a4-ae9b-2ad2b60b583b', '{"factionEntries": {"27a53dfc-a321-4c12-bf7c-bb177955c95b": {"FactionID": "27a53dfc-a321-4c12-bf7c-bb177955c95b", "StandingValue": 5, "AreOpenlyHostile": false}, "30bc70eb-2692-47e6-a7e3-2772e131c3d7": {"FactionID": "30bc70eb-2692-47e6-a7e3-2772e131c3d7", "StandingValue": -3, "AreOpenlyHostile": true}, "506286f5-6613-4481-ac26-caa9940fbe68": {"FactionID": "506286f5-6613-4481-ac26-caa9940fbe68", "StandingValue": -0.5, "AreOpenlyHostile": false}, "559d7fc1-5470-4ab4-8c66-fa2f0b89a523": {"FactionID": "559d7fc1-5470-4ab4-8c66-fa2f0b89a523", "StandingValue": 0.5, "AreOpenlyHostile": false}, "5db2bec7-37c3-4f1c-ab88-21024c12d639": {"FactionID": "5db2bec7-37c3-4f1c-ab88-21024c12d639", "StandingValue": -4, "AreOpenlyHostile": true}, "7decfd86-9c82-4a17-af3b-5d4af8c4e2ad": {"FactionID": "7decfd86-9c82-4a17-af3b-5d4af8c4e2ad", "StandingValue": -0.5, "AreOpenlyHostile": false}, "a0152cbb-8a78-45a4-ae9b-2ad2b60b583b": {"FactionID": "a0152cbb-8a78-45a4-ae9b-2ad2b60b583b", "StandingValue": 10, "AreOpenlyHostile": false}, "b3d3fa9c-b21e-490f-b39e-128b3af12128": {"FactionID": "b3d3fa9c-b21e-490f-b39e-128b3af12128", "StandingValue": 0, "AreOpenlyHostile": false}, "bdeffd9a-3cab-408c-9cd7-32fce1124f7a": {"FactionID": "bdeffd9a-3cab-408c-9cd7-32fce1124f7a", "StandingValue": -5, "AreOpenlyHostile": true}}}', true, 2, NULL, '{}', '[::1]:34120', false);
    INSERT INTO public.users (id, charactername, hashpass, registered, banned, current_shipid, startid, escrow_containerid, current_factionid, reputationsheet, isnpc, behaviourmode, emailaddress, experiencesheet, registeredip, isdev) VALUES ('8fa0cf5b-8b07-4e89-87eb-12395ddfaeed', 'Kar Jin-Kyong', '4b0ffd28ba3e89cc9663d20ba795e98689d9a443590c5521315760665d6cbe6b', '2022-09-10 18:51:25.908763-04', B'0', NULL, '51a06f05-4f4c-4a9e-8992-d8c13e478729', '0a34508c-a1b0-4491-8dfa-7d731a99d593', 'a0152cbb-8a78-45a4-ae9b-2ad2b60b583b', '{"factionEntries": {"27a53dfc-a321-4c12-bf7c-bb177955c95b": {"FactionID": "27a53dfc-a321-4c12-bf7c-bb177955c95b", "StandingValue": 5, "AreOpenlyHostile": false}, "30bc70eb-2692-47e6-a7e3-2772e131c3d7": {"FactionID": "30bc70eb-2692-47e6-a7e3-2772e131c3d7", "StandingValue": -3, "AreOpenlyHostile": true}, "506286f5-6613-4481-ac26-caa9940fbe68": {"FactionID": "506286f5-6613-4481-ac26-caa9940fbe68", "StandingValue": -0.5, "AreOpenlyHostile": false}, "559d7fc1-5470-4ab4-8c66-fa2f0b89a523": {"FactionID": "559d7fc1-5470-4ab4-8c66-fa2f0b89a523", "StandingValue": 0.5, "AreOpenlyHostile": false}, "5db2bec7-37c3-4f1c-ab88-21024c12d639": {"FactionID": "5db2bec7-37c3-4f1c-ab88-21024c12d639", "StandingValue": -4, "AreOpenlyHostile": true}, "7decfd86-9c82-4a17-af3b-5d4af8c4e2ad": {"FactionID": "7decfd86-9c82-4a17-af3b-5d4af8c4e2ad", "StandingValue": -0.5, "AreOpenlyHostile": false}, "a0152cbb-8a78-45a4-ae9b-2ad2b60b583b": {"FactionID": "a0152cbb-8a78-45a4-ae9b-2ad2b60b583b", "StandingValue": 10, "AreOpenlyHostile": false}, "b3d3fa9c-b21e-490f-b39e-128b3af12128": {"FactionID": "b3d3fa9c-b21e-490f-b39e-128b3af12128", "StandingValue": 0, "AreOpenlyHostile": false}, "bdeffd9a-3cab-408c-9cd7-32fce1124f7a": {"FactionID": "bdeffd9a-3cab-408c-9cd7-32fce1124f7a", "StandingValue": -5, "AreOpenlyHostile": true}}}', true, 2, NULL, '{}', '[::1]:34120', false);
    INSERT INTO public.users (id, charactername, hashpass, registered, banned, current_shipid, startid, escrow_containerid, current_factionid, reputationsheet, isnpc, behaviourmode, emailaddress, experiencesheet, registeredip, isdev) VALUES ('d01b9767-5fcb-46cc-828c-2acc80dec599', 'Tish Adesina', '4e63d5e9e903415f0f71eb4d61d356f2f871920abc41a2db1779430f522dbe13', '2022-09-10 18:51:25.939471-04', B'0', NULL, '51a06f05-4f4c-4a9e-8992-d8c13e478729', 'fadce8d0-160b-4079-b79a-9db61f759a76', 'a0152cbb-8a78-45a4-ae9b-2ad2b60b583b', '{"factionEntries": {"27a53dfc-a321-4c12-bf7c-bb177955c95b": {"FactionID": "27a53dfc-a321-4c12-bf7c-bb177955c95b", "StandingValue": 5, "AreOpenlyHostile": false}, "30bc70eb-2692-47e6-a7e3-2772e131c3d7": {"FactionID": "30bc70eb-2692-47e6-a7e3-2772e131c3d7", "StandingValue": -3, "AreOpenlyHostile": true}, "506286f5-6613-4481-ac26-caa9940fbe68": {"FactionID": "506286f5-6613-4481-ac26-caa9940fbe68", "StandingValue": -0.5, "AreOpenlyHostile": false}, "559d7fc1-5470-4ab4-8c66-fa2f0b89a523": {"FactionID": "559d7fc1-5470-4ab4-8c66-fa2f0b89a523", "StandingValue": 0.5, "AreOpenlyHostile": false}, "5db2bec7-37c3-4f1c-ab88-21024c12d639": {"FactionID": "5db2bec7-37c3-4f1c-ab88-21024c12d639", "StandingValue": -4, "AreOpenlyHostile": true}, "7decfd86-9c82-4a17-af3b-5d4af8c4e2ad": {"FactionID": "7decfd86-9c82-4a17-af3b-5d4af8c4e2ad", "StandingValue": -0.5, "AreOpenlyHostile": false}, "a0152cbb-8a78-45a4-ae9b-2ad2b60b583b": {"FactionID": "a0152cbb-8a78-45a4-ae9b-2ad2b60b583b", "StandingValue": 10, "AreOpenlyHostile": false}, "b3d3fa9c-b21e-490f-b39e-128b3af12128": {"FactionID": "b3d3fa9c-b21e-490f-b39e-128b3af12128", "StandingValue": 0, "AreOpenlyHostile": false}, "bdeffd9a-3cab-408c-9cd7-32fce1124f7a": {"FactionID": "bdeffd9a-3cab-408c-9cd7-32fce1124f7a", "StandingValue": -5, "AreOpenlyHostile": true}}}', true, 2, NULL, '{}', '[::1]:34120', false);

    -- ships
    INSERT INTO public.ships (id, universe_systemid, userid, pos_x, pos_y, created, shipname, texture, theta, vel_x, vel_y, shield, armor, hull, fuel, heat, energy, shiptemplateid, dockedat_stationid, fitting, destroyed, destroyedat, cargobay_containerid, fittingbay_containerid, remaxdirty, trash_containerid, wallet, noload, flightexperiencemodifier) VALUES ('1d3ef44d-9838-480b-921f-1abe2bed210a', '0074f593-df14-47c4-8971-336b81a86fb8', '4f7952b8-c70d-4eb3-affb-d46f672b1a1f', 0, 0, '2022-09-10 18:51:25.775479-04', 'Ambrose Ruell''s Starter Ship', 'Sparrow', 0, 0, 0, 209, 169, 135, 265, 0, 138, '8d9e032c-d9b1-4a36-8bbf-1448fa60a09a', 'ab91015b-fb32-47fd-bf38-d15af5933bab', '{"a_rack": [{"item_id": "f1c878ed-b72e-44bc-94e7-00936c904a1f", "slot_idx": 0, "item_type_id": "9bb00839-95f2-4d7c-a7c9-eef60e05fa97"}, {"item_id": "e063ff52-5e04-42ed-9670-f5b3be355209", "slot_idx": 1, "item_type_id": "9bb00839-95f2-4d7c-a7c9-eef60e05fa97"}, {"item_id": "5560eb53-2eeb-4e0a-aff2-ee65b521e877", "slot_idx": 2, "item_type_id": "6a65c92d-3277-4496-a494-7092f0054bdb"}], "b_rack": [{"item_id": "06ddd20d-abc6-45ee-a22c-139db8be90f0", "slot_idx": 0, "item_type_id": "5c40d8ec-a269-4ae5-912f-1678b6c202a5"}, {"item_id": "085ca647-4234-4e68-a54b-72d376e8e775", "slot_idx": 1, "item_type_id": "5c40d8ec-a269-4ae5-912f-1678b6c202a5"}], "c_rack": [{"item_id": "e852ff8b-c9c2-470f-acd1-ae6f48495c35", "slot_idx": 0, "item_type_id": "993bc7c8-fb2a-423f-8000-39c7fb6be743"}, {"item_id": "f809ba7a-6252-4f3d-81c6-7bec5c179da4", "slot_idx": 1, "item_type_id": "993bc7c8-fb2a-423f-8000-39c7fb6be743"}]}', false, NULL, 'd1b4fc41-3729-43e9-a990-a387f5cd84c9', '350495f0-684e-44a2-b914-cf5b8ac33ec8', true, 'a2c619f2-442f-4509-b32a-a2361e7ad419', 10000, false, 1);
    INSERT INTO public.ships (id, universe_systemid, userid, pos_x, pos_y, created, shipname, texture, theta, vel_x, vel_y, shield, armor, hull, fuel, heat, energy, shiptemplateid, dockedat_stationid, fitting, destroyed, destroyedat, cargobay_containerid, fittingbay_containerid, remaxdirty, trash_containerid, wallet, noload, flightexperiencemodifier) VALUES ('7d14cf5d-ccdb-421c-8b2e-ebb18bf3e3ac', '0074f593-df14-47c4-8971-336b81a86fb8', 'c3bd5e14-063c-48d4-89a4-ca79a8b99621', 0, 0, '2022-09-10 18:51:25.806005-04', 'Hanley Larson''s Starter Ship', 'Sparrow', 0, 0, 0, 209, 169, 135, 265, 0, 138, '8d9e032c-d9b1-4a36-8bbf-1448fa60a09a', 'ab91015b-fb32-47fd-bf38-d15af5933bab', '{"a_rack": [{"item_id": "517a37c2-f5e1-4ad0-a7dc-dad57be549dc", "slot_idx": 0, "item_type_id": "9bb00839-95f2-4d7c-a7c9-eef60e05fa97"}, {"item_id": "4858ac84-a7bb-486c-a990-f839b158e8f6", "slot_idx": 1, "item_type_id": "9bb00839-95f2-4d7c-a7c9-eef60e05fa97"}, {"item_id": "781b16f6-d6a0-4d8a-b38d-fe57800b996e", "slot_idx": 2, "item_type_id": "6a65c92d-3277-4496-a494-7092f0054bdb"}], "b_rack": [{"item_id": "5f1dc186-f98f-413a-9258-f4996ca3de54", "slot_idx": 0, "item_type_id": "5c40d8ec-a269-4ae5-912f-1678b6c202a5"}, {"item_id": "4ffcd4a1-8205-48c9-a772-eb819ca015bc", "slot_idx": 1, "item_type_id": "5c40d8ec-a269-4ae5-912f-1678b6c202a5"}], "c_rack": [{"item_id": "86f32b68-c68a-43e1-9277-3bec30f93ab5", "slot_idx": 0, "item_type_id": "993bc7c8-fb2a-423f-8000-39c7fb6be743"}, {"item_id": "c565e201-8009-40ea-87fb-cec3699be933", "slot_idx": 1, "item_type_id": "993bc7c8-fb2a-423f-8000-39c7fb6be743"}]}', false, NULL, '8e5ba703-7cde-427d-84b2-cc02ce014606', '5bbd992e-9a6e-4e18-9d2c-5120b605dfec', true, '32c93d7d-7a26-44f6-8883-b91631b73d28', 10000, false, 1);
    INSERT INTO public.ships (id, universe_systemid, userid, pos_x, pos_y, created, shipname, texture, theta, vel_x, vel_y, shield, armor, hull, fuel, heat, energy, shiptemplateid, dockedat_stationid, fitting, destroyed, destroyedat, cargobay_containerid, fittingbay_containerid, remaxdirty, trash_containerid, wallet, noload, flightexperiencemodifier) VALUES ('09c6eb8c-d839-4cc4-984d-2a50c009749b', '0074f593-df14-47c4-8971-336b81a86fb8', '071429d7-8f89-497e-b27b-54f24583f602', 0, 0, '2022-09-10 18:51:25.840914-04', 'Lazare Girard''s Starter Ship', 'Sparrow', 0, 0, 0, 209, 169, 135, 265, 0, 138, '8d9e032c-d9b1-4a36-8bbf-1448fa60a09a', 'ab91015b-fb32-47fd-bf38-d15af5933bab', '{"a_rack": [{"item_id": "ea97db79-181b-4719-aebf-6d3230a7e1a0", "slot_idx": 0, "item_type_id": "9bb00839-95f2-4d7c-a7c9-eef60e05fa97"}, {"item_id": "8dd0366c-e257-41a6-9d44-855f83ee4d8b", "slot_idx": 1, "item_type_id": "9bb00839-95f2-4d7c-a7c9-eef60e05fa97"}, {"item_id": "6da55a91-5f75-45e5-911a-a6339afaf057", "slot_idx": 2, "item_type_id": "6a65c92d-3277-4496-a494-7092f0054bdb"}], "b_rack": [{"item_id": "af26c83d-fe76-4e1e-80eb-3d1228e4e537", "slot_idx": 0, "item_type_id": "5c40d8ec-a269-4ae5-912f-1678b6c202a5"}, {"item_id": "c51ccb56-14e8-40e4-9cd3-2ff741805482", "slot_idx": 1, "item_type_id": "5c40d8ec-a269-4ae5-912f-1678b6c202a5"}], "c_rack": [{"item_id": "0453a948-acf2-4514-9046-c3f665fa8ad5", "slot_idx": 0, "item_type_id": "993bc7c8-fb2a-423f-8000-39c7fb6be743"}, {"item_id": "095bb0e0-a6c8-492c-aff0-fa80e218c53f", "slot_idx": 1, "item_type_id": "993bc7c8-fb2a-423f-8000-39c7fb6be743"}]}', false, NULL, 'c4d20731-65c9-4bb0-8feb-3ae0bfcf025a', '8314292a-1bc3-4e07-920d-98c2af2c776c', true, 'ffcce9c1-28a3-4aec-9cb6-bd7e8df625da', 10000, false, 1);
    INSERT INTO public.ships (id, universe_systemid, userid, pos_x, pos_y, created, shipname, texture, theta, vel_x, vel_y, shield, armor, hull, fuel, heat, energy, shiptemplateid, dockedat_stationid, fitting, destroyed, destroyedat, cargobay_containerid, fittingbay_containerid, remaxdirty, trash_containerid, wallet, noload, flightexperiencemodifier) VALUES ('db3eb303-965b-45b5-b897-f0d8dc2fd96b', '0074f593-df14-47c4-8971-336b81a86fb8', 'e22ab6aa-bf75-43aa-ad99-d7d170acf3d5', 0, 0, '2022-09-10 18:51:25.872243-04', 'Raoul Babin''s Starter Ship', 'Sparrow', 0, 0, 0, 209, 169, 135, 265, 0, 138, '8d9e032c-d9b1-4a36-8bbf-1448fa60a09a', 'ab91015b-fb32-47fd-bf38-d15af5933bab', '{"a_rack": [{"item_id": "f84d71db-6202-48c9-ba56-89bcb1ef8993", "slot_idx": 0, "item_type_id": "9bb00839-95f2-4d7c-a7c9-eef60e05fa97"}, {"item_id": "6ee4a71c-813a-40f5-b34a-91467554c591", "slot_idx": 1, "item_type_id": "9bb00839-95f2-4d7c-a7c9-eef60e05fa97"}, {"item_id": "ba3c61db-f5e5-4730-810f-daf25579b811", "slot_idx": 2, "item_type_id": "6a65c92d-3277-4496-a494-7092f0054bdb"}], "b_rack": [{"item_id": "40d9d43f-b4a9-4243-87a1-6b835590f99f", "slot_idx": 0, "item_type_id": "5c40d8ec-a269-4ae5-912f-1678b6c202a5"}, {"item_id": "89f0fdd2-b676-460c-98e2-52110ea87432", "slot_idx": 1, "item_type_id": "5c40d8ec-a269-4ae5-912f-1678b6c202a5"}], "c_rack": [{"item_id": "1c66df5f-d972-41e8-8697-5ff023e1cbc2", "slot_idx": 0, "item_type_id": "993bc7c8-fb2a-423f-8000-39c7fb6be743"}, {"item_id": "199d83fd-005a-40d1-82c3-3a8b679d4305", "slot_idx": 1, "item_type_id": "993bc7c8-fb2a-423f-8000-39c7fb6be743"}]}', false, NULL, 'a64fd6ad-b637-4950-a6f3-6dfaeaf93901', '64c59ae7-b527-4793-adbf-515b494ed56e', true, '4385e93d-e580-46a9-90df-8a652ca347de', 10000, false, 1);
    INSERT INTO public.ships (id, universe_systemid, userid, pos_x, pos_y, created, shipname, texture, theta, vel_x, vel_y, shield, armor, hull, fuel, heat, energy, shiptemplateid, dockedat_stationid, fitting, destroyed, destroyedat, cargobay_containerid, fittingbay_containerid, remaxdirty, trash_containerid, wallet, noload, flightexperiencemodifier) VALUES ('b0ac8b07-a3c7-407a-a3e4-bcaec86ca17f', '0074f593-df14-47c4-8971-336b81a86fb8', '0a48553a-f3e3-40ba-ad39-243f0f6759da', 0, 0, '2022-09-10 18:51:25.901174-04', 'Wi Yoon''s Starter Ship', 'Sparrow', 0, 0, 0, 209, 169, 135, 265, 0, 138, '8d9e032c-d9b1-4a36-8bbf-1448fa60a09a', 'ab91015b-fb32-47fd-bf38-d15af5933bab', '{"a_rack": [{"item_id": "148c11cb-9761-468e-8c60-b981b8229556", "slot_idx": 0, "item_type_id": "9bb00839-95f2-4d7c-a7c9-eef60e05fa97"}, {"item_id": "a38230a3-e9c3-410e-bf22-36b3458aacfa", "slot_idx": 1, "item_type_id": "9bb00839-95f2-4d7c-a7c9-eef60e05fa97"}, {"item_id": "f5219c02-80eb-4569-953f-010fe56d5415", "slot_idx": 2, "item_type_id": "6a65c92d-3277-4496-a494-7092f0054bdb"}], "b_rack": [{"item_id": "9f2cdc19-8f52-4196-8e04-fefc3fdd5d8b", "slot_idx": 0, "item_type_id": "5c40d8ec-a269-4ae5-912f-1678b6c202a5"}, {"item_id": "416b1b40-09a3-4326-a70e-5add940af6a0", "slot_idx": 1, "item_type_id": "5c40d8ec-a269-4ae5-912f-1678b6c202a5"}], "c_rack": [{"item_id": "2ec433ac-9249-4278-b5d8-c159e1ed4b1c", "slot_idx": 0, "item_type_id": "993bc7c8-fb2a-423f-8000-39c7fb6be743"}, {"item_id": "e4d2e483-3fae-43ae-84dd-2226b5bd3290", "slot_idx": 1, "item_type_id": "993bc7c8-fb2a-423f-8000-39c7fb6be743"}]}', false, NULL, 'c04a8097-50ea-4cd3-95b3-15fd957130e9', '20528f8d-485d-4c6f-bc1e-459935bb3b3c', true, 'a4b04a61-5129-4aa7-a16a-9f399e10ac41', 10000, false, 1);
    INSERT INTO public.ships (id, universe_systemid, userid, pos_x, pos_y, created, shipname, texture, theta, vel_x, vel_y, shield, armor, hull, fuel, heat, energy, shiptemplateid, dockedat_stationid, fitting, destroyed, destroyedat, cargobay_containerid, fittingbay_containerid, remaxdirty, trash_containerid, wallet, noload, flightexperiencemodifier) VALUES ('627a5065-6236-4263-855f-13136cb4e392', '0074f593-df14-47c4-8971-336b81a86fb8', '8fa0cf5b-8b07-4e89-87eb-12395ddfaeed', 0, 0, '2022-09-10 18:51:25.93204-04', 'Kar Jin-Kyong''s Starter Ship', 'Sparrow', 0, 0, 0, 209, 169, 135, 265, 0, 138, '8d9e032c-d9b1-4a36-8bbf-1448fa60a09a', 'ab91015b-fb32-47fd-bf38-d15af5933bab', '{"a_rack": [{"item_id": "1f5ebb7f-3079-4ba1-9251-017cb4dcee5c", "slot_idx": 0, "item_type_id": "9bb00839-95f2-4d7c-a7c9-eef60e05fa97"}, {"item_id": "d86e580a-fb5c-484b-8281-41c55d5ec14a", "slot_idx": 1, "item_type_id": "9bb00839-95f2-4d7c-a7c9-eef60e05fa97"}, {"item_id": "8531ec3e-7851-4e21-8c1a-996faeb0c868", "slot_idx": 2, "item_type_id": "6a65c92d-3277-4496-a494-7092f0054bdb"}], "b_rack": [{"item_id": "7b9224b4-e415-4e17-b7a2-6d6f80f1c9bc", "slot_idx": 0, "item_type_id": "5c40d8ec-a269-4ae5-912f-1678b6c202a5"}, {"item_id": "d58fe71f-344f-4f9a-a90c-4ba21f4a01b6", "slot_idx": 1, "item_type_id": "5c40d8ec-a269-4ae5-912f-1678b6c202a5"}], "c_rack": [{"item_id": "d1e4992d-fe14-4e86-80d1-17ed165a35e3", "slot_idx": 0, "item_type_id": "993bc7c8-fb2a-423f-8000-39c7fb6be743"}, {"item_id": "6d23b675-f6b4-418f-9c78-16ccc43c2ea1", "slot_idx": 1, "item_type_id": "993bc7c8-fb2a-423f-8000-39c7fb6be743"}]}', false, NULL, 'dc7cf520-2b47-4374-8473-05c18434844d', '50836946-9a90-43b4-bb2a-56e8a4ae1e28', true, '63d9a47c-6a5a-44e1-b439-a79512f4ec83', 10000, false, 1);
    INSERT INTO public.ships (id, universe_systemid, userid, pos_x, pos_y, created, shipname, texture, theta, vel_x, vel_y, shield, armor, hull, fuel, heat, energy, shiptemplateid, dockedat_stationid, fitting, destroyed, destroyedat, cargobay_containerid, fittingbay_containerid, remaxdirty, trash_containerid, wallet, noload, flightexperiencemodifier) VALUES ('2f7e45cc-97d9-4d60-b5e2-8208eedeb2ba', '0074f593-df14-47c4-8971-336b81a86fb8', 'd01b9767-5fcb-46cc-828c-2acc80dec599', 0, 0, '2022-09-10 18:51:25.959919-04', 'Tish Adesina''s Starter Ship', 'Sparrow', 0, 0, 0, 209, 169, 135, 265, 0, 138, '8d9e032c-d9b1-4a36-8bbf-1448fa60a09a', 'ab91015b-fb32-47fd-bf38-d15af5933bab', '{"a_rack": [{"item_id": "c95c5a7c-593e-48f8-880d-22d66ff397ee", "slot_idx": 0, "item_type_id": "9bb00839-95f2-4d7c-a7c9-eef60e05fa97"}, {"item_id": "57d3e5d9-5daf-4f9a-b9f0-7dad04553085", "slot_idx": 1, "item_type_id": "9bb00839-95f2-4d7c-a7c9-eef60e05fa97"}, {"item_id": "95d24f6a-43d7-4be7-97ca-51407d392cc3", "slot_idx": 2, "item_type_id": "6a65c92d-3277-4496-a494-7092f0054bdb"}], "b_rack": [{"item_id": "8480063f-97ed-45e6-b090-601fcdf13e10", "slot_idx": 0, "item_type_id": "5c40d8ec-a269-4ae5-912f-1678b6c202a5"}, {"item_id": "af44cbd1-61c9-45d8-8940-3f9fa06a88fc", "slot_idx": 1, "item_type_id": "5c40d8ec-a269-4ae5-912f-1678b6c202a5"}], "c_rack": [{"item_id": "c92926a4-1f2e-4261-9aff-d741796552aa", "slot_idx": 0, "item_type_id": "993bc7c8-fb2a-423f-8000-39c7fb6be743"}, {"item_id": "2e7a66aa-40a0-465c-a7c6-f2a2803a3dde", "slot_idx": 1, "item_type_id": "993bc7c8-fb2a-423f-8000-39c7fb6be743"}]}', false, NULL, '9f0e244b-1b15-4b30-ae8d-0373c36d374f', 'e821c8a5-c6b8-4783-9545-4f62c31a18d0', true, 'fd1d25b6-8e2e-4c46-8cba-a5e2162e9357', 10000, false, 1);
    INSERT INTO public.ships (id, universe_systemid, userid, pos_x, pos_y, created, shipname, texture, theta, vel_x, vel_y, shield, armor, hull, fuel, heat, energy, shiptemplateid, dockedat_stationid, fitting, destroyed, destroyedat, cargobay_containerid, fittingbay_containerid, remaxdirty, trash_containerid, wallet, noload, flightexperiencemodifier) VALUES ('9d1df4a6-f48d-4436-9a98-17f3b08729b5', '0074f593-df14-47c4-8971-336b81a86fb8', '53e464b9-89ba-4967-8374-aba09b3eeead', 0, 0, '2022-09-10 18:51:25.990263-04', 'Jaleel Ayim''s Starter Ship', 'Sparrow', 0, 0, 0, 209, 169, 135, 265, 0, 138, '8d9e032c-d9b1-4a36-8bbf-1448fa60a09a', 'ab91015b-fb32-47fd-bf38-d15af5933bab', '{"a_rack": [{"item_id": "c1c8989c-3e18-4cf7-b5ee-b6caaccab090", "slot_idx": 0, "item_type_id": "9bb00839-95f2-4d7c-a7c9-eef60e05fa97"}, {"item_id": "5a7c9c4b-7366-4c13-a770-c9d9f3a2a9fb", "slot_idx": 1, "item_type_id": "9bb00839-95f2-4d7c-a7c9-eef60e05fa97"}, {"item_id": "08f3c712-bac3-4d41-a3c2-6ef91221d1b8", "slot_idx": 2, "item_type_id": "6a65c92d-3277-4496-a494-7092f0054bdb"}], "b_rack": [{"item_id": "92ac3026-7372-4e65-b790-60e3208ac945", "slot_idx": 0, "item_type_id": "5c40d8ec-a269-4ae5-912f-1678b6c202a5"}, {"item_id": "39d01adf-222b-4834-b36c-3864ebd2690d", "slot_idx": 1, "item_type_id": "5c40d8ec-a269-4ae5-912f-1678b6c202a5"}], "c_rack": [{"item_id": "4ac935b1-8eee-4d43-b184-c093a42ce1e8", "slot_idx": 0, "item_type_id": "993bc7c8-fb2a-423f-8000-39c7fb6be743"}, {"item_id": "bbc10246-79a7-453d-bc82-27be64be308f", "slot_idx": 1, "item_type_id": "993bc7c8-fb2a-423f-8000-39c7fb6be743"}]}', false, NULL, 'd90b5bec-a7e7-4336-a803-205ed82ae1e8', '15b70d9c-efeb-4004-89c4-89f4decc8764', true, 'cc9675a5-6d6f-4223-b42c-cfec80741662', 10000, false, 1);

    -- items
    INSERT INTO public.items (id, itemtypeid, meta, created, createdby, createdreason, containerid, quantity, ispackaged) VALUES ('f1c878ed-b72e-44bc-94e7-00936c904a1f', '9bb00839-95f2-4d7c-a7c9-eef60e05fa97', '{"hp": 10, "rack": "a", "range": 3592, "volume": 6, "falloff": "linear", "cooldown": 8.5, "tracking": 97.3, "hull_damage": 315, "armor_damage": 230, "can_mine_gas": false, "can_mine_ice": false, "can_mine_ore": false, "needs_target": true, "shield_damage": 155, "activation_heat": 11.4, "ammunition_name": "Light Gauss Shell", "ammunition_type": "33f86ee2-4c16-400e-82ad-38796bea0017", "industrialmarket": {"maxprice": 4142, "minprice": 2051, "silosize": 1000}, "activation_energy": 3.2, "ore_mining_volume": 0, "activation_gfx_effect": "basic_gauss_rifle"}', '2022-09-10 18:51:25.760953-04', '4f7952b8-c70d-4eb3-affb-d46f672b1a1f', 'Module for new noob ship for player', '350495f0-684e-44a2-b914-cf5b8ac33ec8', 1, false);
    INSERT INTO public.items (id, itemtypeid, meta, created, createdby, createdreason, containerid, quantity, ispackaged) VALUES ('e063ff52-5e04-42ed-9670-f5b3be355209', '9bb00839-95f2-4d7c-a7c9-eef60e05fa97', '{"hp": 10, "rack": "a", "range": 3592, "volume": 6, "falloff": "linear", "cooldown": 8.5, "tracking": 97.3, "hull_damage": 315, "armor_damage": 230, "can_mine_gas": false, "can_mine_ice": false, "can_mine_ore": false, "needs_target": true, "shield_damage": 155, "activation_heat": 11.4, "ammunition_name": "Light Gauss Shell", "ammunition_type": "33f86ee2-4c16-400e-82ad-38796bea0017", "industrialmarket": {"maxprice": 4142, "minprice": 2051, "silosize": 1000}, "activation_energy": 3.2, "ore_mining_volume": 0, "activation_gfx_effect": "basic_gauss_rifle"}', '2022-09-10 18:51:25.76328-04', '4f7952b8-c70d-4eb3-affb-d46f672b1a1f', 'Module for new noob ship for player', '350495f0-684e-44a2-b914-cf5b8ac33ec8', 1, false);
    INSERT INTO public.items (id, itemtypeid, meta, created, createdby, createdreason, containerid, quantity, ispackaged) VALUES ('5560eb53-2eeb-4e0a-aff2-ee65b521e877', '6a65c92d-3277-4496-a494-7092f0054bdb', '{"hp": 5, "rack": "a", "volume": 8, "cooldown": 33.2, "activation_heat": 13.2, "industrialmarket": {"maxprice": 8025, "minprice": 4129, "silosize": 1000}, "activation_energy": 115}', '2022-09-10 18:51:25.765628-04', '4f7952b8-c70d-4eb3-affb-d46f672b1a1f', 'Module for new noob ship for player', '350495f0-684e-44a2-b914-cf5b8ac33ec8', 1, false);
    INSERT INTO public.items (id, itemtypeid, meta, created, createdby, createdreason, containerid, quantity, ispackaged) VALUES ('06ddd20d-abc6-45ee-a22c-139db8be90f0', '5c40d8ec-a269-4ae5-912f-1678b6c202a5', '{"hp": 3, "rack": "b", "range": 7250, "volume": 5, "falloff": "reverse_linear", "cooldown": 37.5, "tracking": 325, "signal_flux": 10, "signal_gain": 25, "needs_target": true, "activation_heat": 6.5, "industrialmarket": {"maxprice": 8212, "minprice": 6798, "silosize": 500}, "activation_energy": 17}', '2022-09-10 18:51:25.767368-04', '4f7952b8-c70d-4eb3-affb-d46f672b1a1f', 'Module for new noob ship for player', '350495f0-684e-44a2-b914-cf5b8ac33ec8', 1, false);
    INSERT INTO public.items (id, itemtypeid, meta, created, createdby, createdreason, containerid, quantity, ispackaged) VALUES ('085ca647-4234-4e68-a54b-72d376e8e775', '5c40d8ec-a269-4ae5-912f-1678b6c202a5', '{"hp": 3, "rack": "b", "range": 7250, "volume": 5, "falloff": "reverse_linear", "cooldown": 37.5, "tracking": 325, "signal_flux": 10, "signal_gain": 25, "needs_target": true, "activation_heat": 6.5, "industrialmarket": {"maxprice": 8212, "minprice": 6798, "silosize": 500}, "activation_energy": 17}', '2022-09-10 18:51:25.769508-04', '4f7952b8-c70d-4eb3-affb-d46f672b1a1f', 'Module for new noob ship for player', '350495f0-684e-44a2-b914-cf5b8ac33ec8', 1, false);
    INSERT INTO public.items (id, itemtypeid, meta, created, createdby, createdreason, containerid, quantity, ispackaged) VALUES ('e852ff8b-c9c2-470f-acd1-ae6f48495c35', '993bc7c8-fb2a-423f-8000-39c7fb6be743', '{"hp": 8, "rack": "c", "volume": 6, "energy_max_add": 62, "industrialmarket": {"maxprice": 1237, "minprice": 904, "silosize": 1000}}', '2022-09-10 18:51:25.771865-04', '4f7952b8-c70d-4eb3-affb-d46f672b1a1f', 'Module for new noob ship for player', '350495f0-684e-44a2-b914-cf5b8ac33ec8', 1, false);
    INSERT INTO public.items (id, itemtypeid, meta, created, createdby, createdreason, containerid, quantity, ispackaged) VALUES ('f809ba7a-6252-4f3d-81c6-7bec5c179da4', '993bc7c8-fb2a-423f-8000-39c7fb6be743', '{"hp": 8, "rack": "c", "volume": 6, "energy_max_add": 62, "industrialmarket": {"maxprice": 1237, "minprice": 904, "silosize": 1000}}', '2022-09-10 18:51:25.773848-04', '4f7952b8-c70d-4eb3-affb-d46f672b1a1f', 'Module for new noob ship for player', '350495f0-684e-44a2-b914-cf5b8ac33ec8', 1, false);
    INSERT INTO public.items (id, itemtypeid, meta, created, createdby, createdreason, containerid, quantity, ispackaged) VALUES ('517a37c2-f5e1-4ad0-a7dc-dad57be549dc', '9bb00839-95f2-4d7c-a7c9-eef60e05fa97', '{"hp": 10, "rack": "a", "range": 3592, "volume": 6, "falloff": "linear", "cooldown": 8.5, "tracking": 97.3, "hull_damage": 315, "armor_damage": 230, "can_mine_gas": false, "can_mine_ice": false, "can_mine_ore": false, "needs_target": true, "shield_damage": 155, "activation_heat": 11.4, "ammunition_name": "Light Gauss Shell", "ammunition_type": "33f86ee2-4c16-400e-82ad-38796bea0017", "industrialmarket": {"maxprice": 4142, "minprice": 2051, "silosize": 1000}, "activation_energy": 3.2, "ore_mining_volume": 0, "activation_gfx_effect": "basic_gauss_rifle"}', '2022-09-10 18:51:25.791513-04', 'c3bd5e14-063c-48d4-89a4-ca79a8b99621', 'Module for new noob ship for player', '5bbd992e-9a6e-4e18-9d2c-5120b605dfec', 1, false);
    INSERT INTO public.items (id, itemtypeid, meta, created, createdby, createdreason, containerid, quantity, ispackaged) VALUES ('4858ac84-a7bb-486c-a990-f839b158e8f6', '9bb00839-95f2-4d7c-a7c9-eef60e05fa97', '{"hp": 10, "rack": "a", "range": 3592, "volume": 6, "falloff": "linear", "cooldown": 8.5, "tracking": 97.3, "hull_damage": 315, "armor_damage": 230, "can_mine_gas": false, "can_mine_ice": false, "can_mine_ore": false, "needs_target": true, "shield_damage": 155, "activation_heat": 11.4, "ammunition_name": "Light Gauss Shell", "ammunition_type": "33f86ee2-4c16-400e-82ad-38796bea0017", "industrialmarket": {"maxprice": 4142, "minprice": 2051, "silosize": 1000}, "activation_energy": 3.2, "ore_mining_volume": 0, "activation_gfx_effect": "basic_gauss_rifle"}', '2022-09-10 18:51:25.793597-04', 'c3bd5e14-063c-48d4-89a4-ca79a8b99621', 'Module for new noob ship for player', '5bbd992e-9a6e-4e18-9d2c-5120b605dfec', 1, false);
    INSERT INTO public.items (id, itemtypeid, meta, created, createdby, createdreason, containerid, quantity, ispackaged) VALUES ('781b16f6-d6a0-4d8a-b38d-fe57800b996e', '6a65c92d-3277-4496-a494-7092f0054bdb', '{"hp": 5, "rack": "a", "volume": 8, "cooldown": 33.2, "activation_heat": 13.2, "industrialmarket": {"maxprice": 8025, "minprice": 4129, "silosize": 1000}, "activation_energy": 115}', '2022-09-10 18:51:25.795861-04', 'c3bd5e14-063c-48d4-89a4-ca79a8b99621', 'Module for new noob ship for player', '5bbd992e-9a6e-4e18-9d2c-5120b605dfec', 1, false);
    INSERT INTO public.items (id, itemtypeid, meta, created, createdby, createdreason, containerid, quantity, ispackaged) VALUES ('5f1dc186-f98f-413a-9258-f4996ca3de54', '5c40d8ec-a269-4ae5-912f-1678b6c202a5', '{"hp": 3, "rack": "b", "range": 7250, "volume": 5, "falloff": "reverse_linear", "cooldown": 37.5, "tracking": 325, "signal_flux": 10, "signal_gain": 25, "needs_target": true, "activation_heat": 6.5, "industrialmarket": {"maxprice": 8212, "minprice": 6798, "silosize": 500}, "activation_energy": 17}', '2022-09-10 18:51:25.797871-04', 'c3bd5e14-063c-48d4-89a4-ca79a8b99621', 'Module for new noob ship for player', '5bbd992e-9a6e-4e18-9d2c-5120b605dfec', 1, false);
    INSERT INTO public.items (id, itemtypeid, meta, created, createdby, createdreason, containerid, quantity, ispackaged) VALUES ('4ffcd4a1-8205-48c9-a772-eb819ca015bc', '5c40d8ec-a269-4ae5-912f-1678b6c202a5', '{"hp": 3, "rack": "b", "range": 7250, "volume": 5, "falloff": "reverse_linear", "cooldown": 37.5, "tracking": 325, "signal_flux": 10, "signal_gain": 25, "needs_target": true, "activation_heat": 6.5, "industrialmarket": {"maxprice": 8212, "minprice": 6798, "silosize": 500}, "activation_energy": 17}', '2022-09-10 18:51:25.799696-04', 'c3bd5e14-063c-48d4-89a4-ca79a8b99621', 'Module for new noob ship for player', '5bbd992e-9a6e-4e18-9d2c-5120b605dfec', 1, false);
    INSERT INTO public.items (id, itemtypeid, meta, created, createdby, createdreason, containerid, quantity, ispackaged) VALUES ('86f32b68-c68a-43e1-9277-3bec30f93ab5', '993bc7c8-fb2a-423f-8000-39c7fb6be743', '{"hp": 8, "rack": "c", "volume": 6, "energy_max_add": 62, "industrialmarket": {"maxprice": 1237, "minprice": 904, "silosize": 1000}}', '2022-09-10 18:51:25.801675-04', 'c3bd5e14-063c-48d4-89a4-ca79a8b99621', 'Module for new noob ship for player', '5bbd992e-9a6e-4e18-9d2c-5120b605dfec', 1, false);
    INSERT INTO public.items (id, itemtypeid, meta, created, createdby, createdreason, containerid, quantity, ispackaged) VALUES ('c565e201-8009-40ea-87fb-cec3699be933', '993bc7c8-fb2a-423f-8000-39c7fb6be743', '{"hp": 8, "rack": "c", "volume": 6, "energy_max_add": 62, "industrialmarket": {"maxprice": 1237, "minprice": 904, "silosize": 1000}}', '2022-09-10 18:51:25.804294-04', 'c3bd5e14-063c-48d4-89a4-ca79a8b99621', 'Module for new noob ship for player', '5bbd992e-9a6e-4e18-9d2c-5120b605dfec', 1, false);
    INSERT INTO public.items (id, itemtypeid, meta, created, createdby, createdreason, containerid, quantity, ispackaged) VALUES ('ea97db79-181b-4719-aebf-6d3230a7e1a0', '9bb00839-95f2-4d7c-a7c9-eef60e05fa97', '{"hp": 10, "rack": "a", "range": 3592, "volume": 6, "falloff": "linear", "cooldown": 8.5, "tracking": 97.3, "hull_damage": 315, "armor_damage": 230, "can_mine_gas": false, "can_mine_ice": false, "can_mine_ore": false, "needs_target": true, "shield_damage": 155, "activation_heat": 11.4, "ammunition_name": "Light Gauss Shell", "ammunition_type": "33f86ee2-4c16-400e-82ad-38796bea0017", "industrialmarket": {"maxprice": 4142, "minprice": 2051, "silosize": 1000}, "activation_energy": 3.2, "ore_mining_volume": 0, "activation_gfx_effect": "basic_gauss_rifle"}', '2022-09-10 18:51:25.825036-04', '071429d7-8f89-497e-b27b-54f24583f602', 'Module for new noob ship for player', '8314292a-1bc3-4e07-920d-98c2af2c776c', 1, false);
    INSERT INTO public.items (id, itemtypeid, meta, created, createdby, createdreason, containerid, quantity, ispackaged) VALUES ('8dd0366c-e257-41a6-9d44-855f83ee4d8b', '9bb00839-95f2-4d7c-a7c9-eef60e05fa97', '{"hp": 10, "rack": "a", "range": 3592, "volume": 6, "falloff": "linear", "cooldown": 8.5, "tracking": 97.3, "hull_damage": 315, "armor_damage": 230, "can_mine_gas": false, "can_mine_ice": false, "can_mine_ore": false, "needs_target": true, "shield_damage": 155, "activation_heat": 11.4, "ammunition_name": "Light Gauss Shell", "ammunition_type": "33f86ee2-4c16-400e-82ad-38796bea0017", "industrialmarket": {"maxprice": 4142, "minprice": 2051, "silosize": 1000}, "activation_energy": 3.2, "ore_mining_volume": 0, "activation_gfx_effect": "basic_gauss_rifle"}', '2022-09-10 18:51:25.827671-04', '071429d7-8f89-497e-b27b-54f24583f602', 'Module for new noob ship for player', '8314292a-1bc3-4e07-920d-98c2af2c776c', 1, false);
    INSERT INTO public.items (id, itemtypeid, meta, created, createdby, createdreason, containerid, quantity, ispackaged) VALUES ('6da55a91-5f75-45e5-911a-a6339afaf057', '6a65c92d-3277-4496-a494-7092f0054bdb', '{"hp": 5, "rack": "a", "volume": 8, "cooldown": 33.2, "activation_heat": 13.2, "industrialmarket": {"maxprice": 8025, "minprice": 4129, "silosize": 1000}, "activation_energy": 115}', '2022-09-10 18:51:25.830102-04', '071429d7-8f89-497e-b27b-54f24583f602', 'Module for new noob ship for player', '8314292a-1bc3-4e07-920d-98c2af2c776c', 1, false);
    INSERT INTO public.items (id, itemtypeid, meta, created, createdby, createdreason, containerid, quantity, ispackaged) VALUES ('af26c83d-fe76-4e1e-80eb-3d1228e4e537', '5c40d8ec-a269-4ae5-912f-1678b6c202a5', '{"hp": 3, "rack": "b", "range": 7250, "volume": 5, "falloff": "reverse_linear", "cooldown": 37.5, "tracking": 325, "signal_flux": 10, "signal_gain": 25, "needs_target": true, "activation_heat": 6.5, "industrialmarket": {"maxprice": 8212, "minprice": 6798, "silosize": 500}, "activation_energy": 17}', '2022-09-10 18:51:25.832384-04', '071429d7-8f89-497e-b27b-54f24583f602', 'Module for new noob ship for player', '8314292a-1bc3-4e07-920d-98c2af2c776c', 1, false);
    INSERT INTO public.items (id, itemtypeid, meta, created, createdby, createdreason, containerid, quantity, ispackaged) VALUES ('c51ccb56-14e8-40e4-9cd3-2ff741805482', '5c40d8ec-a269-4ae5-912f-1678b6c202a5', '{"hp": 3, "rack": "b", "range": 7250, "volume": 5, "falloff": "reverse_linear", "cooldown": 37.5, "tracking": 325, "signal_flux": 10, "signal_gain": 25, "needs_target": true, "activation_heat": 6.5, "industrialmarket": {"maxprice": 8212, "minprice": 6798, "silosize": 500}, "activation_energy": 17}', '2022-09-10 18:51:25.834558-04', '071429d7-8f89-497e-b27b-54f24583f602', 'Module for new noob ship for player', '8314292a-1bc3-4e07-920d-98c2af2c776c', 1, false);
    INSERT INTO public.items (id, itemtypeid, meta, created, createdby, createdreason, containerid, quantity, ispackaged) VALUES ('0453a948-acf2-4514-9046-c3f665fa8ad5', '993bc7c8-fb2a-423f-8000-39c7fb6be743', '{"hp": 8, "rack": "c", "volume": 6, "energy_max_add": 62, "industrialmarket": {"maxprice": 1237, "minprice": 904, "silosize": 1000}}', '2022-09-10 18:51:25.83673-04', '071429d7-8f89-497e-b27b-54f24583f602', 'Module for new noob ship for player', '8314292a-1bc3-4e07-920d-98c2af2c776c', 1, false);
    INSERT INTO public.items (id, itemtypeid, meta, created, createdby, createdreason, containerid, quantity, ispackaged) VALUES ('095bb0e0-a6c8-492c-aff0-fa80e218c53f', '993bc7c8-fb2a-423f-8000-39c7fb6be743', '{"hp": 8, "rack": "c", "volume": 6, "energy_max_add": 62, "industrialmarket": {"maxprice": 1237, "minprice": 904, "silosize": 1000}}', '2022-09-10 18:51:25.838895-04', '071429d7-8f89-497e-b27b-54f24583f602', 'Module for new noob ship for player', '8314292a-1bc3-4e07-920d-98c2af2c776c', 1, false);
    INSERT INTO public.items (id, itemtypeid, meta, created, createdby, createdreason, containerid, quantity, ispackaged) VALUES ('f84d71db-6202-48c9-ba56-89bcb1ef8993', '9bb00839-95f2-4d7c-a7c9-eef60e05fa97', '{"hp": 10, "rack": "a", "range": 3592, "volume": 6, "falloff": "linear", "cooldown": 8.5, "tracking": 97.3, "hull_damage": 315, "armor_damage": 230, "can_mine_gas": false, "can_mine_ice": false, "can_mine_ore": false, "needs_target": true, "shield_damage": 155, "activation_heat": 11.4, "ammunition_name": "Light Gauss Shell", "ammunition_type": "33f86ee2-4c16-400e-82ad-38796bea0017", "industrialmarket": {"maxprice": 4142, "minprice": 2051, "silosize": 1000}, "activation_energy": 3.2, "ore_mining_volume": 0, "activation_gfx_effect": "basic_gauss_rifle"}', '2022-09-10 18:51:25.857198-04', 'e22ab6aa-bf75-43aa-ad99-d7d170acf3d5', 'Module for new noob ship for player', '64c59ae7-b527-4793-adbf-515b494ed56e', 1, false);
    INSERT INTO public.items (id, itemtypeid, meta, created, createdby, createdreason, containerid, quantity, ispackaged) VALUES ('6ee4a71c-813a-40f5-b34a-91467554c591', '9bb00839-95f2-4d7c-a7c9-eef60e05fa97', '{"hp": 10, "rack": "a", "range": 3592, "volume": 6, "falloff": "linear", "cooldown": 8.5, "tracking": 97.3, "hull_damage": 315, "armor_damage": 230, "can_mine_gas": false, "can_mine_ice": false, "can_mine_ore": false, "needs_target": true, "shield_damage": 155, "activation_heat": 11.4, "ammunition_name": "Light Gauss Shell", "ammunition_type": "33f86ee2-4c16-400e-82ad-38796bea0017", "industrialmarket": {"maxprice": 4142, "minprice": 2051, "silosize": 1000}, "activation_energy": 3.2, "ore_mining_volume": 0, "activation_gfx_effect": "basic_gauss_rifle"}', '2022-09-10 18:51:25.859842-04', 'e22ab6aa-bf75-43aa-ad99-d7d170acf3d5', 'Module for new noob ship for player', '64c59ae7-b527-4793-adbf-515b494ed56e', 1, false);
    INSERT INTO public.items (id, itemtypeid, meta, created, createdby, createdreason, containerid, quantity, ispackaged) VALUES ('ba3c61db-f5e5-4730-810f-daf25579b811', '6a65c92d-3277-4496-a494-7092f0054bdb', '{"hp": 5, "rack": "a", "volume": 8, "cooldown": 33.2, "activation_heat": 13.2, "industrialmarket": {"maxprice": 8025, "minprice": 4129, "silosize": 1000}, "activation_energy": 115}', '2022-09-10 18:51:25.862232-04', 'e22ab6aa-bf75-43aa-ad99-d7d170acf3d5', 'Module for new noob ship for player', '64c59ae7-b527-4793-adbf-515b494ed56e', 1, false);
    INSERT INTO public.items (id, itemtypeid, meta, created, createdby, createdreason, containerid, quantity, ispackaged) VALUES ('40d9d43f-b4a9-4243-87a1-6b835590f99f', '5c40d8ec-a269-4ae5-912f-1678b6c202a5', '{"hp": 3, "rack": "b", "range": 7250, "volume": 5, "falloff": "reverse_linear", "cooldown": 37.5, "tracking": 325, "signal_flux": 10, "signal_gain": 25, "needs_target": true, "activation_heat": 6.5, "industrialmarket": {"maxprice": 8212, "minprice": 6798, "silosize": 500}, "activation_energy": 17}', '2022-09-10 18:51:25.864307-04', 'e22ab6aa-bf75-43aa-ad99-d7d170acf3d5', 'Module for new noob ship for player', '64c59ae7-b527-4793-adbf-515b494ed56e', 1, false);
    INSERT INTO public.items (id, itemtypeid, meta, created, createdby, createdreason, containerid, quantity, ispackaged) VALUES ('89f0fdd2-b676-460c-98e2-52110ea87432', '5c40d8ec-a269-4ae5-912f-1678b6c202a5', '{"hp": 3, "rack": "b", "range": 7250, "volume": 5, "falloff": "reverse_linear", "cooldown": 37.5, "tracking": 325, "signal_flux": 10, "signal_gain": 25, "needs_target": true, "activation_heat": 6.5, "industrialmarket": {"maxprice": 8212, "minprice": 6798, "silosize": 500}, "activation_energy": 17}', '2022-09-10 18:51:25.866156-04', 'e22ab6aa-bf75-43aa-ad99-d7d170acf3d5', 'Module for new noob ship for player', '64c59ae7-b527-4793-adbf-515b494ed56e', 1, false);
    INSERT INTO public.items (id, itemtypeid, meta, created, createdby, createdreason, containerid, quantity, ispackaged) VALUES ('1c66df5f-d972-41e8-8697-5ff023e1cbc2', '993bc7c8-fb2a-423f-8000-39c7fb6be743', '{"hp": 8, "rack": "c", "volume": 6, "energy_max_add": 62, "industrialmarket": {"maxprice": 1237, "minprice": 904, "silosize": 1000}}', '2022-09-10 18:51:25.868301-04', 'e22ab6aa-bf75-43aa-ad99-d7d170acf3d5', 'Module for new noob ship for player', '64c59ae7-b527-4793-adbf-515b494ed56e', 1, false);
    INSERT INTO public.items (id, itemtypeid, meta, created, createdby, createdreason, containerid, quantity, ispackaged) VALUES ('199d83fd-005a-40d1-82c3-3a8b679d4305', '993bc7c8-fb2a-423f-8000-39c7fb6be743', '{"hp": 8, "rack": "c", "volume": 6, "energy_max_add": 62, "industrialmarket": {"maxprice": 1237, "minprice": 904, "silosize": 1000}}', '2022-09-10 18:51:25.87038-04', 'e22ab6aa-bf75-43aa-ad99-d7d170acf3d5', 'Module for new noob ship for player', '64c59ae7-b527-4793-adbf-515b494ed56e', 1, false);
    INSERT INTO public.items (id, itemtypeid, meta, created, createdby, createdreason, containerid, quantity, ispackaged) VALUES ('148c11cb-9761-468e-8c60-b981b8229556', '9bb00839-95f2-4d7c-a7c9-eef60e05fa97', '{"hp": 10, "rack": "a", "range": 3592, "volume": 6, "falloff": "linear", "cooldown": 8.5, "tracking": 97.3, "hull_damage": 315, "armor_damage": 230, "can_mine_gas": false, "can_mine_ice": false, "can_mine_ore": false, "needs_target": true, "shield_damage": 155, "activation_heat": 11.4, "ammunition_name": "Light Gauss Shell", "ammunition_type": "33f86ee2-4c16-400e-82ad-38796bea0017", "industrialmarket": {"maxprice": 4142, "minprice": 2051, "silosize": 1000}, "activation_energy": 3.2, "ore_mining_volume": 0, "activation_gfx_effect": "basic_gauss_rifle"}', '2022-09-10 18:51:25.887613-04', '0a48553a-f3e3-40ba-ad39-243f0f6759da', 'Module for new noob ship for player', '20528f8d-485d-4c6f-bc1e-459935bb3b3c', 1, false);
    INSERT INTO public.items (id, itemtypeid, meta, created, createdby, createdreason, containerid, quantity, ispackaged) VALUES ('a38230a3-e9c3-410e-bf22-36b3458aacfa', '9bb00839-95f2-4d7c-a7c9-eef60e05fa97', '{"hp": 10, "rack": "a", "range": 3592, "volume": 6, "falloff": "linear", "cooldown": 8.5, "tracking": 97.3, "hull_damage": 315, "armor_damage": 230, "can_mine_gas": false, "can_mine_ice": false, "can_mine_ore": false, "needs_target": true, "shield_damage": 155, "activation_heat": 11.4, "ammunition_name": "Light Gauss Shell", "ammunition_type": "33f86ee2-4c16-400e-82ad-38796bea0017", "industrialmarket": {"maxprice": 4142, "minprice": 2051, "silosize": 1000}, "activation_energy": 3.2, "ore_mining_volume": 0, "activation_gfx_effect": "basic_gauss_rifle"}', '2022-09-10 18:51:25.889625-04', '0a48553a-f3e3-40ba-ad39-243f0f6759da', 'Module for new noob ship for player', '20528f8d-485d-4c6f-bc1e-459935bb3b3c', 1, false);
    INSERT INTO public.items (id, itemtypeid, meta, created, createdby, createdreason, containerid, quantity, ispackaged) VALUES ('f5219c02-80eb-4569-953f-010fe56d5415', '6a65c92d-3277-4496-a494-7092f0054bdb', '{"hp": 5, "rack": "a", "volume": 8, "cooldown": 33.2, "activation_heat": 13.2, "industrialmarket": {"maxprice": 8025, "minprice": 4129, "silosize": 1000}, "activation_energy": 115}', '2022-09-10 18:51:25.891501-04', '0a48553a-f3e3-40ba-ad39-243f0f6759da', 'Module for new noob ship for player', '20528f8d-485d-4c6f-bc1e-459935bb3b3c', 1, false);
    INSERT INTO public.items (id, itemtypeid, meta, created, createdby, createdreason, containerid, quantity, ispackaged) VALUES ('9f2cdc19-8f52-4196-8e04-fefc3fdd5d8b', '5c40d8ec-a269-4ae5-912f-1678b6c202a5', '{"hp": 3, "rack": "b", "range": 7250, "volume": 5, "falloff": "reverse_linear", "cooldown": 37.5, "tracking": 325, "signal_flux": 10, "signal_gain": 25, "needs_target": true, "activation_heat": 6.5, "industrialmarket": {"maxprice": 8212, "minprice": 6798, "silosize": 500}, "activation_energy": 17}', '2022-09-10 18:51:25.893551-04', '0a48553a-f3e3-40ba-ad39-243f0f6759da', 'Module for new noob ship for player', '20528f8d-485d-4c6f-bc1e-459935bb3b3c', 1, false);
    INSERT INTO public.items (id, itemtypeid, meta, created, createdby, createdreason, containerid, quantity, ispackaged) VALUES ('416b1b40-09a3-4326-a70e-5add940af6a0', '5c40d8ec-a269-4ae5-912f-1678b6c202a5', '{"hp": 3, "rack": "b", "range": 7250, "volume": 5, "falloff": "reverse_linear", "cooldown": 37.5, "tracking": 325, "signal_flux": 10, "signal_gain": 25, "needs_target": true, "activation_heat": 6.5, "industrialmarket": {"maxprice": 8212, "minprice": 6798, "silosize": 500}, "activation_energy": 17}', '2022-09-10 18:51:25.895784-04', '0a48553a-f3e3-40ba-ad39-243f0f6759da', 'Module for new noob ship for player', '20528f8d-485d-4c6f-bc1e-459935bb3b3c', 1, false);
    INSERT INTO public.items (id, itemtypeid, meta, created, createdby, createdreason, containerid, quantity, ispackaged) VALUES ('2ec433ac-9249-4278-b5d8-c159e1ed4b1c', '993bc7c8-fb2a-423f-8000-39c7fb6be743', '{"hp": 8, "rack": "c", "volume": 6, "energy_max_add": 62, "industrialmarket": {"maxprice": 1237, "minprice": 904, "silosize": 1000}}', '2022-09-10 18:51:25.897724-04', '0a48553a-f3e3-40ba-ad39-243f0f6759da', 'Module for new noob ship for player', '20528f8d-485d-4c6f-bc1e-459935bb3b3c', 1, false);
    INSERT INTO public.items (id, itemtypeid, meta, created, createdby, createdreason, containerid, quantity, ispackaged) VALUES ('e4d2e483-3fae-43ae-84dd-2226b5bd3290', '993bc7c8-fb2a-423f-8000-39c7fb6be743', '{"hp": 8, "rack": "c", "volume": 6, "energy_max_add": 62, "industrialmarket": {"maxprice": 1237, "minprice": 904, "silosize": 1000}}', '2022-09-10 18:51:25.899505-04', '0a48553a-f3e3-40ba-ad39-243f0f6759da', 'Module for new noob ship for player', '20528f8d-485d-4c6f-bc1e-459935bb3b3c', 1, false);
    INSERT INTO public.items (id, itemtypeid, meta, created, createdby, createdreason, containerid, quantity, ispackaged) VALUES ('1f5ebb7f-3079-4ba1-9251-017cb4dcee5c', '9bb00839-95f2-4d7c-a7c9-eef60e05fa97', '{"hp": 10, "rack": "a", "range": 3592, "volume": 6, "falloff": "linear", "cooldown": 8.5, "tracking": 97.3, "hull_damage": 315, "armor_damage": 230, "can_mine_gas": false, "can_mine_ice": false, "can_mine_ore": false, "needs_target": true, "shield_damage": 155, "activation_heat": 11.4, "ammunition_name": "Light Gauss Shell", "ammunition_type": "33f86ee2-4c16-400e-82ad-38796bea0017", "industrialmarket": {"maxprice": 4142, "minprice": 2051, "silosize": 1000}, "activation_energy": 3.2, "ore_mining_volume": 0, "activation_gfx_effect": "basic_gauss_rifle"}', '2022-09-10 18:51:25.9162-04', '8fa0cf5b-8b07-4e89-87eb-12395ddfaeed', 'Module for new noob ship for player', '50836946-9a90-43b4-bb2a-56e8a4ae1e28', 1, false);
    INSERT INTO public.items (id, itemtypeid, meta, created, createdby, createdreason, containerid, quantity, ispackaged) VALUES ('d86e580a-fb5c-484b-8281-41c55d5ec14a', '9bb00839-95f2-4d7c-a7c9-eef60e05fa97', '{"hp": 10, "rack": "a", "range": 3592, "volume": 6, "falloff": "linear", "cooldown": 8.5, "tracking": 97.3, "hull_damage": 315, "armor_damage": 230, "can_mine_gas": false, "can_mine_ice": false, "can_mine_ore": false, "needs_target": true, "shield_damage": 155, "activation_heat": 11.4, "ammunition_name": "Light Gauss Shell", "ammunition_type": "33f86ee2-4c16-400e-82ad-38796bea0017", "industrialmarket": {"maxprice": 4142, "minprice": 2051, "silosize": 1000}, "activation_energy": 3.2, "ore_mining_volume": 0, "activation_gfx_effect": "basic_gauss_rifle"}', '2022-09-10 18:51:25.91829-04', '8fa0cf5b-8b07-4e89-87eb-12395ddfaeed', 'Module for new noob ship for player', '50836946-9a90-43b4-bb2a-56e8a4ae1e28', 1, false);
    INSERT INTO public.items (id, itemtypeid, meta, created, createdby, createdreason, containerid, quantity, ispackaged) VALUES ('8531ec3e-7851-4e21-8c1a-996faeb0c868', '6a65c92d-3277-4496-a494-7092f0054bdb', '{"hp": 5, "rack": "a", "volume": 8, "cooldown": 33.2, "activation_heat": 13.2, "industrialmarket": {"maxprice": 8025, "minprice": 4129, "silosize": 1000}, "activation_energy": 115}', '2022-09-10 18:51:25.920387-04', '8fa0cf5b-8b07-4e89-87eb-12395ddfaeed', 'Module for new noob ship for player', '50836946-9a90-43b4-bb2a-56e8a4ae1e28', 1, false);
    INSERT INTO public.items (id, itemtypeid, meta, created, createdby, createdreason, containerid, quantity, ispackaged) VALUES ('7b9224b4-e415-4e17-b7a2-6d6f80f1c9bc', '5c40d8ec-a269-4ae5-912f-1678b6c202a5', '{"hp": 3, "rack": "b", "range": 7250, "volume": 5, "falloff": "reverse_linear", "cooldown": 37.5, "tracking": 325, "signal_flux": 10, "signal_gain": 25, "needs_target": true, "activation_heat": 6.5, "industrialmarket": {"maxprice": 8212, "minprice": 6798, "silosize": 500}, "activation_energy": 17}', '2022-09-10 18:51:25.924221-04', '8fa0cf5b-8b07-4e89-87eb-12395ddfaeed', 'Module for new noob ship for player', '50836946-9a90-43b4-bb2a-56e8a4ae1e28', 1, false);
    INSERT INTO public.items (id, itemtypeid, meta, created, createdby, createdreason, containerid, quantity, ispackaged) VALUES ('d58fe71f-344f-4f9a-a90c-4ba21f4a01b6', '5c40d8ec-a269-4ae5-912f-1678b6c202a5', '{"hp": 3, "rack": "b", "range": 7250, "volume": 5, "falloff": "reverse_linear", "cooldown": 37.5, "tracking": 325, "signal_flux": 10, "signal_gain": 25, "needs_target": true, "activation_heat": 6.5, "industrialmarket": {"maxprice": 8212, "minprice": 6798, "silosize": 500}, "activation_energy": 17}', '2022-09-10 18:51:25.926337-04', '8fa0cf5b-8b07-4e89-87eb-12395ddfaeed', 'Module for new noob ship for player', '50836946-9a90-43b4-bb2a-56e8a4ae1e28', 1, false);
    INSERT INTO public.items (id, itemtypeid, meta, created, createdby, createdreason, containerid, quantity, ispackaged) VALUES ('d1e4992d-fe14-4e86-80d1-17ed165a35e3', '993bc7c8-fb2a-423f-8000-39c7fb6be743', '{"hp": 8, "rack": "c", "volume": 6, "energy_max_add": 62, "industrialmarket": {"maxprice": 1237, "minprice": 904, "silosize": 1000}}', '2022-09-10 18:51:25.928371-04', '8fa0cf5b-8b07-4e89-87eb-12395ddfaeed', 'Module for new noob ship for player', '50836946-9a90-43b4-bb2a-56e8a4ae1e28', 1, false);
    INSERT INTO public.items (id, itemtypeid, meta, created, createdby, createdreason, containerid, quantity, ispackaged) VALUES ('6d23b675-f6b4-418f-9c78-16ccc43c2ea1', '993bc7c8-fb2a-423f-8000-39c7fb6be743', '{"hp": 8, "rack": "c", "volume": 6, "energy_max_add": 62, "industrialmarket": {"maxprice": 1237, "minprice": 904, "silosize": 1000}}', '2022-09-10 18:51:25.930304-04', '8fa0cf5b-8b07-4e89-87eb-12395ddfaeed', 'Module for new noob ship for player', '50836946-9a90-43b4-bb2a-56e8a4ae1e28', 1, false);
    INSERT INTO public.items (id, itemtypeid, meta, created, createdby, createdreason, containerid, quantity, ispackaged) VALUES ('c95c5a7c-593e-48f8-880d-22d66ff397ee', '9bb00839-95f2-4d7c-a7c9-eef60e05fa97', '{"hp": 10, "rack": "a", "range": 3592, "volume": 6, "falloff": "linear", "cooldown": 8.5, "tracking": 97.3, "hull_damage": 315, "armor_damage": 230, "can_mine_gas": false, "can_mine_ice": false, "can_mine_ore": false, "needs_target": true, "shield_damage": 155, "activation_heat": 11.4, "ammunition_name": "Light Gauss Shell", "ammunition_type": "33f86ee2-4c16-400e-82ad-38796bea0017", "industrialmarket": {"maxprice": 4142, "minprice": 2051, "silosize": 1000}, "activation_energy": 3.2, "ore_mining_volume": 0, "activation_gfx_effect": "basic_gauss_rifle"}', '2022-09-10 18:51:25.946769-04', 'd01b9767-5fcb-46cc-828c-2acc80dec599', 'Module for new noob ship for player', 'e821c8a5-c6b8-4783-9545-4f62c31a18d0', 1, false);
    INSERT INTO public.items (id, itemtypeid, meta, created, createdby, createdreason, containerid, quantity, ispackaged) VALUES ('57d3e5d9-5daf-4f9a-b9f0-7dad04553085', '9bb00839-95f2-4d7c-a7c9-eef60e05fa97', '{"hp": 10, "rack": "a", "range": 3592, "volume": 6, "falloff": "linear", "cooldown": 8.5, "tracking": 97.3, "hull_damage": 315, "armor_damage": 230, "can_mine_gas": false, "can_mine_ice": false, "can_mine_ore": false, "needs_target": true, "shield_damage": 155, "activation_heat": 11.4, "ammunition_name": "Light Gauss Shell", "ammunition_type": "33f86ee2-4c16-400e-82ad-38796bea0017", "industrialmarket": {"maxprice": 4142, "minprice": 2051, "silosize": 1000}, "activation_energy": 3.2, "ore_mining_volume": 0, "activation_gfx_effect": "basic_gauss_rifle"}', '2022-09-10 18:51:25.94861-04', 'd01b9767-5fcb-46cc-828c-2acc80dec599', 'Module for new noob ship for player', 'e821c8a5-c6b8-4783-9545-4f62c31a18d0', 1, false);
    INSERT INTO public.items (id, itemtypeid, meta, created, createdby, createdreason, containerid, quantity, ispackaged) VALUES ('95d24f6a-43d7-4be7-97ca-51407d392cc3', '6a65c92d-3277-4496-a494-7092f0054bdb', '{"hp": 5, "rack": "a", "volume": 8, "cooldown": 33.2, "activation_heat": 13.2, "industrialmarket": {"maxprice": 8025, "minprice": 4129, "silosize": 1000}, "activation_energy": 115}', '2022-09-10 18:51:25.950464-04', 'd01b9767-5fcb-46cc-828c-2acc80dec599', 'Module for new noob ship for player', 'e821c8a5-c6b8-4783-9545-4f62c31a18d0', 1, false);
    INSERT INTO public.items (id, itemtypeid, meta, created, createdby, createdreason, containerid, quantity, ispackaged) VALUES ('8480063f-97ed-45e6-b090-601fcdf13e10', '5c40d8ec-a269-4ae5-912f-1678b6c202a5', '{"hp": 3, "rack": "b", "range": 7250, "volume": 5, "falloff": "reverse_linear", "cooldown": 37.5, "tracking": 325, "signal_flux": 10, "signal_gain": 25, "needs_target": true, "activation_heat": 6.5, "industrialmarket": {"maxprice": 8212, "minprice": 6798, "silosize": 500}, "activation_energy": 17}', '2022-09-10 18:51:25.952647-04', 'd01b9767-5fcb-46cc-828c-2acc80dec599', 'Module for new noob ship for player', 'e821c8a5-c6b8-4783-9545-4f62c31a18d0', 1, false);
    INSERT INTO public.items (id, itemtypeid, meta, created, createdby, createdreason, containerid, quantity, ispackaged) VALUES ('af44cbd1-61c9-45d8-8940-3f9fa06a88fc', '5c40d8ec-a269-4ae5-912f-1678b6c202a5', '{"hp": 3, "rack": "b", "range": 7250, "volume": 5, "falloff": "reverse_linear", "cooldown": 37.5, "tracking": 325, "signal_flux": 10, "signal_gain": 25, "needs_target": true, "activation_heat": 6.5, "industrialmarket": {"maxprice": 8212, "minprice": 6798, "silosize": 500}, "activation_energy": 17}', '2022-09-10 18:51:25.954633-04', 'd01b9767-5fcb-46cc-828c-2acc80dec599', 'Module for new noob ship for player', 'e821c8a5-c6b8-4783-9545-4f62c31a18d0', 1, false);
    INSERT INTO public.items (id, itemtypeid, meta, created, createdby, createdreason, containerid, quantity, ispackaged) VALUES ('c92926a4-1f2e-4261-9aff-d741796552aa', '993bc7c8-fb2a-423f-8000-39c7fb6be743', '{"hp": 8, "rack": "c", "volume": 6, "energy_max_add": 62, "industrialmarket": {"maxprice": 1237, "minprice": 904, "silosize": 1000}}', '2022-09-10 18:51:25.956438-04', 'd01b9767-5fcb-46cc-828c-2acc80dec599', 'Module for new noob ship for player', 'e821c8a5-c6b8-4783-9545-4f62c31a18d0', 1, false);
    INSERT INTO public.items (id, itemtypeid, meta, created, createdby, createdreason, containerid, quantity, ispackaged) VALUES ('2e7a66aa-40a0-465c-a7c6-f2a2803a3dde', '993bc7c8-fb2a-423f-8000-39c7fb6be743', '{"hp": 8, "rack": "c", "volume": 6, "energy_max_add": 62, "industrialmarket": {"maxprice": 1237, "minprice": 904, "silosize": 1000}}', '2022-09-10 18:51:25.958296-04', 'd01b9767-5fcb-46cc-828c-2acc80dec599', 'Module for new noob ship for player', 'e821c8a5-c6b8-4783-9545-4f62c31a18d0', 1, false);
    INSERT INTO public.items (id, itemtypeid, meta, created, createdby, createdreason, containerid, quantity, ispackaged) VALUES ('c1c8989c-3e18-4cf7-b5ee-b6caaccab090', '9bb00839-95f2-4d7c-a7c9-eef60e05fa97', '{"hp": 10, "rack": "a", "range": 3592, "volume": 6, "falloff": "linear", "cooldown": 8.5, "tracking": 97.3, "hull_damage": 315, "armor_damage": 230, "can_mine_gas": false, "can_mine_ice": false, "can_mine_ore": false, "needs_target": true, "shield_damage": 155, "activation_heat": 11.4, "ammunition_name": "Light Gauss Shell", "ammunition_type": "33f86ee2-4c16-400e-82ad-38796bea0017", "industrialmarket": {"maxprice": 4142, "minprice": 2051, "silosize": 1000}, "activation_energy": 3.2, "ore_mining_volume": 0, "activation_gfx_effect": "basic_gauss_rifle"}', '2022-09-10 18:51:25.97691-04', '53e464b9-89ba-4967-8374-aba09b3eeead', 'Module for new noob ship for player', '15b70d9c-efeb-4004-89c4-89f4decc8764', 1, false);
    INSERT INTO public.items (id, itemtypeid, meta, created, createdby, createdreason, containerid, quantity, ispackaged) VALUES ('5a7c9c4b-7366-4c13-a770-c9d9f3a2a9fb', '9bb00839-95f2-4d7c-a7c9-eef60e05fa97', '{"hp": 10, "rack": "a", "range": 3592, "volume": 6, "falloff": "linear", "cooldown": 8.5, "tracking": 97.3, "hull_damage": 315, "armor_damage": 230, "can_mine_gas": false, "can_mine_ice": false, "can_mine_ore": false, "needs_target": true, "shield_damage": 155, "activation_heat": 11.4, "ammunition_name": "Light Gauss Shell", "ammunition_type": "33f86ee2-4c16-400e-82ad-38796bea0017", "industrialmarket": {"maxprice": 4142, "minprice": 2051, "silosize": 1000}, "activation_energy": 3.2, "ore_mining_volume": 0, "activation_gfx_effect": "basic_gauss_rifle"}', '2022-09-10 18:51:25.979119-04', '53e464b9-89ba-4967-8374-aba09b3eeead', 'Module for new noob ship for player', '15b70d9c-efeb-4004-89c4-89f4decc8764', 1, false);
    INSERT INTO public.items (id, itemtypeid, meta, created, createdby, createdreason, containerid, quantity, ispackaged) VALUES ('08f3c712-bac3-4d41-a3c2-6ef91221d1b8', '6a65c92d-3277-4496-a494-7092f0054bdb', '{"hp": 5, "rack": "a", "volume": 8, "cooldown": 33.2, "activation_heat": 13.2, "industrialmarket": {"maxprice": 8025, "minprice": 4129, "silosize": 1000}, "activation_energy": 115}', '2022-09-10 18:51:25.981029-04', '53e464b9-89ba-4967-8374-aba09b3eeead', 'Module for new noob ship for player', '15b70d9c-efeb-4004-89c4-89f4decc8764', 1, false);
    INSERT INTO public.items (id, itemtypeid, meta, created, createdby, createdreason, containerid, quantity, ispackaged) VALUES ('92ac3026-7372-4e65-b790-60e3208ac945', '5c40d8ec-a269-4ae5-912f-1678b6c202a5', '{"hp": 3, "rack": "b", "range": 7250, "volume": 5, "falloff": "reverse_linear", "cooldown": 37.5, "tracking": 325, "signal_flux": 10, "signal_gain": 25, "needs_target": true, "activation_heat": 6.5, "industrialmarket": {"maxprice": 8212, "minprice": 6798, "silosize": 500}, "activation_energy": 17}', '2022-09-10 18:51:25.982967-04', '53e464b9-89ba-4967-8374-aba09b3eeead', 'Module for new noob ship for player', '15b70d9c-efeb-4004-89c4-89f4decc8764', 1, false);
    INSERT INTO public.items (id, itemtypeid, meta, created, createdby, createdreason, containerid, quantity, ispackaged) VALUES ('39d01adf-222b-4834-b36c-3864ebd2690d', '5c40d8ec-a269-4ae5-912f-1678b6c202a5', '{"hp": 3, "rack": "b", "range": 7250, "volume": 5, "falloff": "reverse_linear", "cooldown": 37.5, "tracking": 325, "signal_flux": 10, "signal_gain": 25, "needs_target": true, "activation_heat": 6.5, "industrialmarket": {"maxprice": 8212, "minprice": 6798, "silosize": 500}, "activation_energy": 17}', '2022-09-10 18:51:25.984858-04', '53e464b9-89ba-4967-8374-aba09b3eeead', 'Module for new noob ship for player', '15b70d9c-efeb-4004-89c4-89f4decc8764', 1, false);
    INSERT INTO public.items (id, itemtypeid, meta, created, createdby, createdreason, containerid, quantity, ispackaged) VALUES ('4ac935b1-8eee-4d43-b184-c093a42ce1e8', '993bc7c8-fb2a-423f-8000-39c7fb6be743', '{"hp": 8, "rack": "c", "volume": 6, "energy_max_add": 62, "industrialmarket": {"maxprice": 1237, "minprice": 904, "silosize": 1000}}', '2022-09-10 18:51:25.986784-04', '53e464b9-89ba-4967-8374-aba09b3eeead', 'Module for new noob ship for player', '15b70d9c-efeb-4004-89c4-89f4decc8764', 1, false);
    INSERT INTO public.items (id, itemtypeid, meta, created, createdby, createdreason, containerid, quantity, ispackaged) VALUES ('bbc10246-79a7-453d-bc82-27be64be308f', '993bc7c8-fb2a-423f-8000-39c7fb6be743', '{"hp": 8, "rack": "c", "volume": 6, "energy_max_add": 62, "industrialmarket": {"maxprice": 1237, "minprice": 904, "silosize": 1000}}', '2022-09-10 18:51:25.98872-04', '53e464b9-89ba-4967-8374-aba09b3eeead', 'Module for new noob ship for player', '15b70d9c-efeb-4004-89c4-89f4decc8764', 1, false);

    -- fix current ship ids
    update users set current_shipid = '1d3ef44d-9838-480b-921f-1abe2bed210a' where id =	'4f7952b8-c70d-4eb3-affb-d46f672b1a1f';
    update users set current_shipid = '7d14cf5d-ccdb-421c-8b2e-ebb18bf3e3ac' where id =	'c3bd5e14-063c-48d4-89a4-ca79a8b99621';
    update users set current_shipid = '09c6eb8c-d839-4cc4-984d-2a50c009749b' where id =	'071429d7-8f89-497e-b27b-54f24583f602';
    update users set current_shipid = '9d1df4a6-f48d-4436-9a98-17f3b08729b5' where id =	'53e464b9-89ba-4967-8374-aba09b3eeead';
    update users set current_shipid = 'db3eb303-965b-45b5-b897-f0d8dc2fd96b' where id =	'e22ab6aa-bf75-43aa-ad99-d7d170acf3d5';
    update users set current_shipid = 'b0ac8b07-a3c7-407a-a3e4-bcaec86ca17f' where id =	'0a48553a-f3e3-40ba-ad39-243f0f6759da';
    update users set current_shipid = '627a5065-6236-4263-855f-13136cb4e392' where id =	'8fa0cf5b-8b07-4e89-87eb-12395ddfaeed';
    update users set current_shipid = '2f7e45cc-97d9-4d60-b5e2-8208eedeb2ba' where id =	'd01b9767-5fcb-46cc-828c-2acc80dec599';
