-- core item types
INSERT INTO public.itemtypes (id, family, name, meta) VALUES ('242b4af2-1384-4976-a8c2-3b0561398341', 'eng_oc', 'Medium Engine Overcharger', '{"hp": 26, "rack": "b", "volume": 50, "cooldown": 14.9, "needs_target": false, "activation_heat": 1142, "industrialmarket": {"maxprice": 13906, "minprice": 8456, "silosize": 1000}, "activation_energy": 365}');
INSERT INTO public.itemtypes (id, family, name, meta) VALUES ('caa1322a-0c9e-4d8a-9a3b-00dc2e41cc76', 'active_sink', 'Medium Active Radiator', '{"hp": 60, "rack": "b", "volume": 70, "cooldown": 58.1, "needs_target": false, "activation_heat": 988, "industrialmarket": {"maxprice": 1566, "minprice": 8610, "silosize": 1000}, "activation_energy": 754}');
INSERT INTO public.itemtypes (id, family, name, meta) VALUES ('dd5c00b9-be4f-4802-8a34-1da41118b3e0', 'gun_turret', 'Medium Ice Miner', '{"hp": 47, "rack": "a", "range": 3319, "volume": 55, "falloff": "reverse_linear", "cooldown": 15.3, "tracking": 0.75, "hull_damage": 103, "armor_damage": 39, "can_mine_gas": false, "can_mine_ice": true, "can_mine_ore": false, "needs_target": true, "shield_damage": 32, "activation_heat": 399, "industrialmarket": {"maxprice": 9971, "minprice": 4560, "silosize": 1000}, "activation_energy": 61, "ice_mining_volume": 27, "activation_gfx_effect": "medium_ice_miner"}');
INSERT INTO public.itemtypes (id, family, name, meta) VALUES ('beee1d44-6818-48a0-b7c2-7bd123f989d5', 'gun_turret', 'Medium Laser Tool', '{"hp": 46, "rack": "a", "range": 6590, "volume": 58, "falloff": "linear", "cooldown": 22.5, "tracking": 1.3, "hull_damage": 840, "armor_damage": 450, "can_mine_gas": false, "can_mine_ice": false, "can_mine_ore": true, "needs_target": true, "shield_damage": 985, "activation_heat": 311, "industrialmarket": {"maxprice": 11900, "minprice": 5099, "silosize": 1000}, "activation_energy": 97, "ore_mining_volume": 55, "activation_gfx_effect": "medium_laser_tool"}');
INSERT INTO public.itemtypes (id, family, name, meta) VALUES ('69d2ff19-70eb-4919-9579-2aa0f1ee2bc2', 'utility_miner', 'Medium Ore Harvester', '{"hp": 33, "rack": "a", "range": 2340, "volume": 78, "falloff": "reverse_linear", "cooldown": 25, "tracking": 0.42, "can_mine_gas": false, "can_mine_ice": false, "can_mine_ore": true, "needs_target": true, "activation_heat": 1950, "industrialmarket": {"maxprice": 27890, "minprice": 17302, "silosize": 1000}, "activation_energy": 657, "ore_mining_volume": 133, "activation_gfx_effect": "medium_ore_harvester"}');
INSERT INTO public.itemtypes (id, family, name, meta) VALUES ('9777cd84-0f16-4b65-8ab3-e139a44b8fbc', 'heat_sink', 'Medium Heat Sink', '{"hp": 144, "rack": "c", "volume": 50, "heat_sink_add": 50, "industrialmarket": {"maxprice": 3567, "minprice": 1850, "silosize": 1000}}');
INSERT INTO public.itemtypes (id, family, name, meta) VALUES ('a033c394-10ae-4a50-8eec-7ee7ea43b321', 'battery_pack', 'Medium Battery Pack', '{"hp": 29, "rack": "c", "volume": 60, "energy_max_add": 508, "industrialmarket": {"maxprice": 9269, "minprice": 4417, "silosize": 1000}}');
INSERT INTO public.itemtypes (id, family, name, meta) VALUES ('08814dee-d4d9-42df-a889-55dc8c75b303', 'aux_generator', 'Medium APU', '{"hp": 33, "rack": "c", "volume": 68, "industrialmarket": {"maxprice": 20450, "minprice": 15606, "silosize": 1000}, "energy_regen_max_add": 40}');
INSERT INTO public.itemtypes (id, family, name, meta) VALUES ('fe071049-81a6-4d51-8660-e0a3c32b3853', 'utility_veil', 'Medium Hardening Veil', '{"hp": 20, "rack": "a", "volume": 80, "cooldown": 125.4, "activation_heat": 214.3, "industrialmarket": {"maxprice": 34503, "minprice": 16849, "silosize": 1000}, "activation_energy": 1825}');
INSERT INTO public.itemtypes (id, family, name, meta) VALUES ('4e407b59-74bb-42a0-85a5-9a6685574e7b', 'gun_turret', 'Medium Anti-Hull Laser', '{"hp": 40, "rack": "a", "range": 6577, "volume": 49, "falloff": "linear", "cooldown": 14.6, "tracking": 64.5, "hull_damage": 2010, "armor_damage": 1545, "needs_target": true, "shield_damage": 9.6, "activation_heat": 712.4, "industrialmarket": {"maxprice": 13450, "minprice": 8491, "silosize": 1000}, "activation_energy": 375, "activation_gfx_effect": "medium_hull_laser"}');
INSERT INTO public.itemtypes (id, family, name, meta) VALUES ('fab39b1f-bab3-4cd2-9b80-e7e48f35fe9d', 'armor_plate', 'Medium Armor Plate', '{"hp": 315, "rack": "c", "volume": 60, "armor_max_add": 1610, "industrialmarket": {"maxprice": 6522, "minprice": 2245, "silosize": 1000}}');
INSERT INTO public.itemtypes (id, family, name, meta) VALUES ('79c53950-624f-437b-b277-5007bf843a7a', 'fuel_tank', 'Medium Fuel Tank', '{"hp": 60, "rack": "c", "volume": 45, "fuel_max_add": 1776, "industrialmarket": {"maxprice": 1450, "minprice": 629, "silosize": 1000}}');
INSERT INTO public.itemtypes (id, family, name, meta) VALUES ('94564bab-844a-4393-8f2a-3dd7fcf65df0', 'gun_turret', 'Medium Combat Laser', '{"hp": 52, "rack": "a", "range": 5460, "volume": 55, "falloff": "linear", "cooldown": 15.2, "tracking": 44.8, "hull_damage": 1277, "armor_damage": 1210, "needs_target": true, "shield_damage": 1368, "activation_heat": 675, "industrialmarket": {"maxprice": 12708, "minprice": 8094, "silosize": 1000}, "activation_energy": 360, "activation_gfx_effect": "medium_general_laser"}');
INSERT INTO public.itemtypes (id, family, name, meta) VALUES ('dd980070-1f58-4e2e-a997-5aed73a38c80', 'therm_cap', 'Medium Thermal Capacitor', '{"hp": 95, "rack": "c", "volume": 40, "heat_cap_max_add": 925, "industrialmarket": {"maxprice": 7745, "minprice": 4412, "silosize": 1000}}');
INSERT INTO public.itemtypes (id, family, name, meta) VALUES ('6789f483-7a7c-49a1-a5a1-4509ecdeea5d', 'drag_amp', 'Medium Aether Dragger', '{"hp": 23, "rack": "b", "range": 5487, "volume": 65, "falloff": "linear", "cooldown": 43.7, "needs_target": true, "activation_heat": 1399, "drag_multiplier": 60.5, "industrialmarket": {"maxprice": 31655, "minprice": 22498, "silosize": 500}, "activation_energy": 1526, "activation_gfx_effect": "medium_aether_dragger"}');
INSERT INTO public.itemtypes (id, family, name, meta) VALUES ('9e59a1e2-a680-4ad4-9881-97ce9f8d7464', 'utility_cloak', 'Medium Cloaking Device', '{"hp": 27, "rack": "a", "volume": 85, "cooldown": 92.4, "activation_heat": 110, "industrialmarket": {"maxprice": 104596, "minprice": 51093, "silosize": 1000}, "activation_energy": 1179}');
INSERT INTO public.itemtypes (id, family, name, meta) VALUES ('1c23cca8-3079-4247-90cf-34b9196c2428', 'utility_miner', 'Medium Ice Harvester', '{"hp": 34, "rack": "a", "range": 2492, "volume": 76, "falloff": "reverse_linear", "cooldown": 23.1, "tracking": 0.37, "can_mine_gas": false, "can_mine_ice": true, "can_mine_ore": false, "needs_target": true, "activation_heat": 1000, "industrialmarket": {"maxprice": 17800, "minprice": 11345, "silosize": 1000}, "activation_energy": 502, "ice_mining_volume": 113, "activation_gfx_effect": "medium_ice_harvester"}');
INSERT INTO public.itemtypes (id, family, name, meta) VALUES ('434d961e-09a3-4ba7-90d5-aa702c4e5fdf', 'shield_booster', 'Medium Shield Booster', '{"hp": 21, "rack": "b", "volume": 63, "cooldown": 27.8, "needs_target": false, "activation_heat": 1134, "industrialmarket": {"maxprice": 5680, "minprice": 1755, "silosize": 1000}, "activation_energy": 225, "shield_boost_amount": 400, "activation_gfx_effect": "medium_shield_booster"}');
INSERT INTO public.itemtypes (id, family, name, meta) VALUES ('06afcde3-3c8a-4d9f-9e31-7e4a6c75bbd8', 'utility_siphon', 'Medium Energy Siphon', '{"hp": 42, "rack": "a", "range": 2799, "volume": 77, "falloff": "linear", "cooldown": 38.5, "tracking": 55, "needs_target": true, "activation_heat": 360, "industrialmarket": {"maxprice": 34677, "minprice": 23904, "silosize": 1000}, "activation_energy": 98, "energy_siphon_amount": 1785, "activation_gfx_effect": "medium_energy_siphon"}');
INSERT INTO public.itemtypes (id, family, name, meta) VALUES ('bbe920ec-2796-4cd3-9a94-1ece8aff5d9b', 'gun_turret', 'Medium Anti-Shield Laser', '{"hp": 44, "rack": "a", "range": 6788, "volume": 45, "falloff": "linear", "cooldown": 16.3, "tracking": 71.4, "hull_damage": 27.5, "armor_damage": 14.2, "needs_target": true, "shield_damage": 4633, "activation_heat": 712.3, "industrialmarket": {"maxprice": 15607, "minprice": 9062, "silosize": 1000}, "activation_energy": 375.4, "activation_gfx_effect": "medium_shield_laser"}');

-- core item type processes
INSERT INTO public.processes (id, name, meta, "time") VALUES ('1cbbb08f-9e72-425a-8f9f-167fed540a5b', 'Make Medium Engine Overcharger', '{}', 241);
INSERT INTO public.processes (id, name, meta, "time") VALUES ('ed814fa9-cdf6-48a3-ad75-70bd89e78fc2', 'Medium Engine Overcharger Sink [wm]', '{}', 160);
INSERT INTO public.processes (id, name, meta, "time") VALUES ('7f4a7bf5-34c7-4251-940c-4f5b442ab52c', 'Medium Engine Overcharger Schematic Faucet [wm]', '{}', 1320);
INSERT INTO public.processes (id, name, meta, "time") VALUES ('8259e98c-622c-43c1-8458-155e16e61030', 'Medium Engine Overcharger Schematic Sink [wm]', '{}', 653);
INSERT INTO public.processes (id, name, meta, "time") VALUES ('01a16d2c-7e50-43fc-be07-6ef5eadfef8f', 'Make Medium Active Radiator', '{}', 2139);
INSERT INTO public.processes (id, name, meta, "time") VALUES ('be9eff1c-4cb8-4ea7-9344-fd1593d046d4', 'Medium Active Radiator Sink [wm]', '{}', 2295);
INSERT INTO public.processes (id, name, meta, "time") VALUES ('363683e5-c0f8-49a3-88d6-c7ea4dbd32e4', 'Medium Active Radiator Schematic Faucet [wm]', '{}', 11648);
INSERT INTO public.processes (id, name, meta, "time") VALUES ('f1a06f27-2459-4f03-91d8-f61278d5a6e9', 'Medium Active Radiator Schematic Sink [wm]', '{}', 16700);
INSERT INTO public.processes (id, name, meta, "time") VALUES ('a65feef1-4ffd-4995-959d-5d9ef5426a1e', 'Make Medium Ice Miner', '{}', 2691);
INSERT INTO public.processes (id, name, meta, "time") VALUES ('2769979f-877d-43bc-963d-2e280c6a4917', 'Medium Ice Miner Sink [wm]', '{}', 2347);
INSERT INTO public.processes (id, name, meta, "time") VALUES ('223ad903-01b6-411a-9f25-cca170b94a9e', 'Medium Ice Miner Schematic Faucet [wm]', '{}', 16778);
INSERT INTO public.processes (id, name, meta, "time") VALUES ('85df8cde-2183-416b-9620-ae90e799c916', 'Medium Ice Miner Schematic Sink [wm]', '{}', 20713);
INSERT INTO public.processes (id, name, meta, "time") VALUES ('cd76c6c2-bdc9-4a7e-a607-288a023bb07b', 'Make Medium Laser Tool', '{}', 8525);
INSERT INTO public.processes (id, name, meta, "time") VALUES ('83d21d48-338f-48d5-8bbc-fdecf6fa11db', 'Medium Laser Tool Sink [wm]', '{}', 17019);
INSERT INTO public.processes (id, name, meta, "time") VALUES ('9cb36cc0-828c-4ae8-81e5-6ead1f59a111', 'Medium Laser Tool Schematic Faucet [wm]', '{}', 52094);
INSERT INTO public.processes (id, name, meta, "time") VALUES ('26f72c95-c252-41fe-848c-2a76ad798303', 'Medium Laser Tool Schematic Sink [wm]', '{}', 49710);
INSERT INTO public.processes (id, name, meta, "time") VALUES ('97eabd89-9314-4343-98dc-c582f454e506', 'Make Medium Ore Harvester', '{}', 8892);
INSERT INTO public.processes (id, name, meta, "time") VALUES ('e659fcfd-bebe-4ee0-89b5-7da2e6334cde', 'Medium Ore Harvester Sink [wm]', '{}', 17617);
INSERT INTO public.processes (id, name, meta, "time") VALUES ('5f4a6f7c-a8b3-4d01-aaba-79c78b6be5ef', 'Medium Ore Harvester Schematic Faucet [wm]', '{}', 38232);
INSERT INTO public.processes (id, name, meta, "time") VALUES ('c7894435-c2d8-4dfe-b910-300d63658d4f', 'Medium Ore Harvester Schematic Sink [wm]', '{}', 47687);
INSERT INTO public.processes (id, name, meta, "time") VALUES ('c4de97bb-7da2-4107-8a0e-8dffb8e426fc', 'Make Medium Battery Pack', '{}', 573);
INSERT INTO public.processes (id, name, meta, "time") VALUES ('2d078c5c-9d91-4afd-a6c8-bbbea4e70271', 'Medium Battery Pack Sink [wm]', '{}', 580);
INSERT INTO public.processes (id, name, meta, "time") VALUES ('0c0d1307-6d1d-4701-ae9c-e9a0e13eba7a', 'Medium Battery Pack Schematic Faucet [wm]', '{}', 3445);
INSERT INTO public.processes (id, name, meta, "time") VALUES ('400342cb-6912-4d94-ae55-432e49fc51a2', 'Medium Battery Pack Schematic Sink [wm]', '{}', 2580);
INSERT INTO public.processes (id, name, meta, "time") VALUES ('4dcbe201-05cb-415f-b2dc-fb4d56c94eb6', 'Make Medium APU', '{}', 1095);
INSERT INTO public.processes (id, name, meta, "time") VALUES ('c03c5209-1358-4984-934f-ce7b145d224a', 'Medium APU Sink [wm]', '{}', 1933);
INSERT INTO public.processes (id, name, meta, "time") VALUES ('497902a9-2526-47c8-a0a7-9efcb86ef895', 'Medium APU Schematic Faucet [wm]', '{}', 6128);
INSERT INTO public.processes (id, name, meta, "time") VALUES ('b6e52d5a-f0fa-4605-a6c8-b49369483e8c', 'Medium APU Schematic Sink [wm]', '{}', 5667);
INSERT INTO public.processes (id, name, meta, "time") VALUES ('87a0c2a6-644f-40d2-93b2-250c2467569f', 'Make Medium Hardening Veil', '{}', 268);
INSERT INTO public.processes (id, name, meta, "time") VALUES ('cb902d59-d26c-48fe-b129-059d38ff7503', 'Medium Hardening Veil Sink [wm]', '{}', 295);
INSERT INTO public.processes (id, name, meta, "time") VALUES ('7d92e77b-cc54-445d-adbe-e139d32b15ab', 'Medium Hardening Veil Schematic Faucet [wm]', '{}', 778);
INSERT INTO public.processes (id, name, meta, "time") VALUES ('2f3de664-9d70-45e4-ac7e-8106f3756302', 'Medium Hardening Veil Schematic Sink [wm]', '{}', 1581);
INSERT INTO public.processes (id, name, meta, "time") VALUES ('9b55fef8-9fd2-4488-b38b-9e1f7fcef8c3', 'Make Medium Anti-Hull Laser', '{}', 990);
INSERT INTO public.processes (id, name, meta, "time") VALUES ('f847f93a-37e6-4482-8020-043a05bababa', 'Medium Anti-Hull Laser Sink [wm]', '{}', 612);
INSERT INTO public.processes (id, name, meta, "time") VALUES ('c635b6d0-9c8b-472b-a324-e68eec47a4fc', 'Medium Anti-Hull Laser Schematic Faucet [wm]', '{}', 7440);
INSERT INTO public.processes (id, name, meta, "time") VALUES ('5f810c7a-e713-4273-a878-a8fafe776e1e', 'Medium Anti-Hull Laser Schematic Sink [wm]', '{}', 4705);
INSERT INTO public.processes (id, name, meta, "time") VALUES ('003f4e35-9bfd-444b-a231-e7019a9d1142', 'Make Medium Armor Plate', '{}', 3112);
INSERT INTO public.processes (id, name, meta, "time") VALUES ('4a2f2424-9534-485f-9fe2-8f7c17ba65d3', 'Medium Armor Plate Sink [wm]', '{}', 5615);
INSERT INTO public.processes (id, name, meta, "time") VALUES ('0a7de002-536d-469e-8161-7e14852bc589', 'Medium Armor Plate Schematic Faucet [wm]', '{}', 16511);
INSERT INTO public.processes (id, name, meta, "time") VALUES ('d71e8338-8cac-441c-967c-2222287db2bb', 'Medium Armor Plate Schematic Sink [wm]', '{}', 8899);
INSERT INTO public.processes (id, name, meta, "time") VALUES ('d3d35cdc-8532-4d87-999c-22d1721c29fe', 'Make Medium Combat Laser', '{}', 1321);
INSERT INTO public.processes (id, name, meta, "time") VALUES ('c847c0b5-27b0-4af1-badf-4c5dc0be7878', 'Medium Combat Laser Sink [wm]', '{}', 2641);
INSERT INTO public.processes (id, name, meta, "time") VALUES ('a5150db6-8b82-41e5-b732-73301f4a2214', 'Medium Combat Laser Schematic Faucet [wm]', '{}', 4016);
INSERT INTO public.processes (id, name, meta, "time") VALUES ('2aa1f420-3491-4858-894a-586d517bd4a0', 'Medium Combat Laser Schematic Sink [wm]', '{}', 6686);
INSERT INTO public.processes (id, name, meta, "time") VALUES ('575f5976-640e-4c6f-b055-1709e9147dc9', 'Make Medium Shield Booster', '{}', 7065);
INSERT INTO public.processes (id, name, meta, "time") VALUES ('df1ccee7-f28f-4398-92b7-189250ebcb9b', 'Medium Shield Booster Sink [wm]', '{}', 6824);
INSERT INTO public.processes (id, name, meta, "time") VALUES ('9927d230-a896-4113-9dfe-2dd08c50b0b0', 'Medium Shield Booster Schematic Faucet [wm]', '{}', 33909);
INSERT INTO public.processes (id, name, meta, "time") VALUES ('cf5235c8-cbf9-4999-9e01-17b84b7e1ecd', 'Medium Shield Booster Schematic Sink [wm]', '{}', 27118);
INSERT INTO public.processes (id, name, meta, "time") VALUES ('73cce59b-96fd-4006-b332-4da6ce45f5f1', 'Make Medium Heat Sink', '{}', 2011);
INSERT INTO public.processes (id, name, meta, "time") VALUES ('b937d6de-37e4-4936-8c44-9498a085a63a', 'Medium Heat Sink Sink [wm]', '{}', 2227);
INSERT INTO public.processes (id, name, meta, "time") VALUES ('010b2862-fced-4eb5-a84c-bcd6227ef22b', 'Medium Heat Sink Schematic Faucet [wm]', '{}', 13606);
INSERT INTO public.processes (id, name, meta, "time") VALUES ('39146184-ee52-414e-8e1f-0e433e2229af', 'Medium Heat Sink Schematic Sink [wm]', '{}', 13428);
INSERT INTO public.processes (id, name, meta, "time") VALUES ('fd887c73-7308-473d-a5b1-a4a3c71e7da2', 'Make Medium Thermal Capacitor', '{}', 86);
INSERT INTO public.processes (id, name, meta, "time") VALUES ('a9e43800-ac1d-4afb-820b-7c22037653bc', 'Medium Thermal Capacitor Sink [wm]', '{}', 118);
INSERT INTO public.processes (id, name, meta, "time") VALUES ('0c96ec12-c9eb-4b44-8fe5-bb03bb6e2bac', 'Medium Thermal Capacitor Schematic Faucet [wm]', '{}', 391);
INSERT INTO public.processes (id, name, meta, "time") VALUES ('753e6b67-6683-43a3-af4f-509fbf2c4a7c', 'Medium Thermal Capacitor Schematic Sink [wm]', '{}', 605);
INSERT INTO public.processes (id, name, meta, "time") VALUES ('f328f0d3-6f3f-4b9c-a1cf-3c3f2a5e43b0', 'Make Medium Ice Harvester', '{}', 1488);
INSERT INTO public.processes (id, name, meta, "time") VALUES ('60530197-ddac-4174-8f2c-6434868c4718', 'Medium Ice Harvester Sink [wm]', '{}', 1109);
INSERT INTO public.processes (id, name, meta, "time") VALUES ('6963fd2d-ff9b-4034-a037-5172f33ddc70', 'Medium Ice Harvester Schematic Faucet [wm]', '{}', 7757);
INSERT INTO public.processes (id, name, meta, "time") VALUES ('6c227a30-7c7b-4a82-b3d1-920627326fa4', 'Medium Ice Harvester Schematic Sink [wm]', '{}', 3873);
INSERT INTO public.processes (id, name, meta, "time") VALUES ('c0fe257c-15b8-4367-919e-3626d58f5854', 'Make Medium Energy Siphon', '{}', 1077);
INSERT INTO public.processes (id, name, meta, "time") VALUES ('00058a48-2eb8-48e8-aa6c-d15b1ba89e27', 'Medium Energy Siphon Sink [wm]', '{}', 1177);
INSERT INTO public.processes (id, name, meta, "time") VALUES ('ce92a75f-c2c9-4009-986c-24ccefde89b7', 'Medium Energy Siphon Schematic Faucet [wm]', '{}', 4082);
INSERT INTO public.processes (id, name, meta, "time") VALUES ('c288c109-2254-4b7a-b8fa-bd375ce8992f', 'Medium Energy Siphon Schematic Sink [wm]', '{}', 3999);
INSERT INTO public.processes (id, name, meta, "time") VALUES ('3dd88c85-9a7e-49c6-b3c4-73c38f562295', 'Make Medium Anti-Shield Laser', '{}', 5081);
INSERT INTO public.processes (id, name, meta, "time") VALUES ('d69e190d-645d-4657-b5bf-978b3e58535f', 'Medium Anti-Shield Laser Sink [wm]', '{}', 4846);
INSERT INTO public.processes (id, name, meta, "time") VALUES ('4a8ab950-dd52-4a4f-ae7f-5caf6ce8a728', 'Medium Anti-Shield Laser Schematic Faucet [wm]', '{}', 36810);
INSERT INTO public.processes (id, name, meta, "time") VALUES ('268ef839-ab60-4767-bc66-236cc09eac08', 'Medium Anti-Shield Laser Schematic Sink [wm]', '{}', 27023);
INSERT INTO public.processes (id, name, meta, "time") VALUES ('da8834fb-1e37-4624-af78-37f0f286f849', 'Make Medium Cloaking Device', '{}', 1736);
INSERT INTO public.processes (id, name, meta, "time") VALUES ('c2ca327c-91fc-4981-85b0-bd1da0c4ae9a', 'Medium Cloaking Device Sink [wm]', '{}', 2197);
INSERT INTO public.processes (id, name, meta, "time") VALUES ('b4bbe0f9-271e-440e-b671-ef239f5318dc', 'Medium Cloaking Device Schematic Faucet [wm]', '{}', 10101);
INSERT INTO public.processes (id, name, meta, "time") VALUES ('7edb21d1-deec-4d57-bdd7-6411114a5fcd', 'Medium Cloaking Device Schematic Sink [wm]', '{}', 5945);
INSERT INTO public.processes (id, name, meta, "time") VALUES ('c7c19b56-ff29-4a62-8e9d-a5c6dc4f0832', 'Make Medium Fuel Tank', '{}', 22);
INSERT INTO public.processes (id, name, meta, "time") VALUES ('b5e4d3c9-fc89-4e9f-803e-0e31674cf739', 'Medium Fuel Tank Sink [wm]', '{}', 34);
INSERT INTO public.processes (id, name, meta, "time") VALUES ('84595096-c59e-4443-83f0-dc2751c33053', 'Medium Fuel Tank Schematic Faucet [wm]', '{}', 76);
INSERT INTO public.processes (id, name, meta, "time") VALUES ('d0452aeb-f520-4195-924f-184c7e0799cc', 'Medium Fuel Tank Schematic Sink [wm]', '{}', 49);
INSERT INTO public.processes (id, name, meta, "time") VALUES ('dcd71c78-2031-42fc-9392-7cd848f8c5a4', 'Make Medium Aether Dragger', '{}', 54);
INSERT INTO public.processes (id, name, meta, "time") VALUES ('4d857ec6-e3ba-4574-beca-c2783d73b4dd', 'Medium Aether Dragger Sink [wm]', '{}', 47);
INSERT INTO public.processes (id, name, meta, "time") VALUES ('6f28b143-e400-4e2f-87d5-d9541bee4a0d', 'Medium Aether Dragger Schematic Faucet [wm]', '{}', 282);
INSERT INTO public.processes (id, name, meta, "time") VALUES ('d4dd7048-4392-437d-acf4-2f20c308099b', 'Medium Aether Dragger Schematic Sink [wm]', '{}', 118);

-- core item type process inputs
INSERT INTO public.processinputs (id, itemtypeid, quantity, meta, processid) VALUES ('35956802-6171-4890-8807-a5341331ae94', '06b94800-ad11-4629-bdb7-d059588f5bb4', 2, '{}', '8259e98c-622c-43c1-8458-155e16e61030');
INSERT INTO public.processinputs (id, itemtypeid, quantity, meta, processid) VALUES ('07b209d9-6079-4df8-9ed7-c0a0266ca505', '242b4af2-1384-4976-a8c2-3b0561398341', 12, '{}', 'ed814fa9-cdf6-48a3-ad75-70bd89e78fc2');
INSERT INTO public.processinputs (id, itemtypeid, quantity, meta, processid) VALUES ('3c826d0b-aa70-45cd-8726-4eda6d83219b', '61f52ba3-654b-45cf-88e3-33399d12350d', 7, '{}', '1cbbb08f-9e72-425a-8f9f-167fed540a5b');
INSERT INTO public.processinputs (id, itemtypeid, quantity, meta, processid) VALUES ('58eaf4ea-ab75-4ea3-a4c1-d0c3bdba8326', '2ce48bef-f06b-4550-b20c-0e64864db051', 14, '{}', '1cbbb08f-9e72-425a-8f9f-167fed540a5b');
INSERT INTO public.processinputs (id, itemtypeid, quantity, meta, processid) VALUES ('1d9a10eb-8786-4b0d-953b-bb4b41560845', '11688112-f3d4-4d30-864a-684a8b96ea23', 15, '{}', '1cbbb08f-9e72-425a-8f9f-167fed540a5b');
INSERT INTO public.processinputs (id, itemtypeid, quantity, meta, processid) VALUES ('3acc85e4-416d-4313-a5e2-7c40472f9389', 'dd522f03-2f52-4e82-b2f8-d7e0029cb82f', 46, '{}', '1cbbb08f-9e72-425a-8f9f-167fed540a5b');
INSERT INTO public.processinputs (id, itemtypeid, quantity, meta, processid) VALUES ('1d91883e-0d37-4829-9a9f-8a6265b7bddb', '0cd04eea-a150-410c-91eb-6af00d8c6eae', 15, '{}', '1cbbb08f-9e72-425a-8f9f-167fed540a5b');
INSERT INTO public.processinputs (id, itemtypeid, quantity, meta, processid) VALUES ('2503fd73-b3e4-41a2-8763-d1392eeb678a', 'dd0c9b0a-279e-418e-b3b6-2f569fda0186', 7, '{}', '1cbbb08f-9e72-425a-8f9f-167fed540a5b');
INSERT INTO public.processinputs (id, itemtypeid, quantity, meta, processid) VALUES ('1af4e2b8-884c-403d-9639-1279228eddbe', '54c29ce8-67c7-46c7-8c02-c737eed3143c', 1, '{}', '1cbbb08f-9e72-425a-8f9f-167fed540a5b');
INSERT INTO public.processinputs (id, itemtypeid, quantity, meta, processid) VALUES ('99859f9f-2315-4e34-b06d-2546dc9042c2', '26a3fc9e-db2f-439d-a929-ba755d11d09c', 11, '{}', '1cbbb08f-9e72-425a-8f9f-167fed540a5b');
INSERT INTO public.processinputs (id, itemtypeid, quantity, meta, processid) VALUES ('d0a66c00-78ed-4d1c-b8c2-a914ff7376dd', '1d0d344b-ef28-43c8-a7a6-3275936b2dea', 11, '{}', '1cbbb08f-9e72-425a-8f9f-167fed540a5b');
INSERT INTO public.processinputs (id, itemtypeid, quantity, meta, processid) VALUES ('63d2d722-f28e-4301-86ea-3bcdac1b5abf', '7dcd5138-d7e0-419f-867a-6f0f23b99b5b', 6, '{}', '1cbbb08f-9e72-425a-8f9f-167fed540a5b');
INSERT INTO public.processinputs (id, itemtypeid, quantity, meta, processid) VALUES ('eb545fd1-c04f-4cc8-bfff-35bf5474fe15', 'b0190d05-1b76-4705-9486-60a000e14b2f', 3, '{}', 'f1a06f27-2459-4f03-91d8-f61278d5a6e9');
INSERT INTO public.processinputs (id, itemtypeid, quantity, meta, processid) VALUES ('9a431a12-6d3b-48c2-ba07-2f4b83ada2a2', 'caa1322a-0c9e-4d8a-9a3b-00dc2e41cc76', 54, '{}', 'be9eff1c-4cb8-4ea7-9344-fd1593d046d4');
INSERT INTO public.processinputs (id, itemtypeid, quantity, meta, processid) VALUES ('6a7cfada-a3f5-464e-b63c-58aa37fe27ef', 'dd522f03-2f52-4e82-b2f8-d7e0029cb82f', 396, '{}', '01a16d2c-7e50-43fc-be07-6ef5eadfef8f');
INSERT INTO public.processinputs (id, itemtypeid, quantity, meta, processid) VALUES ('7014a293-c5e9-4018-a8b6-527738651c1c', '54c29ce8-67c7-46c7-8c02-c737eed3143c', 1, '{}', '01a16d2c-7e50-43fc-be07-6ef5eadfef8f');
INSERT INTO public.processinputs (id, itemtypeid, quantity, meta, processid) VALUES ('3226299a-175b-45f6-8005-91d843d06f76', '0cd04eea-a150-410c-91eb-6af00d8c6eae', 87, '{}', '01a16d2c-7e50-43fc-be07-6ef5eadfef8f');
INSERT INTO public.processinputs (id, itemtypeid, quantity, meta, processid) VALUES ('ca9d0339-b26c-4cbd-bd98-b7ed40021af2', '56617d30-6c30-425c-84bf-2484ae8c1156', 87, '{}', '01a16d2c-7e50-43fc-be07-6ef5eadfef8f');
INSERT INTO public.processinputs (id, itemtypeid, quantity, meta, processid) VALUES ('d063735d-9392-49f0-ba04-101131410c07', '11688112-f3d4-4d30-864a-684a8b96ea23', 89, '{}', '01a16d2c-7e50-43fc-be07-6ef5eadfef8f');
INSERT INTO public.processinputs (id, itemtypeid, quantity, meta, processid) VALUES ('2aa8b49a-eaf2-46f2-bb08-6715c971fb00', 'ea21e3d9-db64-4b2a-8d5c-839a2e8cfe28', 5, '{}', '85df8cde-2183-416b-9620-ae90e799c916');
INSERT INTO public.processinputs (id, itemtypeid, quantity, meta, processid) VALUES ('ae8cf857-a9e2-4dbd-bdfc-573415729a95', 'dd5c00b9-be4f-4802-8a34-1da41118b3e0', 114, '{}', '2769979f-877d-43bc-963d-2e280c6a4917');
INSERT INTO public.processinputs (id, itemtypeid, quantity, meta, processid) VALUES ('a9a0d613-4257-4e51-9c44-6fe5e7a9dd7f', '11688112-f3d4-4d30-864a-684a8b96ea23', 22, '{}', 'a65feef1-4ffd-4995-959d-5d9ef5426a1e');
INSERT INTO public.processinputs (id, itemtypeid, quantity, meta, processid) VALUES ('45672514-0201-4d8b-9546-bd0643e82b06', 'dd522f03-2f52-4e82-b2f8-d7e0029cb82f', 67, '{}', 'a65feef1-4ffd-4995-959d-5d9ef5426a1e');
INSERT INTO public.processinputs (id, itemtypeid, quantity, meta, processid) VALUES ('73124fb9-7561-4283-a989-1dcb9f2318a1', '26a3fc9e-db2f-439d-a929-ba755d11d09c', 18, '{}', 'a65feef1-4ffd-4995-959d-5d9ef5426a1e');
INSERT INTO public.processinputs (id, itemtypeid, quantity, meta, processid) VALUES ('ffc303e7-27af-4292-927d-03cc65a23b5c', '2ce48bef-f06b-4550-b20c-0e64864db051', 16, '{}', 'a65feef1-4ffd-4995-959d-5d9ef5426a1e');
INSERT INTO public.processinputs (id, itemtypeid, quantity, meta, processid) VALUES ('6fe168d1-b33c-49b2-864e-00f022c58c0a', '1d0d344b-ef28-43c8-a7a6-3275936b2dea', 16, '{}', 'a65feef1-4ffd-4995-959d-5d9ef5426a1e');
INSERT INTO public.processinputs (id, itemtypeid, quantity, meta, processid) VALUES ('6be939d7-24e4-4eaf-ba6d-969a9d6ead46', '54c29ce8-67c7-46c7-8c02-c737eed3143c', 1, '{}', 'a65feef1-4ffd-4995-959d-5d9ef5426a1e');
INSERT INTO public.processinputs (id, itemtypeid, quantity, meta, processid) VALUES ('cff662e4-dfc9-4089-ad82-753cbb0fc509', '7dcd5138-d7e0-419f-867a-6f0f23b99b5b', 16, '{}', 'a65feef1-4ffd-4995-959d-5d9ef5426a1e');
INSERT INTO public.processinputs (id, itemtypeid, quantity, meta, processid) VALUES ('0312679d-166c-4c39-a969-50823e067424', '09061595-9c1d-4ba1-a152-75f352bebd7f', 3, '{}', '26f72c95-c252-41fe-848c-2a76ad798303');
INSERT INTO public.processinputs (id, itemtypeid, quantity, meta, processid) VALUES ('b9e96d36-040c-4890-bd63-8a4f08b23f4b', 'beee1d44-6818-48a0-b7c2-7bd123f989d5', 68, '{}', '83d21d48-338f-48d5-8bbc-fdecf6fa11db');
INSERT INTO public.processinputs (id, itemtypeid, quantity, meta, processid) VALUES ('b340d3be-7e70-45aa-9074-f307a28a4c3f', 'dd522f03-2f52-4e82-b2f8-d7e0029cb82f', 5998, '{}', 'cd76c6c2-bdc9-4a7e-a607-288a023bb07b');
INSERT INTO public.processinputs (id, itemtypeid, quantity, meta, processid) VALUES ('961fd374-169e-4ace-9a89-07d731f94fe9', '1d0d344b-ef28-43c8-a7a6-3275936b2dea', 1467, '{}', 'cd76c6c2-bdc9-4a7e-a607-288a023bb07b');
INSERT INTO public.processinputs (id, itemtypeid, quantity, meta, processid) VALUES ('5325287b-7109-43c4-b784-37825a073098', '26a3fc9e-db2f-439d-a929-ba755d11d09c', 1451, '{}', 'cd76c6c2-bdc9-4a7e-a607-288a023bb07b');
INSERT INTO public.processinputs (id, itemtypeid, quantity, meta, processid) VALUES ('681730c9-e1dc-4caf-b0f0-7b7de5613748', '54c29ce8-67c7-46c7-8c02-c737eed3143c', 1, '{}', 'cd76c6c2-bdc9-4a7e-a607-288a023bb07b');
INSERT INTO public.processinputs (id, itemtypeid, quantity, meta, processid) VALUES ('c6bd4020-e8cf-4900-8909-8ad01bac01b8', '56617d30-6c30-425c-84bf-2484ae8c1156', 1475, '{}', 'cd76c6c2-bdc9-4a7e-a607-288a023bb07b');
INSERT INTO public.processinputs (id, itemtypeid, quantity, meta, processid) VALUES ('d1ccc7a3-9c61-496e-9848-f0e6c373a204', '3a52f1a1-40ed-4318-8c9c-ff598e4c5278', 3, '{}', 'c7894435-c2d8-4dfe-b910-300d63658d4f');
INSERT INTO public.processinputs (id, itemtypeid, quantity, meta, processid) VALUES ('104d06a0-ba79-4c00-b968-76ea502846ed', '69d2ff19-70eb-4919-9579-2aa0f1ee2bc2', 66, '{}', 'e659fcfd-bebe-4ee0-89b5-7da2e6334cde');
INSERT INTO public.processinputs (id, itemtypeid, quantity, meta, processid) VALUES ('435d665f-ceb4-40ec-ad16-2d705d013b49', '56617d30-6c30-425c-84bf-2484ae8c1156', 88, '{}', '97eabd89-9314-4343-98dc-c582f454e506');
INSERT INTO public.processinputs (id, itemtypeid, quantity, meta, processid) VALUES ('fdcfb1c0-6144-42af-ac7e-e0d311487f64', '54c29ce8-67c7-46c7-8c02-c737eed3143c', 1, '{}', '97eabd89-9314-4343-98dc-c582f454e506');
INSERT INTO public.processinputs (id, itemtypeid, quantity, meta, processid) VALUES ('d2db7692-13bd-4fbb-9433-6f962b771d17', '2ce48bef-f06b-4550-b20c-0e64864db051', 93, '{}', '97eabd89-9314-4343-98dc-c582f454e506');
INSERT INTO public.processinputs (id, itemtypeid, quantity, meta, processid) VALUES ('bb1631bd-7329-439d-a6e0-df3dd4832735', '7dcd5138-d7e0-419f-867a-6f0f23b99b5b', 88, '{}', '97eabd89-9314-4343-98dc-c582f454e506');
INSERT INTO public.processinputs (id, itemtypeid, quantity, meta, processid) VALUES ('8f1ff2cc-5723-493a-81a8-e34022c2366a', '26a3fc9e-db2f-439d-a929-ba755d11d09c', 75, '{}', '97eabd89-9314-4343-98dc-c582f454e506');
INSERT INTO public.processinputs (id, itemtypeid, quantity, meta, processid) VALUES ('833b75d3-0707-489c-a172-003d980d4143', '11688112-f3d4-4d30-864a-684a8b96ea23', 94, '{}', '97eabd89-9314-4343-98dc-c582f454e506');
INSERT INTO public.processinputs (id, itemtypeid, quantity, meta, processid) VALUES ('cf425ec9-3a16-4097-a75b-55dfce39fb0b', 'dd522f03-2f52-4e82-b2f8-d7e0029cb82f', 357, '{}', '97eabd89-9314-4343-98dc-c582f454e506');
INSERT INTO public.processinputs (id, itemtypeid, quantity, meta, processid) VALUES ('0a9c54c3-31ed-427d-b926-c54d84a69791', '9fbc2d79-2fd8-4586-9e92-27b85c8b9bd9', 4, '{}', '400342cb-6912-4d94-ae55-432e49fc51a2');
INSERT INTO public.processinputs (id, itemtypeid, quantity, meta, processid) VALUES ('57369e62-18ea-44a2-8990-64a44f00f8d8', 'a033c394-10ae-4a50-8eec-7ee7ea43b321', 61, '{}', '2d078c5c-9d91-4afd-a6c8-bbbea4e70271');
INSERT INTO public.processinputs (id, itemtypeid, quantity, meta, processid) VALUES ('9e907917-3bcb-4c50-8bee-0515929eb1a0', 'dd522f03-2f52-4e82-b2f8-d7e0029cb82f', 78, '{}', 'c4de97bb-7da2-4107-8a0e-8dffb8e426fc');
INSERT INTO public.processinputs (id, itemtypeid, quantity, meta, processid) VALUES ('d0b10dae-bd0c-4bc2-b342-56f6e6b0fc8f', '26a3fc9e-db2f-439d-a929-ba755d11d09c', 19, '{}', 'c4de97bb-7da2-4107-8a0e-8dffb8e426fc');
INSERT INTO public.processinputs (id, itemtypeid, quantity, meta, processid) VALUES ('81c60d2f-be98-442c-b050-cc981338ced4', '2ce48bef-f06b-4550-b20c-0e64864db051', 19, '{}', 'c4de97bb-7da2-4107-8a0e-8dffb8e426fc');
INSERT INTO public.processinputs (id, itemtypeid, quantity, meta, processid) VALUES ('106729f8-cb8e-43e9-b4a9-2912bfa3d71a', '54c29ce8-67c7-46c7-8c02-c737eed3143c', 1, '{}', 'c4de97bb-7da2-4107-8a0e-8dffb8e426fc');
INSERT INTO public.processinputs (id, itemtypeid, quantity, meta, processid) VALUES ('d2604d9c-97af-4139-a30f-6d71f564c28c', 'dd9f7038-04d1-41db-a6db-8075e00f771d', 2, '{}', 'b6e52d5a-f0fa-4605-a6c8-b49369483e8c');
INSERT INTO public.processinputs (id, itemtypeid, quantity, meta, processid) VALUES ('69598946-bc83-400c-9079-db0459ff120e', '08814dee-d4d9-42df-a889-55dc8c75b303', 18, '{}', 'c03c5209-1358-4984-934f-ce7b145d224a');
INSERT INTO public.processinputs (id, itemtypeid, quantity, meta, processid) VALUES ('229b6d54-0d20-4802-aca6-bdb89d7f9198', '54c29ce8-67c7-46c7-8c02-c737eed3143c', 1, '{}', '4dcbe201-05cb-415f-b2dc-fb4d56c94eb6');
INSERT INTO public.processinputs (id, itemtypeid, quantity, meta, processid) VALUES ('24faed44-3531-4844-82fd-ed620cb3bc55', '1d0d344b-ef28-43c8-a7a6-3275936b2dea', 44, '{}', '4dcbe201-05cb-415f-b2dc-fb4d56c94eb6');
INSERT INTO public.processinputs (id, itemtypeid, quantity, meta, processid) VALUES ('9b394d2d-b0fa-49f7-b671-9f80f6f9bf4c', 'dd522f03-2f52-4e82-b2f8-d7e0029cb82f', 183, '{}', '4dcbe201-05cb-415f-b2dc-fb4d56c94eb6');
INSERT INTO public.processinputs (id, itemtypeid, quantity, meta, processid) VALUES ('934a3f58-757c-4b6f-a2d5-bd3f82c65e9c', '2ce48bef-f06b-4550-b20c-0e64864db051', 36, '{}', '4dcbe201-05cb-415f-b2dc-fb4d56c94eb6');
INSERT INTO public.processinputs (id, itemtypeid, quantity, meta, processid) VALUES ('c9573879-c0b1-4080-b690-2a5d4fdef972', '22eeabff-7c75-4bb1-9dd1-52fd3dd5931e', 8, '{}', '2f3de664-9d70-45e4-ac7e-8106f3756302');
INSERT INTO public.processinputs (id, itemtypeid, quantity, meta, processid) VALUES ('094d0093-1204-4649-beff-f94c5f45f07a', 'fe071049-81a6-4d51-8660-e0a3c32b3853', 4, '{}', 'cb902d59-d26c-48fe-b129-059d38ff7503');
INSERT INTO public.processinputs (id, itemtypeid, quantity, meta, processid) VALUES ('a8fdbcd3-7181-4bc5-bcad-46e9dbd40229', 'dd522f03-2f52-4e82-b2f8-d7e0029cb82f', 35, '{}', '87a0c2a6-644f-40d2-93b2-250c2467569f');
INSERT INTO public.processinputs (id, itemtypeid, quantity, meta, processid) VALUES ('fe0078f0-ab7a-459d-8cca-d0ed94bd6d1e', '26a3fc9e-db2f-439d-a929-ba755d11d09c', 10, '{}', '87a0c2a6-644f-40d2-93b2-250c2467569f');
INSERT INTO public.processinputs (id, itemtypeid, quantity, meta, processid) VALUES ('ccf69fb3-11f9-4d2e-81a1-cd0a34742046', '2ce48bef-f06b-4550-b20c-0e64864db051', 8, '{}', '87a0c2a6-644f-40d2-93b2-250c2467569f');
INSERT INTO public.processinputs (id, itemtypeid, quantity, meta, processid) VALUES ('942d17dc-bed9-4cb3-ae20-7c286419bb32', '54c29ce8-67c7-46c7-8c02-c737eed3143c', 1, '{}', '87a0c2a6-644f-40d2-93b2-250c2467569f');
INSERT INTO public.processinputs (id, itemtypeid, quantity, meta, processid) VALUES ('1254276c-ed28-4d76-b83c-f61c58c79ce5', '7dcd5138-d7e0-419f-867a-6f0f23b99b5b', 8, '{}', '87a0c2a6-644f-40d2-93b2-250c2467569f');
INSERT INTO public.processinputs (id, itemtypeid, quantity, meta, processid) VALUES ('e1acdbf7-f59b-4d6d-b2a0-62de3a6fb821', 'c7614983-f839-41eb-a46b-3bd8fb29d19b', 1, '{}', '5f810c7a-e713-4273-a878-a8fafe776e1e');
INSERT INTO public.processinputs (id, itemtypeid, quantity, meta, processid) VALUES ('aeeab6b5-e877-4da9-9258-c559eb4a7c85', '4e407b59-74bb-42a0-85a5-9a6685574e7b', 176, '{}', 'f847f93a-37e6-4482-8020-043a05bababa');
INSERT INTO public.processinputs (id, itemtypeid, quantity, meta, processid) VALUES ('24bf0796-b4cf-4f18-b5be-a43c7bbbec62', '1d0d344b-ef28-43c8-a7a6-3275936b2dea', 4873, '{}', '9b55fef8-9fd2-4488-b38b-9e1f7fcef8c3');
INSERT INTO public.processinputs (id, itemtypeid, quantity, meta, processid) VALUES ('3833f076-b45e-44f9-910e-da75ad6c8044', '54c29ce8-67c7-46c7-8c02-c737eed3143c', 1, '{}', '9b55fef8-9fd2-4488-b38b-9e1f7fcef8c3');
INSERT INTO public.processinputs (id, itemtypeid, quantity, meta, processid) VALUES ('aab82c9c-2324-4fbb-977f-1ed76bbdd9d4', 'dd522f03-2f52-4e82-b2f8-d7e0029cb82f', 20454, '{}', '9b55fef8-9fd2-4488-b38b-9e1f7fcef8c3');
INSERT INTO public.processinputs (id, itemtypeid, quantity, meta, processid) VALUES ('c8e29917-5cdf-4c0e-9de5-5448575e0305', 'b47944be-1d07-4ce0-ac09-b28276e9c43d', 1, '{}', 'd71e8338-8cac-441c-967c-2222287db2bb');
INSERT INTO public.processinputs (id, itemtypeid, quantity, meta, processid) VALUES ('b2469621-9526-4750-a115-87ee3607af0b', 'fab39b1f-bab3-4cd2-9b80-e7e48f35fe9d', 147, '{}', '4a2f2424-9534-485f-9fe2-8f7c17ba65d3');
INSERT INTO public.processinputs (id, itemtypeid, quantity, meta, processid) VALUES ('de6909f1-f47d-4bb9-9da1-509146ced656', '7dcd5138-d7e0-419f-867a-6f0f23b99b5b', 213, '{}', '003f4e35-9bfd-444b-a231-e7019a9d1142');
INSERT INTO public.processinputs (id, itemtypeid, quantity, meta, processid) VALUES ('e04da792-8e9d-4266-8d3a-aeabc545edc5', 'dd522f03-2f52-4e82-b2f8-d7e0029cb82f', 874, '{}', '003f4e35-9bfd-444b-a231-e7019a9d1142');
INSERT INTO public.processinputs (id, itemtypeid, quantity, meta, processid) VALUES ('f9a56034-63ac-4539-bc77-81a014b804f7', '54c29ce8-67c7-46c7-8c02-c737eed3143c', 1, '{}', '003f4e35-9bfd-444b-a231-e7019a9d1142');
INSERT INTO public.processinputs (id, itemtypeid, quantity, meta, processid) VALUES ('d3a4ee06-7cdd-4ed9-8a91-43ded01366b4', '57e8d156-58e0-401e-bdd9-46f9f0a2b6c5', 9, '{}', '2aa1f420-3491-4858-894a-586d517bd4a0');
INSERT INTO public.processinputs (id, itemtypeid, quantity, meta, processid) VALUES ('03771962-2b98-4cf5-9d4e-cc38d227e575', '94564bab-844a-4393-8f2a-3dd7fcf65df0', 27, '{}', 'c847c0b5-27b0-4af1-badf-4c5dc0be7878');
INSERT INTO public.processinputs (id, itemtypeid, quantity, meta, processid) VALUES ('acfc3d82-6dfc-4591-85d3-690433ff844c', '54c29ce8-67c7-46c7-8c02-c737eed3143c', 1, '{}', 'd3d35cdc-8532-4d87-999c-22d1721c29fe');
INSERT INTO public.processinputs (id, itemtypeid, quantity, meta, processid) VALUES ('fef616bb-32e2-4cdf-a83b-9985cf1bd181', '11688112-f3d4-4d30-864a-684a8b96ea23', 11, '{}', 'd3d35cdc-8532-4d87-999c-22d1721c29fe');
INSERT INTO public.processinputs (id, itemtypeid, quantity, meta, processid) VALUES ('8c1e34e3-e371-43ce-9afb-e98e297c09c4', '2ce48bef-f06b-4550-b20c-0e64864db051', 15, '{}', 'd3d35cdc-8532-4d87-999c-22d1721c29fe');
INSERT INTO public.processinputs (id, itemtypeid, quantity, meta, processid) VALUES ('a66a62cd-c51d-4457-a9bb-ab1a031f8ff0', 'dd522f03-2f52-4e82-b2f8-d7e0029cb82f', 46, '{}', 'd3d35cdc-8532-4d87-999c-22d1721c29fe');
INSERT INTO public.processinputs (id, itemtypeid, quantity, meta, processid) VALUES ('1cb52994-3905-4fdf-825d-51d490466724', '0241ca47-3833-4cc3-ab9b-64399ca85517', 9, '{}', 'cf5235c8-cbf9-4999-9e01-17b84b7e1ecd');
INSERT INTO public.processinputs (id, itemtypeid, quantity, meta, processid) VALUES ('d2f8ffd7-5507-46c5-af48-582147960a08', '434d961e-09a3-4ba7-90d5-aa702c4e5fdf', 78, '{}', 'df1ccee7-f28f-4398-92b7-189250ebcb9b');
INSERT INTO public.processinputs (id, itemtypeid, quantity, meta, processid) VALUES ('355a2a25-5660-4b32-aeb5-dd0a6a0bd53f', '54c29ce8-67c7-46c7-8c02-c737eed3143c', 1, '{}', '575f5976-640e-4c6f-b055-1709e9147dc9');
INSERT INTO public.processinputs (id, itemtypeid, quantity, meta, processid) VALUES ('1b5471b6-3818-4e03-ba6a-f64a1c314abd', 'dd522f03-2f52-4e82-b2f8-d7e0029cb82f', 16849, '{}', '575f5976-640e-4c6f-b055-1709e9147dc9');
INSERT INTO public.processinputs (id, itemtypeid, quantity, meta, processid) VALUES ('2e322473-8d13-4aff-938e-2f764e4bc482', '05cbf866-4693-4929-b7e7-52f871327ce0', 4, '{}', '39146184-ee52-414e-8e1f-0e433e2229af');
INSERT INTO public.processinputs (id, itemtypeid, quantity, meta, processid) VALUES ('a9d78029-3173-47c7-ba51-1f398d4fc580', '9777cd84-0f16-4b65-8ab3-e139a44b8fbc', 82, '{}', 'b937d6de-37e4-4936-8c44-9498a085a63a');
INSERT INTO public.processinputs (id, itemtypeid, quantity, meta, processid) VALUES ('0b32c754-f5cf-446f-a481-a96a69b56783', '66b7a322-8cfc-4467-9410-492e6b58f159', 10, '{}', '73cce59b-96fd-4006-b332-4da6ce45f5f1');
INSERT INTO public.processinputs (id, itemtypeid, quantity, meta, processid) VALUES ('7bfeb930-b7a0-4e32-9aaa-25ca494dc7b3', '56617d30-6c30-425c-84bf-2484ae8c1156', 8, '{}', '73cce59b-96fd-4006-b332-4da6ce45f5f1');
INSERT INTO public.processinputs (id, itemtypeid, quantity, meta, processid) VALUES ('b363f851-4129-4685-969e-6ee8eec3c5a9', '2ce48bef-f06b-4550-b20c-0e64864db051', 5, '{}', '73cce59b-96fd-4006-b332-4da6ce45f5f1');
INSERT INTO public.processinputs (id, itemtypeid, quantity, meta, processid) VALUES ('a9c073b1-8343-474c-ac13-8ea51efb3496', '61f52ba3-654b-45cf-88e3-33399d12350d', 3, '{}', '73cce59b-96fd-4006-b332-4da6ce45f5f1');
INSERT INTO public.processinputs (id, itemtypeid, quantity, meta, processid) VALUES ('8bf13503-91a9-4956-ad5a-f01021c128d7', '7dcd5138-d7e0-419f-867a-6f0f23b99b5b', 8, '{}', '73cce59b-96fd-4006-b332-4da6ce45f5f1');
INSERT INTO public.processinputs (id, itemtypeid, quantity, meta, processid) VALUES ('9f230393-5d3d-49b5-a7b4-65fc1a721f0d', 'dd522f03-2f52-4e82-b2f8-d7e0029cb82f', 27, '{}', '73cce59b-96fd-4006-b332-4da6ce45f5f1');
INSERT INTO public.processinputs (id, itemtypeid, quantity, meta, processid) VALUES ('ebc1b3d7-ccd0-4fc3-a4dd-5811703bda9a', '54c29ce8-67c7-46c7-8c02-c737eed3143c', 1, '{}', '73cce59b-96fd-4006-b332-4da6ce45f5f1');
INSERT INTO public.processinputs (id, itemtypeid, quantity, meta, processid) VALUES ('efa490da-af2d-4863-b78c-cda13103bb67', '1d0d344b-ef28-43c8-a7a6-3275936b2dea', 7, '{}', '73cce59b-96fd-4006-b332-4da6ce45f5f1');
INSERT INTO public.processinputs (id, itemtypeid, quantity, meta, processid) VALUES ('e9279240-0894-4c1d-84cd-434b3df0d8e1', '0cd04eea-a150-410c-91eb-6af00d8c6eae', 4, '{}', '73cce59b-96fd-4006-b332-4da6ce45f5f1');
INSERT INTO public.processinputs (id, itemtypeid, quantity, meta, processid) VALUES ('f59e6d2f-018a-44dd-931b-7de51f8de872', 'bfc4fdfa-fc0b-4b04-8210-aa395d99398b', 1, '{}', '753e6b67-6683-43a3-af4f-509fbf2c4a7c');
INSERT INTO public.processinputs (id, itemtypeid, quantity, meta, processid) VALUES ('cd3e3840-d208-47bb-afba-a82d10d4515e', 'dd980070-1f58-4e2e-a997-5aed73a38c80', 4, '{}', 'a9e43800-ac1d-4afb-820b-7c22037653bc');
INSERT INTO public.processinputs (id, itemtypeid, quantity, meta, processid) VALUES ('db6c426c-d7f2-48e6-97d2-8a73ae14ac26', '54c29ce8-67c7-46c7-8c02-c737eed3143c', 1, '{}', 'fd887c73-7308-473d-a5b1-a4a3c71e7da2');
INSERT INTO public.processinputs (id, itemtypeid, quantity, meta, processid) VALUES ('07e70a40-7fac-44f4-9998-ee774a056df9', '0cd04eea-a150-410c-91eb-6af00d8c6eae', 1, '{}', 'fd887c73-7308-473d-a5b1-a4a3c71e7da2');
INSERT INTO public.processinputs (id, itemtypeid, quantity, meta, processid) VALUES ('b2e74c5f-0daa-437a-af38-dc4011e420d1', '7dcd5138-d7e0-419f-867a-6f0f23b99b5b', 7, '{}', 'fd887c73-7308-473d-a5b1-a4a3c71e7da2');
INSERT INTO public.processinputs (id, itemtypeid, quantity, meta, processid) VALUES ('ba6bf148-ef48-4ff8-8bff-96b253cb48e6', 'dd522f03-2f52-4e82-b2f8-d7e0029cb82f', 20, '{}', 'fd887c73-7308-473d-a5b1-a4a3c71e7da2');
INSERT INTO public.processinputs (id, itemtypeid, quantity, meta, processid) VALUES ('b39f9cb8-6c7d-4fec-a870-6539f8047824', '56617d30-6c30-425c-84bf-2484ae8c1156', 7, '{}', 'fd887c73-7308-473d-a5b1-a4a3c71e7da2');
INSERT INTO public.processinputs (id, itemtypeid, quantity, meta, processid) VALUES ('2fd4c0bb-e168-4e08-817e-accd76dd352d', '61f52ba3-654b-45cf-88e3-33399d12350d', 4, '{}', 'fd887c73-7308-473d-a5b1-a4a3c71e7da2');
INSERT INTO public.processinputs (id, itemtypeid, quantity, meta, processid) VALUES ('e2adf753-107d-46f9-8c1a-96edc9b25952', '1d0d344b-ef28-43c8-a7a6-3275936b2dea', 4, '{}', 'fd887c73-7308-473d-a5b1-a4a3c71e7da2');
INSERT INTO public.processinputs (id, itemtypeid, quantity, meta, processid) VALUES ('7499b418-06a6-4a82-8ff3-e0c6a9afa29a', 'e52df9b8-222c-43f6-b096-01bbb25c8e2e', 6, '{}', '6c227a30-7c7b-4a82-b3d1-920627326fa4');
INSERT INTO public.processinputs (id, itemtypeid, quantity, meta, processid) VALUES ('c9dc431b-c4ed-4064-8210-9715138e7dcc', '1c23cca8-3079-4247-90cf-34b9196c2428', 36, '{}', '60530197-ddac-4174-8f2c-6434868c4718');
INSERT INTO public.processinputs (id, itemtypeid, quantity, meta, processid) VALUES ('cba2c476-6163-4536-af36-1c70decb26e2', 'dd522f03-2f52-4e82-b2f8-d7e0029cb82f', 500, '{}', 'f328f0d3-6f3f-4b9c-a1cf-3c3f2a5e43b0');
INSERT INTO public.processinputs (id, itemtypeid, quantity, meta, processid) VALUES ('27fc9dca-b7f0-4c27-96a4-edbb9290db32', '66b7a322-8cfc-4467-9410-492e6b58f159', 125, '{}', 'f328f0d3-6f3f-4b9c-a1cf-3c3f2a5e43b0');
INSERT INTO public.processinputs (id, itemtypeid, quantity, meta, processid) VALUES ('f30e750a-d0aa-4702-a9e1-dd56ca6316a7', '54c29ce8-67c7-46c7-8c02-c737eed3143c', 1, '{}', 'f328f0d3-6f3f-4b9c-a1cf-3c3f2a5e43b0');
INSERT INTO public.processinputs (id, itemtypeid, quantity, meta, processid) VALUES ('5c150e58-8f90-4272-8188-ef187ea9d2de', '7dcd5138-d7e0-419f-867a-6f0f23b99b5b', 116, '{}', 'f328f0d3-6f3f-4b9c-a1cf-3c3f2a5e43b0');
INSERT INTO public.processinputs (id, itemtypeid, quantity, meta, processid) VALUES ('71584ae7-c0dc-4065-85b9-499dd12e543b', 'dd0c9b0a-279e-418e-b3b6-2f569fda0186', 130, '{}', 'f328f0d3-6f3f-4b9c-a1cf-3c3f2a5e43b0');
INSERT INTO public.processinputs (id, itemtypeid, quantity, meta, processid) VALUES ('58cf2178-717f-43ca-9548-9d0361c15f56', '9089cd4e-23e0-45b1-b40e-6a8b194534fe', 1, '{}', 'c288c109-2254-4b7a-b8fa-bd375ce8992f');
INSERT INTO public.processinputs (id, itemtypeid, quantity, meta, processid) VALUES ('e4526ae3-91d2-4e5a-8aeb-bafbb1b39863', '06afcde3-3c8a-4d9f-9e31-7e4a6c75bbd8', 55, '{}', '00058a48-2eb8-48e8-aa6c-d15b1ba89e27');
INSERT INTO public.processinputs (id, itemtypeid, quantity, meta, processid) VALUES ('bce26902-b94c-43e7-a3d3-9be7c19654ec', 'dd522f03-2f52-4e82-b2f8-d7e0029cb82f', 406, '{}', 'c0fe257c-15b8-4367-919e-3626d58f5854');
INSERT INTO public.processinputs (id, itemtypeid, quantity, meta, processid) VALUES ('79960467-8866-435f-a716-c5333afb971a', 'dd0c9b0a-279e-418e-b3b6-2f569fda0186', 94, '{}', 'c0fe257c-15b8-4367-919e-3626d58f5854');
INSERT INTO public.processinputs (id, itemtypeid, quantity, meta, processid) VALUES ('6e012693-ca30-436a-97fd-82a99371f057', '66b7a322-8cfc-4467-9410-492e6b58f159', 101, '{}', 'c0fe257c-15b8-4367-919e-3626d58f5854');
INSERT INTO public.processinputs (id, itemtypeid, quantity, meta, processid) VALUES ('51c71a95-39fa-44c2-93ac-e1e65b2db069', '7dcd5138-d7e0-419f-867a-6f0f23b99b5b', 85, '{}', 'c0fe257c-15b8-4367-919e-3626d58f5854');
INSERT INTO public.processinputs (id, itemtypeid, quantity, meta, processid) VALUES ('c0e2e58c-c32e-4b6b-a75f-35ac7039c5a2', '54c29ce8-67c7-46c7-8c02-c737eed3143c', 1, '{}', 'c0fe257c-15b8-4367-919e-3626d58f5854');
INSERT INTO public.processinputs (id, itemtypeid, quantity, meta, processid) VALUES ('de51d963-651a-41f1-b325-85107195b55f', '61f52ba3-654b-45cf-88e3-33399d12350d', 109, '{}', 'c0fe257c-15b8-4367-919e-3626d58f5854');
INSERT INTO public.processinputs (id, itemtypeid, quantity, meta, processid) VALUES ('94721ba3-97b2-4459-be72-d1c00a531a2a', '10c24482-275f-4a0e-9715-a21d1b60aebf', 4, '{}', '268ef839-ab60-4767-bc66-236cc09eac08');
INSERT INTO public.processinputs (id, itemtypeid, quantity, meta, processid) VALUES ('8795840f-c2e8-4896-a3c8-e879440d47af', 'bbe920ec-2796-4cd3-9a94-1ece8aff5d9b', 68, '{}', 'd69e190d-645d-4657-b5bf-978b3e58535f');
INSERT INTO public.processinputs (id, itemtypeid, quantity, meta, processid) VALUES ('dd70828c-91db-4fec-a027-ac4a8582d588', '54c29ce8-67c7-46c7-8c02-c737eed3143c', 1, '{}', '3dd88c85-9a7e-49c6-b3c4-73c38f562295');
INSERT INTO public.processinputs (id, itemtypeid, quantity, meta, processid) VALUES ('62dd7e32-c146-4182-8217-a3b52adec8af', 'dd522f03-2f52-4e82-b2f8-d7e0029cb82f', 285, '{}', '3dd88c85-9a7e-49c6-b3c4-73c38f562295');
INSERT INTO public.processinputs (id, itemtypeid, quantity, meta, processid) VALUES ('ad267217-17c9-471e-80dc-1468a161451e', '7dcd5138-d7e0-419f-867a-6f0f23b99b5b', 65, '{}', '3dd88c85-9a7e-49c6-b3c4-73c38f562295');
INSERT INTO public.processinputs (id, itemtypeid, quantity, meta, processid) VALUES ('2c404a40-0996-4982-a80a-c885e6e4ba3f', '61f52ba3-654b-45cf-88e3-33399d12350d', 58, '{}', '3dd88c85-9a7e-49c6-b3c4-73c38f562295');
INSERT INTO public.processinputs (id, itemtypeid, quantity, meta, processid) VALUES ('4e3e630c-7b63-4b7a-ac37-ee04b367965d', '66b7a322-8cfc-4467-9410-492e6b58f159', 67, '{}', '3dd88c85-9a7e-49c6-b3c4-73c38f562295');
INSERT INTO public.processinputs (id, itemtypeid, quantity, meta, processid) VALUES ('debae71a-0184-40f1-9bcd-9684181d3b6c', '7e23e169-7dc6-4ed0-b4af-eb2665115d89', 9, '{}', '7edb21d1-deec-4d57-bdd7-6411114a5fcd');
INSERT INTO public.processinputs (id, itemtypeid, quantity, meta, processid) VALUES ('c7d2a7f0-e895-446a-bf93-2187067f8879', '9e59a1e2-a680-4ad4-9881-97ce9f8d7464', 22, '{}', 'c2ca327c-91fc-4981-85b0-bd1da0c4ae9a');
INSERT INTO public.processinputs (id, itemtypeid, quantity, meta, processid) VALUES ('51aa3e4b-a84b-45eb-b8e6-4c4573d0d4c9', '54c29ce8-67c7-46c7-8c02-c737eed3143c', 1, '{}', 'da8834fb-1e37-4624-af78-37f0f286f849');
INSERT INTO public.processinputs (id, itemtypeid, quantity, meta, processid) VALUES ('99eef529-a772-4501-a293-e47375b3bab5', '26a3fc9e-db2f-439d-a929-ba755d11d09c', 53, '{}', 'da8834fb-1e37-4624-af78-37f0f286f849');
INSERT INTO public.processinputs (id, itemtypeid, quantity, meta, processid) VALUES ('ae1796e6-cdd3-4d4b-ad32-495c34a01ffb', '2ce48bef-f06b-4550-b20c-0e64864db051', 65, '{}', 'da8834fb-1e37-4624-af78-37f0f286f849');
INSERT INTO public.processinputs (id, itemtypeid, quantity, meta, processid) VALUES ('4b0693e3-0a55-4f56-b1b6-fc9db46984a7', 'dd522f03-2f52-4e82-b2f8-d7e0029cb82f', 214, '{}', 'da8834fb-1e37-4624-af78-37f0f286f849');
INSERT INTO public.processinputs (id, itemtypeid, quantity, meta, processid) VALUES ('c85b6b51-d73a-4804-bba9-1dc32a4a2bfe', '9d171f9c-40ce-46d5-92c6-89524a56670a', 6, '{}', 'd0452aeb-f520-4195-924f-184c7e0799cc');
INSERT INTO public.processinputs (id, itemtypeid, quantity, meta, processid) VALUES ('06473a96-9c07-4242-b570-dee7158b4c18', '79c53950-624f-437b-b277-5007bf843a7a', 1, '{}', 'b5e4d3c9-fc89-4e9f-803e-0e31674cf739');
INSERT INTO public.processinputs (id, itemtypeid, quantity, meta, processid) VALUES ('5162ffcc-6135-4ede-9efe-7947fb081c56', '54c29ce8-67c7-46c7-8c02-c737eed3143c', 1, '{}', 'c7c19b56-ff29-4a62-8e9d-a5c6dc4f0832');
INSERT INTO public.processinputs (id, itemtypeid, quantity, meta, processid) VALUES ('4fc9ca8b-ec33-4033-8c10-c36f69126dfb', '7dcd5138-d7e0-419f-867a-6f0f23b99b5b', 1, '{}', 'c7c19b56-ff29-4a62-8e9d-a5c6dc4f0832');
INSERT INTO public.processinputs (id, itemtypeid, quantity, meta, processid) VALUES ('63f58dcf-af1b-4ab6-8ec3-ab640b28f7ad', '56617d30-6c30-425c-84bf-2484ae8c1156', 1, '{}', 'c7c19b56-ff29-4a62-8e9d-a5c6dc4f0832');
INSERT INTO public.processinputs (id, itemtypeid, quantity, meta, processid) VALUES ('beedc150-f372-4a18-b19b-c31824de8601', 'dd522f03-2f52-4e82-b2f8-d7e0029cb82f', 3, '{}', 'c7c19b56-ff29-4a62-8e9d-a5c6dc4f0832');
INSERT INTO public.processinputs (id, itemtypeid, quantity, meta, processid) VALUES ('17c48e75-92f2-422f-9d61-b8a7470d425c', 'ec13e9cd-cda3-4928-a519-2cf92f92ab59', 7, '{}', 'd4dd7048-4392-437d-acf4-2f20c308099b');
INSERT INTO public.processinputs (id, itemtypeid, quantity, meta, processid) VALUES ('5f9c6a6c-ac10-450c-8e58-3916aafc4e06', '6789f483-7a7c-49a1-a5a1-4509ecdeea5d', 3, '{}', '4d857ec6-e3ba-4574-beca-c2783d73b4dd');
INSERT INTO public.processinputs (id, itemtypeid, quantity, meta, processid) VALUES ('e7c708e9-270b-4c91-84d3-4868a066e84a', '54c29ce8-67c7-46c7-8c02-c737eed3143c', 1, '{}', 'dcd71c78-2031-42fc-9392-7cd848f8c5a4');
INSERT INTO public.processinputs (id, itemtypeid, quantity, meta, processid) VALUES ('52aced28-b8da-40ed-b032-6092160d3fdc', '7dcd5138-d7e0-419f-867a-6f0f23b99b5b', 12, '{}', 'dcd71c78-2031-42fc-9392-7cd848f8c5a4');
INSERT INTO public.processinputs (id, itemtypeid, quantity, meta, processid) VALUES ('45bc731b-971a-4296-b29d-39791ccffce5', '61f52ba3-654b-45cf-88e3-33399d12350d', 5, '{}', 'dcd71c78-2031-42fc-9392-7cd848f8c5a4');
INSERT INTO public.processinputs (id, itemtypeid, quantity, meta, processid) VALUES ('256fe928-45a8-419a-ad75-1cfcdff7b006', 'dd0c9b0a-279e-418e-b3b6-2f569fda0186', 15, '{}', 'dcd71c78-2031-42fc-9392-7cd848f8c5a4');
INSERT INTO public.processinputs (id, itemtypeid, quantity, meta, processid) VALUES ('9bade6da-b98b-4a9d-b507-0aca777db563', 'dd522f03-2f52-4e82-b2f8-d7e0029cb82f', 42, '{}', 'dcd71c78-2031-42fc-9392-7cd848f8c5a4');

-- core item type process outputs
INSERT INTO public.processoutputs (id, itemtypeid, quantity, meta, processid) VALUES ('3b5e1317-add3-486f-b1ae-d5e2f04f682e', '06b94800-ad11-4629-bdb7-d059588f5bb4', 2, '{}', '7f4a7bf5-34c7-4251-940c-4f5b442ab52c');
INSERT INTO public.processoutputs (id, itemtypeid, quantity, meta, processid) VALUES ('7fee865c-5849-4302-b804-2ec831552347', '3935523b-3e38-485b-935f-e790758ce36b', 1, '{}', '1cbbb08f-9e72-425a-8f9f-167fed540a5b');
INSERT INTO public.processoutputs (id, itemtypeid, quantity, meta, processid) VALUES ('82230532-771f-4717-8e59-e454a6899f4a', '242b4af2-1384-4976-a8c2-3b0561398341', 20, '{}', '1cbbb08f-9e72-425a-8f9f-167fed540a5b');
INSERT INTO public.processoutputs (id, itemtypeid, quantity, meta, processid) VALUES ('05f41a39-68be-4d3f-a2b6-3905213bcc73', 'b0190d05-1b76-4705-9486-60a000e14b2f', 7, '{}', '363683e5-c0f8-49a3-88d6-c7ea4dbd32e4');
INSERT INTO public.processoutputs (id, itemtypeid, quantity, meta, processid) VALUES ('99d6c6a4-77c4-419e-9e15-6558d7cfd934', '3935523b-3e38-485b-935f-e790758ce36b', 1, '{}', '01a16d2c-7e50-43fc-be07-6ef5eadfef8f');
INSERT INTO public.processoutputs (id, itemtypeid, quantity, meta, processid) VALUES ('5fd4f707-b22d-4843-a562-7accb0a1dfb8', 'caa1322a-0c9e-4d8a-9a3b-00dc2e41cc76', 35, '{}', '01a16d2c-7e50-43fc-be07-6ef5eadfef8f');
INSERT INTO public.processoutputs (id, itemtypeid, quantity, meta, processid) VALUES ('e67a0979-3f15-4098-8d3c-818974afd724', 'ea21e3d9-db64-4b2a-8d5c-839a2e8cfe28', 4, '{}', '223ad903-01b6-411a-9f25-cca170b94a9e');
INSERT INTO public.processoutputs (id, itemtypeid, quantity, meta, processid) VALUES ('67265592-23a1-475e-bf5a-5244cfa1b321', '3935523b-3e38-485b-935f-e790758ce36b', 1, '{}', 'a65feef1-4ffd-4995-959d-5d9ef5426a1e');
INSERT INTO public.processoutputs (id, itemtypeid, quantity, meta, processid) VALUES ('39dba23f-ed94-4a81-9123-64aa6c3a7b73', 'dd5c00b9-be4f-4802-8a34-1da41118b3e0', 60, '{}', 'a65feef1-4ffd-4995-959d-5d9ef5426a1e');
INSERT INTO public.processoutputs (id, itemtypeid, quantity, meta, processid) VALUES ('1fc023b4-8d48-4792-bd5a-a032a037e576', '09061595-9c1d-4ba1-a152-75f352bebd7f', 7, '{}', '9cb36cc0-828c-4ae8-81e5-6ead1f59a111');
INSERT INTO public.processoutputs (id, itemtypeid, quantity, meta, processid) VALUES ('820807a2-25ac-4b4e-87de-79c0444b0b00', '3935523b-3e38-485b-935f-e790758ce36b', 1, '{}', 'cd76c6c2-bdc9-4a7e-a607-288a023bb07b');
INSERT INTO public.processoutputs (id, itemtypeid, quantity, meta, processid) VALUES ('ad2ffd69-9044-4328-a6d2-2053302ad1dc', 'beee1d44-6818-48a0-b7c2-7bd123f989d5', 75, '{}', 'cd76c6c2-bdc9-4a7e-a607-288a023bb07b');
INSERT INTO public.processoutputs (id, itemtypeid, quantity, meta, processid) VALUES ('fed865ea-be72-48b7-8542-257cc09c8900', '3a52f1a1-40ed-4318-8c9c-ff598e4c5278', 6, '{}', '5f4a6f7c-a8b3-4d01-aaba-79c78b6be5ef');
INSERT INTO public.processoutputs (id, itemtypeid, quantity, meta, processid) VALUES ('cd0f461a-2ac1-4327-8136-15673f7459d7', '3935523b-3e38-485b-935f-e790758ce36b', 1, '{}', '97eabd89-9314-4343-98dc-c582f454e506');
INSERT INTO public.processoutputs (id, itemtypeid, quantity, meta, processid) VALUES ('a33f97d3-ce40-4490-8144-ab29b25d971f', '69d2ff19-70eb-4919-9579-2aa0f1ee2bc2', 85, '{}', '97eabd89-9314-4343-98dc-c582f454e506');
INSERT INTO public.processoutputs (id, itemtypeid, quantity, meta, processid) VALUES ('e83dbf12-396a-4870-8cd0-6d4770120097', '9fbc2d79-2fd8-4586-9e92-27b85c8b9bd9', 4, '{}', '0c0d1307-6d1d-4701-ae9c-e9a0e13eba7a');
INSERT INTO public.processoutputs (id, itemtypeid, quantity, meta, processid) VALUES ('85b658ce-a7f2-42ae-b5e0-543beecbd357', '3935523b-3e38-485b-935f-e790758ce36b', 1, '{}', 'c4de97bb-7da2-4107-8a0e-8dffb8e426fc');
INSERT INTO public.processoutputs (id, itemtypeid, quantity, meta, processid) VALUES ('64d2199f-4bf3-427a-8833-889139e758d3', 'a033c394-10ae-4a50-8eec-7ee7ea43b321', 40, '{}', 'c4de97bb-7da2-4107-8a0e-8dffb8e426fc');
INSERT INTO public.processoutputs (id, itemtypeid, quantity, meta, processid) VALUES ('c2be1b16-f6f7-403b-a6e0-1e338bddd4dd', 'dd9f7038-04d1-41db-a6db-8075e00f771d', 1, '{}', '497902a9-2526-47c8-a0a7-9efcb86ef895');
INSERT INTO public.processoutputs (id, itemtypeid, quantity, meta, processid) VALUES ('93d8ef1c-e88d-475e-915a-ea17986c4b2f', '3935523b-3e38-485b-935f-e790758ce36b', 1, '{}', '4dcbe201-05cb-415f-b2dc-fb4d56c94eb6');
INSERT INTO public.processoutputs (id, itemtypeid, quantity, meta, processid) VALUES ('dd49775d-6443-4dcd-9f72-06f142265cab', '08814dee-d4d9-42df-a889-55dc8c75b303', 15, '{}', '4dcbe201-05cb-415f-b2dc-fb4d56c94eb6');
INSERT INTO public.processoutputs (id, itemtypeid, quantity, meta, processid) VALUES ('454e1ea5-63ba-4730-b3d9-8f888516d9c7', '22eeabff-7c75-4bb1-9dd1-52fd3dd5931e', 3, '{}', '7d92e77b-cc54-445d-adbe-e139d32b15ab');
INSERT INTO public.processoutputs (id, itemtypeid, quantity, meta, processid) VALUES ('ba069eb9-7740-407f-a67c-35bc4c12179c', '3935523b-3e38-485b-935f-e790758ce36b', 1, '{}', '87a0c2a6-644f-40d2-93b2-250c2467569f');
INSERT INTO public.processoutputs (id, itemtypeid, quantity, meta, processid) VALUES ('e7f0d189-5a4b-4d70-9bf9-6485f2e72337', 'fe071049-81a6-4d51-8660-e0a3c32b3853', 3, '{}', '87a0c2a6-644f-40d2-93b2-250c2467569f');
INSERT INTO public.processoutputs (id, itemtypeid, quantity, meta, processid) VALUES ('76c9bbdc-56d6-408c-bf71-125f1e9293fb', 'c7614983-f839-41eb-a46b-3bd8fb29d19b', 4, '{}', 'c635b6d0-9c8b-472b-a324-e68eec47a4fc');
INSERT INTO public.processoutputs (id, itemtypeid, quantity, meta, processid) VALUES ('35f84649-60c9-49ac-b19f-27883505f780', '3935523b-3e38-485b-935f-e790758ce36b', 1, '{}', '9b55fef8-9fd2-4488-b38b-9e1f7fcef8c3');
INSERT INTO public.processoutputs (id, itemtypeid, quantity, meta, processid) VALUES ('ef3bfc6e-9a51-4b68-b3ea-81b5dddb1a47', '4e407b59-74bb-42a0-85a5-9a6685574e7b', 95, '{}', '9b55fef8-9fd2-4488-b38b-9e1f7fcef8c3');
INSERT INTO public.processoutputs (id, itemtypeid, quantity, meta, processid) VALUES ('8a21008d-fecc-4f54-a501-efced66c1a35', 'b47944be-1d07-4ce0-ac09-b28276e9c43d', 5, '{}', '0a7de002-536d-469e-8161-7e14852bc589');
INSERT INTO public.processoutputs (id, itemtypeid, quantity, meta, processid) VALUES ('1db883ee-24e2-4a62-b6fc-d3b058206d46', '3935523b-3e38-485b-935f-e790758ce36b', 1, '{}', '003f4e35-9bfd-444b-a231-e7019a9d1142');
INSERT INTO public.processoutputs (id, itemtypeid, quantity, meta, processid) VALUES ('e8cc4c0a-8c8a-44c0-a3e5-be7ae0b31c7b', 'fab39b1f-bab3-4cd2-9b80-e7e48f35fe9d', 75, '{}', '003f4e35-9bfd-444b-a231-e7019a9d1142');
INSERT INTO public.processoutputs (id, itemtypeid, quantity, meta, processid) VALUES ('55fdc10e-d5ba-4930-8b5c-ddadc9264ea1', '57e8d156-58e0-401e-bdd9-46f9f0a2b6c5', 9, '{}', 'a5150db6-8b82-41e5-b732-73301f4a2214');
INSERT INTO public.processoutputs (id, itemtypeid, quantity, meta, processid) VALUES ('e35d4d41-bcba-403a-afa6-fecc76bc87e9', '94564bab-844a-4393-8f2a-3dd7fcf65df0', 25, '{}', 'd3d35cdc-8532-4d87-999c-22d1721c29fe');
INSERT INTO public.processoutputs (id, itemtypeid, quantity, meta, processid) VALUES ('3fac7333-8188-4e6d-ba8c-7e00b1bc030d', '3935523b-3e38-485b-935f-e790758ce36b', 1, '{}', 'd3d35cdc-8532-4d87-999c-22d1721c29fe');
INSERT INTO public.processoutputs (id, itemtypeid, quantity, meta, processid) VALUES ('ffafa266-7df9-4cd7-86f9-51573fb02c1d', '0241ca47-3833-4cc3-ab9b-64399ca85517', 4, '{}', '9927d230-a896-4113-9dfe-2dd08c50b0b0');
INSERT INTO public.processoutputs (id, itemtypeid, quantity, meta, processid) VALUES ('0812b27a-9880-4e52-a17a-5ca8f4b63c77', '434d961e-09a3-4ba7-90d5-aa702c4e5fdf', 80, '{}', '575f5976-640e-4c6f-b055-1709e9147dc9');
INSERT INTO public.processoutputs (id, itemtypeid, quantity, meta, processid) VALUES ('6fc888ca-dbdc-455e-bf45-2ca25044e022', '3935523b-3e38-485b-935f-e790758ce36b', 1, '{}', '575f5976-640e-4c6f-b055-1709e9147dc9');
INSERT INTO public.processoutputs (id, itemtypeid, quantity, meta, processid) VALUES ('6e02b028-39dc-49e9-854e-8836e59593d8', '05cbf866-4693-4929-b7e7-52f871327ce0', 6, '{}', '010b2862-fced-4eb5-a84c-bcd6227ef22b');
INSERT INTO public.processoutputs (id, itemtypeid, quantity, meta, processid) VALUES ('45d54460-2d97-432c-a35f-0f7e5799eea2', '9777cd84-0f16-4b65-8ab3-e139a44b8fbc', 70, '{}', '73cce59b-96fd-4006-b332-4da6ce45f5f1');
INSERT INTO public.processoutputs (id, itemtypeid, quantity, meta, processid) VALUES ('8afba8d4-aaa5-47b8-a638-0fc4f604b7ca', '3935523b-3e38-485b-935f-e790758ce36b', 1, '{}', '73cce59b-96fd-4006-b332-4da6ce45f5f1');
INSERT INTO public.processoutputs (id, itemtypeid, quantity, meta, processid) VALUES ('0f9823e0-fe88-427f-9b9f-79f7df213f71', 'bfc4fdfa-fc0b-4b04-8210-aa395d99398b', 9, '{}', '0c96ec12-c9eb-4b44-8fe5-bb03bb6e2bac');
INSERT INTO public.processoutputs (id, itemtypeid, quantity, meta, processid) VALUES ('828e2c34-7d18-4cb9-94fe-5c61ef8ee19e', '3935523b-3e38-485b-935f-e790758ce36b', 1, '{}', 'fd887c73-7308-473d-a5b1-a4a3c71e7da2');
INSERT INTO public.processoutputs (id, itemtypeid, quantity, meta, processid) VALUES ('d693d65f-7d9b-4c80-8e52-30be51ffdf43', 'dd980070-1f58-4e2e-a997-5aed73a38c80', 3, '{}', 'fd887c73-7308-473d-a5b1-a4a3c71e7da2');
INSERT INTO public.processoutputs (id, itemtypeid, quantity, meta, processid) VALUES ('28e7d103-eec9-4ae4-8dec-0c299894cf8a', 'e52df9b8-222c-43f6-b096-01bbb25c8e2e', 7, '{}', '6963fd2d-ff9b-4034-a037-5172f33ddc70');
INSERT INTO public.processoutputs (id, itemtypeid, quantity, meta, processid) VALUES ('1b2cd04d-5e06-44f1-89f3-33e4277f21de', '1c23cca8-3079-4247-90cf-34b9196c2428', 45, '{}', 'f328f0d3-6f3f-4b9c-a1cf-3c3f2a5e43b0');
INSERT INTO public.processoutputs (id, itemtypeid, quantity, meta, processid) VALUES ('295a46ec-4e42-4c9d-97aa-6014d570169a', '3935523b-3e38-485b-935f-e790758ce36b', 1, '{}', 'f328f0d3-6f3f-4b9c-a1cf-3c3f2a5e43b0');
INSERT INTO public.processoutputs (id, itemtypeid, quantity, meta, processid) VALUES ('a5a5c920-a559-4345-aafa-5dcb53d61242', '9089cd4e-23e0-45b1-b40e-6a8b194534fe', 4, '{}', 'ce92a75f-c2c9-4009-986c-24ccefde89b7');
INSERT INTO public.processoutputs (id, itemtypeid, quantity, meta, processid) VALUES ('1504f908-8091-4f9e-8983-3fade5db80f1', '3935523b-3e38-485b-935f-e790758ce36b', 1, '{}', 'c0fe257c-15b8-4367-919e-3626d58f5854');
INSERT INTO public.processoutputs (id, itemtypeid, quantity, meta, processid) VALUES ('e77975a0-04e5-419f-9fde-eb8f3c8353b4', '06afcde3-3c8a-4d9f-9e31-7e4a6c75bbd8', 50, '{}', 'c0fe257c-15b8-4367-919e-3626d58f5854');
INSERT INTO public.processoutputs (id, itemtypeid, quantity, meta, processid) VALUES ('2d01ba07-0b96-454c-89e6-2a56083d4907', '10c24482-275f-4a0e-9715-a21d1b60aebf', 6, '{}', '4a8ab950-dd52-4a4f-ae7f-5caf6ce8a728');
INSERT INTO public.processoutputs (id, itemtypeid, quantity, meta, processid) VALUES ('e3746976-1431-4e79-8760-20c4cc39c7e9', '3935523b-3e38-485b-935f-e790758ce36b', 1, '{}', '3dd88c85-9a7e-49c6-b3c4-73c38f562295');
INSERT INTO public.processoutputs (id, itemtypeid, quantity, meta, processid) VALUES ('10c7bcf1-2b1d-43e8-aa9e-8733135f4416', 'bbe920ec-2796-4cd3-9a94-1ece8aff5d9b', 60, '{}', '3dd88c85-9a7e-49c6-b3c4-73c38f562295');
INSERT INTO public.processoutputs (id, itemtypeid, quantity, meta, processid) VALUES ('a720e3e6-f939-4eca-8c98-2bc1326e4842', '7e23e169-7dc6-4ed0-b4af-eb2665115d89', 6, '{}', 'b4bbe0f9-271e-440e-b671-ef239f5318dc');
INSERT INTO public.processoutputs (id, itemtypeid, quantity, meta, processid) VALUES ('a2eeb2e8-c967-48ad-8c47-da25f4260453', '3935523b-3e38-485b-935f-e790758ce36b', 1, '{}', 'da8834fb-1e37-4624-af78-37f0f286f849');
INSERT INTO public.processoutputs (id, itemtypeid, quantity, meta, processid) VALUES ('162b66af-4099-4d35-87d9-8ed9f4feee14', '9e59a1e2-a680-4ad4-9881-97ce9f8d7464', 15, '{}', 'da8834fb-1e37-4624-af78-37f0f286f849');
INSERT INTO public.processoutputs (id, itemtypeid, quantity, meta, processid) VALUES ('a6fa7965-bccf-421c-94a8-8c7c248ed0d0', '9d171f9c-40ce-46d5-92c6-89524a56670a', 3, '{}', '84595096-c59e-4443-83f0-dc2751c33053');
INSERT INTO public.processoutputs (id, itemtypeid, quantity, meta, processid) VALUES ('00af6780-1240-4d94-ab4a-07e62a10e5c2', '3935523b-3e38-485b-935f-e790758ce36b', 1, '{}', 'c7c19b56-ff29-4a62-8e9d-a5c6dc4f0832');
INSERT INTO public.processoutputs (id, itemtypeid, quantity, meta, processid) VALUES ('f9b3e96b-00ca-4894-bf7a-e6cb963bfe85', '79c53950-624f-437b-b277-5007bf843a7a', 1, '{}', 'c7c19b56-ff29-4a62-8e9d-a5c6dc4f0832');
INSERT INTO public.processoutputs (id, itemtypeid, quantity, meta, processid) VALUES ('1e7109cb-743e-4443-b11f-86f6cd7832c4', 'ec13e9cd-cda3-4928-a519-2cf92f92ab59', 8, '{}', '6f28b143-e400-4e2f-87d5-d9541bee4a0d');
INSERT INTO public.processoutputs (id, itemtypeid, quantity, meta, processid) VALUES ('e54ac019-8e53-42d2-ae3c-450c115ac280', '3935523b-3e38-485b-935f-e790758ce36b', 1, '{}', 'dcd71c78-2031-42fc-9392-7cd848f8c5a4');
INSERT INTO public.processoutputs (id, itemtypeid, quantity, meta, processid) VALUES ('a46a8711-f279-48fe-ad91-4fc4e015c307', '6789f483-7a7c-49a1-a5a1-4509ecdeea5d', 2, '{}', 'dcd71c78-2031-42fc-9392-7cd848f8c5a4');
