-- kingdom

    -- containers
    INSERT INTO public.containers (id, meta, created) VALUES ('4cf50124-2a13-4530-a345-b3a647bd3997', '{}', '2022-09-10 18:51:25.748901-04');
    INSERT INTO public.containers (id, meta, created) VALUES ('a2c619f2-442f-4509-b32a-a2361e7ad419', '{}', '2022-09-10 18:51:25.755086-04');
    INSERT INTO public.containers (id, meta, created) VALUES ('d1b4fc41-3729-43e9-a990-a387f5cd84c9', '{}', '2022-09-10 18:51:25.756543-04');
    INSERT INTO public.containers (id, meta, created) VALUES ('350495f0-684e-44a2-b914-cf5b8ac33ec8', '{}', '2022-09-10 18:51:25.758004-04');
    INSERT INTO public.containers (id, meta, created) VALUES ('6a462423-c42d-4e80-8e0a-1737e392adba', '{}', '2022-09-10 18:51:25.782614-04');
    INSERT INTO public.containers (id, meta, created) VALUES ('32c93d7d-7a26-44f6-8883-b91631b73d28', '{}', '2022-09-10 18:51:25.786727-04');
    INSERT INTO public.containers (id, meta, created) VALUES ('8e5ba703-7cde-427d-84b2-cc02ce014606', '{}', '2022-09-10 18:51:25.788317-04');
    INSERT INTO public.containers (id, meta, created) VALUES ('5bbd992e-9a6e-4e18-9d2c-5120b605dfec', '{}', '2022-09-10 18:51:25.78975-04');
    INSERT INTO public.containers (id, meta, created) VALUES ('6adecda2-518a-4585-9716-0d8ae3210969', '{}', '2022-09-10 18:51:25.81416-04');
    INSERT INTO public.containers (id, meta, created) VALUES ('ffcce9c1-28a3-4aec-9cb6-bd7e8df625da', '{}', '2022-09-10 18:51:25.818849-04');
    INSERT INTO public.containers (id, meta, created) VALUES ('c4d20731-65c9-4bb0-8feb-3ae0bfcf025a', '{}', '2022-09-10 18:51:25.820857-04');
    INSERT INTO public.containers (id, meta, created) VALUES ('8314292a-1bc3-4e07-920d-98c2af2c776c', '{}', '2022-09-10 18:51:25.82275-04');
    INSERT INTO public.containers (id, meta, created) VALUES ('5f04d5bd-f3f8-4f04-acdf-4316d6921350', '{}', '2022-09-10 18:51:25.847699-04');
    INSERT INTO public.containers (id, meta, created) VALUES ('4385e93d-e580-46a9-90df-8a652ca347de', '{}', '2022-09-10 18:51:25.851839-04');
    INSERT INTO public.containers (id, meta, created) VALUES ('a64fd6ad-b637-4950-a6f3-6dfaeaf93901', '{}', '2022-09-10 18:51:25.85343-04');
    INSERT INTO public.containers (id, meta, created) VALUES ('64c59ae7-b527-4793-adbf-515b494ed56e', '{}', '2022-09-10 18:51:25.85501-04');
    INSERT INTO public.containers (id, meta, created) VALUES ('94879cbd-e45d-4a68-8af0-85aba7bdcab4', '{}', '2022-09-10 18:51:25.878102-04');
    INSERT INTO public.containers (id, meta, created) VALUES ('a4b04a61-5129-4aa7-a16a-9f399e10ac41', '{}', '2022-09-10 18:51:25.882289-04');
    INSERT INTO public.containers (id, meta, created) VALUES ('c04a8097-50ea-4cd3-95b3-15fd957130e9', '{}', '2022-09-10 18:51:25.883813-04');
    INSERT INTO public.containers (id, meta, created) VALUES ('20528f8d-485d-4c6f-bc1e-459935bb3b3c', '{}', '2022-09-10 18:51:25.88543-04');
    INSERT INTO public.containers (id, meta, created) VALUES ('0a34508c-a1b0-4491-8dfa-7d731a99d593', '{}', '2022-09-10 18:51:25.907163-04');
    INSERT INTO public.containers (id, meta, created) VALUES ('63d9a47c-6a5a-44e1-b439-a79512f4ec83', '{}', '2022-09-10 18:51:25.911181-04');
    INSERT INTO public.containers (id, meta, created) VALUES ('dc7cf520-2b47-4374-8473-05c18434844d', '{}', '2022-09-10 18:51:25.912951-04');
    INSERT INTO public.containers (id, meta, created) VALUES ('50836946-9a90-43b4-bb2a-56e8a4ae1e28', '{}', '2022-09-10 18:51:25.914525-04');
    INSERT INTO public.containers (id, meta, created) VALUES ('fadce8d0-160b-4079-b79a-9db61f759a76', '{}', '2022-09-10 18:51:25.937911-04');
    INSERT INTO public.containers (id, meta, created) VALUES ('fd1d25b6-8e2e-4c46-8cba-a5e2162e9357', '{}', '2022-09-10 18:51:25.941682-04');
    INSERT INTO public.containers (id, meta, created) VALUES ('9f0e244b-1b15-4b30-ae8d-0373c36d374f', '{}', '2022-09-10 18:51:25.943233-04');
    INSERT INTO public.containers (id, meta, created) VALUES ('e821c8a5-c6b8-4783-9545-4f62c31a18d0', '{}', '2022-09-10 18:51:25.944818-04');
    INSERT INTO public.containers (id, meta, created) VALUES ('73c4f9a4-d6d3-4a3a-a797-a2c34ea1f327', '{}', '2022-09-10 18:51:25.967643-04');
    INSERT INTO public.containers (id, meta, created) VALUES ('cc9675a5-6d6f-4223-b42c-cfec80741662', '{}', '2022-09-10 18:51:25.971994-04');
    INSERT INTO public.containers (id, meta, created) VALUES ('d90b5bec-a7e7-4336-a803-205ed82ae1e8', '{}', '2022-09-10 18:51:25.973551-04');
    INSERT INTO public.containers (id, meta, created) VALUES ('15b70d9c-efeb-4004-89c4-89f4decc8764', '{}', '2022-09-10 18:51:25.97502-04');

    -- users
    INSERT INTO public.users (id, charactername, hashpass, registered, banned, current_shipid, startid, escrow_containerid, current_factionid, reputationsheet, isnpc, behaviourmode, emailaddress, experiencesheet, registeredip, isdev) VALUES ('4f7952b8-c70d-4eb3-affb-d46f672b1a1f', 'Ambrose Ruell', 'ccc0752065570f22aad33a3c3a225f5552ff3e91cc671585b893664bc85f753b', '2022-09-10 18:51:25.751069-04', B'0', NULL, '51a06f05-4f4c-4a9e-8992-d8c13e478729', '4cf50124-2a13-4530-a345-b3a647bd3997', 'a0152cbb-8a78-45a4-ae9b-2ad2b60b583b', '{"factionEntries": {"27a53dfc-a321-4c12-bf7c-bb177955c95b": {"FactionID": "27a53dfc-a321-4c12-bf7c-bb177955c95b", "StandingValue": 5, "AreOpenlyHostile": false}, "30bc70eb-2692-47e6-a7e3-2772e131c3d7": {"FactionID": "30bc70eb-2692-47e6-a7e3-2772e131c3d7", "StandingValue": -3, "AreOpenlyHostile": true}, "506286f5-6613-4481-ac26-caa9940fbe68": {"FactionID": "506286f5-6613-4481-ac26-caa9940fbe68", "StandingValue": -0.5, "AreOpenlyHostile": false}, "559d7fc1-5470-4ab4-8c66-fa2f0b89a523": {"FactionID": "559d7fc1-5470-4ab4-8c66-fa2f0b89a523", "StandingValue": 0.5, "AreOpenlyHostile": false}, "5db2bec7-37c3-4f1c-ab88-21024c12d639": {"FactionID": "5db2bec7-37c3-4f1c-ab88-21024c12d639", "StandingValue": -4, "AreOpenlyHostile": true}, "7decfd86-9c82-4a17-af3b-5d4af8c4e2ad": {"FactionID": "7decfd86-9c82-4a17-af3b-5d4af8c4e2ad", "StandingValue": -0.5, "AreOpenlyHostile": false}, "a0152cbb-8a78-45a4-ae9b-2ad2b60b583b": {"FactionID": "a0152cbb-8a78-45a4-ae9b-2ad2b60b583b", "StandingValue": 10, "AreOpenlyHostile": false}, "b3d3fa9c-b21e-490f-b39e-128b3af12128": {"FactionID": "b3d3fa9c-b21e-490f-b39e-128b3af12128", "StandingValue": 0, "AreOpenlyHostile": false}, "bdeffd9a-3cab-408c-9cd7-32fce1124f7a": {"FactionID": "bdeffd9a-3cab-408c-9cd7-32fce1124f7a", "StandingValue": -5, "AreOpenlyHostile": true}}}', true, 2, NULL, '{}', '[::1]:34120', false);
    INSERT INTO public.users (id, charactername, hashpass, registered, banned, current_shipid, startid, escrow_containerid, current_factionid, reputationsheet, isnpc, behaviourmode, emailaddress, experiencesheet, registeredip, isdev) VALUES ('c3bd5e14-063c-48d4-89a4-ca79a8b99621', 'Hanley Larson', '1dcff9556488639cbfd0fafc2b98b2f5ffad9a0225f2abb919aa16a299d11116', '2022-09-10 18:51:25.784122-04', B'0', NULL, '51a06f05-4f4c-4a9e-8992-d8c13e478729', '6a462423-c42d-4e80-8e0a-1737e392adba', 'a0152cbb-8a78-45a4-ae9b-2ad2b60b583b', '{"factionEntries": {"27a53dfc-a321-4c12-bf7c-bb177955c95b": {"FactionID": "27a53dfc-a321-4c12-bf7c-bb177955c95b", "StandingValue": 5, "AreOpenlyHostile": false}, "30bc70eb-2692-47e6-a7e3-2772e131c3d7": {"FactionID": "30bc70eb-2692-47e6-a7e3-2772e131c3d7", "StandingValue": -3, "AreOpenlyHostile": true}, "506286f5-6613-4481-ac26-caa9940fbe68": {"FactionID": "506286f5-6613-4481-ac26-caa9940fbe68", "StandingValue": -0.5, "AreOpenlyHostile": false}, "559d7fc1-5470-4ab4-8c66-fa2f0b89a523": {"FactionID": "559d7fc1-5470-4ab4-8c66-fa2f0b89a523", "StandingValue": 0.5, "AreOpenlyHostile": false}, "5db2bec7-37c3-4f1c-ab88-21024c12d639": {"FactionID": "5db2bec7-37c3-4f1c-ab88-21024c12d639", "StandingValue": -4, "AreOpenlyHostile": true}, "7decfd86-9c82-4a17-af3b-5d4af8c4e2ad": {"FactionID": "7decfd86-9c82-4a17-af3b-5d4af8c4e2ad", "StandingValue": -0.5, "AreOpenlyHostile": false}, "a0152cbb-8a78-45a4-ae9b-2ad2b60b583b": {"FactionID": "a0152cbb-8a78-45a4-ae9b-2ad2b60b583b", "StandingValue": 10, "AreOpenlyHostile": false}, "b3d3fa9c-b21e-490f-b39e-128b3af12128": {"FactionID": "b3d3fa9c-b21e-490f-b39e-128b3af12128", "StandingValue": 0, "AreOpenlyHostile": false}, "bdeffd9a-3cab-408c-9cd7-32fce1124f7a": {"FactionID": "bdeffd9a-3cab-408c-9cd7-32fce1124f7a", "StandingValue": -5, "AreOpenlyHostile": true}}}', true, 2, NULL, '{}', '[::1]:34120', false);
    INSERT INTO public.users (id, charactername, hashpass, registered, banned, current_shipid, startid, escrow_containerid, current_factionid, reputationsheet, isnpc, behaviourmode, emailaddress, experiencesheet, registeredip, isdev) VALUES ('071429d7-8f89-497e-b27b-54f24583f602', 'Lazare Girard', '035200c5b189c04fdecc0d2e30395d2c4beacff13e5dc75c05339b4b0838cde2', '2022-09-10 18:51:25.816038-04', B'0', NULL, '51a06f05-4f4c-4a9e-8992-d8c13e478729', '6adecda2-518a-4585-9716-0d8ae3210969', 'a0152cbb-8a78-45a4-ae9b-2ad2b60b583b', '{"factionEntries": {"27a53dfc-a321-4c12-bf7c-bb177955c95b": {"FactionID": "27a53dfc-a321-4c12-bf7c-bb177955c95b", "StandingValue": 5, "AreOpenlyHostile": false}, "30bc70eb-2692-47e6-a7e3-2772e131c3d7": {"FactionID": "30bc70eb-2692-47e6-a7e3-2772e131c3d7", "StandingValue": -3, "AreOpenlyHostile": true}, "506286f5-6613-4481-ac26-caa9940fbe68": {"FactionID": "506286f5-6613-4481-ac26-caa9940fbe68", "StandingValue": -0.5, "AreOpenlyHostile": false}, "559d7fc1-5470-4ab4-8c66-fa2f0b89a523": {"FactionID": "559d7fc1-5470-4ab4-8c66-fa2f0b89a523", "StandingValue": 0.5, "AreOpenlyHostile": false}, "5db2bec7-37c3-4f1c-ab88-21024c12d639": {"FactionID": "5db2bec7-37c3-4f1c-ab88-21024c12d639", "StandingValue": -4, "AreOpenlyHostile": true}, "7decfd86-9c82-4a17-af3b-5d4af8c4e2ad": {"FactionID": "7decfd86-9c82-4a17-af3b-5d4af8c4e2ad", "StandingValue": -0.5, "AreOpenlyHostile": false}, "a0152cbb-8a78-45a4-ae9b-2ad2b60b583b": {"FactionID": "a0152cbb-8a78-45a4-ae9b-2ad2b60b583b", "StandingValue": 10, "AreOpenlyHostile": false}, "b3d3fa9c-b21e-490f-b39e-128b3af12128": {"FactionID": "b3d3fa9c-b21e-490f-b39e-128b3af12128", "StandingValue": 0, "AreOpenlyHostile": false}, "bdeffd9a-3cab-408c-9cd7-32fce1124f7a": {"FactionID": "bdeffd9a-3cab-408c-9cd7-32fce1124f7a", "StandingValue": -5, "AreOpenlyHostile": true}}}', true, 2, NULL, '{}', '[::1]:34120', false);
    INSERT INTO public.users (id, charactername, hashpass, registered, banned, current_shipid, startid, escrow_containerid, current_factionid, reputationsheet, isnpc, behaviourmode, emailaddress, experiencesheet, registeredip, isdev) VALUES ('53e464b9-89ba-4967-8374-aba09b3eeead', 'Jaleel Ayim', '4062f0a7a260663d52b19d5682890335235823727e174a4ed40821c59f5773e2', '2022-09-10 18:51:25.969507-04', B'0', NULL, '51a06f05-4f4c-4a9e-8992-d8c13e478729', '73c4f9a4-d6d3-4a3a-a797-a2c34ea1f327', 'a0152cbb-8a78-45a4-ae9b-2ad2b60b583b', '{"factionEntries": {"27a53dfc-a321-4c12-bf7c-bb177955c95b": {"FactionID": "27a53dfc-a321-4c12-bf7c-bb177955c95b", "StandingValue": 5, "AreOpenlyHostile": false}, "30bc70eb-2692-47e6-a7e3-2772e131c3d7": {"FactionID": "30bc70eb-2692-47e6-a7e3-2772e131c3d7", "StandingValue": -3, "AreOpenlyHostile": true}, "506286f5-6613-4481-ac26-caa9940fbe68": {"FactionID": "506286f5-6613-4481-ac26-caa9940fbe68", "StandingValue": -0.5, "AreOpenlyHostile": false}, "559d7fc1-5470-4ab4-8c66-fa2f0b89a523": {"FactionID": "559d7fc1-5470-4ab4-8c66-fa2f0b89a523", "StandingValue": 0.5, "AreOpenlyHostile": false}, "5db2bec7-37c3-4f1c-ab88-21024c12d639": {"FactionID": "5db2bec7-37c3-4f1c-ab88-21024c12d639", "StandingValue": -4, "AreOpenlyHostile": true}, "7decfd86-9c82-4a17-af3b-5d4af8c4e2ad": {"FactionID": "7decfd86-9c82-4a17-af3b-5d4af8c4e2ad", "StandingValue": -0.5, "AreOpenlyHostile": false}, "a0152cbb-8a78-45a4-ae9b-2ad2b60b583b": {"FactionID": "a0152cbb-8a78-45a4-ae9b-2ad2b60b583b", "StandingValue": 10, "AreOpenlyHostile": false}, "b3d3fa9c-b21e-490f-b39e-128b3af12128": {"FactionID": "b3d3fa9c-b21e-490f-b39e-128b3af12128", "StandingValue": 0, "AreOpenlyHostile": false}, "bdeffd9a-3cab-408c-9cd7-32fce1124f7a": {"FactionID": "bdeffd9a-3cab-408c-9cd7-32fce1124f7a", "StandingValue": -5, "AreOpenlyHostile": true}}}', true, 2, NULL, '{}', '[::1]:34120', false);
    INSERT INTO public.users (id, charactername, hashpass, registered, banned, current_shipid, startid, escrow_containerid, current_factionid, reputationsheet, isnpc, behaviourmode, emailaddress, experiencesheet, registeredip, isdev) VALUES ('e22ab6aa-bf75-43aa-ad99-d7d170acf3d5', 'Raoul Babin', '332457bf77c891cc2bd142f73e3afc8ed5b9235712989364af19f95f2e4db829', '2022-09-10 18:51:25.8493-04', B'0', NULL, '51a06f05-4f4c-4a9e-8992-d8c13e478729', '5f04d5bd-f3f8-4f04-acdf-4316d6921350', 'a0152cbb-8a78-45a4-ae9b-2ad2b60b583b', '{"factionEntries": {"27a53dfc-a321-4c12-bf7c-bb177955c95b": {"FactionID": "27a53dfc-a321-4c12-bf7c-bb177955c95b", "StandingValue": 5, "AreOpenlyHostile": false}, "30bc70eb-2692-47e6-a7e3-2772e131c3d7": {"FactionID": "30bc70eb-2692-47e6-a7e3-2772e131c3d7", "StandingValue": -3, "AreOpenlyHostile": true}, "506286f5-6613-4481-ac26-caa9940fbe68": {"FactionID": "506286f5-6613-4481-ac26-caa9940fbe68", "StandingValue": -0.5, "AreOpenlyHostile": false}, "559d7fc1-5470-4ab4-8c66-fa2f0b89a523": {"FactionID": "559d7fc1-5470-4ab4-8c66-fa2f0b89a523", "StandingValue": 0.5, "AreOpenlyHostile": false}, "5db2bec7-37c3-4f1c-ab88-21024c12d639": {"FactionID": "5db2bec7-37c3-4f1c-ab88-21024c12d639", "StandingValue": -4, "AreOpenlyHostile": true}, "7decfd86-9c82-4a17-af3b-5d4af8c4e2ad": {"FactionID": "7decfd86-9c82-4a17-af3b-5d4af8c4e2ad", "StandingValue": -0.5, "AreOpenlyHostile": false}, "a0152cbb-8a78-45a4-ae9b-2ad2b60b583b": {"FactionID": "a0152cbb-8a78-45a4-ae9b-2ad2b60b583b", "StandingValue": 10, "AreOpenlyHostile": false}, "b3d3fa9c-b21e-490f-b39e-128b3af12128": {"FactionID": "b3d3fa9c-b21e-490f-b39e-128b3af12128", "StandingValue": 0, "AreOpenlyHostile": false}, "bdeffd9a-3cab-408c-9cd7-32fce1124f7a": {"FactionID": "bdeffd9a-3cab-408c-9cd7-32fce1124f7a", "StandingValue": -5, "AreOpenlyHostile": true}}}', true, 2, NULL, '{}', '[::1]:34120', false);
    INSERT INTO public.users (id, charactername, hashpass, registered, banned, current_shipid, startid, escrow_containerid, current_factionid, reputationsheet, isnpc, behaviourmode, emailaddress, experiencesheet, registeredip, isdev) VALUES ('0a48553a-f3e3-40ba-ad39-243f0f6759da', 'Wi Yoon', 'a322f7a44c6ef943ecdf21820009b5ce0dc28adc2da6635786d8f7baf1eb4c35', '2022-09-10 18:51:25.879811-04', B'0', NULL, '51a06f05-4f4c-4a9e-8992-d8c13e478729', '94879cbd-e45d-4a68-8af0-85aba7bdcab4', 'a0152cbb-8a78-45a4-ae9b-2ad2b60b583b', '{"factionEntries": {"27a53dfc-a321-4c12-bf7c-bb177955c95b": {"FactionID": "27a53dfc-a321-4c12-bf7c-bb177955c95b", "StandingValue": 5, "AreOpenlyHostile": false}, "30bc70eb-2692-47e6-a7e3-2772e131c3d7": {"FactionID": "30bc70eb-2692-47e6-a7e3-2772e131c3d7", "StandingValue": -3, "AreOpenlyHostile": true}, "506286f5-6613-4481-ac26-caa9940fbe68": {"FactionID": "506286f5-6613-4481-ac26-caa9940fbe68", "StandingValue": -0.5, "AreOpenlyHostile": false}, "559d7fc1-5470-4ab4-8c66-fa2f0b89a523": {"FactionID": "559d7fc1-5470-4ab4-8c66-fa2f0b89a523", "StandingValue": 0.5, "AreOpenlyHostile": false}, "5db2bec7-37c3-4f1c-ab88-21024c12d639": {"FactionID": "5db2bec7-37c3-4f1c-ab88-21024c12d639", "StandingValue": -4, "AreOpenlyHostile": true}, "7decfd86-9c82-4a17-af3b-5d4af8c4e2ad": {"FactionID": "7decfd86-9c82-4a17-af3b-5d4af8c4e2ad", "StandingValue": -0.5, "AreOpenlyHostile": false}, "a0152cbb-8a78-45a4-ae9b-2ad2b60b583b": {"FactionID": "a0152cbb-8a78-45a4-ae9b-2ad2b60b583b", "StandingValue": 10, "AreOpenlyHostile": false}, "b3d3fa9c-b21e-490f-b39e-128b3af12128": {"FactionID": "b3d3fa9c-b21e-490f-b39e-128b3af12128", "StandingValue": 0, "AreOpenlyHostile": false}, "bdeffd9a-3cab-408c-9cd7-32fce1124f7a": {"FactionID": "bdeffd9a-3cab-408c-9cd7-32fce1124f7a", "StandingValue": -5, "AreOpenlyHostile": true}}}', true, 2, NULL, '{}', '[::1]:34120', false);
    INSERT INTO public.users (id, charactername, hashpass, registered, banned, current_shipid, startid, escrow_containerid, current_factionid, reputationsheet, isnpc, behaviourmode, emailaddress, experiencesheet, registeredip, isdev) VALUES ('8fa0cf5b-8b07-4e89-87eb-12395ddfaeed', 'Kar Jin-Kyong', '4b0ffd28ba3e89cc9663d20ba795e98689d9a443590c5521315760665d6cbe6b', '2022-09-10 18:51:25.908763-04', B'0', NULL, '51a06f05-4f4c-4a9e-8992-d8c13e478729', '0a34508c-a1b0-4491-8dfa-7d731a99d593', 'a0152cbb-8a78-45a4-ae9b-2ad2b60b583b', '{"factionEntries": {"27a53dfc-a321-4c12-bf7c-bb177955c95b": {"FactionID": "27a53dfc-a321-4c12-bf7c-bb177955c95b", "StandingValue": 5, "AreOpenlyHostile": false}, "30bc70eb-2692-47e6-a7e3-2772e131c3d7": {"FactionID": "30bc70eb-2692-47e6-a7e3-2772e131c3d7", "StandingValue": -3, "AreOpenlyHostile": true}, "506286f5-6613-4481-ac26-caa9940fbe68": {"FactionID": "506286f5-6613-4481-ac26-caa9940fbe68", "StandingValue": -0.5, "AreOpenlyHostile": false}, "559d7fc1-5470-4ab4-8c66-fa2f0b89a523": {"FactionID": "559d7fc1-5470-4ab4-8c66-fa2f0b89a523", "StandingValue": 0.5, "AreOpenlyHostile": false}, "5db2bec7-37c3-4f1c-ab88-21024c12d639": {"FactionID": "5db2bec7-37c3-4f1c-ab88-21024c12d639", "StandingValue": -4, "AreOpenlyHostile": true}, "7decfd86-9c82-4a17-af3b-5d4af8c4e2ad": {"FactionID": "7decfd86-9c82-4a17-af3b-5d4af8c4e2ad", "StandingValue": -0.5, "AreOpenlyHostile": false}, "a0152cbb-8a78-45a4-ae9b-2ad2b60b583b": {"FactionID": "a0152cbb-8a78-45a4-ae9b-2ad2b60b583b", "StandingValue": 10, "AreOpenlyHostile": false}, "b3d3fa9c-b21e-490f-b39e-128b3af12128": {"FactionID": "b3d3fa9c-b21e-490f-b39e-128b3af12128", "StandingValue": 0, "AreOpenlyHostile": false}, "bdeffd9a-3cab-408c-9cd7-32fce1124f7a": {"FactionID": "bdeffd9a-3cab-408c-9cd7-32fce1124f7a", "StandingValue": -5, "AreOpenlyHostile": true}}}', true, 2, NULL, '{}', '[::1]:34120', false);
    INSERT INTO public.users (id, charactername, hashpass, registered, banned, current_shipid, startid, escrow_containerid, current_factionid, reputationsheet, isnpc, behaviourmode, emailaddress, experiencesheet, registeredip, isdev) VALUES ('d01b9767-5fcb-46cc-828c-2acc80dec599', 'Tish Adesina', '4e63d5e9e903415f0f71eb4d61d356f2f871920abc41a2db1779430f522dbe13', '2022-09-10 18:51:25.939471-04', B'0', NULL, '51a06f05-4f4c-4a9e-8992-d8c13e478729', 'fadce8d0-160b-4079-b79a-9db61f759a76', 'a0152cbb-8a78-45a4-ae9b-2ad2b60b583b', '{"factionEntries": {"27a53dfc-a321-4c12-bf7c-bb177955c95b": {"FactionID": "27a53dfc-a321-4c12-bf7c-bb177955c95b", "StandingValue": 5, "AreOpenlyHostile": false}, "30bc70eb-2692-47e6-a7e3-2772e131c3d7": {"FactionID": "30bc70eb-2692-47e6-a7e3-2772e131c3d7", "StandingValue": -3, "AreOpenlyHostile": true}, "506286f5-6613-4481-ac26-caa9940fbe68": {"FactionID": "506286f5-6613-4481-ac26-caa9940fbe68", "StandingValue": -0.5, "AreOpenlyHostile": false}, "559d7fc1-5470-4ab4-8c66-fa2f0b89a523": {"FactionID": "559d7fc1-5470-4ab4-8c66-fa2f0b89a523", "StandingValue": 0.5, "AreOpenlyHostile": false}, "5db2bec7-37c3-4f1c-ab88-21024c12d639": {"FactionID": "5db2bec7-37c3-4f1c-ab88-21024c12d639", "StandingValue": -4, "AreOpenlyHostile": true}, "7decfd86-9c82-4a17-af3b-5d4af8c4e2ad": {"FactionID": "7decfd86-9c82-4a17-af3b-5d4af8c4e2ad", "StandingValue": -0.5, "AreOpenlyHostile": false}, "a0152cbb-8a78-45a4-ae9b-2ad2b60b583b": {"FactionID": "a0152cbb-8a78-45a4-ae9b-2ad2b60b583b", "StandingValue": 10, "AreOpenlyHostile": false}, "b3d3fa9c-b21e-490f-b39e-128b3af12128": {"FactionID": "b3d3fa9c-b21e-490f-b39e-128b3af12128", "StandingValue": 0, "AreOpenlyHostile": false}, "bdeffd9a-3cab-408c-9cd7-32fce1124f7a": {"FactionID": "bdeffd9a-3cab-408c-9cd7-32fce1124f7a", "StandingValue": -5, "AreOpenlyHostile": true}}}', true, 2, NULL, '{}', '[::1]:34120', false);

    -- ships
    INSERT INTO public.ships (id, universe_systemid, userid, pos_x, pos_y, created, shipname, texture, theta, vel_x, vel_y, shield, armor, hull, fuel, heat, energy, shiptemplateid, dockedat_stationid, fitting, destroyed, destroyedat, cargobay_containerid, fittingbay_containerid, remaxdirty, trash_containerid, wallet, noload, flightexperiencemodifier) VALUES ('1d3ef44d-9838-480b-921f-1abe2bed210a', '0074f593-df14-47c4-8971-336b81a86fb8', '4f7952b8-c70d-4eb3-affb-d46f672b1a1f', 0, 0, '2022-09-10 18:51:25.775479-04', 'Ambrose Ruell''s Starter Ship', 'Sparrow', 0, 0, 0, 209, 169, 135, 265, 0, 138, '8d9e032c-d9b1-4a36-8bbf-1448fa60a09a', 'ab91015b-fb32-47fd-bf38-d15af5933bab', '{"a_rack": [{"item_id": "f1c878ed-b72e-44bc-94e7-00936c904a1f", "slot_idx": 0, "item_type_id": "9bb00839-95f2-4d7c-a7c9-eef60e05fa97"}, {"item_id": "e063ff52-5e04-42ed-9670-f5b3be355209", "slot_idx": 1, "item_type_id": "9bb00839-95f2-4d7c-a7c9-eef60e05fa97"}, {"item_id": "5560eb53-2eeb-4e0a-aff2-ee65b521e877", "slot_idx": 2, "item_type_id": "6a65c92d-3277-4496-a494-7092f0054bdb"}], "b_rack": [{"item_id": "06ddd20d-abc6-45ee-a22c-139db8be90f0", "slot_idx": 0, "item_type_id": "5c40d8ec-a269-4ae5-912f-1678b6c202a5"}, {"item_id": "085ca647-4234-4e68-a54b-72d376e8e775", "slot_idx": 1, "item_type_id": "5c40d8ec-a269-4ae5-912f-1678b6c202a5"}], "c_rack": [{"item_id": "e852ff8b-c9c2-470f-acd1-ae6f48495c35", "slot_idx": 0, "item_type_id": "993bc7c8-fb2a-423f-8000-39c7fb6be743"}, {"item_id": "f809ba7a-6252-4f3d-81c6-7bec5c179da4", "slot_idx": 1, "item_type_id": "993bc7c8-fb2a-423f-8000-39c7fb6be743"}]}', false, NULL, 'd1b4fc41-3729-43e9-a990-a387f5cd84c9', '350495f0-684e-44a2-b914-cf5b8ac33ec8', true, 'a2c619f2-442f-4509-b32a-a2361e7ad419', 10000, false, 1);
    INSERT INTO public.ships (id, universe_systemid, userid, pos_x, pos_y, created, shipname, texture, theta, vel_x, vel_y, shield, armor, hull, fuel, heat, energy, shiptemplateid, dockedat_stationid, fitting, destroyed, destroyedat, cargobay_containerid, fittingbay_containerid, remaxdirty, trash_containerid, wallet, noload, flightexperiencemodifier) VALUES ('7d14cf5d-ccdb-421c-8b2e-ebb18bf3e3ac', '0074f593-df14-47c4-8971-336b81a86fb8', 'c3bd5e14-063c-48d4-89a4-ca79a8b99621', 0, 0, '2022-09-10 18:51:25.806005-04', 'Hanley Larson''s Starter Ship', 'Sparrow', 0, 0, 0, 209, 169, 135, 265, 0, 138, '8d9e032c-d9b1-4a36-8bbf-1448fa60a09a', 'ab91015b-fb32-47fd-bf38-d15af5933bab', '{"a_rack": [{"item_id": "517a37c2-f5e1-4ad0-a7dc-dad57be549dc", "slot_idx": 0, "item_type_id": "9bb00839-95f2-4d7c-a7c9-eef60e05fa97"}, {"item_id": "4858ac84-a7bb-486c-a990-f839b158e8f6", "slot_idx": 1, "item_type_id": "9bb00839-95f2-4d7c-a7c9-eef60e05fa97"}, {"item_id": "781b16f6-d6a0-4d8a-b38d-fe57800b996e", "slot_idx": 2, "item_type_id": "6a65c92d-3277-4496-a494-7092f0054bdb"}], "b_rack": [{"item_id": "5f1dc186-f98f-413a-9258-f4996ca3de54", "slot_idx": 0, "item_type_id": "5c40d8ec-a269-4ae5-912f-1678b6c202a5"}, {"item_id": "4ffcd4a1-8205-48c9-a772-eb819ca015bc", "slot_idx": 1, "item_type_id": "5c40d8ec-a269-4ae5-912f-1678b6c202a5"}], "c_rack": [{"item_id": "86f32b68-c68a-43e1-9277-3bec30f93ab5", "slot_idx": 0, "item_type_id": "993bc7c8-fb2a-423f-8000-39c7fb6be743"}, {"item_id": "c565e201-8009-40ea-87fb-cec3699be933", "slot_idx": 1, "item_type_id": "993bc7c8-fb2a-423f-8000-39c7fb6be743"}]}', false, NULL, '8e5ba703-7cde-427d-84b2-cc02ce014606', '5bbd992e-9a6e-4e18-9d2c-5120b605dfec', true, '32c93d7d-7a26-44f6-8883-b91631b73d28', 10000, false, 1);
    INSERT INTO public.ships (id, universe_systemid, userid, pos_x, pos_y, created, shipname, texture, theta, vel_x, vel_y, shield, armor, hull, fuel, heat, energy, shiptemplateid, dockedat_stationid, fitting, destroyed, destroyedat, cargobay_containerid, fittingbay_containerid, remaxdirty, trash_containerid, wallet, noload, flightexperiencemodifier) VALUES ('09c6eb8c-d839-4cc4-984d-2a50c009749b', '0074f593-df14-47c4-8971-336b81a86fb8', '071429d7-8f89-497e-b27b-54f24583f602', 0, 0, '2022-09-10 18:51:25.840914-04', 'Lazare Girard''s Starter Ship', 'Sparrow', 0, 0, 0, 209, 169, 135, 265, 0, 138, '8d9e032c-d9b1-4a36-8bbf-1448fa60a09a', 'ab91015b-fb32-47fd-bf38-d15af5933bab', '{"a_rack": [{"item_id": "ea97db79-181b-4719-aebf-6d3230a7e1a0", "slot_idx": 0, "item_type_id": "9bb00839-95f2-4d7c-a7c9-eef60e05fa97"}, {"item_id": "8dd0366c-e257-41a6-9d44-855f83ee4d8b", "slot_idx": 1, "item_type_id": "9bb00839-95f2-4d7c-a7c9-eef60e05fa97"}, {"item_id": "6da55a91-5f75-45e5-911a-a6339afaf057", "slot_idx": 2, "item_type_id": "6a65c92d-3277-4496-a494-7092f0054bdb"}], "b_rack": [{"item_id": "af26c83d-fe76-4e1e-80eb-3d1228e4e537", "slot_idx": 0, "item_type_id": "5c40d8ec-a269-4ae5-912f-1678b6c202a5"}, {"item_id": "c51ccb56-14e8-40e4-9cd3-2ff741805482", "slot_idx": 1, "item_type_id": "5c40d8ec-a269-4ae5-912f-1678b6c202a5"}], "c_rack": [{"item_id": "0453a948-acf2-4514-9046-c3f665fa8ad5", "slot_idx": 0, "item_type_id": "993bc7c8-fb2a-423f-8000-39c7fb6be743"}, {"item_id": "095bb0e0-a6c8-492c-aff0-fa80e218c53f", "slot_idx": 1, "item_type_id": "993bc7c8-fb2a-423f-8000-39c7fb6be743"}]}', false, NULL, 'c4d20731-65c9-4bb0-8feb-3ae0bfcf025a', '8314292a-1bc3-4e07-920d-98c2af2c776c', true, 'ffcce9c1-28a3-4aec-9cb6-bd7e8df625da', 10000, false, 1);
    INSERT INTO public.ships (id, universe_systemid, userid, pos_x, pos_y, created, shipname, texture, theta, vel_x, vel_y, shield, armor, hull, fuel, heat, energy, shiptemplateid, dockedat_stationid, fitting, destroyed, destroyedat, cargobay_containerid, fittingbay_containerid, remaxdirty, trash_containerid, wallet, noload, flightexperiencemodifier) VALUES ('db3eb303-965b-45b5-b897-f0d8dc2fd96b', '0074f593-df14-47c4-8971-336b81a86fb8', 'e22ab6aa-bf75-43aa-ad99-d7d170acf3d5', 0, 0, '2022-09-10 18:51:25.872243-04', 'Raoul Babin''s Starter Ship', 'Sparrow', 0, 0, 0, 209, 169, 135, 265, 0, 138, '8d9e032c-d9b1-4a36-8bbf-1448fa60a09a', 'ab91015b-fb32-47fd-bf38-d15af5933bab', '{"a_rack": [{"item_id": "f84d71db-6202-48c9-ba56-89bcb1ef8993", "slot_idx": 0, "item_type_id": "9bb00839-95f2-4d7c-a7c9-eef60e05fa97"}, {"item_id": "6ee4a71c-813a-40f5-b34a-91467554c591", "slot_idx": 1, "item_type_id": "9bb00839-95f2-4d7c-a7c9-eef60e05fa97"}, {"item_id": "ba3c61db-f5e5-4730-810f-daf25579b811", "slot_idx": 2, "item_type_id": "6a65c92d-3277-4496-a494-7092f0054bdb"}], "b_rack": [{"item_id": "40d9d43f-b4a9-4243-87a1-6b835590f99f", "slot_idx": 0, "item_type_id": "5c40d8ec-a269-4ae5-912f-1678b6c202a5"}, {"item_id": "89f0fdd2-b676-460c-98e2-52110ea87432", "slot_idx": 1, "item_type_id": "5c40d8ec-a269-4ae5-912f-1678b6c202a5"}], "c_rack": [{"item_id": "1c66df5f-d972-41e8-8697-5ff023e1cbc2", "slot_idx": 0, "item_type_id": "993bc7c8-fb2a-423f-8000-39c7fb6be743"}, {"item_id": "199d83fd-005a-40d1-82c3-3a8b679d4305", "slot_idx": 1, "item_type_id": "993bc7c8-fb2a-423f-8000-39c7fb6be743"}]}', false, NULL, 'a64fd6ad-b637-4950-a6f3-6dfaeaf93901', '64c59ae7-b527-4793-adbf-515b494ed56e', true, '4385e93d-e580-46a9-90df-8a652ca347de', 10000, false, 1);
    INSERT INTO public.ships (id, universe_systemid, userid, pos_x, pos_y, created, shipname, texture, theta, vel_x, vel_y, shield, armor, hull, fuel, heat, energy, shiptemplateid, dockedat_stationid, fitting, destroyed, destroyedat, cargobay_containerid, fittingbay_containerid, remaxdirty, trash_containerid, wallet, noload, flightexperiencemodifier) VALUES ('b0ac8b07-a3c7-407a-a3e4-bcaec86ca17f', '0074f593-df14-47c4-8971-336b81a86fb8', '0a48553a-f3e3-40ba-ad39-243f0f6759da', 0, 0, '2022-09-10 18:51:25.901174-04', 'Wi Yoon''s Starter Ship', 'Sparrow', 0, 0, 0, 209, 169, 135, 265, 0, 138, '8d9e032c-d9b1-4a36-8bbf-1448fa60a09a', 'ab91015b-fb32-47fd-bf38-d15af5933bab', '{"a_rack": [{"item_id": "148c11cb-9761-468e-8c60-b981b8229556", "slot_idx": 0, "item_type_id": "9bb00839-95f2-4d7c-a7c9-eef60e05fa97"}, {"item_id": "a38230a3-e9c3-410e-bf22-36b3458aacfa", "slot_idx": 1, "item_type_id": "9bb00839-95f2-4d7c-a7c9-eef60e05fa97"}, {"item_id": "f5219c02-80eb-4569-953f-010fe56d5415", "slot_idx": 2, "item_type_id": "6a65c92d-3277-4496-a494-7092f0054bdb"}], "b_rack": [{"item_id": "9f2cdc19-8f52-4196-8e04-fefc3fdd5d8b", "slot_idx": 0, "item_type_id": "5c40d8ec-a269-4ae5-912f-1678b6c202a5"}, {"item_id": "416b1b40-09a3-4326-a70e-5add940af6a0", "slot_idx": 1, "item_type_id": "5c40d8ec-a269-4ae5-912f-1678b6c202a5"}], "c_rack": [{"item_id": "2ec433ac-9249-4278-b5d8-c159e1ed4b1c", "slot_idx": 0, "item_type_id": "993bc7c8-fb2a-423f-8000-39c7fb6be743"}, {"item_id": "e4d2e483-3fae-43ae-84dd-2226b5bd3290", "slot_idx": 1, "item_type_id": "993bc7c8-fb2a-423f-8000-39c7fb6be743"}]}', false, NULL, 'c04a8097-50ea-4cd3-95b3-15fd957130e9', '20528f8d-485d-4c6f-bc1e-459935bb3b3c', true, 'a4b04a61-5129-4aa7-a16a-9f399e10ac41', 10000, false, 1);
    INSERT INTO public.ships (id, universe_systemid, userid, pos_x, pos_y, created, shipname, texture, theta, vel_x, vel_y, shield, armor, hull, fuel, heat, energy, shiptemplateid, dockedat_stationid, fitting, destroyed, destroyedat, cargobay_containerid, fittingbay_containerid, remaxdirty, trash_containerid, wallet, noload, flightexperiencemodifier) VALUES ('627a5065-6236-4263-855f-13136cb4e392', '0074f593-df14-47c4-8971-336b81a86fb8', '8fa0cf5b-8b07-4e89-87eb-12395ddfaeed', 0, 0, '2022-09-10 18:51:25.93204-04', 'Kar Jin-Kyong''s Starter Ship', 'Sparrow', 0, 0, 0, 209, 169, 135, 265, 0, 138, '8d9e032c-d9b1-4a36-8bbf-1448fa60a09a', 'ab91015b-fb32-47fd-bf38-d15af5933bab', '{"a_rack": [{"item_id": "1f5ebb7f-3079-4ba1-9251-017cb4dcee5c", "slot_idx": 0, "item_type_id": "9bb00839-95f2-4d7c-a7c9-eef60e05fa97"}, {"item_id": "d86e580a-fb5c-484b-8281-41c55d5ec14a", "slot_idx": 1, "item_type_id": "9bb00839-95f2-4d7c-a7c9-eef60e05fa97"}, {"item_id": "8531ec3e-7851-4e21-8c1a-996faeb0c868", "slot_idx": 2, "item_type_id": "6a65c92d-3277-4496-a494-7092f0054bdb"}], "b_rack": [{"item_id": "7b9224b4-e415-4e17-b7a2-6d6f80f1c9bc", "slot_idx": 0, "item_type_id": "5c40d8ec-a269-4ae5-912f-1678b6c202a5"}, {"item_id": "d58fe71f-344f-4f9a-a90c-4ba21f4a01b6", "slot_idx": 1, "item_type_id": "5c40d8ec-a269-4ae5-912f-1678b6c202a5"}], "c_rack": [{"item_id": "d1e4992d-fe14-4e86-80d1-17ed165a35e3", "slot_idx": 0, "item_type_id": "993bc7c8-fb2a-423f-8000-39c7fb6be743"}, {"item_id": "6d23b675-f6b4-418f-9c78-16ccc43c2ea1", "slot_idx": 1, "item_type_id": "993bc7c8-fb2a-423f-8000-39c7fb6be743"}]}', false, NULL, 'dc7cf520-2b47-4374-8473-05c18434844d', '50836946-9a90-43b4-bb2a-56e8a4ae1e28', true, '63d9a47c-6a5a-44e1-b439-a79512f4ec83', 10000, false, 1);
    INSERT INTO public.ships (id, universe_systemid, userid, pos_x, pos_y, created, shipname, texture, theta, vel_x, vel_y, shield, armor, hull, fuel, heat, energy, shiptemplateid, dockedat_stationid, fitting, destroyed, destroyedat, cargobay_containerid, fittingbay_containerid, remaxdirty, trash_containerid, wallet, noload, flightexperiencemodifier) VALUES ('2f7e45cc-97d9-4d60-b5e2-8208eedeb2ba', '0074f593-df14-47c4-8971-336b81a86fb8', 'd01b9767-5fcb-46cc-828c-2acc80dec599', 0, 0, '2022-09-10 18:51:25.959919-04', 'Tish Adesina''s Starter Ship', 'Sparrow', 0, 0, 0, 209, 169, 135, 265, 0, 138, '8d9e032c-d9b1-4a36-8bbf-1448fa60a09a', 'ab91015b-fb32-47fd-bf38-d15af5933bab', '{"a_rack": [{"item_id": "c95c5a7c-593e-48f8-880d-22d66ff397ee", "slot_idx": 0, "item_type_id": "9bb00839-95f2-4d7c-a7c9-eef60e05fa97"}, {"item_id": "57d3e5d9-5daf-4f9a-b9f0-7dad04553085", "slot_idx": 1, "item_type_id": "9bb00839-95f2-4d7c-a7c9-eef60e05fa97"}, {"item_id": "95d24f6a-43d7-4be7-97ca-51407d392cc3", "slot_idx": 2, "item_type_id": "6a65c92d-3277-4496-a494-7092f0054bdb"}], "b_rack": [{"item_id": "8480063f-97ed-45e6-b090-601fcdf13e10", "slot_idx": 0, "item_type_id": "5c40d8ec-a269-4ae5-912f-1678b6c202a5"}, {"item_id": "af44cbd1-61c9-45d8-8940-3f9fa06a88fc", "slot_idx": 1, "item_type_id": "5c40d8ec-a269-4ae5-912f-1678b6c202a5"}], "c_rack": [{"item_id": "c92926a4-1f2e-4261-9aff-d741796552aa", "slot_idx": 0, "item_type_id": "993bc7c8-fb2a-423f-8000-39c7fb6be743"}, {"item_id": "2e7a66aa-40a0-465c-a7c6-f2a2803a3dde", "slot_idx": 1, "item_type_id": "993bc7c8-fb2a-423f-8000-39c7fb6be743"}]}', false, NULL, '9f0e244b-1b15-4b30-ae8d-0373c36d374f', 'e821c8a5-c6b8-4783-9545-4f62c31a18d0', true, 'fd1d25b6-8e2e-4c46-8cba-a5e2162e9357', 10000, false, 1);
    INSERT INTO public.ships (id, universe_systemid, userid, pos_x, pos_y, created, shipname, texture, theta, vel_x, vel_y, shield, armor, hull, fuel, heat, energy, shiptemplateid, dockedat_stationid, fitting, destroyed, destroyedat, cargobay_containerid, fittingbay_containerid, remaxdirty, trash_containerid, wallet, noload, flightexperiencemodifier) VALUES ('9d1df4a6-f48d-4436-9a98-17f3b08729b5', '0074f593-df14-47c4-8971-336b81a86fb8', '53e464b9-89ba-4967-8374-aba09b3eeead', 0, 0, '2022-09-10 18:51:25.990263-04', 'Jaleel Ayim''s Starter Ship', 'Sparrow', 0, 0, 0, 209, 169, 135, 265, 0, 138, '8d9e032c-d9b1-4a36-8bbf-1448fa60a09a', 'ab91015b-fb32-47fd-bf38-d15af5933bab', '{"a_rack": [{"item_id": "c1c8989c-3e18-4cf7-b5ee-b6caaccab090", "slot_idx": 0, "item_type_id": "9bb00839-95f2-4d7c-a7c9-eef60e05fa97"}, {"item_id": "5a7c9c4b-7366-4c13-a770-c9d9f3a2a9fb", "slot_idx": 1, "item_type_id": "9bb00839-95f2-4d7c-a7c9-eef60e05fa97"}, {"item_id": "08f3c712-bac3-4d41-a3c2-6ef91221d1b8", "slot_idx": 2, "item_type_id": "6a65c92d-3277-4496-a494-7092f0054bdb"}], "b_rack": [{"item_id": "92ac3026-7372-4e65-b790-60e3208ac945", "slot_idx": 0, "item_type_id": "5c40d8ec-a269-4ae5-912f-1678b6c202a5"}, {"item_id": "39d01adf-222b-4834-b36c-3864ebd2690d", "slot_idx": 1, "item_type_id": "5c40d8ec-a269-4ae5-912f-1678b6c202a5"}], "c_rack": [{"item_id": "4ac935b1-8eee-4d43-b184-c093a42ce1e8", "slot_idx": 0, "item_type_id": "993bc7c8-fb2a-423f-8000-39c7fb6be743"}, {"item_id": "bbc10246-79a7-453d-bc82-27be64be308f", "slot_idx": 1, "item_type_id": "993bc7c8-fb2a-423f-8000-39c7fb6be743"}]}', false, NULL, 'd90b5bec-a7e7-4336-a803-205ed82ae1e8', '15b70d9c-efeb-4004-89c4-89f4decc8764', true, 'cc9675a5-6d6f-4223-b42c-cfec80741662', 10000, false, 1);

    -- items
    INSERT INTO public.items (id, itemtypeid, meta, created, createdby, createdreason, containerid, quantity, ispackaged) VALUES ('f1c878ed-b72e-44bc-94e7-00936c904a1f', '9bb00839-95f2-4d7c-a7c9-eef60e05fa97', '{"hp": 10, "rack": "a", "range": 3592, "volume": 6, "falloff": "linear", "cooldown": 8.5, "tracking": 97.3, "hull_damage": 315, "armor_damage": 230, "can_mine_gas": false, "can_mine_ice": false, "can_mine_ore": false, "needs_target": true, "shield_damage": 155, "activation_heat": 11.4, "ammunition_name": "Light Gauss Shell", "ammunition_type": "33f86ee2-4c16-400e-82ad-38796bea0017", "industrialmarket": {"maxprice": 4142, "minprice": 2051, "silosize": 1000}, "activation_energy": 3.2, "ore_mining_volume": 0, "activation_gfx_effect": "basic_gauss_rifle"}', '2022-09-10 18:51:25.760953-04', '4f7952b8-c70d-4eb3-affb-d46f672b1a1f', 'Module for new noob ship for player', '350495f0-684e-44a2-b914-cf5b8ac33ec8', 1, false);
    INSERT INTO public.items (id, itemtypeid, meta, created, createdby, createdreason, containerid, quantity, ispackaged) VALUES ('e063ff52-5e04-42ed-9670-f5b3be355209', '9bb00839-95f2-4d7c-a7c9-eef60e05fa97', '{"hp": 10, "rack": "a", "range": 3592, "volume": 6, "falloff": "linear", "cooldown": 8.5, "tracking": 97.3, "hull_damage": 315, "armor_damage": 230, "can_mine_gas": false, "can_mine_ice": false, "can_mine_ore": false, "needs_target": true, "shield_damage": 155, "activation_heat": 11.4, "ammunition_name": "Light Gauss Shell", "ammunition_type": "33f86ee2-4c16-400e-82ad-38796bea0017", "industrialmarket": {"maxprice": 4142, "minprice": 2051, "silosize": 1000}, "activation_energy": 3.2, "ore_mining_volume": 0, "activation_gfx_effect": "basic_gauss_rifle"}', '2022-09-10 18:51:25.76328-04', '4f7952b8-c70d-4eb3-affb-d46f672b1a1f', 'Module for new noob ship for player', '350495f0-684e-44a2-b914-cf5b8ac33ec8', 1, false);
    INSERT INTO public.items (id, itemtypeid, meta, created, createdby, createdreason, containerid, quantity, ispackaged) VALUES ('5560eb53-2eeb-4e0a-aff2-ee65b521e877', '6a65c92d-3277-4496-a494-7092f0054bdb', '{"hp": 5, "rack": "a", "volume": 8, "cooldown": 33.2, "activation_heat": 13.2, "industrialmarket": {"maxprice": 8025, "minprice": 4129, "silosize": 1000}, "activation_energy": 115}', '2022-09-10 18:51:25.765628-04', '4f7952b8-c70d-4eb3-affb-d46f672b1a1f', 'Module for new noob ship for player', '350495f0-684e-44a2-b914-cf5b8ac33ec8', 1, false);
    INSERT INTO public.items (id, itemtypeid, meta, created, createdby, createdreason, containerid, quantity, ispackaged) VALUES ('06ddd20d-abc6-45ee-a22c-139db8be90f0', '5c40d8ec-a269-4ae5-912f-1678b6c202a5', '{"hp": 3, "rack": "b", "range": 7250, "volume": 5, "falloff": "reverse_linear", "cooldown": 37.5, "tracking": 325, "signal_flux": 10, "signal_gain": 25, "needs_target": true, "activation_heat": 6.5, "industrialmarket": {"maxprice": 8212, "minprice": 6798, "silosize": 500}, "activation_energy": 17}', '2022-09-10 18:51:25.767368-04', '4f7952b8-c70d-4eb3-affb-d46f672b1a1f', 'Module for new noob ship for player', '350495f0-684e-44a2-b914-cf5b8ac33ec8', 1, false);
    INSERT INTO public.items (id, itemtypeid, meta, created, createdby, createdreason, containerid, quantity, ispackaged) VALUES ('085ca647-4234-4e68-a54b-72d376e8e775', '5c40d8ec-a269-4ae5-912f-1678b6c202a5', '{"hp": 3, "rack": "b", "range": 7250, "volume": 5, "falloff": "reverse_linear", "cooldown": 37.5, "tracking": 325, "signal_flux": 10, "signal_gain": 25, "needs_target": true, "activation_heat": 6.5, "industrialmarket": {"maxprice": 8212, "minprice": 6798, "silosize": 500}, "activation_energy": 17}', '2022-09-10 18:51:25.769508-04', '4f7952b8-c70d-4eb3-affb-d46f672b1a1f', 'Module for new noob ship for player', '350495f0-684e-44a2-b914-cf5b8ac33ec8', 1, false);
    INSERT INTO public.items (id, itemtypeid, meta, created, createdby, createdreason, containerid, quantity, ispackaged) VALUES ('e852ff8b-c9c2-470f-acd1-ae6f48495c35', '993bc7c8-fb2a-423f-8000-39c7fb6be743', '{"hp": 8, "rack": "c", "volume": 6, "energy_max_add": 62, "industrialmarket": {"maxprice": 1237, "minprice": 904, "silosize": 1000}}', '2022-09-10 18:51:25.771865-04', '4f7952b8-c70d-4eb3-affb-d46f672b1a1f', 'Module for new noob ship for player', '350495f0-684e-44a2-b914-cf5b8ac33ec8', 1, false);
    INSERT INTO public.items (id, itemtypeid, meta, created, createdby, createdreason, containerid, quantity, ispackaged) VALUES ('f809ba7a-6252-4f3d-81c6-7bec5c179da4', '993bc7c8-fb2a-423f-8000-39c7fb6be743', '{"hp": 8, "rack": "c", "volume": 6, "energy_max_add": 62, "industrialmarket": {"maxprice": 1237, "minprice": 904, "silosize": 1000}}', '2022-09-10 18:51:25.773848-04', '4f7952b8-c70d-4eb3-affb-d46f672b1a1f', 'Module for new noob ship for player', '350495f0-684e-44a2-b914-cf5b8ac33ec8', 1, false);
    INSERT INTO public.items (id, itemtypeid, meta, created, createdby, createdreason, containerid, quantity, ispackaged) VALUES ('517a37c2-f5e1-4ad0-a7dc-dad57be549dc', '9bb00839-95f2-4d7c-a7c9-eef60e05fa97', '{"hp": 10, "rack": "a", "range": 3592, "volume": 6, "falloff": "linear", "cooldown": 8.5, "tracking": 97.3, "hull_damage": 315, "armor_damage": 230, "can_mine_gas": false, "can_mine_ice": false, "can_mine_ore": false, "needs_target": true, "shield_damage": 155, "activation_heat": 11.4, "ammunition_name": "Light Gauss Shell", "ammunition_type": "33f86ee2-4c16-400e-82ad-38796bea0017", "industrialmarket": {"maxprice": 4142, "minprice": 2051, "silosize": 1000}, "activation_energy": 3.2, "ore_mining_volume": 0, "activation_gfx_effect": "basic_gauss_rifle"}', '2022-09-10 18:51:25.791513-04', 'c3bd5e14-063c-48d4-89a4-ca79a8b99621', 'Module for new noob ship for player', '5bbd992e-9a6e-4e18-9d2c-5120b605dfec', 1, false);
    INSERT INTO public.items (id, itemtypeid, meta, created, createdby, createdreason, containerid, quantity, ispackaged) VALUES ('4858ac84-a7bb-486c-a990-f839b158e8f6', '9bb00839-95f2-4d7c-a7c9-eef60e05fa97', '{"hp": 10, "rack": "a", "range": 3592, "volume": 6, "falloff": "linear", "cooldown": 8.5, "tracking": 97.3, "hull_damage": 315, "armor_damage": 230, "can_mine_gas": false, "can_mine_ice": false, "can_mine_ore": false, "needs_target": true, "shield_damage": 155, "activation_heat": 11.4, "ammunition_name": "Light Gauss Shell", "ammunition_type": "33f86ee2-4c16-400e-82ad-38796bea0017", "industrialmarket": {"maxprice": 4142, "minprice": 2051, "silosize": 1000}, "activation_energy": 3.2, "ore_mining_volume": 0, "activation_gfx_effect": "basic_gauss_rifle"}', '2022-09-10 18:51:25.793597-04', 'c3bd5e14-063c-48d4-89a4-ca79a8b99621', 'Module for new noob ship for player', '5bbd992e-9a6e-4e18-9d2c-5120b605dfec', 1, false);
    INSERT INTO public.items (id, itemtypeid, meta, created, createdby, createdreason, containerid, quantity, ispackaged) VALUES ('781b16f6-d6a0-4d8a-b38d-fe57800b996e', '6a65c92d-3277-4496-a494-7092f0054bdb', '{"hp": 5, "rack": "a", "volume": 8, "cooldown": 33.2, "activation_heat": 13.2, "industrialmarket": {"maxprice": 8025, "minprice": 4129, "silosize": 1000}, "activation_energy": 115}', '2022-09-10 18:51:25.795861-04', 'c3bd5e14-063c-48d4-89a4-ca79a8b99621', 'Module for new noob ship for player', '5bbd992e-9a6e-4e18-9d2c-5120b605dfec', 1, false);
    INSERT INTO public.items (id, itemtypeid, meta, created, createdby, createdreason, containerid, quantity, ispackaged) VALUES ('5f1dc186-f98f-413a-9258-f4996ca3de54', '5c40d8ec-a269-4ae5-912f-1678b6c202a5', '{"hp": 3, "rack": "b", "range": 7250, "volume": 5, "falloff": "reverse_linear", "cooldown": 37.5, "tracking": 325, "signal_flux": 10, "signal_gain": 25, "needs_target": true, "activation_heat": 6.5, "industrialmarket": {"maxprice": 8212, "minprice": 6798, "silosize": 500}, "activation_energy": 17}', '2022-09-10 18:51:25.797871-04', 'c3bd5e14-063c-48d4-89a4-ca79a8b99621', 'Module for new noob ship for player', '5bbd992e-9a6e-4e18-9d2c-5120b605dfec', 1, false);
    INSERT INTO public.items (id, itemtypeid, meta, created, createdby, createdreason, containerid, quantity, ispackaged) VALUES ('4ffcd4a1-8205-48c9-a772-eb819ca015bc', '5c40d8ec-a269-4ae5-912f-1678b6c202a5', '{"hp": 3, "rack": "b", "range": 7250, "volume": 5, "falloff": "reverse_linear", "cooldown": 37.5, "tracking": 325, "signal_flux": 10, "signal_gain": 25, "needs_target": true, "activation_heat": 6.5, "industrialmarket": {"maxprice": 8212, "minprice": 6798, "silosize": 500}, "activation_energy": 17}', '2022-09-10 18:51:25.799696-04', 'c3bd5e14-063c-48d4-89a4-ca79a8b99621', 'Module for new noob ship for player', '5bbd992e-9a6e-4e18-9d2c-5120b605dfec', 1, false);
    INSERT INTO public.items (id, itemtypeid, meta, created, createdby, createdreason, containerid, quantity, ispackaged) VALUES ('86f32b68-c68a-43e1-9277-3bec30f93ab5', '993bc7c8-fb2a-423f-8000-39c7fb6be743', '{"hp": 8, "rack": "c", "volume": 6, "energy_max_add": 62, "industrialmarket": {"maxprice": 1237, "minprice": 904, "silosize": 1000}}', '2022-09-10 18:51:25.801675-04', 'c3bd5e14-063c-48d4-89a4-ca79a8b99621', 'Module for new noob ship for player', '5bbd992e-9a6e-4e18-9d2c-5120b605dfec', 1, false);
    INSERT INTO public.items (id, itemtypeid, meta, created, createdby, createdreason, containerid, quantity, ispackaged) VALUES ('c565e201-8009-40ea-87fb-cec3699be933', '993bc7c8-fb2a-423f-8000-39c7fb6be743', '{"hp": 8, "rack": "c", "volume": 6, "energy_max_add": 62, "industrialmarket": {"maxprice": 1237, "minprice": 904, "silosize": 1000}}', '2022-09-10 18:51:25.804294-04', 'c3bd5e14-063c-48d4-89a4-ca79a8b99621', 'Module for new noob ship for player', '5bbd992e-9a6e-4e18-9d2c-5120b605dfec', 1, false);
    INSERT INTO public.items (id, itemtypeid, meta, created, createdby, createdreason, containerid, quantity, ispackaged) VALUES ('ea97db79-181b-4719-aebf-6d3230a7e1a0', '9bb00839-95f2-4d7c-a7c9-eef60e05fa97', '{"hp": 10, "rack": "a", "range": 3592, "volume": 6, "falloff": "linear", "cooldown": 8.5, "tracking": 97.3, "hull_damage": 315, "armor_damage": 230, "can_mine_gas": false, "can_mine_ice": false, "can_mine_ore": false, "needs_target": true, "shield_damage": 155, "activation_heat": 11.4, "ammunition_name": "Light Gauss Shell", "ammunition_type": "33f86ee2-4c16-400e-82ad-38796bea0017", "industrialmarket": {"maxprice": 4142, "minprice": 2051, "silosize": 1000}, "activation_energy": 3.2, "ore_mining_volume": 0, "activation_gfx_effect": "basic_gauss_rifle"}', '2022-09-10 18:51:25.825036-04', '071429d7-8f89-497e-b27b-54f24583f602', 'Module for new noob ship for player', '8314292a-1bc3-4e07-920d-98c2af2c776c', 1, false);
    INSERT INTO public.items (id, itemtypeid, meta, created, createdby, createdreason, containerid, quantity, ispackaged) VALUES ('8dd0366c-e257-41a6-9d44-855f83ee4d8b', '9bb00839-95f2-4d7c-a7c9-eef60e05fa97', '{"hp": 10, "rack": "a", "range": 3592, "volume": 6, "falloff": "linear", "cooldown": 8.5, "tracking": 97.3, "hull_damage": 315, "armor_damage": 230, "can_mine_gas": false, "can_mine_ice": false, "can_mine_ore": false, "needs_target": true, "shield_damage": 155, "activation_heat": 11.4, "ammunition_name": "Light Gauss Shell", "ammunition_type": "33f86ee2-4c16-400e-82ad-38796bea0017", "industrialmarket": {"maxprice": 4142, "minprice": 2051, "silosize": 1000}, "activation_energy": 3.2, "ore_mining_volume": 0, "activation_gfx_effect": "basic_gauss_rifle"}', '2022-09-10 18:51:25.827671-04', '071429d7-8f89-497e-b27b-54f24583f602', 'Module for new noob ship for player', '8314292a-1bc3-4e07-920d-98c2af2c776c', 1, false);
    INSERT INTO public.items (id, itemtypeid, meta, created, createdby, createdreason, containerid, quantity, ispackaged) VALUES ('6da55a91-5f75-45e5-911a-a6339afaf057', '6a65c92d-3277-4496-a494-7092f0054bdb', '{"hp": 5, "rack": "a", "volume": 8, "cooldown": 33.2, "activation_heat": 13.2, "industrialmarket": {"maxprice": 8025, "minprice": 4129, "silosize": 1000}, "activation_energy": 115}', '2022-09-10 18:51:25.830102-04', '071429d7-8f89-497e-b27b-54f24583f602', 'Module for new noob ship for player', '8314292a-1bc3-4e07-920d-98c2af2c776c', 1, false);
    INSERT INTO public.items (id, itemtypeid, meta, created, createdby, createdreason, containerid, quantity, ispackaged) VALUES ('af26c83d-fe76-4e1e-80eb-3d1228e4e537', '5c40d8ec-a269-4ae5-912f-1678b6c202a5', '{"hp": 3, "rack": "b", "range": 7250, "volume": 5, "falloff": "reverse_linear", "cooldown": 37.5, "tracking": 325, "signal_flux": 10, "signal_gain": 25, "needs_target": true, "activation_heat": 6.5, "industrialmarket": {"maxprice": 8212, "minprice": 6798, "silosize": 500}, "activation_energy": 17}', '2022-09-10 18:51:25.832384-04', '071429d7-8f89-497e-b27b-54f24583f602', 'Module for new noob ship for player', '8314292a-1bc3-4e07-920d-98c2af2c776c', 1, false);
    INSERT INTO public.items (id, itemtypeid, meta, created, createdby, createdreason, containerid, quantity, ispackaged) VALUES ('c51ccb56-14e8-40e4-9cd3-2ff741805482', '5c40d8ec-a269-4ae5-912f-1678b6c202a5', '{"hp": 3, "rack": "b", "range": 7250, "volume": 5, "falloff": "reverse_linear", "cooldown": 37.5, "tracking": 325, "signal_flux": 10, "signal_gain": 25, "needs_target": true, "activation_heat": 6.5, "industrialmarket": {"maxprice": 8212, "minprice": 6798, "silosize": 500}, "activation_energy": 17}', '2022-09-10 18:51:25.834558-04', '071429d7-8f89-497e-b27b-54f24583f602', 'Module for new noob ship for player', '8314292a-1bc3-4e07-920d-98c2af2c776c', 1, false);
    INSERT INTO public.items (id, itemtypeid, meta, created, createdby, createdreason, containerid, quantity, ispackaged) VALUES ('0453a948-acf2-4514-9046-c3f665fa8ad5', '993bc7c8-fb2a-423f-8000-39c7fb6be743', '{"hp": 8, "rack": "c", "volume": 6, "energy_max_add": 62, "industrialmarket": {"maxprice": 1237, "minprice": 904, "silosize": 1000}}', '2022-09-10 18:51:25.83673-04', '071429d7-8f89-497e-b27b-54f24583f602', 'Module for new noob ship for player', '8314292a-1bc3-4e07-920d-98c2af2c776c', 1, false);
    INSERT INTO public.items (id, itemtypeid, meta, created, createdby, createdreason, containerid, quantity, ispackaged) VALUES ('095bb0e0-a6c8-492c-aff0-fa80e218c53f', '993bc7c8-fb2a-423f-8000-39c7fb6be743', '{"hp": 8, "rack": "c", "volume": 6, "energy_max_add": 62, "industrialmarket": {"maxprice": 1237, "minprice": 904, "silosize": 1000}}', '2022-09-10 18:51:25.838895-04', '071429d7-8f89-497e-b27b-54f24583f602', 'Module for new noob ship for player', '8314292a-1bc3-4e07-920d-98c2af2c776c', 1, false);
    INSERT INTO public.items (id, itemtypeid, meta, created, createdby, createdreason, containerid, quantity, ispackaged) VALUES ('f84d71db-6202-48c9-ba56-89bcb1ef8993', '9bb00839-95f2-4d7c-a7c9-eef60e05fa97', '{"hp": 10, "rack": "a", "range": 3592, "volume": 6, "falloff": "linear", "cooldown": 8.5, "tracking": 97.3, "hull_damage": 315, "armor_damage": 230, "can_mine_gas": false, "can_mine_ice": false, "can_mine_ore": false, "needs_target": true, "shield_damage": 155, "activation_heat": 11.4, "ammunition_name": "Light Gauss Shell", "ammunition_type": "33f86ee2-4c16-400e-82ad-38796bea0017", "industrialmarket": {"maxprice": 4142, "minprice": 2051, "silosize": 1000}, "activation_energy": 3.2, "ore_mining_volume": 0, "activation_gfx_effect": "basic_gauss_rifle"}', '2022-09-10 18:51:25.857198-04', 'e22ab6aa-bf75-43aa-ad99-d7d170acf3d5', 'Module for new noob ship for player', '64c59ae7-b527-4793-adbf-515b494ed56e', 1, false);
    INSERT INTO public.items (id, itemtypeid, meta, created, createdby, createdreason, containerid, quantity, ispackaged) VALUES ('6ee4a71c-813a-40f5-b34a-91467554c591', '9bb00839-95f2-4d7c-a7c9-eef60e05fa97', '{"hp": 10, "rack": "a", "range": 3592, "volume": 6, "falloff": "linear", "cooldown": 8.5, "tracking": 97.3, "hull_damage": 315, "armor_damage": 230, "can_mine_gas": false, "can_mine_ice": false, "can_mine_ore": false, "needs_target": true, "shield_damage": 155, "activation_heat": 11.4, "ammunition_name": "Light Gauss Shell", "ammunition_type": "33f86ee2-4c16-400e-82ad-38796bea0017", "industrialmarket": {"maxprice": 4142, "minprice": 2051, "silosize": 1000}, "activation_energy": 3.2, "ore_mining_volume": 0, "activation_gfx_effect": "basic_gauss_rifle"}', '2022-09-10 18:51:25.859842-04', 'e22ab6aa-bf75-43aa-ad99-d7d170acf3d5', 'Module for new noob ship for player', '64c59ae7-b527-4793-adbf-515b494ed56e', 1, false);
    INSERT INTO public.items (id, itemtypeid, meta, created, createdby, createdreason, containerid, quantity, ispackaged) VALUES ('ba3c61db-f5e5-4730-810f-daf25579b811', '6a65c92d-3277-4496-a494-7092f0054bdb', '{"hp": 5, "rack": "a", "volume": 8, "cooldown": 33.2, "activation_heat": 13.2, "industrialmarket": {"maxprice": 8025, "minprice": 4129, "silosize": 1000}, "activation_energy": 115}', '2022-09-10 18:51:25.862232-04', 'e22ab6aa-bf75-43aa-ad99-d7d170acf3d5', 'Module for new noob ship for player', '64c59ae7-b527-4793-adbf-515b494ed56e', 1, false);
    INSERT INTO public.items (id, itemtypeid, meta, created, createdby, createdreason, containerid, quantity, ispackaged) VALUES ('40d9d43f-b4a9-4243-87a1-6b835590f99f', '5c40d8ec-a269-4ae5-912f-1678b6c202a5', '{"hp": 3, "rack": "b", "range": 7250, "volume": 5, "falloff": "reverse_linear", "cooldown": 37.5, "tracking": 325, "signal_flux": 10, "signal_gain": 25, "needs_target": true, "activation_heat": 6.5, "industrialmarket": {"maxprice": 8212, "minprice": 6798, "silosize": 500}, "activation_energy": 17}', '2022-09-10 18:51:25.864307-04', 'e22ab6aa-bf75-43aa-ad99-d7d170acf3d5', 'Module for new noob ship for player', '64c59ae7-b527-4793-adbf-515b494ed56e', 1, false);
    INSERT INTO public.items (id, itemtypeid, meta, created, createdby, createdreason, containerid, quantity, ispackaged) VALUES ('89f0fdd2-b676-460c-98e2-52110ea87432', '5c40d8ec-a269-4ae5-912f-1678b6c202a5', '{"hp": 3, "rack": "b", "range": 7250, "volume": 5, "falloff": "reverse_linear", "cooldown": 37.5, "tracking": 325, "signal_flux": 10, "signal_gain": 25, "needs_target": true, "activation_heat": 6.5, "industrialmarket": {"maxprice": 8212, "minprice": 6798, "silosize": 500}, "activation_energy": 17}', '2022-09-10 18:51:25.866156-04', 'e22ab6aa-bf75-43aa-ad99-d7d170acf3d5', 'Module for new noob ship for player', '64c59ae7-b527-4793-adbf-515b494ed56e', 1, false);
    INSERT INTO public.items (id, itemtypeid, meta, created, createdby, createdreason, containerid, quantity, ispackaged) VALUES ('1c66df5f-d972-41e8-8697-5ff023e1cbc2', '993bc7c8-fb2a-423f-8000-39c7fb6be743', '{"hp": 8, "rack": "c", "volume": 6, "energy_max_add": 62, "industrialmarket": {"maxprice": 1237, "minprice": 904, "silosize": 1000}}', '2022-09-10 18:51:25.868301-04', 'e22ab6aa-bf75-43aa-ad99-d7d170acf3d5', 'Module for new noob ship for player', '64c59ae7-b527-4793-adbf-515b494ed56e', 1, false);
    INSERT INTO public.items (id, itemtypeid, meta, created, createdby, createdreason, containerid, quantity, ispackaged) VALUES ('199d83fd-005a-40d1-82c3-3a8b679d4305', '993bc7c8-fb2a-423f-8000-39c7fb6be743', '{"hp": 8, "rack": "c", "volume": 6, "energy_max_add": 62, "industrialmarket": {"maxprice": 1237, "minprice": 904, "silosize": 1000}}', '2022-09-10 18:51:25.87038-04', 'e22ab6aa-bf75-43aa-ad99-d7d170acf3d5', 'Module for new noob ship for player', '64c59ae7-b527-4793-adbf-515b494ed56e', 1, false);
    INSERT INTO public.items (id, itemtypeid, meta, created, createdby, createdreason, containerid, quantity, ispackaged) VALUES ('148c11cb-9761-468e-8c60-b981b8229556', '9bb00839-95f2-4d7c-a7c9-eef60e05fa97', '{"hp": 10, "rack": "a", "range": 3592, "volume": 6, "falloff": "linear", "cooldown": 8.5, "tracking": 97.3, "hull_damage": 315, "armor_damage": 230, "can_mine_gas": false, "can_mine_ice": false, "can_mine_ore": false, "needs_target": true, "shield_damage": 155, "activation_heat": 11.4, "ammunition_name": "Light Gauss Shell", "ammunition_type": "33f86ee2-4c16-400e-82ad-38796bea0017", "industrialmarket": {"maxprice": 4142, "minprice": 2051, "silosize": 1000}, "activation_energy": 3.2, "ore_mining_volume": 0, "activation_gfx_effect": "basic_gauss_rifle"}', '2022-09-10 18:51:25.887613-04', '0a48553a-f3e3-40ba-ad39-243f0f6759da', 'Module for new noob ship for player', '20528f8d-485d-4c6f-bc1e-459935bb3b3c', 1, false);
    INSERT INTO public.items (id, itemtypeid, meta, created, createdby, createdreason, containerid, quantity, ispackaged) VALUES ('a38230a3-e9c3-410e-bf22-36b3458aacfa', '9bb00839-95f2-4d7c-a7c9-eef60e05fa97', '{"hp": 10, "rack": "a", "range": 3592, "volume": 6, "falloff": "linear", "cooldown": 8.5, "tracking": 97.3, "hull_damage": 315, "armor_damage": 230, "can_mine_gas": false, "can_mine_ice": false, "can_mine_ore": false, "needs_target": true, "shield_damage": 155, "activation_heat": 11.4, "ammunition_name": "Light Gauss Shell", "ammunition_type": "33f86ee2-4c16-400e-82ad-38796bea0017", "industrialmarket": {"maxprice": 4142, "minprice": 2051, "silosize": 1000}, "activation_energy": 3.2, "ore_mining_volume": 0, "activation_gfx_effect": "basic_gauss_rifle"}', '2022-09-10 18:51:25.889625-04', '0a48553a-f3e3-40ba-ad39-243f0f6759da', 'Module for new noob ship for player', '20528f8d-485d-4c6f-bc1e-459935bb3b3c', 1, false);
    INSERT INTO public.items (id, itemtypeid, meta, created, createdby, createdreason, containerid, quantity, ispackaged) VALUES ('f5219c02-80eb-4569-953f-010fe56d5415', '6a65c92d-3277-4496-a494-7092f0054bdb', '{"hp": 5, "rack": "a", "volume": 8, "cooldown": 33.2, "activation_heat": 13.2, "industrialmarket": {"maxprice": 8025, "minprice": 4129, "silosize": 1000}, "activation_energy": 115}', '2022-09-10 18:51:25.891501-04', '0a48553a-f3e3-40ba-ad39-243f0f6759da', 'Module for new noob ship for player', '20528f8d-485d-4c6f-bc1e-459935bb3b3c', 1, false);
    INSERT INTO public.items (id, itemtypeid, meta, created, createdby, createdreason, containerid, quantity, ispackaged) VALUES ('9f2cdc19-8f52-4196-8e04-fefc3fdd5d8b', '5c40d8ec-a269-4ae5-912f-1678b6c202a5', '{"hp": 3, "rack": "b", "range": 7250, "volume": 5, "falloff": "reverse_linear", "cooldown": 37.5, "tracking": 325, "signal_flux": 10, "signal_gain": 25, "needs_target": true, "activation_heat": 6.5, "industrialmarket": {"maxprice": 8212, "minprice": 6798, "silosize": 500}, "activation_energy": 17}', '2022-09-10 18:51:25.893551-04', '0a48553a-f3e3-40ba-ad39-243f0f6759da', 'Module for new noob ship for player', '20528f8d-485d-4c6f-bc1e-459935bb3b3c', 1, false);
    INSERT INTO public.items (id, itemtypeid, meta, created, createdby, createdreason, containerid, quantity, ispackaged) VALUES ('416b1b40-09a3-4326-a70e-5add940af6a0', '5c40d8ec-a269-4ae5-912f-1678b6c202a5', '{"hp": 3, "rack": "b", "range": 7250, "volume": 5, "falloff": "reverse_linear", "cooldown": 37.5, "tracking": 325, "signal_flux": 10, "signal_gain": 25, "needs_target": true, "activation_heat": 6.5, "industrialmarket": {"maxprice": 8212, "minprice": 6798, "silosize": 500}, "activation_energy": 17}', '2022-09-10 18:51:25.895784-04', '0a48553a-f3e3-40ba-ad39-243f0f6759da', 'Module for new noob ship for player', '20528f8d-485d-4c6f-bc1e-459935bb3b3c', 1, false);
    INSERT INTO public.items (id, itemtypeid, meta, created, createdby, createdreason, containerid, quantity, ispackaged) VALUES ('2ec433ac-9249-4278-b5d8-c159e1ed4b1c', '993bc7c8-fb2a-423f-8000-39c7fb6be743', '{"hp": 8, "rack": "c", "volume": 6, "energy_max_add": 62, "industrialmarket": {"maxprice": 1237, "minprice": 904, "silosize": 1000}}', '2022-09-10 18:51:25.897724-04', '0a48553a-f3e3-40ba-ad39-243f0f6759da', 'Module for new noob ship for player', '20528f8d-485d-4c6f-bc1e-459935bb3b3c', 1, false);
    INSERT INTO public.items (id, itemtypeid, meta, created, createdby, createdreason, containerid, quantity, ispackaged) VALUES ('e4d2e483-3fae-43ae-84dd-2226b5bd3290', '993bc7c8-fb2a-423f-8000-39c7fb6be743', '{"hp": 8, "rack": "c", "volume": 6, "energy_max_add": 62, "industrialmarket": {"maxprice": 1237, "minprice": 904, "silosize": 1000}}', '2022-09-10 18:51:25.899505-04', '0a48553a-f3e3-40ba-ad39-243f0f6759da', 'Module for new noob ship for player', '20528f8d-485d-4c6f-bc1e-459935bb3b3c', 1, false);
    INSERT INTO public.items (id, itemtypeid, meta, created, createdby, createdreason, containerid, quantity, ispackaged) VALUES ('1f5ebb7f-3079-4ba1-9251-017cb4dcee5c', '9bb00839-95f2-4d7c-a7c9-eef60e05fa97', '{"hp": 10, "rack": "a", "range": 3592, "volume": 6, "falloff": "linear", "cooldown": 8.5, "tracking": 97.3, "hull_damage": 315, "armor_damage": 230, "can_mine_gas": false, "can_mine_ice": false, "can_mine_ore": false, "needs_target": true, "shield_damage": 155, "activation_heat": 11.4, "ammunition_name": "Light Gauss Shell", "ammunition_type": "33f86ee2-4c16-400e-82ad-38796bea0017", "industrialmarket": {"maxprice": 4142, "minprice": 2051, "silosize": 1000}, "activation_energy": 3.2, "ore_mining_volume": 0, "activation_gfx_effect": "basic_gauss_rifle"}', '2022-09-10 18:51:25.9162-04', '8fa0cf5b-8b07-4e89-87eb-12395ddfaeed', 'Module for new noob ship for player', '50836946-9a90-43b4-bb2a-56e8a4ae1e28', 1, false);
    INSERT INTO public.items (id, itemtypeid, meta, created, createdby, createdreason, containerid, quantity, ispackaged) VALUES ('d86e580a-fb5c-484b-8281-41c55d5ec14a', '9bb00839-95f2-4d7c-a7c9-eef60e05fa97', '{"hp": 10, "rack": "a", "range": 3592, "volume": 6, "falloff": "linear", "cooldown": 8.5, "tracking": 97.3, "hull_damage": 315, "armor_damage": 230, "can_mine_gas": false, "can_mine_ice": false, "can_mine_ore": false, "needs_target": true, "shield_damage": 155, "activation_heat": 11.4, "ammunition_name": "Light Gauss Shell", "ammunition_type": "33f86ee2-4c16-400e-82ad-38796bea0017", "industrialmarket": {"maxprice": 4142, "minprice": 2051, "silosize": 1000}, "activation_energy": 3.2, "ore_mining_volume": 0, "activation_gfx_effect": "basic_gauss_rifle"}', '2022-09-10 18:51:25.91829-04', '8fa0cf5b-8b07-4e89-87eb-12395ddfaeed', 'Module for new noob ship for player', '50836946-9a90-43b4-bb2a-56e8a4ae1e28', 1, false);
    INSERT INTO public.items (id, itemtypeid, meta, created, createdby, createdreason, containerid, quantity, ispackaged) VALUES ('8531ec3e-7851-4e21-8c1a-996faeb0c868', '6a65c92d-3277-4496-a494-7092f0054bdb', '{"hp": 5, "rack": "a", "volume": 8, "cooldown": 33.2, "activation_heat": 13.2, "industrialmarket": {"maxprice": 8025, "minprice": 4129, "silosize": 1000}, "activation_energy": 115}', '2022-09-10 18:51:25.920387-04', '8fa0cf5b-8b07-4e89-87eb-12395ddfaeed', 'Module for new noob ship for player', '50836946-9a90-43b4-bb2a-56e8a4ae1e28', 1, false);
    INSERT INTO public.items (id, itemtypeid, meta, created, createdby, createdreason, containerid, quantity, ispackaged) VALUES ('7b9224b4-e415-4e17-b7a2-6d6f80f1c9bc', '5c40d8ec-a269-4ae5-912f-1678b6c202a5', '{"hp": 3, "rack": "b", "range": 7250, "volume": 5, "falloff": "reverse_linear", "cooldown": 37.5, "tracking": 325, "signal_flux": 10, "signal_gain": 25, "needs_target": true, "activation_heat": 6.5, "industrialmarket": {"maxprice": 8212, "minprice": 6798, "silosize": 500}, "activation_energy": 17}', '2022-09-10 18:51:25.924221-04', '8fa0cf5b-8b07-4e89-87eb-12395ddfaeed', 'Module for new noob ship for player', '50836946-9a90-43b4-bb2a-56e8a4ae1e28', 1, false);
    INSERT INTO public.items (id, itemtypeid, meta, created, createdby, createdreason, containerid, quantity, ispackaged) VALUES ('d58fe71f-344f-4f9a-a90c-4ba21f4a01b6', '5c40d8ec-a269-4ae5-912f-1678b6c202a5', '{"hp": 3, "rack": "b", "range": 7250, "volume": 5, "falloff": "reverse_linear", "cooldown": 37.5, "tracking": 325, "signal_flux": 10, "signal_gain": 25, "needs_target": true, "activation_heat": 6.5, "industrialmarket": {"maxprice": 8212, "minprice": 6798, "silosize": 500}, "activation_energy": 17}', '2022-09-10 18:51:25.926337-04', '8fa0cf5b-8b07-4e89-87eb-12395ddfaeed', 'Module for new noob ship for player', '50836946-9a90-43b4-bb2a-56e8a4ae1e28', 1, false);
    INSERT INTO public.items (id, itemtypeid, meta, created, createdby, createdreason, containerid, quantity, ispackaged) VALUES ('d1e4992d-fe14-4e86-80d1-17ed165a35e3', '993bc7c8-fb2a-423f-8000-39c7fb6be743', '{"hp": 8, "rack": "c", "volume": 6, "energy_max_add": 62, "industrialmarket": {"maxprice": 1237, "minprice": 904, "silosize": 1000}}', '2022-09-10 18:51:25.928371-04', '8fa0cf5b-8b07-4e89-87eb-12395ddfaeed', 'Module for new noob ship for player', '50836946-9a90-43b4-bb2a-56e8a4ae1e28', 1, false);
    INSERT INTO public.items (id, itemtypeid, meta, created, createdby, createdreason, containerid, quantity, ispackaged) VALUES ('6d23b675-f6b4-418f-9c78-16ccc43c2ea1', '993bc7c8-fb2a-423f-8000-39c7fb6be743', '{"hp": 8, "rack": "c", "volume": 6, "energy_max_add": 62, "industrialmarket": {"maxprice": 1237, "minprice": 904, "silosize": 1000}}', '2022-09-10 18:51:25.930304-04', '8fa0cf5b-8b07-4e89-87eb-12395ddfaeed', 'Module for new noob ship for player', '50836946-9a90-43b4-bb2a-56e8a4ae1e28', 1, false);
    INSERT INTO public.items (id, itemtypeid, meta, created, createdby, createdreason, containerid, quantity, ispackaged) VALUES ('c95c5a7c-593e-48f8-880d-22d66ff397ee', '9bb00839-95f2-4d7c-a7c9-eef60e05fa97', '{"hp": 10, "rack": "a", "range": 3592, "volume": 6, "falloff": "linear", "cooldown": 8.5, "tracking": 97.3, "hull_damage": 315, "armor_damage": 230, "can_mine_gas": false, "can_mine_ice": false, "can_mine_ore": false, "needs_target": true, "shield_damage": 155, "activation_heat": 11.4, "ammunition_name": "Light Gauss Shell", "ammunition_type": "33f86ee2-4c16-400e-82ad-38796bea0017", "industrialmarket": {"maxprice": 4142, "minprice": 2051, "silosize": 1000}, "activation_energy": 3.2, "ore_mining_volume": 0, "activation_gfx_effect": "basic_gauss_rifle"}', '2022-09-10 18:51:25.946769-04', 'd01b9767-5fcb-46cc-828c-2acc80dec599', 'Module for new noob ship for player', 'e821c8a5-c6b8-4783-9545-4f62c31a18d0', 1, false);
    INSERT INTO public.items (id, itemtypeid, meta, created, createdby, createdreason, containerid, quantity, ispackaged) VALUES ('57d3e5d9-5daf-4f9a-b9f0-7dad04553085', '9bb00839-95f2-4d7c-a7c9-eef60e05fa97', '{"hp": 10, "rack": "a", "range": 3592, "volume": 6, "falloff": "linear", "cooldown": 8.5, "tracking": 97.3, "hull_damage": 315, "armor_damage": 230, "can_mine_gas": false, "can_mine_ice": false, "can_mine_ore": false, "needs_target": true, "shield_damage": 155, "activation_heat": 11.4, "ammunition_name": "Light Gauss Shell", "ammunition_type": "33f86ee2-4c16-400e-82ad-38796bea0017", "industrialmarket": {"maxprice": 4142, "minprice": 2051, "silosize": 1000}, "activation_energy": 3.2, "ore_mining_volume": 0, "activation_gfx_effect": "basic_gauss_rifle"}', '2022-09-10 18:51:25.94861-04', 'd01b9767-5fcb-46cc-828c-2acc80dec599', 'Module for new noob ship for player', 'e821c8a5-c6b8-4783-9545-4f62c31a18d0', 1, false);
    INSERT INTO public.items (id, itemtypeid, meta, created, createdby, createdreason, containerid, quantity, ispackaged) VALUES ('95d24f6a-43d7-4be7-97ca-51407d392cc3', '6a65c92d-3277-4496-a494-7092f0054bdb', '{"hp": 5, "rack": "a", "volume": 8, "cooldown": 33.2, "activation_heat": 13.2, "industrialmarket": {"maxprice": 8025, "minprice": 4129, "silosize": 1000}, "activation_energy": 115}', '2022-09-10 18:51:25.950464-04', 'd01b9767-5fcb-46cc-828c-2acc80dec599', 'Module for new noob ship for player', 'e821c8a5-c6b8-4783-9545-4f62c31a18d0', 1, false);
    INSERT INTO public.items (id, itemtypeid, meta, created, createdby, createdreason, containerid, quantity, ispackaged) VALUES ('8480063f-97ed-45e6-b090-601fcdf13e10', '5c40d8ec-a269-4ae5-912f-1678b6c202a5', '{"hp": 3, "rack": "b", "range": 7250, "volume": 5, "falloff": "reverse_linear", "cooldown": 37.5, "tracking": 325, "signal_flux": 10, "signal_gain": 25, "needs_target": true, "activation_heat": 6.5, "industrialmarket": {"maxprice": 8212, "minprice": 6798, "silosize": 500}, "activation_energy": 17}', '2022-09-10 18:51:25.952647-04', 'd01b9767-5fcb-46cc-828c-2acc80dec599', 'Module for new noob ship for player', 'e821c8a5-c6b8-4783-9545-4f62c31a18d0', 1, false);
    INSERT INTO public.items (id, itemtypeid, meta, created, createdby, createdreason, containerid, quantity, ispackaged) VALUES ('af44cbd1-61c9-45d8-8940-3f9fa06a88fc', '5c40d8ec-a269-4ae5-912f-1678b6c202a5', '{"hp": 3, "rack": "b", "range": 7250, "volume": 5, "falloff": "reverse_linear", "cooldown": 37.5, "tracking": 325, "signal_flux": 10, "signal_gain": 25, "needs_target": true, "activation_heat": 6.5, "industrialmarket": {"maxprice": 8212, "minprice": 6798, "silosize": 500}, "activation_energy": 17}', '2022-09-10 18:51:25.954633-04', 'd01b9767-5fcb-46cc-828c-2acc80dec599', 'Module for new noob ship for player', 'e821c8a5-c6b8-4783-9545-4f62c31a18d0', 1, false);
    INSERT INTO public.items (id, itemtypeid, meta, created, createdby, createdreason, containerid, quantity, ispackaged) VALUES ('c92926a4-1f2e-4261-9aff-d741796552aa', '993bc7c8-fb2a-423f-8000-39c7fb6be743', '{"hp": 8, "rack": "c", "volume": 6, "energy_max_add": 62, "industrialmarket": {"maxprice": 1237, "minprice": 904, "silosize": 1000}}', '2022-09-10 18:51:25.956438-04', 'd01b9767-5fcb-46cc-828c-2acc80dec599', 'Module for new noob ship for player', 'e821c8a5-c6b8-4783-9545-4f62c31a18d0', 1, false);
    INSERT INTO public.items (id, itemtypeid, meta, created, createdby, createdreason, containerid, quantity, ispackaged) VALUES ('2e7a66aa-40a0-465c-a7c6-f2a2803a3dde', '993bc7c8-fb2a-423f-8000-39c7fb6be743', '{"hp": 8, "rack": "c", "volume": 6, "energy_max_add": 62, "industrialmarket": {"maxprice": 1237, "minprice": 904, "silosize": 1000}}', '2022-09-10 18:51:25.958296-04', 'd01b9767-5fcb-46cc-828c-2acc80dec599', 'Module for new noob ship for player', 'e821c8a5-c6b8-4783-9545-4f62c31a18d0', 1, false);
    INSERT INTO public.items (id, itemtypeid, meta, created, createdby, createdreason, containerid, quantity, ispackaged) VALUES ('c1c8989c-3e18-4cf7-b5ee-b6caaccab090', '9bb00839-95f2-4d7c-a7c9-eef60e05fa97', '{"hp": 10, "rack": "a", "range": 3592, "volume": 6, "falloff": "linear", "cooldown": 8.5, "tracking": 97.3, "hull_damage": 315, "armor_damage": 230, "can_mine_gas": false, "can_mine_ice": false, "can_mine_ore": false, "needs_target": true, "shield_damage": 155, "activation_heat": 11.4, "ammunition_name": "Light Gauss Shell", "ammunition_type": "33f86ee2-4c16-400e-82ad-38796bea0017", "industrialmarket": {"maxprice": 4142, "minprice": 2051, "silosize": 1000}, "activation_energy": 3.2, "ore_mining_volume": 0, "activation_gfx_effect": "basic_gauss_rifle"}', '2022-09-10 18:51:25.97691-04', '53e464b9-89ba-4967-8374-aba09b3eeead', 'Module for new noob ship for player', '15b70d9c-efeb-4004-89c4-89f4decc8764', 1, false);
    INSERT INTO public.items (id, itemtypeid, meta, created, createdby, createdreason, containerid, quantity, ispackaged) VALUES ('5a7c9c4b-7366-4c13-a770-c9d9f3a2a9fb', '9bb00839-95f2-4d7c-a7c9-eef60e05fa97', '{"hp": 10, "rack": "a", "range": 3592, "volume": 6, "falloff": "linear", "cooldown": 8.5, "tracking": 97.3, "hull_damage": 315, "armor_damage": 230, "can_mine_gas": false, "can_mine_ice": false, "can_mine_ore": false, "needs_target": true, "shield_damage": 155, "activation_heat": 11.4, "ammunition_name": "Light Gauss Shell", "ammunition_type": "33f86ee2-4c16-400e-82ad-38796bea0017", "industrialmarket": {"maxprice": 4142, "minprice": 2051, "silosize": 1000}, "activation_energy": 3.2, "ore_mining_volume": 0, "activation_gfx_effect": "basic_gauss_rifle"}', '2022-09-10 18:51:25.979119-04', '53e464b9-89ba-4967-8374-aba09b3eeead', 'Module for new noob ship for player', '15b70d9c-efeb-4004-89c4-89f4decc8764', 1, false);
    INSERT INTO public.items (id, itemtypeid, meta, created, createdby, createdreason, containerid, quantity, ispackaged) VALUES ('08f3c712-bac3-4d41-a3c2-6ef91221d1b8', '6a65c92d-3277-4496-a494-7092f0054bdb', '{"hp": 5, "rack": "a", "volume": 8, "cooldown": 33.2, "activation_heat": 13.2, "industrialmarket": {"maxprice": 8025, "minprice": 4129, "silosize": 1000}, "activation_energy": 115}', '2022-09-10 18:51:25.981029-04', '53e464b9-89ba-4967-8374-aba09b3eeead', 'Module for new noob ship for player', '15b70d9c-efeb-4004-89c4-89f4decc8764', 1, false);
    INSERT INTO public.items (id, itemtypeid, meta, created, createdby, createdreason, containerid, quantity, ispackaged) VALUES ('92ac3026-7372-4e65-b790-60e3208ac945', '5c40d8ec-a269-4ae5-912f-1678b6c202a5', '{"hp": 3, "rack": "b", "range": 7250, "volume": 5, "falloff": "reverse_linear", "cooldown": 37.5, "tracking": 325, "signal_flux": 10, "signal_gain": 25, "needs_target": true, "activation_heat": 6.5, "industrialmarket": {"maxprice": 8212, "minprice": 6798, "silosize": 500}, "activation_energy": 17}', '2022-09-10 18:51:25.982967-04', '53e464b9-89ba-4967-8374-aba09b3eeead', 'Module for new noob ship for player', '15b70d9c-efeb-4004-89c4-89f4decc8764', 1, false);
    INSERT INTO public.items (id, itemtypeid, meta, created, createdby, createdreason, containerid, quantity, ispackaged) VALUES ('39d01adf-222b-4834-b36c-3864ebd2690d', '5c40d8ec-a269-4ae5-912f-1678b6c202a5', '{"hp": 3, "rack": "b", "range": 7250, "volume": 5, "falloff": "reverse_linear", "cooldown": 37.5, "tracking": 325, "signal_flux": 10, "signal_gain": 25, "needs_target": true, "activation_heat": 6.5, "industrialmarket": {"maxprice": 8212, "minprice": 6798, "silosize": 500}, "activation_energy": 17}', '2022-09-10 18:51:25.984858-04', '53e464b9-89ba-4967-8374-aba09b3eeead', 'Module for new noob ship for player', '15b70d9c-efeb-4004-89c4-89f4decc8764', 1, false);
    INSERT INTO public.items (id, itemtypeid, meta, created, createdby, createdreason, containerid, quantity, ispackaged) VALUES ('4ac935b1-8eee-4d43-b184-c093a42ce1e8', '993bc7c8-fb2a-423f-8000-39c7fb6be743', '{"hp": 8, "rack": "c", "volume": 6, "energy_max_add": 62, "industrialmarket": {"maxprice": 1237, "minprice": 904, "silosize": 1000}}', '2022-09-10 18:51:25.986784-04', '53e464b9-89ba-4967-8374-aba09b3eeead', 'Module for new noob ship for player', '15b70d9c-efeb-4004-89c4-89f4decc8764', 1, false);
    INSERT INTO public.items (id, itemtypeid, meta, created, createdby, createdreason, containerid, quantity, ispackaged) VALUES ('bbc10246-79a7-453d-bc82-27be64be308f', '993bc7c8-fb2a-423f-8000-39c7fb6be743', '{"hp": 8, "rack": "c", "volume": 6, "energy_max_add": 62, "industrialmarket": {"maxprice": 1237, "minprice": 904, "silosize": 1000}}', '2022-09-10 18:51:25.98872-04', '53e464b9-89ba-4967-8374-aba09b3eeead', 'Module for new noob ship for player', '15b70d9c-efeb-4004-89c4-89f4decc8764', 1, false);

    -- fix current ship ids
    update users set current_shipid = '1d3ef44d-9838-480b-921f-1abe2bed210a' where id =	'4f7952b8-c70d-4eb3-affb-d46f672b1a1f';
    update users set current_shipid = '7d14cf5d-ccdb-421c-8b2e-ebb18bf3e3ac' where id =	'c3bd5e14-063c-48d4-89a4-ca79a8b99621';
    update users set current_shipid = '09c6eb8c-d839-4cc4-984d-2a50c009749b' where id =	'071429d7-8f89-497e-b27b-54f24583f602';
    update users set current_shipid = '9d1df4a6-f48d-4436-9a98-17f3b08729b5' where id =	'53e464b9-89ba-4967-8374-aba09b3eeead';
    update users set current_shipid = 'db3eb303-965b-45b5-b897-f0d8dc2fd96b' where id =	'e22ab6aa-bf75-43aa-ad99-d7d170acf3d5';
    update users set current_shipid = 'b0ac8b07-a3c7-407a-a3e4-bcaec86ca17f' where id =	'0a48553a-f3e3-40ba-ad39-243f0f6759da';
    update users set current_shipid = '627a5065-6236-4263-855f-13136cb4e392' where id =	'8fa0cf5b-8b07-4e89-87eb-12395ddfaeed';
    update users set current_shipid = '2f7e45cc-97d9-4d60-b5e2-8208eedeb2ba' where id =	'd01b9767-5fcb-46cc-828c-2acc80dec599';

-- accord

    -- containers
    INSERT INTO public.containers (id, meta, created) VALUES ('0316d531-0cd7-4a16-b895-7aec49042275', '{}', '2022-09-10 19:14:16.862225-04');
    INSERT INTO public.containers (id, meta, created) VALUES ('b3ce840f-2151-4279-86da-9aedeedac8f6', '{}', '2022-09-10 19:14:16.867662-04');
    INSERT INTO public.containers (id, meta, created) VALUES ('67a48f74-b52e-46a9-b0ef-5bbd5906ca3d', '{}', '2022-09-10 19:14:16.869591-04');
    INSERT INTO public.containers (id, meta, created) VALUES ('d658290d-68b7-4079-8326-5e11c0819db1', '{}', '2022-09-10 19:14:16.87146-04');
    INSERT INTO public.containers (id, meta, created) VALUES ('4309800f-e6c2-41df-8f79-d4e337316177', '{}', '2022-09-10 19:14:16.896319-04');
    INSERT INTO public.containers (id, meta, created) VALUES ('4204578c-7ecd-4a14-8537-0c6f7ddb09e2', '{}', '2022-09-10 19:14:16.90274-04');
    INSERT INTO public.containers (id, meta, created) VALUES ('6b1c016e-6f7c-453b-9d68-a13db1c0c429', '{}', '2022-09-10 19:14:16.904512-04');
    INSERT INTO public.containers (id, meta, created) VALUES ('9433a107-e882-40b1-abb4-8e328191901c', '{}', '2022-09-10 19:14:16.906189-04');
    INSERT INTO public.containers (id, meta, created) VALUES ('904fbf35-e964-42d1-880b-a4092070c852', '{}', '2022-09-10 19:14:16.92863-04');
    INSERT INTO public.containers (id, meta, created) VALUES ('93d34799-3de5-4afd-aacc-b841970fce4f', '{}', '2022-09-10 19:14:16.934102-04');
    INSERT INTO public.containers (id, meta, created) VALUES ('050d6900-7f04-46f4-b283-56a819252031', '{}', '2022-09-10 19:14:16.935836-04');
    INSERT INTO public.containers (id, meta, created) VALUES ('f4846446-b4fb-4b90-bb9d-e18810433f72', '{}', '2022-09-10 19:14:16.937557-04');
    INSERT INTO public.containers (id, meta, created) VALUES ('06eb0d62-422e-460a-9b05-4ad1d958f2db', '{}', '2022-09-10 19:14:16.961711-04');
    INSERT INTO public.containers (id, meta, created) VALUES ('3bbf536d-5df8-4d92-a2a9-4989c913fc07', '{}', '2022-09-10 19:14:16.965974-04');
    INSERT INTO public.containers (id, meta, created) VALUES ('b5ba4e47-ea2e-42d0-acbd-3ea7760b02be', '{}', '2022-09-10 19:14:16.967874-04');
    INSERT INTO public.containers (id, meta, created) VALUES ('b88e2126-06f3-453f-9c11-372192c59479', '{}', '2022-09-10 19:14:16.969536-04');
    INSERT INTO public.containers (id, meta, created) VALUES ('309dccc4-fd66-49f7-a3af-46dcb43a36d9', '{}', '2022-09-10 19:14:16.991699-04');
    INSERT INTO public.containers (id, meta, created) VALUES ('c279527e-fbeb-4548-a8c7-1aae2ed66821', '{}', '2022-09-10 19:14:16.995876-04');
    INSERT INTO public.containers (id, meta, created) VALUES ('6ca2b080-0f0a-4bcf-b650-d8f8aebc45fc', '{}', '2022-09-10 19:14:16.99819-04');
    INSERT INTO public.containers (id, meta, created) VALUES ('e697500e-258c-45ac-8f03-13067759fbd3', '{}', '2022-09-10 19:14:17.000097-04');
    INSERT INTO public.containers (id, meta, created) VALUES ('fd186632-a051-45bb-9d1a-6840cde20d14', '{}', '2022-09-10 19:14:17.025006-04');
    INSERT INTO public.containers (id, meta, created) VALUES ('96bd4a97-2957-462d-89ac-a2701fdac86b', '{}', '2022-09-10 19:14:17.029099-04');
    INSERT INTO public.containers (id, meta, created) VALUES ('23db4dc2-9987-481e-bdb4-7e1f1f7d4db6', '{}', '2022-09-10 19:14:17.030838-04');
    INSERT INTO public.containers (id, meta, created) VALUES ('15895b34-a416-447d-a956-854ebcf4cdac', '{}', '2022-09-10 19:14:17.032665-04');
    INSERT INTO public.containers (id, meta, created) VALUES ('b1a282e0-49cd-4089-8498-18ee2f3896f4', '{}', '2022-09-10 19:14:17.055134-04');
    INSERT INTO public.containers (id, meta, created) VALUES ('9626c58e-baa3-4af9-b9c6-394d3c59ade6', '{}', '2022-09-10 19:14:17.059266-04');
    INSERT INTO public.containers (id, meta, created) VALUES ('984e08e3-0e0f-4400-9c0b-f036bf7a22b0', '{}', '2022-09-10 19:14:17.060862-04');
    INSERT INTO public.containers (id, meta, created) VALUES ('fe05f68d-737e-4b62-b3d0-bb4a4f304810', '{}', '2022-09-10 19:14:17.062666-04');
    INSERT INTO public.containers (id, meta, created) VALUES ('6d5b9d84-20da-4760-a822-ba6826645a9f', '{}', '2022-09-10 19:14:17.083521-04');
    INSERT INTO public.containers (id, meta, created) VALUES ('298ba25e-7fff-4436-8f7b-c1632aec7d1e', '{}', '2022-09-10 19:14:17.087206-04');
    INSERT INTO public.containers (id, meta, created) VALUES ('af7d24ed-5919-4b8e-b707-6a42a41581e3', '{}', '2022-09-10 19:14:17.088498-04');
    INSERT INTO public.containers (id, meta, created) VALUES ('c67f9df8-96d7-491f-9a03-877f5066ca95', '{}', '2022-09-10 19:14:17.089898-04');

    -- users
    INSERT INTO public.users (id, charactername, hashpass, registered, banned, current_shipid, startid, escrow_containerid, current_factionid, reputationsheet, isnpc, behaviourmode, emailaddress, experiencesheet, registeredip, isdev) VALUES ('8824edf5-e2af-42b2-b67d-6b64a6649d3b', 'Walter Craig', 'a4958ab73fb64c6f95e93a43f1fa4cd28fb709972440162d20e0c686b7062466', '2022-09-10 19:14:16.864133-04', B'0', NULL, '756b8024-f617-4be8-9c0a-d6a40071b1f0', '0316d531-0cd7-4a16-b895-7aec49042275', 'bdeffd9a-3cab-408c-9cd7-32fce1124f7a', '{"factionEntries": {"27a53dfc-a321-4c12-bf7c-bb177955c95b": {"FactionID": "27a53dfc-a321-4c12-bf7c-bb177955c95b", "StandingValue": -4, "AreOpenlyHostile": true}, "30bc70eb-2692-47e6-a7e3-2772e131c3d7": {"FactionID": "30bc70eb-2692-47e6-a7e3-2772e131c3d7", "StandingValue": -0.5, "AreOpenlyHostile": false}, "506286f5-6613-4481-ac26-caa9940fbe68": {"FactionID": "506286f5-6613-4481-ac26-caa9940fbe68", "StandingValue": -0.5, "AreOpenlyHostile": false}, "559d7fc1-5470-4ab4-8c66-fa2f0b89a523": {"FactionID": "559d7fc1-5470-4ab4-8c66-fa2f0b89a523", "StandingValue": 0.5, "AreOpenlyHostile": false}, "5db2bec7-37c3-4f1c-ab88-21024c12d639": {"FactionID": "5db2bec7-37c3-4f1c-ab88-21024c12d639", "StandingValue": 5, "AreOpenlyHostile": false}, "7decfd86-9c82-4a17-af3b-5d4af8c4e2ad": {"FactionID": "7decfd86-9c82-4a17-af3b-5d4af8c4e2ad", "StandingValue": -3, "AreOpenlyHostile": true}, "a0152cbb-8a78-45a4-ae9b-2ad2b60b583b": {"FactionID": "a0152cbb-8a78-45a4-ae9b-2ad2b60b583b", "StandingValue": -5, "AreOpenlyHostile": true}, "b3d3fa9c-b21e-490f-b39e-128b3af12128": {"FactionID": "b3d3fa9c-b21e-490f-b39e-128b3af12128", "StandingValue": 0, "AreOpenlyHostile": false}, "bdeffd9a-3cab-408c-9cd7-32fce1124f7a": {"FactionID": "bdeffd9a-3cab-408c-9cd7-32fce1124f7a", "StandingValue": 10, "AreOpenlyHostile": false}}}', true, 2, NULL, '{}', '[::1]:46032', false);
    INSERT INTO public.users (id, charactername, hashpass, registered, banned, current_shipid, startid, escrow_containerid, current_factionid, reputationsheet, isnpc, behaviourmode, emailaddress, experiencesheet, registeredip, isdev) VALUES ('5904ce51-89ad-40c8-8161-f5dcb114988e', 'Mirella Monaldo', 'a7adba2b8ecfa879cd9be4da59f6285c086dbfe9a9d08c6a580276142d62df36', '2022-09-10 19:14:16.963217-04', B'0', NULL, '756b8024-f617-4be8-9c0a-d6a40071b1f0', '06eb0d62-422e-460a-9b05-4ad1d958f2db', 'bdeffd9a-3cab-408c-9cd7-32fce1124f7a', '{"factionEntries": {"27a53dfc-a321-4c12-bf7c-bb177955c95b": {"FactionID": "27a53dfc-a321-4c12-bf7c-bb177955c95b", "StandingValue": -4, "AreOpenlyHostile": true}, "30bc70eb-2692-47e6-a7e3-2772e131c3d7": {"FactionID": "30bc70eb-2692-47e6-a7e3-2772e131c3d7", "StandingValue": -0.5, "AreOpenlyHostile": false}, "506286f5-6613-4481-ac26-caa9940fbe68": {"FactionID": "506286f5-6613-4481-ac26-caa9940fbe68", "StandingValue": -0.5, "AreOpenlyHostile": false}, "559d7fc1-5470-4ab4-8c66-fa2f0b89a523": {"FactionID": "559d7fc1-5470-4ab4-8c66-fa2f0b89a523", "StandingValue": 0.5, "AreOpenlyHostile": false}, "5db2bec7-37c3-4f1c-ab88-21024c12d639": {"FactionID": "5db2bec7-37c3-4f1c-ab88-21024c12d639", "StandingValue": 5, "AreOpenlyHostile": false}, "7decfd86-9c82-4a17-af3b-5d4af8c4e2ad": {"FactionID": "7decfd86-9c82-4a17-af3b-5d4af8c4e2ad", "StandingValue": -3, "AreOpenlyHostile": true}, "a0152cbb-8a78-45a4-ae9b-2ad2b60b583b": {"FactionID": "a0152cbb-8a78-45a4-ae9b-2ad2b60b583b", "StandingValue": -5, "AreOpenlyHostile": true}, "b3d3fa9c-b21e-490f-b39e-128b3af12128": {"FactionID": "b3d3fa9c-b21e-490f-b39e-128b3af12128", "StandingValue": 0, "AreOpenlyHostile": false}, "bdeffd9a-3cab-408c-9cd7-32fce1124f7a": {"FactionID": "bdeffd9a-3cab-408c-9cd7-32fce1124f7a", "StandingValue": 10, "AreOpenlyHostile": false}}}', true, 2, NULL, '{}', '[::1]:46032', false);
    INSERT INTO public.users (id, charactername, hashpass, registered, banned, current_shipid, startid, escrow_containerid, current_factionid, reputationsheet, isnpc, behaviourmode, emailaddress, experiencesheet, registeredip, isdev) VALUES ('97b3f017-bc9f-42c4-bf1b-a9c8e53764a6', 'Rita Johnson', '6a80ee420a1df759e262a7a8e01c263279eeeb215ada6602ed713368b4b64654', '2022-09-10 19:14:16.898063-04', B'0', NULL, '756b8024-f617-4be8-9c0a-d6a40071b1f0', '4309800f-e6c2-41df-8f79-d4e337316177', 'bdeffd9a-3cab-408c-9cd7-32fce1124f7a', '{"factionEntries": {"27a53dfc-a321-4c12-bf7c-bb177955c95b": {"FactionID": "27a53dfc-a321-4c12-bf7c-bb177955c95b", "StandingValue": -4, "AreOpenlyHostile": true}, "30bc70eb-2692-47e6-a7e3-2772e131c3d7": {"FactionID": "30bc70eb-2692-47e6-a7e3-2772e131c3d7", "StandingValue": -0.5, "AreOpenlyHostile": false}, "506286f5-6613-4481-ac26-caa9940fbe68": {"FactionID": "506286f5-6613-4481-ac26-caa9940fbe68", "StandingValue": -0.5, "AreOpenlyHostile": false}, "559d7fc1-5470-4ab4-8c66-fa2f0b89a523": {"FactionID": "559d7fc1-5470-4ab4-8c66-fa2f0b89a523", "StandingValue": 0.5, "AreOpenlyHostile": false}, "5db2bec7-37c3-4f1c-ab88-21024c12d639": {"FactionID": "5db2bec7-37c3-4f1c-ab88-21024c12d639", "StandingValue": 5, "AreOpenlyHostile": false}, "7decfd86-9c82-4a17-af3b-5d4af8c4e2ad": {"FactionID": "7decfd86-9c82-4a17-af3b-5d4af8c4e2ad", "StandingValue": -3, "AreOpenlyHostile": true}, "a0152cbb-8a78-45a4-ae9b-2ad2b60b583b": {"FactionID": "a0152cbb-8a78-45a4-ae9b-2ad2b60b583b", "StandingValue": -5, "AreOpenlyHostile": true}, "b3d3fa9c-b21e-490f-b39e-128b3af12128": {"FactionID": "b3d3fa9c-b21e-490f-b39e-128b3af12128", "StandingValue": 0, "AreOpenlyHostile": false}, "bdeffd9a-3cab-408c-9cd7-32fce1124f7a": {"FactionID": "bdeffd9a-3cab-408c-9cd7-32fce1124f7a", "StandingValue": 10, "AreOpenlyHostile": false}}}', true, 2, NULL, '{}', '[::1]:46032', false);
    INSERT INTO public.users (id, charactername, hashpass, registered, banned, current_shipid, startid, escrow_containerid, current_factionid, reputationsheet, isnpc, behaviourmode, emailaddress, experiencesheet, registeredip, isdev) VALUES ('833220f3-ffa4-4d3a-9efe-734ed5ba0318', 'Fiore Zullo', 'fdeb7cc4d174d3bd67d0c2dd27ccf8ceb7b8cbb4fa2871c343bb81cbdb02e20f', '2022-09-10 19:14:16.930714-04', B'0', NULL, '756b8024-f617-4be8-9c0a-d6a40071b1f0', '904fbf35-e964-42d1-880b-a4092070c852', 'bdeffd9a-3cab-408c-9cd7-32fce1124f7a', '{"factionEntries": {"27a53dfc-a321-4c12-bf7c-bb177955c95b": {"FactionID": "27a53dfc-a321-4c12-bf7c-bb177955c95b", "StandingValue": -4, "AreOpenlyHostile": true}, "30bc70eb-2692-47e6-a7e3-2772e131c3d7": {"FactionID": "30bc70eb-2692-47e6-a7e3-2772e131c3d7", "StandingValue": -0.5, "AreOpenlyHostile": false}, "506286f5-6613-4481-ac26-caa9940fbe68": {"FactionID": "506286f5-6613-4481-ac26-caa9940fbe68", "StandingValue": -0.5, "AreOpenlyHostile": false}, "559d7fc1-5470-4ab4-8c66-fa2f0b89a523": {"FactionID": "559d7fc1-5470-4ab4-8c66-fa2f0b89a523", "StandingValue": 0.5, "AreOpenlyHostile": false}, "5db2bec7-37c3-4f1c-ab88-21024c12d639": {"FactionID": "5db2bec7-37c3-4f1c-ab88-21024c12d639", "StandingValue": 5, "AreOpenlyHostile": false}, "7decfd86-9c82-4a17-af3b-5d4af8c4e2ad": {"FactionID": "7decfd86-9c82-4a17-af3b-5d4af8c4e2ad", "StandingValue": -3, "AreOpenlyHostile": true}, "a0152cbb-8a78-45a4-ae9b-2ad2b60b583b": {"FactionID": "a0152cbb-8a78-45a4-ae9b-2ad2b60b583b", "StandingValue": -5, "AreOpenlyHostile": true}, "b3d3fa9c-b21e-490f-b39e-128b3af12128": {"FactionID": "b3d3fa9c-b21e-490f-b39e-128b3af12128", "StandingValue": 0, "AreOpenlyHostile": false}, "bdeffd9a-3cab-408c-9cd7-32fce1124f7a": {"FactionID": "bdeffd9a-3cab-408c-9cd7-32fce1124f7a", "StandingValue": 10, "AreOpenlyHostile": false}}}', true, 2, NULL, '{}', '[::1]:46032', false);
    INSERT INTO public.users (id, charactername, hashpass, registered, banned, current_shipid, startid, escrow_containerid, current_factionid, reputationsheet, isnpc, behaviourmode, emailaddress, experiencesheet, registeredip, isdev) VALUES ('0ea55621-3a95-4e4d-aac3-64d882561783', 'Fujioka Hitoshi', '091ad1c2afd560e9ea2edf6dd625a81fe5d0ccd600b78bfa45ce6037c8aab416', '2022-09-10 19:14:16.99328-04', B'0', NULL, '756b8024-f617-4be8-9c0a-d6a40071b1f0', '309dccc4-fd66-49f7-a3af-46dcb43a36d9', 'bdeffd9a-3cab-408c-9cd7-32fce1124f7a', '{"factionEntries": {"27a53dfc-a321-4c12-bf7c-bb177955c95b": {"FactionID": "27a53dfc-a321-4c12-bf7c-bb177955c95b", "StandingValue": -4, "AreOpenlyHostile": true}, "30bc70eb-2692-47e6-a7e3-2772e131c3d7": {"FactionID": "30bc70eb-2692-47e6-a7e3-2772e131c3d7", "StandingValue": -0.5, "AreOpenlyHostile": false}, "506286f5-6613-4481-ac26-caa9940fbe68": {"FactionID": "506286f5-6613-4481-ac26-caa9940fbe68", "StandingValue": -0.5, "AreOpenlyHostile": false}, "559d7fc1-5470-4ab4-8c66-fa2f0b89a523": {"FactionID": "559d7fc1-5470-4ab4-8c66-fa2f0b89a523", "StandingValue": 0.5, "AreOpenlyHostile": false}, "5db2bec7-37c3-4f1c-ab88-21024c12d639": {"FactionID": "5db2bec7-37c3-4f1c-ab88-21024c12d639", "StandingValue": 5, "AreOpenlyHostile": false}, "7decfd86-9c82-4a17-af3b-5d4af8c4e2ad": {"FactionID": "7decfd86-9c82-4a17-af3b-5d4af8c4e2ad", "StandingValue": -3, "AreOpenlyHostile": true}, "a0152cbb-8a78-45a4-ae9b-2ad2b60b583b": {"FactionID": "a0152cbb-8a78-45a4-ae9b-2ad2b60b583b", "StandingValue": -5, "AreOpenlyHostile": true}, "b3d3fa9c-b21e-490f-b39e-128b3af12128": {"FactionID": "b3d3fa9c-b21e-490f-b39e-128b3af12128", "StandingValue": 0, "AreOpenlyHostile": false}, "bdeffd9a-3cab-408c-9cd7-32fce1124f7a": {"FactionID": "bdeffd9a-3cab-408c-9cd7-32fce1124f7a", "StandingValue": 10, "AreOpenlyHostile": false}}}', true, 2, NULL, '{}', '[::1]:46032', false);
    INSERT INTO public.users (id, charactername, hashpass, registered, banned, current_shipid, startid, escrow_containerid, current_factionid, reputationsheet, isnpc, behaviourmode, emailaddress, experiencesheet, registeredip, isdev) VALUES ('ec6bf04a-b60d-4a68-8573-d80dd00171cb', 'Kiyabu Katsu', '2f31b3d2fb172c4d9205ccde73f2f464af8d117a8b974477205f42634de6f5ce', '2022-09-10 19:14:17.026645-04', B'0', NULL, '756b8024-f617-4be8-9c0a-d6a40071b1f0', 'fd186632-a051-45bb-9d1a-6840cde20d14', 'bdeffd9a-3cab-408c-9cd7-32fce1124f7a', '{"factionEntries": {"27a53dfc-a321-4c12-bf7c-bb177955c95b": {"FactionID": "27a53dfc-a321-4c12-bf7c-bb177955c95b", "StandingValue": -4, "AreOpenlyHostile": true}, "30bc70eb-2692-47e6-a7e3-2772e131c3d7": {"FactionID": "30bc70eb-2692-47e6-a7e3-2772e131c3d7", "StandingValue": -0.5, "AreOpenlyHostile": false}, "506286f5-6613-4481-ac26-caa9940fbe68": {"FactionID": "506286f5-6613-4481-ac26-caa9940fbe68", "StandingValue": -0.5, "AreOpenlyHostile": false}, "559d7fc1-5470-4ab4-8c66-fa2f0b89a523": {"FactionID": "559d7fc1-5470-4ab4-8c66-fa2f0b89a523", "StandingValue": 0.5, "AreOpenlyHostile": false}, "5db2bec7-37c3-4f1c-ab88-21024c12d639": {"FactionID": "5db2bec7-37c3-4f1c-ab88-21024c12d639", "StandingValue": 5, "AreOpenlyHostile": false}, "7decfd86-9c82-4a17-af3b-5d4af8c4e2ad": {"FactionID": "7decfd86-9c82-4a17-af3b-5d4af8c4e2ad", "StandingValue": -3, "AreOpenlyHostile": true}, "a0152cbb-8a78-45a4-ae9b-2ad2b60b583b": {"FactionID": "a0152cbb-8a78-45a4-ae9b-2ad2b60b583b", "StandingValue": -5, "AreOpenlyHostile": true}, "b3d3fa9c-b21e-490f-b39e-128b3af12128": {"FactionID": "b3d3fa9c-b21e-490f-b39e-128b3af12128", "StandingValue": 0, "AreOpenlyHostile": false}, "bdeffd9a-3cab-408c-9cd7-32fce1124f7a": {"FactionID": "bdeffd9a-3cab-408c-9cd7-32fce1124f7a", "StandingValue": 10, "AreOpenlyHostile": false}}}', true, 2, NULL, '{}', '[::1]:46032', false);
    INSERT INTO public.users (id, charactername, hashpass, registered, banned, current_shipid, startid, escrow_containerid, current_factionid, reputationsheet, isnpc, behaviourmode, emailaddress, experiencesheet, registeredip, isdev) VALUES ('5882e164-131e-4596-b99a-408608c7f6ba', 'Mandal Sayed', '87f200497b94331a1e68b00ff671359eb31060e2144fbde039a210f6bd66f9a0', '2022-09-10 19:14:17.056813-04', B'0', NULL, '756b8024-f617-4be8-9c0a-d6a40071b1f0', 'b1a282e0-49cd-4089-8498-18ee2f3896f4', 'bdeffd9a-3cab-408c-9cd7-32fce1124f7a', '{"factionEntries": {"27a53dfc-a321-4c12-bf7c-bb177955c95b": {"FactionID": "27a53dfc-a321-4c12-bf7c-bb177955c95b", "StandingValue": -4, "AreOpenlyHostile": true}, "30bc70eb-2692-47e6-a7e3-2772e131c3d7": {"FactionID": "30bc70eb-2692-47e6-a7e3-2772e131c3d7", "StandingValue": -0.5, "AreOpenlyHostile": false}, "506286f5-6613-4481-ac26-caa9940fbe68": {"FactionID": "506286f5-6613-4481-ac26-caa9940fbe68", "StandingValue": -0.5, "AreOpenlyHostile": false}, "559d7fc1-5470-4ab4-8c66-fa2f0b89a523": {"FactionID": "559d7fc1-5470-4ab4-8c66-fa2f0b89a523", "StandingValue": 0.5, "AreOpenlyHostile": false}, "5db2bec7-37c3-4f1c-ab88-21024c12d639": {"FactionID": "5db2bec7-37c3-4f1c-ab88-21024c12d639", "StandingValue": 5, "AreOpenlyHostile": false}, "7decfd86-9c82-4a17-af3b-5d4af8c4e2ad": {"FactionID": "7decfd86-9c82-4a17-af3b-5d4af8c4e2ad", "StandingValue": -3, "AreOpenlyHostile": true}, "a0152cbb-8a78-45a4-ae9b-2ad2b60b583b": {"FactionID": "a0152cbb-8a78-45a4-ae9b-2ad2b60b583b", "StandingValue": -5, "AreOpenlyHostile": true}, "b3d3fa9c-b21e-490f-b39e-128b3af12128": {"FactionID": "b3d3fa9c-b21e-490f-b39e-128b3af12128", "StandingValue": 0, "AreOpenlyHostile": false}, "bdeffd9a-3cab-408c-9cd7-32fce1124f7a": {"FactionID": "bdeffd9a-3cab-408c-9cd7-32fce1124f7a", "StandingValue": 10, "AreOpenlyHostile": false}}}', true, 2, NULL, '{}', '[::1]:46032', false);
    INSERT INTO public.users (id, charactername, hashpass, registered, banned, current_shipid, startid, escrow_containerid, current_factionid, reputationsheet, isnpc, behaviourmode, emailaddress, experiencesheet, registeredip, isdev) VALUES ('7491d359-3ad5-4cf6-b37d-e125a138bf30', 'Samrah Hamed', '5ee77fd5f21831cc281eb2aedafa8bd922974f96c2537265d6c7e026d3f9fa8e', '2022-09-10 19:14:17.08494-04', B'0', NULL, '756b8024-f617-4be8-9c0a-d6a40071b1f0', '6d5b9d84-20da-4760-a822-ba6826645a9f', 'bdeffd9a-3cab-408c-9cd7-32fce1124f7a', '{"factionEntries": {"27a53dfc-a321-4c12-bf7c-bb177955c95b": {"FactionID": "27a53dfc-a321-4c12-bf7c-bb177955c95b", "StandingValue": -4, "AreOpenlyHostile": true}, "30bc70eb-2692-47e6-a7e3-2772e131c3d7": {"FactionID": "30bc70eb-2692-47e6-a7e3-2772e131c3d7", "StandingValue": -0.5, "AreOpenlyHostile": false}, "506286f5-6613-4481-ac26-caa9940fbe68": {"FactionID": "506286f5-6613-4481-ac26-caa9940fbe68", "StandingValue": -0.5, "AreOpenlyHostile": false}, "559d7fc1-5470-4ab4-8c66-fa2f0b89a523": {"FactionID": "559d7fc1-5470-4ab4-8c66-fa2f0b89a523", "StandingValue": 0.5, "AreOpenlyHostile": false}, "5db2bec7-37c3-4f1c-ab88-21024c12d639": {"FactionID": "5db2bec7-37c3-4f1c-ab88-21024c12d639", "StandingValue": 5, "AreOpenlyHostile": false}, "7decfd86-9c82-4a17-af3b-5d4af8c4e2ad": {"FactionID": "7decfd86-9c82-4a17-af3b-5d4af8c4e2ad", "StandingValue": -3, "AreOpenlyHostile": true}, "a0152cbb-8a78-45a4-ae9b-2ad2b60b583b": {"FactionID": "a0152cbb-8a78-45a4-ae9b-2ad2b60b583b", "StandingValue": -5, "AreOpenlyHostile": true}, "b3d3fa9c-b21e-490f-b39e-128b3af12128": {"FactionID": "b3d3fa9c-b21e-490f-b39e-128b3af12128", "StandingValue": 0, "AreOpenlyHostile": false}, "bdeffd9a-3cab-408c-9cd7-32fce1124f7a": {"FactionID": "bdeffd9a-3cab-408c-9cd7-32fce1124f7a", "StandingValue": 10, "AreOpenlyHostile": false}}}', true, 2, NULL, '{}', '[::1]:46032', false);

    -- ships
    INSERT INTO public.ships (id, universe_systemid, userid, pos_x, pos_y, created, shipname, texture, theta, vel_x, vel_y, shield, armor, hull, fuel, heat, energy, shiptemplateid, dockedat_stationid, fitting, destroyed, destroyedat, cargobay_containerid, fittingbay_containerid, remaxdirty, trash_containerid, wallet, noload, flightexperiencemodifier) VALUES ('d96c4b1f-cd10-4ba8-84d6-32ca83a1e039', '5aa036f7-14ed-4273-a5ac-e7457ecabdaa', '8824edf5-e2af-42b2-b67d-6b64a6649d3b', 0, 0, '2022-09-10 19:14:16.889896-04', 'Walter Craig''s Starter Ship', 'Banshee', 0, 0, 0, 195, 190, 133, 246, 0, 152, 'e17f91f3-a16f-4854-80f5-e8ec5e1ee113', '3efc7fb3-6f61-4b06-b2f1-ea7c4529449f', '{"a_rack": [{"item_id": "fd8073e7-8189-41d7-a02f-f74ccdd690a7", "slot_idx": 0, "item_type_id": "10aa06f0-7b77-43c8-83bc-f9be223134d9"}, {"item_id": "bbc11e5c-f77b-4580-8495-ac64c4b72986", "slot_idx": 1, "item_type_id": "10aa06f0-7b77-43c8-83bc-f9be223134d9"}, {"item_id": "2cf54c4f-669c-4386-a802-c93029be8fb7", "slot_idx": 2, "item_type_id": "4a823362-2a91-4871-9a83-ba4e217bd1a7"}], "b_rack": [{"item_id": "6b2baf8c-ba31-4d96-bbe4-798b18598281", "slot_idx": 0, "item_type_id": "9bf8ba05-5888-49df-81bd-77969d3f3c37"}, {"item_id": "8ca8a045-0fbf-4e1d-94d3-87556190270c", "slot_idx": 1, "item_type_id": "9bf8ba05-5888-49df-81bd-77969d3f3c37"}], "c_rack": [{"item_id": "f9d94bb4-3095-479e-ba0c-bf0f16d1620a", "slot_idx": 0, "item_type_id": "c311df30-c21e-4895-acb0-d8808f99710e"}, {"item_id": "b7cd6400-a9d7-4a1c-bc27-0f7bfd5921d5", "slot_idx": 1, "item_type_id": "c311df30-c21e-4895-acb0-d8808f99710e"}]}', false, NULL, '67a48f74-b52e-46a9-b0ef-5bbd5906ca3d', 'd658290d-68b7-4079-8326-5e11c0819db1', true, 'b3ce840f-2151-4279-86da-9aedeedac8f6', 10000, false, 1);
    INSERT INTO public.ships (id, universe_systemid, userid, pos_x, pos_y, created, shipname, texture, theta, vel_x, vel_y, shield, armor, hull, fuel, heat, energy, shiptemplateid, dockedat_stationid, fitting, destroyed, destroyedat, cargobay_containerid, fittingbay_containerid, remaxdirty, trash_containerid, wallet, noload, flightexperiencemodifier) VALUES ('cc420db5-a840-4c4f-85d9-63ca48430fe2', '5aa036f7-14ed-4273-a5ac-e7457ecabdaa', '97b3f017-bc9f-42c4-bf1b-a9c8e53764a6', 0, 0, '2022-09-10 19:14:16.922788-04', 'Rita Johnson''s Starter Ship', 'Banshee', 0, 0, 0, 195, 190, 133, 246, 0, 152, 'e17f91f3-a16f-4854-80f5-e8ec5e1ee113', '3efc7fb3-6f61-4b06-b2f1-ea7c4529449f', '{"a_rack": [{"item_id": "4b95499c-460e-4be4-9164-b3408c8efe97", "slot_idx": 0, "item_type_id": "10aa06f0-7b77-43c8-83bc-f9be223134d9"}, {"item_id": "f8b870b7-1b4a-403e-b78d-bfc5f6b9d412", "slot_idx": 1, "item_type_id": "10aa06f0-7b77-43c8-83bc-f9be223134d9"}, {"item_id": "987b8e6d-ce6a-477b-8935-ddb1b1acf11f", "slot_idx": 2, "item_type_id": "4a823362-2a91-4871-9a83-ba4e217bd1a7"}], "b_rack": [{"item_id": "4c26af60-a7b0-4c38-8ee2-7b3bd670d98b", "slot_idx": 0, "item_type_id": "9bf8ba05-5888-49df-81bd-77969d3f3c37"}, {"item_id": "70f00cd2-9b5a-43dc-a1de-54614f5ec47c", "slot_idx": 1, "item_type_id": "9bf8ba05-5888-49df-81bd-77969d3f3c37"}], "c_rack": [{"item_id": "79d8fbe1-906c-44ae-b41b-56c551bfeec2", "slot_idx": 0, "item_type_id": "c311df30-c21e-4895-acb0-d8808f99710e"}, {"item_id": "3d31adf5-3f06-47fc-94f2-420ae6ebdd0b", "slot_idx": 1, "item_type_id": "c311df30-c21e-4895-acb0-d8808f99710e"}]}', false, NULL, '6b1c016e-6f7c-453b-9d68-a13db1c0c429', '9433a107-e882-40b1-abb4-8e328191901c', true, '4204578c-7ecd-4a14-8537-0c6f7ddb09e2', 10000, false, 1);
    INSERT INTO public.ships (id, universe_systemid, userid, pos_x, pos_y, created, shipname, texture, theta, vel_x, vel_y, shield, armor, hull, fuel, heat, energy, shiptemplateid, dockedat_stationid, fitting, destroyed, destroyedat, cargobay_containerid, fittingbay_containerid, remaxdirty, trash_containerid, wallet, noload, flightexperiencemodifier) VALUES ('8c0d553f-0cfc-46fe-9cb0-d2e58bab3a15', '5aa036f7-14ed-4273-a5ac-e7457ecabdaa', '833220f3-ffa4-4d3a-9efe-734ed5ba0318', 0, 0, '2022-09-10 19:14:16.955807-04', 'Fiore Zullo''s Starter Ship', 'Banshee', 0, 0, 0, 195, 190, 133, 246, 0, 152, 'e17f91f3-a16f-4854-80f5-e8ec5e1ee113', '3efc7fb3-6f61-4b06-b2f1-ea7c4529449f', '{"a_rack": [{"item_id": "292f2c2d-0806-47a1-a50d-1ce0297d166a", "slot_idx": 0, "item_type_id": "10aa06f0-7b77-43c8-83bc-f9be223134d9"}, {"item_id": "a9f3f3c7-78a3-42a4-a14e-7c96d9c2c8bf", "slot_idx": 1, "item_type_id": "10aa06f0-7b77-43c8-83bc-f9be223134d9"}, {"item_id": "9323a465-53e6-4dab-b02b-1069ff727dd5", "slot_idx": 2, "item_type_id": "4a823362-2a91-4871-9a83-ba4e217bd1a7"}], "b_rack": [{"item_id": "900c0d15-7567-4dc4-9950-665370c62363", "slot_idx": 0, "item_type_id": "9bf8ba05-5888-49df-81bd-77969d3f3c37"}, {"item_id": "c6f38b6f-7277-48da-b952-9bc55c3bcf06", "slot_idx": 1, "item_type_id": "9bf8ba05-5888-49df-81bd-77969d3f3c37"}], "c_rack": [{"item_id": "1b03b392-15d4-4da8-8415-da8ef0083ad9", "slot_idx": 0, "item_type_id": "c311df30-c21e-4895-acb0-d8808f99710e"}, {"item_id": "40bae422-c02c-4f7c-a0a8-368ccfb09b58", "slot_idx": 1, "item_type_id": "c311df30-c21e-4895-acb0-d8808f99710e"}]}', false, NULL, '050d6900-7f04-46f4-b283-56a819252031', 'f4846446-b4fb-4b90-bb9d-e18810433f72', true, '93d34799-3de5-4afd-aacc-b841970fce4f', 10000, false, 1);
    INSERT INTO public.ships (id, universe_systemid, userid, pos_x, pos_y, created, shipname, texture, theta, vel_x, vel_y, shield, armor, hull, fuel, heat, energy, shiptemplateid, dockedat_stationid, fitting, destroyed, destroyedat, cargobay_containerid, fittingbay_containerid, remaxdirty, trash_containerid, wallet, noload, flightexperiencemodifier) VALUES ('34c78c29-b81a-4675-85ce-39ec8a13179e', '5aa036f7-14ed-4273-a5ac-e7457ecabdaa', '5904ce51-89ad-40c8-8161-f5dcb114988e', 0, 0, '2022-09-10 19:14:16.985811-04', 'Mirella Monaldo''s Starter Ship', 'Banshee', 0, 0, 0, 195, 190, 133, 246, 0, 152, 'e17f91f3-a16f-4854-80f5-e8ec5e1ee113', '3efc7fb3-6f61-4b06-b2f1-ea7c4529449f', '{"a_rack": [{"item_id": "cf2ea3ff-8226-429c-af7e-5711f238ce2b", "slot_idx": 0, "item_type_id": "10aa06f0-7b77-43c8-83bc-f9be223134d9"}, {"item_id": "2b5d0611-5070-4668-b362-7a42b6ff72b3", "slot_idx": 1, "item_type_id": "10aa06f0-7b77-43c8-83bc-f9be223134d9"}, {"item_id": "2a34b82f-c771-4fa6-8bd9-e674ee062aa3", "slot_idx": 2, "item_type_id": "4a823362-2a91-4871-9a83-ba4e217bd1a7"}], "b_rack": [{"item_id": "e0b2c3ba-cca1-4935-8b74-3ecd99b1648b", "slot_idx": 0, "item_type_id": "9bf8ba05-5888-49df-81bd-77969d3f3c37"}, {"item_id": "c3d96006-05ca-4548-9f5d-748149cd5e47", "slot_idx": 1, "item_type_id": "9bf8ba05-5888-49df-81bd-77969d3f3c37"}], "c_rack": [{"item_id": "976f77c5-1bea-42cb-9c98-3a8658ad7daf", "slot_idx": 0, "item_type_id": "c311df30-c21e-4895-acb0-d8808f99710e"}, {"item_id": "3643b09b-65e3-4439-a530-a8080d6e6e7d", "slot_idx": 1, "item_type_id": "c311df30-c21e-4895-acb0-d8808f99710e"}]}', false, NULL, 'b5ba4e47-ea2e-42d0-acbd-3ea7760b02be', 'b88e2126-06f3-453f-9c11-372192c59479', true, '3bbf536d-5df8-4d92-a2a9-4989c913fc07', 10000, false, 1);
    INSERT INTO public.ships (id, universe_systemid, userid, pos_x, pos_y, created, shipname, texture, theta, vel_x, vel_y, shield, armor, hull, fuel, heat, energy, shiptemplateid, dockedat_stationid, fitting, destroyed, destroyedat, cargobay_containerid, fittingbay_containerid, remaxdirty, trash_containerid, wallet, noload, flightexperiencemodifier) VALUES ('acd63c56-64f0-4269-8fc1-d3ad9608909c', '5aa036f7-14ed-4273-a5ac-e7457ecabdaa', '0ea55621-3a95-4e4d-aac3-64d882561783', 0, 0, '2022-09-10 19:14:17.016837-04', 'Fujioka Hitoshi''s Starter Ship', 'Banshee', 0, 0, 0, 195, 190, 133, 246, 0, 152, 'e17f91f3-a16f-4854-80f5-e8ec5e1ee113', '3efc7fb3-6f61-4b06-b2f1-ea7c4529449f', '{"a_rack": [{"item_id": "c436eb6b-ee03-426c-a632-61bcb9e0076c", "slot_idx": 0, "item_type_id": "10aa06f0-7b77-43c8-83bc-f9be223134d9"}, {"item_id": "4070712a-d433-4e60-a411-19f99f0b21bf", "slot_idx": 1, "item_type_id": "10aa06f0-7b77-43c8-83bc-f9be223134d9"}, {"item_id": "3b67c5ce-f24d-4d8a-a9d9-0a0e7bdfbc26", "slot_idx": 2, "item_type_id": "4a823362-2a91-4871-9a83-ba4e217bd1a7"}], "b_rack": [{"item_id": "25d56af2-a13e-473b-a7fb-59f663e10bb7", "slot_idx": 0, "item_type_id": "9bf8ba05-5888-49df-81bd-77969d3f3c37"}, {"item_id": "38f31c64-38fc-49da-a5dd-9d22f5a732ec", "slot_idx": 1, "item_type_id": "9bf8ba05-5888-49df-81bd-77969d3f3c37"}], "c_rack": [{"item_id": "19371eff-89c7-44f0-95ee-e40145c83226", "slot_idx": 0, "item_type_id": "c311df30-c21e-4895-acb0-d8808f99710e"}, {"item_id": "86f6e2b9-490f-4900-a60e-c65c364d8e62", "slot_idx": 1, "item_type_id": "c311df30-c21e-4895-acb0-d8808f99710e"}]}', false, NULL, '6ca2b080-0f0a-4bcf-b650-d8f8aebc45fc', 'e697500e-258c-45ac-8f03-13067759fbd3', true, 'c279527e-fbeb-4548-a8c7-1aae2ed66821', 10000, false, 1);
    INSERT INTO public.ships (id, universe_systemid, userid, pos_x, pos_y, created, shipname, texture, theta, vel_x, vel_y, shield, armor, hull, fuel, heat, energy, shiptemplateid, dockedat_stationid, fitting, destroyed, destroyedat, cargobay_containerid, fittingbay_containerid, remaxdirty, trash_containerid, wallet, noload, flightexperiencemodifier) VALUES ('d909098b-af9a-40cf-97b6-65f9e9783a7f', '5aa036f7-14ed-4273-a5ac-e7457ecabdaa', 'ec6bf04a-b60d-4a68-8573-d80dd00171cb', 0, 0, '2022-09-10 19:14:17.049167-04', 'Kiyabu Katsu''s Starter Ship', 'Banshee', 0, 0, 0, 195, 190, 133, 246, 0, 152, 'e17f91f3-a16f-4854-80f5-e8ec5e1ee113', '3efc7fb3-6f61-4b06-b2f1-ea7c4529449f', '{"a_rack": [{"item_id": "68c0aed5-459e-4914-b054-fc4e1fb7448c", "slot_idx": 0, "item_type_id": "10aa06f0-7b77-43c8-83bc-f9be223134d9"}, {"item_id": "83cc8aee-2f82-47e6-86f8-69052db7c8ad", "slot_idx": 1, "item_type_id": "10aa06f0-7b77-43c8-83bc-f9be223134d9"}, {"item_id": "0d0d11cf-6ec3-40d7-ad8a-dac9ac6e2083", "slot_idx": 2, "item_type_id": "4a823362-2a91-4871-9a83-ba4e217bd1a7"}], "b_rack": [{"item_id": "080b65ba-d03b-4ded-bbc6-1eeb87b34e8a", "slot_idx": 0, "item_type_id": "9bf8ba05-5888-49df-81bd-77969d3f3c37"}, {"item_id": "f051657d-2223-49ed-861d-3a5be9904504", "slot_idx": 1, "item_type_id": "9bf8ba05-5888-49df-81bd-77969d3f3c37"}], "c_rack": [{"item_id": "5a7f1b8b-bed7-4806-a7dd-cf52059633e2", "slot_idx": 0, "item_type_id": "c311df30-c21e-4895-acb0-d8808f99710e"}, {"item_id": "875ccac2-151f-4b0a-b559-e11bb29f64d8", "slot_idx": 1, "item_type_id": "c311df30-c21e-4895-acb0-d8808f99710e"}]}', false, NULL, '23db4dc2-9987-481e-bdb4-7e1f1f7d4db6', '15895b34-a416-447d-a956-854ebcf4cdac', true, '96bd4a97-2957-462d-89ac-a2701fdac86b', 10000, false, 1);
    INSERT INTO public.ships (id, universe_systemid, userid, pos_x, pos_y, created, shipname, texture, theta, vel_x, vel_y, shield, armor, hull, fuel, heat, energy, shiptemplateid, dockedat_stationid, fitting, destroyed, destroyedat, cargobay_containerid, fittingbay_containerid, remaxdirty, trash_containerid, wallet, noload, flightexperiencemodifier) VALUES ('4237d446-7e57-4bdd-a3b9-de7fef7a2eb7', '5aa036f7-14ed-4273-a5ac-e7457ecabdaa', '5882e164-131e-4596-b99a-408608c7f6ba', 0, 0, '2022-09-10 19:14:17.078382-04', 'Mandal Sayed''s Starter Ship', 'Banshee', 0, 0, 0, 195, 190, 133, 246, 0, 152, 'e17f91f3-a16f-4854-80f5-e8ec5e1ee113', '3efc7fb3-6f61-4b06-b2f1-ea7c4529449f', '{"a_rack": [{"item_id": "5c21f35f-ee26-4787-9e3b-2064ff0fff81", "slot_idx": 0, "item_type_id": "10aa06f0-7b77-43c8-83bc-f9be223134d9"}, {"item_id": "74e9cc3b-4265-41d7-ac8f-619d3cc1f28f", "slot_idx": 1, "item_type_id": "10aa06f0-7b77-43c8-83bc-f9be223134d9"}, {"item_id": "353144c6-503c-4859-9329-0748eed33480", "slot_idx": 2, "item_type_id": "4a823362-2a91-4871-9a83-ba4e217bd1a7"}], "b_rack": [{"item_id": "879cec96-7352-4795-a03b-e1e3d2ed085b", "slot_idx": 0, "item_type_id": "9bf8ba05-5888-49df-81bd-77969d3f3c37"}, {"item_id": "17205f61-9dd9-4c3d-860b-b15d3a361d1f", "slot_idx": 1, "item_type_id": "9bf8ba05-5888-49df-81bd-77969d3f3c37"}], "c_rack": [{"item_id": "0c91edc0-6001-4fde-a6e8-0b4f14bfc6ac", "slot_idx": 0, "item_type_id": "c311df30-c21e-4895-acb0-d8808f99710e"}, {"item_id": "a58021a8-8b59-4af5-a2c2-b54bd8a3dfc7", "slot_idx": 1, "item_type_id": "c311df30-c21e-4895-acb0-d8808f99710e"}]}', false, NULL, '984e08e3-0e0f-4400-9c0b-f036bf7a22b0', 'fe05f68d-737e-4b62-b3d0-bb4a4f304810', true, '9626c58e-baa3-4af9-b9c6-394d3c59ade6', 10000, false, 1);
    INSERT INTO public.ships (id, universe_systemid, userid, pos_x, pos_y, created, shipname, texture, theta, vel_x, vel_y, shield, armor, hull, fuel, heat, energy, shiptemplateid, dockedat_stationid, fitting, destroyed, destroyedat, cargobay_containerid, fittingbay_containerid, remaxdirty, trash_containerid, wallet, noload, flightexperiencemodifier) VALUES ('d78abca0-02b1-4047-8ea2-3af96f7f8811', '5aa036f7-14ed-4273-a5ac-e7457ecabdaa', '7491d359-3ad5-4cf6-b37d-e125a138bf30', 0, 0, '2022-09-10 19:14:17.103119-04', 'Samrah Hamed''s Starter Ship', 'Banshee', 0, 0, 0, 195, 190, 133, 246, 0, 152, 'e17f91f3-a16f-4854-80f5-e8ec5e1ee113', '3efc7fb3-6f61-4b06-b2f1-ea7c4529449f', '{"a_rack": [{"item_id": "b6e54b54-c95b-4a43-8e82-0638e7dabb25", "slot_idx": 0, "item_type_id": "10aa06f0-7b77-43c8-83bc-f9be223134d9"}, {"item_id": "e2466658-e53a-44b4-a71e-9e97106f70cd", "slot_idx": 1, "item_type_id": "10aa06f0-7b77-43c8-83bc-f9be223134d9"}, {"item_id": "d6f9f998-31c2-4900-aaa2-77b0098131cb", "slot_idx": 2, "item_type_id": "4a823362-2a91-4871-9a83-ba4e217bd1a7"}], "b_rack": [{"item_id": "cd48a9e4-3593-4818-95fb-d9df60c56d8c", "slot_idx": 0, "item_type_id": "9bf8ba05-5888-49df-81bd-77969d3f3c37"}, {"item_id": "86dd8942-8fc8-4e51-a499-f11202a31daa", "slot_idx": 1, "item_type_id": "9bf8ba05-5888-49df-81bd-77969d3f3c37"}], "c_rack": [{"item_id": "f1ebd272-d90b-4dd5-9fe9-0810c2cd06e4", "slot_idx": 0, "item_type_id": "c311df30-c21e-4895-acb0-d8808f99710e"}, {"item_id": "a8181a61-716d-48c1-a910-bcb954d72def", "slot_idx": 1, "item_type_id": "c311df30-c21e-4895-acb0-d8808f99710e"}]}', false, NULL, 'af7d24ed-5919-4b8e-b707-6a42a41581e3', 'c67f9df8-96d7-491f-9a03-877f5066ca95', true, '298ba25e-7fff-4436-8f7b-c1632aec7d1e', 10000, false, 1);

    -- items
    INSERT INTO public.items (id, itemtypeid, meta, created, createdby, createdreason, containerid, quantity, ispackaged) VALUES ('fd8073e7-8189-41d7-a02f-f74ccdd690a7', '10aa06f0-7b77-43c8-83bc-f9be223134d9', '{"hp": 10, "rack": "a", "range": 802, "volume": 7, "falloff": "linear", "cooldown": 3.7, "tracking": 217.8, "hull_damage": 460, "armor_damage": 310, "can_mine_gas": false, "can_mine_ice": false, "can_mine_ore": false, "needs_target": true, "shield_damage": 85, "activation_heat": 1.8, "ammunition_name": "Auto-5 Belt", "ammunition_type": "812bddab-db8f-4444-a787-e39e59b92256", "industrialmarket": {"maxprice": 7018, "minprice": 3054, "silosize": 1000}, "activation_energy": 0.42, "ore_mining_volume": 0, "activation_gfx_effect": "basic_auto-5_cannon"}', '2022-09-10 19:14:16.87358-04', '8824edf5-e2af-42b2-b67d-6b64a6649d3b', 'Module for new noob ship for player', 'd658290d-68b7-4079-8326-5e11c0819db1', 1, false);
    INSERT INTO public.items (id, itemtypeid, meta, created, createdby, createdreason, containerid, quantity, ispackaged) VALUES ('bbc11e5c-f77b-4580-8495-ac64c4b72986', '10aa06f0-7b77-43c8-83bc-f9be223134d9', '{"hp": 10, "rack": "a", "range": 802, "volume": 7, "falloff": "linear", "cooldown": 3.7, "tracking": 217.8, "hull_damage": 460, "armor_damage": 310, "can_mine_gas": false, "can_mine_ice": false, "can_mine_ore": false, "needs_target": true, "shield_damage": 85, "activation_heat": 1.8, "ammunition_name": "Auto-5 Belt", "ammunition_type": "812bddab-db8f-4444-a787-e39e59b92256", "industrialmarket": {"maxprice": 7018, "minprice": 3054, "silosize": 1000}, "activation_energy": 0.42, "ore_mining_volume": 0, "activation_gfx_effect": "basic_auto-5_cannon"}', '2022-09-10 19:14:16.87603-04', '8824edf5-e2af-42b2-b67d-6b64a6649d3b', 'Module for new noob ship for player', 'd658290d-68b7-4079-8326-5e11c0819db1', 1, false);
    INSERT INTO public.items (id, itemtypeid, meta, created, createdby, createdreason, containerid, quantity, ispackaged) VALUES ('2cf54c4f-669c-4386-a802-c93029be8fb7', '4a823362-2a91-4871-9a83-ba4e217bd1a7', '{"hp": 10, "rack": "a", "range": 715, "volume": 8, "falloff": "linear", "cooldown": 8.7, "tracking": 220, "needs_target": true, "activation_heat": 22, "industrialmarket": {"maxprice": 7798, "minprice": 6212, "silosize": 1000}, "activation_energy": 5, "energy_siphon_amount": 110, "activation_gfx_effect": "basic_energy_siphon"}', '2022-09-10 19:14:16.878278-04', '8824edf5-e2af-42b2-b67d-6b64a6649d3b', 'Module for new noob ship for player', 'd658290d-68b7-4079-8326-5e11c0819db1', 1, false);
    INSERT INTO public.items (id, itemtypeid, meta, created, createdby, createdreason, containerid, quantity, ispackaged) VALUES ('6b2baf8c-ba31-4d96-bbe4-798b18598281', '9bf8ba05-5888-49df-81bd-77969d3f3c37', '{"hp": 4, "rack": "b", "range": 2418, "volume": 4, "falloff": "linear", "cooldown": 16.3, "tracking": 237, "mask_radius": 11.6, "needs_target": true, "activation_heat": 92.8, "industrialmarket": {"maxprice": 14778, "minprice": 9067, "silosize": 500}, "activation_energy": 110, "activation_gfx_effect": "basic_regen_mask"}', '2022-09-10 19:14:16.880842-04', '8824edf5-e2af-42b2-b67d-6b64a6649d3b', 'Module for new noob ship for player', 'd658290d-68b7-4079-8326-5e11c0819db1', 1, false);
    INSERT INTO public.items (id, itemtypeid, meta, created, createdby, createdreason, containerid, quantity, ispackaged) VALUES ('8ca8a045-0fbf-4e1d-94d3-87556190270c', '9bf8ba05-5888-49df-81bd-77969d3f3c37', '{"hp": 4, "rack": "b", "range": 2418, "volume": 4, "falloff": "linear", "cooldown": 16.3, "tracking": 237, "mask_radius": 11.6, "needs_target": true, "activation_heat": 92.8, "industrialmarket": {"maxprice": 14778, "minprice": 9067, "silosize": 500}, "activation_energy": 110, "activation_gfx_effect": "basic_regen_mask"}', '2022-09-10 19:14:16.88313-04', '8824edf5-e2af-42b2-b67d-6b64a6649d3b', 'Module for new noob ship for player', 'd658290d-68b7-4079-8326-5e11c0819db1', 1, false);
    INSERT INTO public.items (id, itemtypeid, meta, created, createdby, createdreason, containerid, quantity, ispackaged) VALUES ('f9d94bb4-3095-479e-ba0c-bf0f16d1620a', 'c311df30-c21e-4895-acb0-d8808f99710e', '{"hp": 75, "rack": "c", "volume": 6, "armor_max_add": 75, "industrialmarket": {"maxprice": 650, "minprice": 300, "silosize": 1000}}', '2022-09-10 19:14:16.885446-04', '8824edf5-e2af-42b2-b67d-6b64a6649d3b', 'Module for new noob ship for player', 'd658290d-68b7-4079-8326-5e11c0819db1', 1, false);
    INSERT INTO public.items (id, itemtypeid, meta, created, createdby, createdreason, containerid, quantity, ispackaged) VALUES ('b7cd6400-a9d7-4a1c-bc27-0f7bfd5921d5', 'c311df30-c21e-4895-acb0-d8808f99710e', '{"hp": 75, "rack": "c", "volume": 6, "armor_max_add": 75, "industrialmarket": {"maxprice": 650, "minprice": 300, "silosize": 1000}}', '2022-09-10 19:14:16.888066-04', '8824edf5-e2af-42b2-b67d-6b64a6649d3b', 'Module for new noob ship for player', 'd658290d-68b7-4079-8326-5e11c0819db1', 1, false);
    INSERT INTO public.items (id, itemtypeid, meta, created, createdby, createdreason, containerid, quantity, ispackaged) VALUES ('4b95499c-460e-4be4-9164-b3408c8efe97', '10aa06f0-7b77-43c8-83bc-f9be223134d9', '{"hp": 10, "rack": "a", "range": 802, "volume": 7, "falloff": "linear", "cooldown": 3.7, "tracking": 217.8, "hull_damage": 460, "armor_damage": 310, "can_mine_gas": false, "can_mine_ice": false, "can_mine_ore": false, "needs_target": true, "shield_damage": 85, "activation_heat": 1.8, "ammunition_name": "Auto-5 Belt", "ammunition_type": "812bddab-db8f-4444-a787-e39e59b92256", "industrialmarket": {"maxprice": 7018, "minprice": 3054, "silosize": 1000}, "activation_energy": 0.42, "ore_mining_volume": 0, "activation_gfx_effect": "basic_auto-5_cannon"}', '2022-09-10 19:14:16.908178-04', '97b3f017-bc9f-42c4-bf1b-a9c8e53764a6', 'Module for new noob ship for player', '9433a107-e882-40b1-abb4-8e328191901c', 1, false);
    INSERT INTO public.items (id, itemtypeid, meta, created, createdby, createdreason, containerid, quantity, ispackaged) VALUES ('f8b870b7-1b4a-403e-b78d-bfc5f6b9d412', '10aa06f0-7b77-43c8-83bc-f9be223134d9', '{"hp": 10, "rack": "a", "range": 802, "volume": 7, "falloff": "linear", "cooldown": 3.7, "tracking": 217.8, "hull_damage": 460, "armor_damage": 310, "can_mine_gas": false, "can_mine_ice": false, "can_mine_ore": false, "needs_target": true, "shield_damage": 85, "activation_heat": 1.8, "ammunition_name": "Auto-5 Belt", "ammunition_type": "812bddab-db8f-4444-a787-e39e59b92256", "industrialmarket": {"maxprice": 7018, "minprice": 3054, "silosize": 1000}, "activation_energy": 0.42, "ore_mining_volume": 0, "activation_gfx_effect": "basic_auto-5_cannon"}', '2022-09-10 19:14:16.91016-04', '97b3f017-bc9f-42c4-bf1b-a9c8e53764a6', 'Module for new noob ship for player', '9433a107-e882-40b1-abb4-8e328191901c', 1, false);
    INSERT INTO public.items (id, itemtypeid, meta, created, createdby, createdreason, containerid, quantity, ispackaged) VALUES ('987b8e6d-ce6a-477b-8935-ddb1b1acf11f', '4a823362-2a91-4871-9a83-ba4e217bd1a7', '{"hp": 10, "rack": "a", "range": 715, "volume": 8, "falloff": "linear", "cooldown": 8.7, "tracking": 220, "needs_target": true, "activation_heat": 22, "industrialmarket": {"maxprice": 7798, "minprice": 6212, "silosize": 1000}, "activation_energy": 5, "energy_siphon_amount": 110, "activation_gfx_effect": "basic_energy_siphon"}', '2022-09-10 19:14:16.912101-04', '97b3f017-bc9f-42c4-bf1b-a9c8e53764a6', 'Module for new noob ship for player', '9433a107-e882-40b1-abb4-8e328191901c', 1, false);
    INSERT INTO public.items (id, itemtypeid, meta, created, createdby, createdreason, containerid, quantity, ispackaged) VALUES ('4c26af60-a7b0-4c38-8ee2-7b3bd670d98b', '9bf8ba05-5888-49df-81bd-77969d3f3c37', '{"hp": 4, "rack": "b", "range": 2418, "volume": 4, "falloff": "linear", "cooldown": 16.3, "tracking": 237, "mask_radius": 11.6, "needs_target": true, "activation_heat": 92.8, "industrialmarket": {"maxprice": 14778, "minprice": 9067, "silosize": 500}, "activation_energy": 110, "activation_gfx_effect": "basic_regen_mask"}', '2022-09-10 19:14:16.91408-04', '97b3f017-bc9f-42c4-bf1b-a9c8e53764a6', 'Module for new noob ship for player', '9433a107-e882-40b1-abb4-8e328191901c', 1, false);
    INSERT INTO public.items (id, itemtypeid, meta, created, createdby, createdreason, containerid, quantity, ispackaged) VALUES ('70f00cd2-9b5a-43dc-a1de-54614f5ec47c', '9bf8ba05-5888-49df-81bd-77969d3f3c37', '{"hp": 4, "rack": "b", "range": 2418, "volume": 4, "falloff": "linear", "cooldown": 16.3, "tracking": 237, "mask_radius": 11.6, "needs_target": true, "activation_heat": 92.8, "industrialmarket": {"maxprice": 14778, "minprice": 9067, "silosize": 500}, "activation_energy": 110, "activation_gfx_effect": "basic_regen_mask"}', '2022-09-10 19:14:16.916326-04', '97b3f017-bc9f-42c4-bf1b-a9c8e53764a6', 'Module for new noob ship for player', '9433a107-e882-40b1-abb4-8e328191901c', 1, false);
    INSERT INTO public.items (id, itemtypeid, meta, created, createdby, createdreason, containerid, quantity, ispackaged) VALUES ('79d8fbe1-906c-44ae-b41b-56c551bfeec2', 'c311df30-c21e-4895-acb0-d8808f99710e', '{"hp": 75, "rack": "c", "volume": 6, "armor_max_add": 75, "industrialmarket": {"maxprice": 650, "minprice": 300, "silosize": 1000}}', '2022-09-10 19:14:16.918484-04', '97b3f017-bc9f-42c4-bf1b-a9c8e53764a6', 'Module for new noob ship for player', '9433a107-e882-40b1-abb4-8e328191901c', 1, false);
    INSERT INTO public.items (id, itemtypeid, meta, created, createdby, createdreason, containerid, quantity, ispackaged) VALUES ('3d31adf5-3f06-47fc-94f2-420ae6ebdd0b', 'c311df30-c21e-4895-acb0-d8808f99710e', '{"hp": 75, "rack": "c", "volume": 6, "armor_max_add": 75, "industrialmarket": {"maxprice": 650, "minprice": 300, "silosize": 1000}}', '2022-09-10 19:14:16.920825-04', '97b3f017-bc9f-42c4-bf1b-a9c8e53764a6', 'Module for new noob ship for player', '9433a107-e882-40b1-abb4-8e328191901c', 1, false);
    INSERT INTO public.items (id, itemtypeid, meta, created, createdby, createdreason, containerid, quantity, ispackaged) VALUES ('292f2c2d-0806-47a1-a50d-1ce0297d166a', '10aa06f0-7b77-43c8-83bc-f9be223134d9', '{"hp": 10, "rack": "a", "range": 802, "volume": 7, "falloff": "linear", "cooldown": 3.7, "tracking": 217.8, "hull_damage": 460, "armor_damage": 310, "can_mine_gas": false, "can_mine_ice": false, "can_mine_ore": false, "needs_target": true, "shield_damage": 85, "activation_heat": 1.8, "ammunition_name": "Auto-5 Belt", "ammunition_type": "812bddab-db8f-4444-a787-e39e59b92256", "industrialmarket": {"maxprice": 7018, "minprice": 3054, "silosize": 1000}, "activation_energy": 0.42, "ore_mining_volume": 0, "activation_gfx_effect": "basic_auto-5_cannon"}', '2022-09-10 19:14:16.93985-04', '833220f3-ffa4-4d3a-9efe-734ed5ba0318', 'Module for new noob ship for player', 'f4846446-b4fb-4b90-bb9d-e18810433f72', 1, false);
    INSERT INTO public.items (id, itemtypeid, meta, created, createdby, createdreason, containerid, quantity, ispackaged) VALUES ('a9f3f3c7-78a3-42a4-a14e-7c96d9c2c8bf', '10aa06f0-7b77-43c8-83bc-f9be223134d9', '{"hp": 10, "rack": "a", "range": 802, "volume": 7, "falloff": "linear", "cooldown": 3.7, "tracking": 217.8, "hull_damage": 460, "armor_damage": 310, "can_mine_gas": false, "can_mine_ice": false, "can_mine_ore": false, "needs_target": true, "shield_damage": 85, "activation_heat": 1.8, "ammunition_name": "Auto-5 Belt", "ammunition_type": "812bddab-db8f-4444-a787-e39e59b92256", "industrialmarket": {"maxprice": 7018, "minprice": 3054, "silosize": 1000}, "activation_energy": 0.42, "ore_mining_volume": 0, "activation_gfx_effect": "basic_auto-5_cannon"}', '2022-09-10 19:14:16.942215-04', '833220f3-ffa4-4d3a-9efe-734ed5ba0318', 'Module for new noob ship for player', 'f4846446-b4fb-4b90-bb9d-e18810433f72', 1, false);
    INSERT INTO public.items (id, itemtypeid, meta, created, createdby, createdreason, containerid, quantity, ispackaged) VALUES ('9323a465-53e6-4dab-b02b-1069ff727dd5', '4a823362-2a91-4871-9a83-ba4e217bd1a7', '{"hp": 10, "rack": "a", "range": 715, "volume": 8, "falloff": "linear", "cooldown": 8.7, "tracking": 220, "needs_target": true, "activation_heat": 22, "industrialmarket": {"maxprice": 7798, "minprice": 6212, "silosize": 1000}, "activation_energy": 5, "energy_siphon_amount": 110, "activation_gfx_effect": "basic_energy_siphon"}', '2022-09-10 19:14:16.944293-04', '833220f3-ffa4-4d3a-9efe-734ed5ba0318', 'Module for new noob ship for player', 'f4846446-b4fb-4b90-bb9d-e18810433f72', 1, false);
    INSERT INTO public.items (id, itemtypeid, meta, created, createdby, createdreason, containerid, quantity, ispackaged) VALUES ('900c0d15-7567-4dc4-9950-665370c62363', '9bf8ba05-5888-49df-81bd-77969d3f3c37', '{"hp": 4, "rack": "b", "range": 2418, "volume": 4, "falloff": "linear", "cooldown": 16.3, "tracking": 237, "mask_radius": 11.6, "needs_target": true, "activation_heat": 92.8, "industrialmarket": {"maxprice": 14778, "minprice": 9067, "silosize": 500}, "activation_energy": 110, "activation_gfx_effect": "basic_regen_mask"}', '2022-09-10 19:14:16.947422-04', '833220f3-ffa4-4d3a-9efe-734ed5ba0318', 'Module for new noob ship for player', 'f4846446-b4fb-4b90-bb9d-e18810433f72', 1, false);
    INSERT INTO public.items (id, itemtypeid, meta, created, createdby, createdreason, containerid, quantity, ispackaged) VALUES ('c6f38b6f-7277-48da-b952-9bc55c3bcf06', '9bf8ba05-5888-49df-81bd-77969d3f3c37', '{"hp": 4, "rack": "b", "range": 2418, "volume": 4, "falloff": "linear", "cooldown": 16.3, "tracking": 237, "mask_radius": 11.6, "needs_target": true, "activation_heat": 92.8, "industrialmarket": {"maxprice": 14778, "minprice": 9067, "silosize": 500}, "activation_energy": 110, "activation_gfx_effect": "basic_regen_mask"}', '2022-09-10 19:14:16.949781-04', '833220f3-ffa4-4d3a-9efe-734ed5ba0318', 'Module for new noob ship for player', 'f4846446-b4fb-4b90-bb9d-e18810433f72', 1, false);
    INSERT INTO public.items (id, itemtypeid, meta, created, createdby, createdreason, containerid, quantity, ispackaged) VALUES ('1b03b392-15d4-4da8-8415-da8ef0083ad9', 'c311df30-c21e-4895-acb0-d8808f99710e', '{"hp": 75, "rack": "c", "volume": 6, "armor_max_add": 75, "industrialmarket": {"maxprice": 650, "minprice": 300, "silosize": 1000}}', '2022-09-10 19:14:16.952038-04', '833220f3-ffa4-4d3a-9efe-734ed5ba0318', 'Module for new noob ship for player', 'f4846446-b4fb-4b90-bb9d-e18810433f72', 1, false);
    INSERT INTO public.items (id, itemtypeid, meta, created, createdby, createdreason, containerid, quantity, ispackaged) VALUES ('40bae422-c02c-4f7c-a0a8-368ccfb09b58', 'c311df30-c21e-4895-acb0-d8808f99710e', '{"hp": 75, "rack": "c", "volume": 6, "armor_max_add": 75, "industrialmarket": {"maxprice": 650, "minprice": 300, "silosize": 1000}}', '2022-09-10 19:14:16.954047-04', '833220f3-ffa4-4d3a-9efe-734ed5ba0318', 'Module for new noob ship for player', 'f4846446-b4fb-4b90-bb9d-e18810433f72', 1, false);
    INSERT INTO public.items (id, itemtypeid, meta, created, createdby, createdreason, containerid, quantity, ispackaged) VALUES ('cf2ea3ff-8226-429c-af7e-5711f238ce2b', '10aa06f0-7b77-43c8-83bc-f9be223134d9', '{"hp": 10, "rack": "a", "range": 802, "volume": 7, "falloff": "linear", "cooldown": 3.7, "tracking": 217.8, "hull_damage": 460, "armor_damage": 310, "can_mine_gas": false, "can_mine_ice": false, "can_mine_ore": false, "needs_target": true, "shield_damage": 85, "activation_heat": 1.8, "ammunition_name": "Auto-5 Belt", "ammunition_type": "812bddab-db8f-4444-a787-e39e59b92256", "industrialmarket": {"maxprice": 7018, "minprice": 3054, "silosize": 1000}, "activation_energy": 0.42, "ore_mining_volume": 0, "activation_gfx_effect": "basic_auto-5_cannon"}', '2022-09-10 19:14:16.971738-04', '5904ce51-89ad-40c8-8161-f5dcb114988e', 'Module for new noob ship for player', 'b88e2126-06f3-453f-9c11-372192c59479', 1, false);
    INSERT INTO public.items (id, itemtypeid, meta, created, createdby, createdreason, containerid, quantity, ispackaged) VALUES ('2b5d0611-5070-4668-b362-7a42b6ff72b3', '10aa06f0-7b77-43c8-83bc-f9be223134d9', '{"hp": 10, "rack": "a", "range": 802, "volume": 7, "falloff": "linear", "cooldown": 3.7, "tracking": 217.8, "hull_damage": 460, "armor_damage": 310, "can_mine_gas": false, "can_mine_ice": false, "can_mine_ore": false, "needs_target": true, "shield_damage": 85, "activation_heat": 1.8, "ammunition_name": "Auto-5 Belt", "ammunition_type": "812bddab-db8f-4444-a787-e39e59b92256", "industrialmarket": {"maxprice": 7018, "minprice": 3054, "silosize": 1000}, "activation_energy": 0.42, "ore_mining_volume": 0, "activation_gfx_effect": "basic_auto-5_cannon"}', '2022-09-10 19:14:16.973732-04', '5904ce51-89ad-40c8-8161-f5dcb114988e', 'Module for new noob ship for player', 'b88e2126-06f3-453f-9c11-372192c59479', 1, false);
    INSERT INTO public.items (id, itemtypeid, meta, created, createdby, createdreason, containerid, quantity, ispackaged) VALUES ('2a34b82f-c771-4fa6-8bd9-e674ee062aa3', '4a823362-2a91-4871-9a83-ba4e217bd1a7', '{"hp": 10, "rack": "a", "range": 715, "volume": 8, "falloff": "linear", "cooldown": 8.7, "tracking": 220, "needs_target": true, "activation_heat": 22, "industrialmarket": {"maxprice": 7798, "minprice": 6212, "silosize": 1000}, "activation_energy": 5, "energy_siphon_amount": 110, "activation_gfx_effect": "basic_energy_siphon"}', '2022-09-10 19:14:16.97562-04', '5904ce51-89ad-40c8-8161-f5dcb114988e', 'Module for new noob ship for player', 'b88e2126-06f3-453f-9c11-372192c59479', 1, false);
    INSERT INTO public.items (id, itemtypeid, meta, created, createdby, createdreason, containerid, quantity, ispackaged) VALUES ('e0b2c3ba-cca1-4935-8b74-3ecd99b1648b', '9bf8ba05-5888-49df-81bd-77969d3f3c37', '{"hp": 4, "rack": "b", "range": 2418, "volume": 4, "falloff": "linear", "cooldown": 16.3, "tracking": 237, "mask_radius": 11.6, "needs_target": true, "activation_heat": 92.8, "industrialmarket": {"maxprice": 14778, "minprice": 9067, "silosize": 500}, "activation_energy": 110, "activation_gfx_effect": "basic_regen_mask"}', '2022-09-10 19:14:16.977617-04', '5904ce51-89ad-40c8-8161-f5dcb114988e', 'Module for new noob ship for player', 'b88e2126-06f3-453f-9c11-372192c59479', 1, false);
    INSERT INTO public.items (id, itemtypeid, meta, created, createdby, createdreason, containerid, quantity, ispackaged) VALUES ('c3d96006-05ca-4548-9f5d-748149cd5e47', '9bf8ba05-5888-49df-81bd-77969d3f3c37', '{"hp": 4, "rack": "b", "range": 2418, "volume": 4, "falloff": "linear", "cooldown": 16.3, "tracking": 237, "mask_radius": 11.6, "needs_target": true, "activation_heat": 92.8, "industrialmarket": {"maxprice": 14778, "minprice": 9067, "silosize": 500}, "activation_energy": 110, "activation_gfx_effect": "basic_regen_mask"}', '2022-09-10 19:14:16.979528-04', '5904ce51-89ad-40c8-8161-f5dcb114988e', 'Module for new noob ship for player', 'b88e2126-06f3-453f-9c11-372192c59479', 1, false);
    INSERT INTO public.items (id, itemtypeid, meta, created, createdby, createdreason, containerid, quantity, ispackaged) VALUES ('976f77c5-1bea-42cb-9c98-3a8658ad7daf', 'c311df30-c21e-4895-acb0-d8808f99710e', '{"hp": 75, "rack": "c", "volume": 6, "armor_max_add": 75, "industrialmarket": {"maxprice": 650, "minprice": 300, "silosize": 1000}}', '2022-09-10 19:14:16.982128-04', '5904ce51-89ad-40c8-8161-f5dcb114988e', 'Module for new noob ship for player', 'b88e2126-06f3-453f-9c11-372192c59479', 1, false);
    INSERT INTO public.items (id, itemtypeid, meta, created, createdby, createdreason, containerid, quantity, ispackaged) VALUES ('3643b09b-65e3-4439-a530-a8080d6e6e7d', 'c311df30-c21e-4895-acb0-d8808f99710e', '{"hp": 75, "rack": "c", "volume": 6, "armor_max_add": 75, "industrialmarket": {"maxprice": 650, "minprice": 300, "silosize": 1000}}', '2022-09-10 19:14:16.98413-04', '5904ce51-89ad-40c8-8161-f5dcb114988e', 'Module for new noob ship for player', 'b88e2126-06f3-453f-9c11-372192c59479', 1, false);
    INSERT INTO public.items (id, itemtypeid, meta, created, createdby, createdreason, containerid, quantity, ispackaged) VALUES ('c436eb6b-ee03-426c-a632-61bcb9e0076c', '10aa06f0-7b77-43c8-83bc-f9be223134d9', '{"hp": 10, "rack": "a", "range": 802, "volume": 7, "falloff": "linear", "cooldown": 3.7, "tracking": 217.8, "hull_damage": 460, "armor_damage": 310, "can_mine_gas": false, "can_mine_ice": false, "can_mine_ore": false, "needs_target": true, "shield_damage": 85, "activation_heat": 1.8, "ammunition_name": "Auto-5 Belt", "ammunition_type": "812bddab-db8f-4444-a787-e39e59b92256", "industrialmarket": {"maxprice": 7018, "minprice": 3054, "silosize": 1000}, "activation_energy": 0.42, "ore_mining_volume": 0, "activation_gfx_effect": "basic_auto-5_cannon"}', '2022-09-10 19:14:17.002198-04', '0ea55621-3a95-4e4d-aac3-64d882561783', 'Module for new noob ship for player', 'e697500e-258c-45ac-8f03-13067759fbd3', 1, false);
    INSERT INTO public.items (id, itemtypeid, meta, created, createdby, createdreason, containerid, quantity, ispackaged) VALUES ('4070712a-d433-4e60-a411-19f99f0b21bf', '10aa06f0-7b77-43c8-83bc-f9be223134d9', '{"hp": 10, "rack": "a", "range": 802, "volume": 7, "falloff": "linear", "cooldown": 3.7, "tracking": 217.8, "hull_damage": 460, "armor_damage": 310, "can_mine_gas": false, "can_mine_ice": false, "can_mine_ore": false, "needs_target": true, "shield_damage": 85, "activation_heat": 1.8, "ammunition_name": "Auto-5 Belt", "ammunition_type": "812bddab-db8f-4444-a787-e39e59b92256", "industrialmarket": {"maxprice": 7018, "minprice": 3054, "silosize": 1000}, "activation_energy": 0.42, "ore_mining_volume": 0, "activation_gfx_effect": "basic_auto-5_cannon"}', '2022-09-10 19:14:17.004355-04', '0ea55621-3a95-4e4d-aac3-64d882561783', 'Module for new noob ship for player', 'e697500e-258c-45ac-8f03-13067759fbd3', 1, false);
    INSERT INTO public.items (id, itemtypeid, meta, created, createdby, createdreason, containerid, quantity, ispackaged) VALUES ('3b67c5ce-f24d-4d8a-a9d9-0a0e7bdfbc26', '4a823362-2a91-4871-9a83-ba4e217bd1a7', '{"hp": 10, "rack": "a", "range": 715, "volume": 8, "falloff": "linear", "cooldown": 8.7, "tracking": 220, "needs_target": true, "activation_heat": 22, "industrialmarket": {"maxprice": 7798, "minprice": 6212, "silosize": 1000}, "activation_energy": 5, "energy_siphon_amount": 110, "activation_gfx_effect": "basic_energy_siphon"}', '2022-09-10 19:14:17.006389-04', '0ea55621-3a95-4e4d-aac3-64d882561783', 'Module for new noob ship for player', 'e697500e-258c-45ac-8f03-13067759fbd3', 1, false);
    INSERT INTO public.items (id, itemtypeid, meta, created, createdby, createdreason, containerid, quantity, ispackaged) VALUES ('25d56af2-a13e-473b-a7fb-59f663e10bb7', '9bf8ba05-5888-49df-81bd-77969d3f3c37', '{"hp": 4, "rack": "b", "range": 2418, "volume": 4, "falloff": "linear", "cooldown": 16.3, "tracking": 237, "mask_radius": 11.6, "needs_target": true, "activation_heat": 92.8, "industrialmarket": {"maxprice": 14778, "minprice": 9067, "silosize": 500}, "activation_energy": 110, "activation_gfx_effect": "basic_regen_mask"}', '2022-09-10 19:14:17.008364-04', '0ea55621-3a95-4e4d-aac3-64d882561783', 'Module for new noob ship for player', 'e697500e-258c-45ac-8f03-13067759fbd3', 1, false);
    INSERT INTO public.items (id, itemtypeid, meta, created, createdby, createdreason, containerid, quantity, ispackaged) VALUES ('38f31c64-38fc-49da-a5dd-9d22f5a732ec', '9bf8ba05-5888-49df-81bd-77969d3f3c37', '{"hp": 4, "rack": "b", "range": 2418, "volume": 4, "falloff": "linear", "cooldown": 16.3, "tracking": 237, "mask_radius": 11.6, "needs_target": true, "activation_heat": 92.8, "industrialmarket": {"maxprice": 14778, "minprice": 9067, "silosize": 500}, "activation_energy": 110, "activation_gfx_effect": "basic_regen_mask"}', '2022-09-10 19:14:17.010326-04', '0ea55621-3a95-4e4d-aac3-64d882561783', 'Module for new noob ship for player', 'e697500e-258c-45ac-8f03-13067759fbd3', 1, false);
    INSERT INTO public.items (id, itemtypeid, meta, created, createdby, createdreason, containerid, quantity, ispackaged) VALUES ('19371eff-89c7-44f0-95ee-e40145c83226', 'c311df30-c21e-4895-acb0-d8808f99710e', '{"hp": 75, "rack": "c", "volume": 6, "armor_max_add": 75, "industrialmarket": {"maxprice": 650, "minprice": 300, "silosize": 1000}}', '2022-09-10 19:14:17.012302-04', '0ea55621-3a95-4e4d-aac3-64d882561783', 'Module for new noob ship for player', 'e697500e-258c-45ac-8f03-13067759fbd3', 1, false);
    INSERT INTO public.items (id, itemtypeid, meta, created, createdby, createdreason, containerid, quantity, ispackaged) VALUES ('86f6e2b9-490f-4900-a60e-c65c364d8e62', 'c311df30-c21e-4895-acb0-d8808f99710e', '{"hp": 75, "rack": "c", "volume": 6, "armor_max_add": 75, "industrialmarket": {"maxprice": 650, "minprice": 300, "silosize": 1000}}', '2022-09-10 19:14:17.014468-04', '0ea55621-3a95-4e4d-aac3-64d882561783', 'Module for new noob ship for player', 'e697500e-258c-45ac-8f03-13067759fbd3', 1, false);
    INSERT INTO public.items (id, itemtypeid, meta, created, createdby, createdreason, containerid, quantity, ispackaged) VALUES ('68c0aed5-459e-4914-b054-fc4e1fb7448c', '10aa06f0-7b77-43c8-83bc-f9be223134d9', '{"hp": 10, "rack": "a", "range": 802, "volume": 7, "falloff": "linear", "cooldown": 3.7, "tracking": 217.8, "hull_damage": 460, "armor_damage": 310, "can_mine_gas": false, "can_mine_ice": false, "can_mine_ore": false, "needs_target": true, "shield_damage": 85, "activation_heat": 1.8, "ammunition_name": "Auto-5 Belt", "ammunition_type": "812bddab-db8f-4444-a787-e39e59b92256", "industrialmarket": {"maxprice": 7018, "minprice": 3054, "silosize": 1000}, "activation_energy": 0.42, "ore_mining_volume": 0, "activation_gfx_effect": "basic_auto-5_cannon"}', '2022-09-10 19:14:17.034719-04', 'ec6bf04a-b60d-4a68-8573-d80dd00171cb', 'Module for new noob ship for player', '15895b34-a416-447d-a956-854ebcf4cdac', 1, false);
    INSERT INTO public.items (id, itemtypeid, meta, created, createdby, createdreason, containerid, quantity, ispackaged) VALUES ('83cc8aee-2f82-47e6-86f8-69052db7c8ad', '10aa06f0-7b77-43c8-83bc-f9be223134d9', '{"hp": 10, "rack": "a", "range": 802, "volume": 7, "falloff": "linear", "cooldown": 3.7, "tracking": 217.8, "hull_damage": 460, "armor_damage": 310, "can_mine_gas": false, "can_mine_ice": false, "can_mine_ore": false, "needs_target": true, "shield_damage": 85, "activation_heat": 1.8, "ammunition_name": "Auto-5 Belt", "ammunition_type": "812bddab-db8f-4444-a787-e39e59b92256", "industrialmarket": {"maxprice": 7018, "minprice": 3054, "silosize": 1000}, "activation_energy": 0.42, "ore_mining_volume": 0, "activation_gfx_effect": "basic_auto-5_cannon"}', '2022-09-10 19:14:17.036884-04', 'ec6bf04a-b60d-4a68-8573-d80dd00171cb', 'Module for new noob ship for player', '15895b34-a416-447d-a956-854ebcf4cdac', 1, false);
    INSERT INTO public.items (id, itemtypeid, meta, created, createdby, createdreason, containerid, quantity, ispackaged) VALUES ('0d0d11cf-6ec3-40d7-ad8a-dac9ac6e2083', '4a823362-2a91-4871-9a83-ba4e217bd1a7', '{"hp": 10, "rack": "a", "range": 715, "volume": 8, "falloff": "linear", "cooldown": 8.7, "tracking": 220, "needs_target": true, "activation_heat": 22, "industrialmarket": {"maxprice": 7798, "minprice": 6212, "silosize": 1000}, "activation_energy": 5, "energy_siphon_amount": 110, "activation_gfx_effect": "basic_energy_siphon"}', '2022-09-10 19:14:17.038946-04', 'ec6bf04a-b60d-4a68-8573-d80dd00171cb', 'Module for new noob ship for player', '15895b34-a416-447d-a956-854ebcf4cdac', 1, false);
    INSERT INTO public.items (id, itemtypeid, meta, created, createdby, createdreason, containerid, quantity, ispackaged) VALUES ('080b65ba-d03b-4ded-bbc6-1eeb87b34e8a', '9bf8ba05-5888-49df-81bd-77969d3f3c37', '{"hp": 4, "rack": "b", "range": 2418, "volume": 4, "falloff": "linear", "cooldown": 16.3, "tracking": 237, "mask_radius": 11.6, "needs_target": true, "activation_heat": 92.8, "industrialmarket": {"maxprice": 14778, "minprice": 9067, "silosize": 500}, "activation_energy": 110, "activation_gfx_effect": "basic_regen_mask"}', '2022-09-10 19:14:17.041074-04', 'ec6bf04a-b60d-4a68-8573-d80dd00171cb', 'Module for new noob ship for player', '15895b34-a416-447d-a956-854ebcf4cdac', 1, false);
    INSERT INTO public.items (id, itemtypeid, meta, created, createdby, createdreason, containerid, quantity, ispackaged) VALUES ('f051657d-2223-49ed-861d-3a5be9904504', '9bf8ba05-5888-49df-81bd-77969d3f3c37', '{"hp": 4, "rack": "b", "range": 2418, "volume": 4, "falloff": "linear", "cooldown": 16.3, "tracking": 237, "mask_radius": 11.6, "needs_target": true, "activation_heat": 92.8, "industrialmarket": {"maxprice": 14778, "minprice": 9067, "silosize": 500}, "activation_energy": 110, "activation_gfx_effect": "basic_regen_mask"}', '2022-09-10 19:14:17.043105-04', 'ec6bf04a-b60d-4a68-8573-d80dd00171cb', 'Module for new noob ship for player', '15895b34-a416-447d-a956-854ebcf4cdac', 1, false);
    INSERT INTO public.items (id, itemtypeid, meta, created, createdby, createdreason, containerid, quantity, ispackaged) VALUES ('5a7f1b8b-bed7-4806-a7dd-cf52059633e2', 'c311df30-c21e-4895-acb0-d8808f99710e', '{"hp": 75, "rack": "c", "volume": 6, "armor_max_add": 75, "industrialmarket": {"maxprice": 650, "minprice": 300, "silosize": 1000}}', '2022-09-10 19:14:17.045248-04', 'ec6bf04a-b60d-4a68-8573-d80dd00171cb', 'Module for new noob ship for player', '15895b34-a416-447d-a956-854ebcf4cdac', 1, false);
    INSERT INTO public.items (id, itemtypeid, meta, created, createdby, createdreason, containerid, quantity, ispackaged) VALUES ('875ccac2-151f-4b0a-b559-e11bb29f64d8', 'c311df30-c21e-4895-acb0-d8808f99710e', '{"hp": 75, "rack": "c", "volume": 6, "armor_max_add": 75, "industrialmarket": {"maxprice": 650, "minprice": 300, "silosize": 1000}}', '2022-09-10 19:14:17.047392-04', 'ec6bf04a-b60d-4a68-8573-d80dd00171cb', 'Module for new noob ship for player', '15895b34-a416-447d-a956-854ebcf4cdac', 1, false);
    INSERT INTO public.items (id, itemtypeid, meta, created, createdby, createdreason, containerid, quantity, ispackaged) VALUES ('5c21f35f-ee26-4787-9e3b-2064ff0fff81', '10aa06f0-7b77-43c8-83bc-f9be223134d9', '{"hp": 10, "rack": "a", "range": 802, "volume": 7, "falloff": "linear", "cooldown": 3.7, "tracking": 217.8, "hull_damage": 460, "armor_damage": 310, "can_mine_gas": false, "can_mine_ice": false, "can_mine_ore": false, "needs_target": true, "shield_damage": 85, "activation_heat": 1.8, "ammunition_name": "Auto-5 Belt", "ammunition_type": "812bddab-db8f-4444-a787-e39e59b92256", "industrialmarket": {"maxprice": 7018, "minprice": 3054, "silosize": 1000}, "activation_energy": 0.42, "ore_mining_volume": 0, "activation_gfx_effect": "basic_auto-5_cannon"}', '2022-09-10 19:14:17.064613-04', '5882e164-131e-4596-b99a-408608c7f6ba', 'Module for new noob ship for player', 'fe05f68d-737e-4b62-b3d0-bb4a4f304810', 1, false);
    INSERT INTO public.items (id, itemtypeid, meta, created, createdby, createdreason, containerid, quantity, ispackaged) VALUES ('74e9cc3b-4265-41d7-ac8f-619d3cc1f28f', '10aa06f0-7b77-43c8-83bc-f9be223134d9', '{"hp": 10, "rack": "a", "range": 802, "volume": 7, "falloff": "linear", "cooldown": 3.7, "tracking": 217.8, "hull_damage": 460, "armor_damage": 310, "can_mine_gas": false, "can_mine_ice": false, "can_mine_ore": false, "needs_target": true, "shield_damage": 85, "activation_heat": 1.8, "ammunition_name": "Auto-5 Belt", "ammunition_type": "812bddab-db8f-4444-a787-e39e59b92256", "industrialmarket": {"maxprice": 7018, "minprice": 3054, "silosize": 1000}, "activation_energy": 0.42, "ore_mining_volume": 0, "activation_gfx_effect": "basic_auto-5_cannon"}', '2022-09-10 19:14:17.066948-04', '5882e164-131e-4596-b99a-408608c7f6ba', 'Module for new noob ship for player', 'fe05f68d-737e-4b62-b3d0-bb4a4f304810', 1, false);
    INSERT INTO public.items (id, itemtypeid, meta, created, createdby, createdreason, containerid, quantity, ispackaged) VALUES ('353144c6-503c-4859-9329-0748eed33480', '4a823362-2a91-4871-9a83-ba4e217bd1a7', '{"hp": 10, "rack": "a", "range": 715, "volume": 8, "falloff": "linear", "cooldown": 8.7, "tracking": 220, "needs_target": true, "activation_heat": 22, "industrialmarket": {"maxprice": 7798, "minprice": 6212, "silosize": 1000}, "activation_energy": 5, "energy_siphon_amount": 110, "activation_gfx_effect": "basic_energy_siphon"}', '2022-09-10 19:14:17.069043-04', '5882e164-131e-4596-b99a-408608c7f6ba', 'Module for new noob ship for player', 'fe05f68d-737e-4b62-b3d0-bb4a4f304810', 1, false);
    INSERT INTO public.items (id, itemtypeid, meta, created, createdby, createdreason, containerid, quantity, ispackaged) VALUES ('879cec96-7352-4795-a03b-e1e3d2ed085b', '9bf8ba05-5888-49df-81bd-77969d3f3c37', '{"hp": 4, "rack": "b", "range": 2418, "volume": 4, "falloff": "linear", "cooldown": 16.3, "tracking": 237, "mask_radius": 11.6, "needs_target": true, "activation_heat": 92.8, "industrialmarket": {"maxprice": 14778, "minprice": 9067, "silosize": 500}, "activation_energy": 110, "activation_gfx_effect": "basic_regen_mask"}', '2022-09-10 19:14:17.071086-04', '5882e164-131e-4596-b99a-408608c7f6ba', 'Module for new noob ship for player', 'fe05f68d-737e-4b62-b3d0-bb4a4f304810', 1, false);
    INSERT INTO public.items (id, itemtypeid, meta, created, createdby, createdreason, containerid, quantity, ispackaged) VALUES ('17205f61-9dd9-4c3d-860b-b15d3a361d1f', '9bf8ba05-5888-49df-81bd-77969d3f3c37', '{"hp": 4, "rack": "b", "range": 2418, "volume": 4, "falloff": "linear", "cooldown": 16.3, "tracking": 237, "mask_radius": 11.6, "needs_target": true, "activation_heat": 92.8, "industrialmarket": {"maxprice": 14778, "minprice": 9067, "silosize": 500}, "activation_energy": 110, "activation_gfx_effect": "basic_regen_mask"}', '2022-09-10 19:14:17.073098-04', '5882e164-131e-4596-b99a-408608c7f6ba', 'Module for new noob ship for player', 'fe05f68d-737e-4b62-b3d0-bb4a4f304810', 1, false);
    INSERT INTO public.items (id, itemtypeid, meta, created, createdby, createdreason, containerid, quantity, ispackaged) VALUES ('0c91edc0-6001-4fde-a6e8-0b4f14bfc6ac', 'c311df30-c21e-4895-acb0-d8808f99710e', '{"hp": 75, "rack": "c", "volume": 6, "armor_max_add": 75, "industrialmarket": {"maxprice": 650, "minprice": 300, "silosize": 1000}}', '2022-09-10 19:14:17.075167-04', '5882e164-131e-4596-b99a-408608c7f6ba', 'Module for new noob ship for player', 'fe05f68d-737e-4b62-b3d0-bb4a4f304810', 1, false);
    INSERT INTO public.items (id, itemtypeid, meta, created, createdby, createdreason, containerid, quantity, ispackaged) VALUES ('a58021a8-8b59-4af5-a2c2-b54bd8a3dfc7', 'c311df30-c21e-4895-acb0-d8808f99710e', '{"hp": 75, "rack": "c", "volume": 6, "armor_max_add": 75, "industrialmarket": {"maxprice": 650, "minprice": 300, "silosize": 1000}}', '2022-09-10 19:14:17.076905-04', '5882e164-131e-4596-b99a-408608c7f6ba', 'Module for new noob ship for player', 'fe05f68d-737e-4b62-b3d0-bb4a4f304810', 1, false);
    INSERT INTO public.items (id, itemtypeid, meta, created, createdby, createdreason, containerid, quantity, ispackaged) VALUES ('b6e54b54-c95b-4a43-8e82-0638e7dabb25', '10aa06f0-7b77-43c8-83bc-f9be223134d9', '{"hp": 10, "rack": "a", "range": 802, "volume": 7, "falloff": "linear", "cooldown": 3.7, "tracking": 217.8, "hull_damage": 460, "armor_damage": 310, "can_mine_gas": false, "can_mine_ice": false, "can_mine_ore": false, "needs_target": true, "shield_damage": 85, "activation_heat": 1.8, "ammunition_name": "Auto-5 Belt", "ammunition_type": "812bddab-db8f-4444-a787-e39e59b92256", "industrialmarket": {"maxprice": 7018, "minprice": 3054, "silosize": 1000}, "activation_energy": 0.42, "ore_mining_volume": 0, "activation_gfx_effect": "basic_auto-5_cannon"}', '2022-09-10 19:14:17.091535-04', '7491d359-3ad5-4cf6-b37d-e125a138bf30', 'Module for new noob ship for player', 'c67f9df8-96d7-491f-9a03-877f5066ca95', 1, false);
    INSERT INTO public.items (id, itemtypeid, meta, created, createdby, createdreason, containerid, quantity, ispackaged) VALUES ('e2466658-e53a-44b4-a71e-9e97106f70cd', '10aa06f0-7b77-43c8-83bc-f9be223134d9', '{"hp": 10, "rack": "a", "range": 802, "volume": 7, "falloff": "linear", "cooldown": 3.7, "tracking": 217.8, "hull_damage": 460, "armor_damage": 310, "can_mine_gas": false, "can_mine_ice": false, "can_mine_ore": false, "needs_target": true, "shield_damage": 85, "activation_heat": 1.8, "ammunition_name": "Auto-5 Belt", "ammunition_type": "812bddab-db8f-4444-a787-e39e59b92256", "industrialmarket": {"maxprice": 7018, "minprice": 3054, "silosize": 1000}, "activation_energy": 0.42, "ore_mining_volume": 0, "activation_gfx_effect": "basic_auto-5_cannon"}', '2022-09-10 19:14:17.093168-04', '7491d359-3ad5-4cf6-b37d-e125a138bf30', 'Module for new noob ship for player', 'c67f9df8-96d7-491f-9a03-877f5066ca95', 1, false);
    INSERT INTO public.items (id, itemtypeid, meta, created, createdby, createdreason, containerid, quantity, ispackaged) VALUES ('d6f9f998-31c2-4900-aaa2-77b0098131cb', '4a823362-2a91-4871-9a83-ba4e217bd1a7', '{"hp": 10, "rack": "a", "range": 715, "volume": 8, "falloff": "linear", "cooldown": 8.7, "tracking": 220, "needs_target": true, "activation_heat": 22, "industrialmarket": {"maxprice": 7798, "minprice": 6212, "silosize": 1000}, "activation_energy": 5, "energy_siphon_amount": 110, "activation_gfx_effect": "basic_energy_siphon"}', '2022-09-10 19:14:17.094711-04', '7491d359-3ad5-4cf6-b37d-e125a138bf30', 'Module for new noob ship for player', 'c67f9df8-96d7-491f-9a03-877f5066ca95', 1, false);
    INSERT INTO public.items (id, itemtypeid, meta, created, createdby, createdreason, containerid, quantity, ispackaged) VALUES ('cd48a9e4-3593-4818-95fb-d9df60c56d8c', '9bf8ba05-5888-49df-81bd-77969d3f3c37', '{"hp": 4, "rack": "b", "range": 2418, "volume": 4, "falloff": "linear", "cooldown": 16.3, "tracking": 237, "mask_radius": 11.6, "needs_target": true, "activation_heat": 92.8, "industrialmarket": {"maxprice": 14778, "minprice": 9067, "silosize": 500}, "activation_energy": 110, "activation_gfx_effect": "basic_regen_mask"}', '2022-09-10 19:14:17.096395-04', '7491d359-3ad5-4cf6-b37d-e125a138bf30', 'Module for new noob ship for player', 'c67f9df8-96d7-491f-9a03-877f5066ca95', 1, false);
    INSERT INTO public.items (id, itemtypeid, meta, created, createdby, createdreason, containerid, quantity, ispackaged) VALUES ('86dd8942-8fc8-4e51-a499-f11202a31daa', '9bf8ba05-5888-49df-81bd-77969d3f3c37', '{"hp": 4, "rack": "b", "range": 2418, "volume": 4, "falloff": "linear", "cooldown": 16.3, "tracking": 237, "mask_radius": 11.6, "needs_target": true, "activation_heat": 92.8, "industrialmarket": {"maxprice": 14778, "minprice": 9067, "silosize": 500}, "activation_energy": 110, "activation_gfx_effect": "basic_regen_mask"}', '2022-09-10 19:14:17.098194-04', '7491d359-3ad5-4cf6-b37d-e125a138bf30', 'Module for new noob ship for player', 'c67f9df8-96d7-491f-9a03-877f5066ca95', 1, false);
    INSERT INTO public.items (id, itemtypeid, meta, created, createdby, createdreason, containerid, quantity, ispackaged) VALUES ('f1ebd272-d90b-4dd5-9fe9-0810c2cd06e4', 'c311df30-c21e-4895-acb0-d8808f99710e', '{"hp": 75, "rack": "c", "volume": 6, "armor_max_add": 75, "industrialmarket": {"maxprice": 650, "minprice": 300, "silosize": 1000}}', '2022-09-10 19:14:17.099967-04', '7491d359-3ad5-4cf6-b37d-e125a138bf30', 'Module for new noob ship for player', 'c67f9df8-96d7-491f-9a03-877f5066ca95', 1, false);
    INSERT INTO public.items (id, itemtypeid, meta, created, createdby, createdreason, containerid, quantity, ispackaged) VALUES ('a8181a61-716d-48c1-a910-bcb954d72def', 'c311df30-c21e-4895-acb0-d8808f99710e', '{"hp": 75, "rack": "c", "volume": 6, "armor_max_add": 75, "industrialmarket": {"maxprice": 650, "minprice": 300, "silosize": 1000}}', '2022-09-10 19:14:17.101712-04', '7491d359-3ad5-4cf6-b37d-e125a138bf30', 'Module for new noob ship for player', 'c67f9df8-96d7-491f-9a03-877f5066ca95', 1, false);

    -- fix current ship ids
    update users set current_shipid = 'd96c4b1f-cd10-4ba8-84d6-32ca83a1e039' where id =	'8824edf5-e2af-42b2-b67d-6b64a6649d3b';
    update users set current_shipid = 'cc420db5-a840-4c4f-85d9-63ca48430fe2' where id =	'97b3f017-bc9f-42c4-bf1b-a9c8e53764a6';
    update users set current_shipid = '8c0d553f-0cfc-46fe-9cb0-d2e58bab3a15' where id =	'833220f3-ffa4-4d3a-9efe-734ed5ba0318';
    update users set current_shipid = '34c78c29-b81a-4675-85ce-39ec8a13179e' where id =	'5904ce51-89ad-40c8-8161-f5dcb114988e';
    update users set current_shipid = 'acd63c56-64f0-4269-8fc1-d3ad9608909c' where id =	'0ea55621-3a95-4e4d-aac3-64d882561783';
    update users set current_shipid = 'd909098b-af9a-40cf-97b6-65f9e9783a7f' where id =	'ec6bf04a-b60d-4a68-8573-d80dd00171cb';
    update users set current_shipid = '4237d446-7e57-4bdd-a3b9-de7fef7a2eb7' where id =	'5882e164-131e-4596-b99a-408608c7f6ba';
    update users set current_shipid = 'd78abca0-02b1-4047-8ea2-3af96f7f8811' where id =	'7491d359-3ad5-4cf6-b37d-e125a138bf30';

-- federation

    -- containers
    INSERT INTO public.containers (id, meta, created) VALUES ('c5409468-1712-4040-8b76-5caf07f22b77', '{}', '2022-09-10 19:23:02.67705-04');
    INSERT INTO public.containers (id, meta, created) VALUES ('6ac99a5c-8128-4b3f-9235-12230d69577b', '{}', '2022-09-10 19:23:02.697905-04');
    INSERT INTO public.containers (id, meta, created) VALUES ('0a97a742-49de-46cd-a9a8-e29cba275e02', '{}', '2022-09-10 19:23:02.699548-04');
    INSERT INTO public.containers (id, meta, created) VALUES ('5302a014-f499-408c-9210-107501d42a51', '{}', '2022-09-10 19:23:02.701067-04');
    INSERT INTO public.containers (id, meta, created) VALUES ('66e50e93-d146-436d-b859-027bc8db9abb', '{}', '2022-09-10 19:23:02.723154-04');
    INSERT INTO public.containers (id, meta, created) VALUES ('8064fdd9-09a8-4a9e-9038-79d9c1c8e19b', '{}', '2022-09-10 19:23:02.727561-04');
    INSERT INTO public.containers (id, meta, created) VALUES ('ec97af55-01bd-4c1b-8824-0f29b0583249', '{}', '2022-09-10 19:23:02.729084-04');
    INSERT INTO public.containers (id, meta, created) VALUES ('93b49537-d830-4332-a1eb-3dfb0dec3df5', '{}', '2022-09-10 19:23:02.730514-04');
    INSERT INTO public.containers (id, meta, created) VALUES ('c78fcc11-0a1d-4a15-b8f5-983ec9e0568c', '{}', '2022-09-10 19:23:02.753795-04');
    INSERT INTO public.containers (id, meta, created) VALUES ('f004fca1-5fc2-41bd-ad7d-6fd6b8c3b2d6', '{}', '2022-09-10 19:23:02.757956-04');
    INSERT INTO public.containers (id, meta, created) VALUES ('6d2b72a8-97b9-47f0-8cad-5f9090ee2151', '{}', '2022-09-10 19:23:02.759627-04');
    INSERT INTO public.containers (id, meta, created) VALUES ('988b1c1d-2e70-401b-a67c-efb64fbc793a', '{}', '2022-09-10 19:23:02.761233-04');
    INSERT INTO public.containers (id, meta, created) VALUES ('62cad22b-1541-48d1-8683-325a7e32dc31', '{}', '2022-09-10 19:23:02.783045-04');
    INSERT INTO public.containers (id, meta, created) VALUES ('fcf660ea-5170-4869-8bb7-b286930a4b06', '{}', '2022-09-10 19:23:02.787241-04');
    INSERT INTO public.containers (id, meta, created) VALUES ('3275c08e-7077-4237-b7aa-90e0b179acd6', '{}', '2022-09-10 19:23:02.788772-04');
    INSERT INTO public.containers (id, meta, created) VALUES ('dc3ba2c6-2c41-461a-a838-0d839796b568', '{}', '2022-09-10 19:23:02.790887-04');
    INSERT INTO public.containers (id, meta, created) VALUES ('29b5e76d-4f4d-4683-9e46-b971aac44b95', '{}', '2022-09-10 19:23:02.817979-04');
    INSERT INTO public.containers (id, meta, created) VALUES ('3963e277-c951-4422-afce-d4df42936a4d', '{}', '2022-09-10 19:23:02.82261-04');
    INSERT INTO public.containers (id, meta, created) VALUES ('807a2776-bd7c-44a7-8cea-07870d75ea54', '{}', '2022-09-10 19:23:02.824302-04');
    INSERT INTO public.containers (id, meta, created) VALUES ('431c8339-1b79-4053-a4a5-6291de697843', '{}', '2022-09-10 19:23:02.825867-04');
    INSERT INTO public.containers (id, meta, created) VALUES ('5c4d3804-0a00-484f-adf2-3d33d324743d', '{}', '2022-09-10 19:23:02.847809-04');
    INSERT INTO public.containers (id, meta, created) VALUES ('dfe39b77-c31a-4bd3-8021-ba202d4a34d5', '{}', '2022-09-10 19:23:02.852418-04');
    INSERT INTO public.containers (id, meta, created) VALUES ('7ac13bdf-ac3d-4310-918b-db3185cddf12', '{}', '2022-09-10 19:23:02.85394-04');
    INSERT INTO public.containers (id, meta, created) VALUES ('2435cbe2-dca2-473b-8381-11ba2cc9ad85', '{}', '2022-09-10 19:23:02.855529-04');
    INSERT INTO public.containers (id, meta, created) VALUES ('cf1039be-4a32-4748-bccb-4fd1441f71e5', '{}', '2022-09-10 19:23:02.876537-04');
    INSERT INTO public.containers (id, meta, created) VALUES ('8cc54fb3-cd6b-45a7-8bce-a3f91233b33d', '{}', '2022-09-10 19:23:02.881107-04');
    INSERT INTO public.containers (id, meta, created) VALUES ('fde3672c-20fd-48d9-af0e-2a1935885925', '{}', '2022-09-10 19:23:02.882799-04');
    INSERT INTO public.containers (id, meta, created) VALUES ('417d27ad-4108-4a44-a58d-f47de42bb3de', '{}', '2022-09-10 19:23:02.884241-04');
    INSERT INTO public.containers (id, meta, created) VALUES ('9a722ca7-2bbb-4bba-bdba-d911c98d87ea', '{}', '2022-09-10 19:23:02.905728-04');
    INSERT INTO public.containers (id, meta, created) VALUES ('c2dc49eb-7994-4a68-a11b-a75e3902cd14', '{}', '2022-09-10 19:23:02.909839-04');
    INSERT INTO public.containers (id, meta, created) VALUES ('c0d214bd-7e79-4b23-8da2-6b411382e962', '{}', '2022-09-10 19:23:02.911371-04');
    INSERT INTO public.containers (id, meta, created) VALUES ('ec8b6524-b7c2-4011-88b0-20b7465efdbf', '{}', '2022-09-10 19:23:02.91284-04');

    -- users
    INSERT INTO public.users (id, charactername, hashpass, registered, banned, current_shipid, startid, escrow_containerid, current_factionid, reputationsheet, isnpc, behaviourmode, emailaddress, experiencesheet, registeredip, isdev) VALUES ('ba71b197-985c-4909-9000-b15a683e0968', 'Lin Song', 'f75023f88c57fdaefb8928896f7628d929f3d1d4be6f41f2035de3e7b0394815', '2022-09-10 19:23:02.819897-04', B'0', NULL, '64849f4d-5110-4926-ac51-aa4e2c58ee42', '29b5e76d-4f4d-4683-9e46-b971aac44b95', '27a53dfc-a321-4c12-bf7c-bb177955c95b', '{"factionEntries": {"27a53dfc-a321-4c12-bf7c-bb177955c95b": {"FactionID": "27a53dfc-a321-4c12-bf7c-bb177955c95b", "StandingValue": 10, "AreOpenlyHostile": false}, "30bc70eb-2692-47e6-a7e3-2772e131c3d7": {"FactionID": "30bc70eb-2692-47e6-a7e3-2772e131c3d7", "StandingValue": -3, "AreOpenlyHostile": true}, "506286f5-6613-4481-ac26-caa9940fbe68": {"FactionID": "506286f5-6613-4481-ac26-caa9940fbe68", "StandingValue": 0.5, "AreOpenlyHostile": false}, "559d7fc1-5470-4ab4-8c66-fa2f0b89a523": {"FactionID": "559d7fc1-5470-4ab4-8c66-fa2f0b89a523", "StandingValue": -0.5, "AreOpenlyHostile": false}, "5db2bec7-37c3-4f1c-ab88-21024c12d639": {"FactionID": "5db2bec7-37c3-4f1c-ab88-21024c12d639", "StandingValue": -3, "AreOpenlyHostile": true}, "7decfd86-9c82-4a17-af3b-5d4af8c4e2ad": {"FactionID": "7decfd86-9c82-4a17-af3b-5d4af8c4e2ad", "StandingValue": -0.5, "AreOpenlyHostile": false}, "a0152cbb-8a78-45a4-ae9b-2ad2b60b583b": {"FactionID": "a0152cbb-8a78-45a4-ae9b-2ad2b60b583b", "StandingValue": 5, "AreOpenlyHostile": false}, "b3d3fa9c-b21e-490f-b39e-128b3af12128": {"FactionID": "b3d3fa9c-b21e-490f-b39e-128b3af12128", "StandingValue": 0, "AreOpenlyHostile": false}, "bdeffd9a-3cab-408c-9cd7-32fce1124f7a": {"FactionID": "bdeffd9a-3cab-408c-9cd7-32fce1124f7a", "StandingValue": -4, "AreOpenlyHostile": true}}}', true, 2, NULL, '{}', '[::1]:56148', false);
    INSERT INTO public.users (id, charactername, hashpass, registered, banned, current_shipid, startid, escrow_containerid, current_factionid, reputationsheet, isnpc, behaviourmode, emailaddress, experiencesheet, registeredip, isdev) VALUES ('7d7e5cdf-eac2-4732-999e-d92a051b04c1', 'Xu Zemin', '9fe0ca61700e0f533cdc18ad88deb944396f70653d795daa419838d361124d80', '2022-09-10 19:23:02.849509-04', B'0', NULL, '64849f4d-5110-4926-ac51-aa4e2c58ee42', '5c4d3804-0a00-484f-adf2-3d33d324743d', '27a53dfc-a321-4c12-bf7c-bb177955c95b', '{"factionEntries": {"27a53dfc-a321-4c12-bf7c-bb177955c95b": {"FactionID": "27a53dfc-a321-4c12-bf7c-bb177955c95b", "StandingValue": 10, "AreOpenlyHostile": false}, "30bc70eb-2692-47e6-a7e3-2772e131c3d7": {"FactionID": "30bc70eb-2692-47e6-a7e3-2772e131c3d7", "StandingValue": -3, "AreOpenlyHostile": true}, "506286f5-6613-4481-ac26-caa9940fbe68": {"FactionID": "506286f5-6613-4481-ac26-caa9940fbe68", "StandingValue": 0.5, "AreOpenlyHostile": false}, "559d7fc1-5470-4ab4-8c66-fa2f0b89a523": {"FactionID": "559d7fc1-5470-4ab4-8c66-fa2f0b89a523", "StandingValue": -0.5, "AreOpenlyHostile": false}, "5db2bec7-37c3-4f1c-ab88-21024c12d639": {"FactionID": "5db2bec7-37c3-4f1c-ab88-21024c12d639", "StandingValue": -3, "AreOpenlyHostile": true}, "7decfd86-9c82-4a17-af3b-5d4af8c4e2ad": {"FactionID": "7decfd86-9c82-4a17-af3b-5d4af8c4e2ad", "StandingValue": -0.5, "AreOpenlyHostile": false}, "a0152cbb-8a78-45a4-ae9b-2ad2b60b583b": {"FactionID": "a0152cbb-8a78-45a4-ae9b-2ad2b60b583b", "StandingValue": 5, "AreOpenlyHostile": false}, "b3d3fa9c-b21e-490f-b39e-128b3af12128": {"FactionID": "b3d3fa9c-b21e-490f-b39e-128b3af12128", "StandingValue": 0, "AreOpenlyHostile": false}, "bdeffd9a-3cab-408c-9cd7-32fce1124f7a": {"FactionID": "bdeffd9a-3cab-408c-9cd7-32fce1124f7a", "StandingValue": -4, "AreOpenlyHostile": true}}}', true, 2, NULL, '{}', '[::1]:56148', false);
    INSERT INTO public.users (id, charactername, hashpass, registered, banned, current_shipid, startid, escrow_containerid, current_factionid, reputationsheet, isnpc, behaviourmode, emailaddress, experiencesheet, registeredip, isdev) VALUES ('b78115d0-c60a-4ed6-838c-708ad914717c', 'Emine Sengl', '0af895f8d38769e5515a849ac740401f9b755050233aea14be90e8c12037830e', '2022-09-10 19:23:02.878442-04', B'0', NULL, '64849f4d-5110-4926-ac51-aa4e2c58ee42', 'cf1039be-4a32-4748-bccb-4fd1441f71e5', '27a53dfc-a321-4c12-bf7c-bb177955c95b', '{"factionEntries": {"27a53dfc-a321-4c12-bf7c-bb177955c95b": {"FactionID": "27a53dfc-a321-4c12-bf7c-bb177955c95b", "StandingValue": 10, "AreOpenlyHostile": false}, "30bc70eb-2692-47e6-a7e3-2772e131c3d7": {"FactionID": "30bc70eb-2692-47e6-a7e3-2772e131c3d7", "StandingValue": -3, "AreOpenlyHostile": true}, "506286f5-6613-4481-ac26-caa9940fbe68": {"FactionID": "506286f5-6613-4481-ac26-caa9940fbe68", "StandingValue": 0.5, "AreOpenlyHostile": false}, "559d7fc1-5470-4ab4-8c66-fa2f0b89a523": {"FactionID": "559d7fc1-5470-4ab4-8c66-fa2f0b89a523", "StandingValue": -0.5, "AreOpenlyHostile": false}, "5db2bec7-37c3-4f1c-ab88-21024c12d639": {"FactionID": "5db2bec7-37c3-4f1c-ab88-21024c12d639", "StandingValue": -3, "AreOpenlyHostile": true}, "7decfd86-9c82-4a17-af3b-5d4af8c4e2ad": {"FactionID": "7decfd86-9c82-4a17-af3b-5d4af8c4e2ad", "StandingValue": -0.5, "AreOpenlyHostile": false}, "a0152cbb-8a78-45a4-ae9b-2ad2b60b583b": {"FactionID": "a0152cbb-8a78-45a4-ae9b-2ad2b60b583b", "StandingValue": 5, "AreOpenlyHostile": false}, "b3d3fa9c-b21e-490f-b39e-128b3af12128": {"FactionID": "b3d3fa9c-b21e-490f-b39e-128b3af12128", "StandingValue": 0, "AreOpenlyHostile": false}, "bdeffd9a-3cab-408c-9cd7-32fce1124f7a": {"FactionID": "bdeffd9a-3cab-408c-9cd7-32fce1124f7a", "StandingValue": -4, "AreOpenlyHostile": true}}}', true, 2, NULL, '{}', '[::1]:56148', false);
    INSERT INTO public.users (id, charactername, hashpass, registered, banned, current_shipid, startid, escrow_containerid, current_factionid, reputationsheet, isnpc, behaviourmode, emailaddress, experiencesheet, registeredip, isdev) VALUES ('eedd2925-7b0a-41e2-a818-d1bc79616526', 'Simge Sarica', '44c08abfb809499642ff2fc598defa746c4f425545337494d41201f14817bd53', '2022-09-10 19:23:02.907348-04', B'0', NULL, '64849f4d-5110-4926-ac51-aa4e2c58ee42', '9a722ca7-2bbb-4bba-bdba-d911c98d87ea', '27a53dfc-a321-4c12-bf7c-bb177955c95b', '{"factionEntries": {"27a53dfc-a321-4c12-bf7c-bb177955c95b": {"FactionID": "27a53dfc-a321-4c12-bf7c-bb177955c95b", "StandingValue": 10, "AreOpenlyHostile": false}, "30bc70eb-2692-47e6-a7e3-2772e131c3d7": {"FactionID": "30bc70eb-2692-47e6-a7e3-2772e131c3d7", "StandingValue": -3, "AreOpenlyHostile": true}, "506286f5-6613-4481-ac26-caa9940fbe68": {"FactionID": "506286f5-6613-4481-ac26-caa9940fbe68", "StandingValue": 0.5, "AreOpenlyHostile": false}, "559d7fc1-5470-4ab4-8c66-fa2f0b89a523": {"FactionID": "559d7fc1-5470-4ab4-8c66-fa2f0b89a523", "StandingValue": -0.5, "AreOpenlyHostile": false}, "5db2bec7-37c3-4f1c-ab88-21024c12d639": {"FactionID": "5db2bec7-37c3-4f1c-ab88-21024c12d639", "StandingValue": -3, "AreOpenlyHostile": true}, "7decfd86-9c82-4a17-af3b-5d4af8c4e2ad": {"FactionID": "7decfd86-9c82-4a17-af3b-5d4af8c4e2ad", "StandingValue": -0.5, "AreOpenlyHostile": false}, "a0152cbb-8a78-45a4-ae9b-2ad2b60b583b": {"FactionID": "a0152cbb-8a78-45a4-ae9b-2ad2b60b583b", "StandingValue": 5, "AreOpenlyHostile": false}, "b3d3fa9c-b21e-490f-b39e-128b3af12128": {"FactionID": "b3d3fa9c-b21e-490f-b39e-128b3af12128", "StandingValue": 0, "AreOpenlyHostile": false}, "bdeffd9a-3cab-408c-9cd7-32fce1124f7a": {"FactionID": "bdeffd9a-3cab-408c-9cd7-32fce1124f7a", "StandingValue": -4, "AreOpenlyHostile": true}}}', true, 2, NULL, '{}', '[::1]:56148', false);
    INSERT INTO public.users (id, charactername, hashpass, registered, banned, current_shipid, startid, escrow_containerid, current_factionid, reputationsheet, isnpc, behaviourmode, emailaddress, experiencesheet, registeredip, isdev) VALUES ('7352ee65-9071-463e-a02a-fcc1d1e113a4', 'Vergil Bates', '4e6f22cc7c322c9f4647d81fc0b34ba8848e048eb162270fd3bb900969b151d5', '2022-09-10 19:23:02.693771-04', B'0', NULL, '64849f4d-5110-4926-ac51-aa4e2c58ee42', 'c5409468-1712-4040-8b76-5caf07f22b77', '27a53dfc-a321-4c12-bf7c-bb177955c95b', '{"factionEntries": {"27a53dfc-a321-4c12-bf7c-bb177955c95b": {"FactionID": "27a53dfc-a321-4c12-bf7c-bb177955c95b", "StandingValue": 10, "AreOpenlyHostile": false}, "30bc70eb-2692-47e6-a7e3-2772e131c3d7": {"FactionID": "30bc70eb-2692-47e6-a7e3-2772e131c3d7", "StandingValue": -3, "AreOpenlyHostile": true}, "506286f5-6613-4481-ac26-caa9940fbe68": {"FactionID": "506286f5-6613-4481-ac26-caa9940fbe68", "StandingValue": 0.5, "AreOpenlyHostile": false}, "559d7fc1-5470-4ab4-8c66-fa2f0b89a523": {"FactionID": "559d7fc1-5470-4ab4-8c66-fa2f0b89a523", "StandingValue": -0.5, "AreOpenlyHostile": false}, "5db2bec7-37c3-4f1c-ab88-21024c12d639": {"FactionID": "5db2bec7-37c3-4f1c-ab88-21024c12d639", "StandingValue": -3, "AreOpenlyHostile": true}, "7decfd86-9c82-4a17-af3b-5d4af8c4e2ad": {"FactionID": "7decfd86-9c82-4a17-af3b-5d4af8c4e2ad", "StandingValue": -0.5, "AreOpenlyHostile": false}, "a0152cbb-8a78-45a4-ae9b-2ad2b60b583b": {"FactionID": "a0152cbb-8a78-45a4-ae9b-2ad2b60b583b", "StandingValue": 5, "AreOpenlyHostile": false}, "b3d3fa9c-b21e-490f-b39e-128b3af12128": {"FactionID": "b3d3fa9c-b21e-490f-b39e-128b3af12128", "StandingValue": 0, "AreOpenlyHostile": false}, "bdeffd9a-3cab-408c-9cd7-32fce1124f7a": {"FactionID": "bdeffd9a-3cab-408c-9cd7-32fce1124f7a", "StandingValue": -4, "AreOpenlyHostile": true}}}', true, 2, NULL, '{}', '[::1]:56148', false);
    INSERT INTO public.users (id, charactername, hashpass, registered, banned, current_shipid, startid, escrow_containerid, current_factionid, reputationsheet, isnpc, behaviourmode, emailaddress, experiencesheet, registeredip, isdev) VALUES ('e52bcce7-d7a1-4629-8895-c4ced2173dab', 'Ged Santos', '3c9b9ac15ef9b2004741debd6bc5e29362b599d5231871b4f503196958c8a710', '2022-09-10 19:23:02.724589-04', B'0', NULL, '64849f4d-5110-4926-ac51-aa4e2c58ee42', '66e50e93-d146-436d-b859-027bc8db9abb', '27a53dfc-a321-4c12-bf7c-bb177955c95b', '{"factionEntries": {"27a53dfc-a321-4c12-bf7c-bb177955c95b": {"FactionID": "27a53dfc-a321-4c12-bf7c-bb177955c95b", "StandingValue": 10, "AreOpenlyHostile": false}, "30bc70eb-2692-47e6-a7e3-2772e131c3d7": {"FactionID": "30bc70eb-2692-47e6-a7e3-2772e131c3d7", "StandingValue": -3, "AreOpenlyHostile": true}, "506286f5-6613-4481-ac26-caa9940fbe68": {"FactionID": "506286f5-6613-4481-ac26-caa9940fbe68", "StandingValue": 0.5, "AreOpenlyHostile": false}, "559d7fc1-5470-4ab4-8c66-fa2f0b89a523": {"FactionID": "559d7fc1-5470-4ab4-8c66-fa2f0b89a523", "StandingValue": -0.5, "AreOpenlyHostile": false}, "5db2bec7-37c3-4f1c-ab88-21024c12d639": {"FactionID": "5db2bec7-37c3-4f1c-ab88-21024c12d639", "StandingValue": -3, "AreOpenlyHostile": true}, "7decfd86-9c82-4a17-af3b-5d4af8c4e2ad": {"FactionID": "7decfd86-9c82-4a17-af3b-5d4af8c4e2ad", "StandingValue": -0.5, "AreOpenlyHostile": false}, "a0152cbb-8a78-45a4-ae9b-2ad2b60b583b": {"FactionID": "a0152cbb-8a78-45a4-ae9b-2ad2b60b583b", "StandingValue": 5, "AreOpenlyHostile": false}, "b3d3fa9c-b21e-490f-b39e-128b3af12128": {"FactionID": "b3d3fa9c-b21e-490f-b39e-128b3af12128", "StandingValue": 0, "AreOpenlyHostile": false}, "bdeffd9a-3cab-408c-9cd7-32fce1124f7a": {"FactionID": "bdeffd9a-3cab-408c-9cd7-32fce1124f7a", "StandingValue": -4, "AreOpenlyHostile": true}}}', true, 2, NULL, '{}', '[::1]:56148', false);
    INSERT INTO public.users (id, charactername, hashpass, registered, banned, current_shipid, startid, escrow_containerid, current_factionid, reputationsheet, isnpc, behaviourmode, emailaddress, experiencesheet, registeredip, isdev) VALUES ('9ea6bab8-d04e-41c1-b5f5-49d9f39821bc', 'Eladio Encinas', '65338d0c9fd0559fd329a764726f6cccae2bfeb963c0cd7412f68b623e1cdded', '2022-09-10 19:23:02.75535-04', B'0', NULL, '64849f4d-5110-4926-ac51-aa4e2c58ee42', 'c78fcc11-0a1d-4a15-b8f5-983ec9e0568c', '27a53dfc-a321-4c12-bf7c-bb177955c95b', '{"factionEntries": {"27a53dfc-a321-4c12-bf7c-bb177955c95b": {"FactionID": "27a53dfc-a321-4c12-bf7c-bb177955c95b", "StandingValue": 10, "AreOpenlyHostile": false}, "30bc70eb-2692-47e6-a7e3-2772e131c3d7": {"FactionID": "30bc70eb-2692-47e6-a7e3-2772e131c3d7", "StandingValue": -3, "AreOpenlyHostile": true}, "506286f5-6613-4481-ac26-caa9940fbe68": {"FactionID": "506286f5-6613-4481-ac26-caa9940fbe68", "StandingValue": 0.5, "AreOpenlyHostile": false}, "559d7fc1-5470-4ab4-8c66-fa2f0b89a523": {"FactionID": "559d7fc1-5470-4ab4-8c66-fa2f0b89a523", "StandingValue": -0.5, "AreOpenlyHostile": false}, "5db2bec7-37c3-4f1c-ab88-21024c12d639": {"FactionID": "5db2bec7-37c3-4f1c-ab88-21024c12d639", "StandingValue": -3, "AreOpenlyHostile": true}, "7decfd86-9c82-4a17-af3b-5d4af8c4e2ad": {"FactionID": "7decfd86-9c82-4a17-af3b-5d4af8c4e2ad", "StandingValue": -0.5, "AreOpenlyHostile": false}, "a0152cbb-8a78-45a4-ae9b-2ad2b60b583b": {"FactionID": "a0152cbb-8a78-45a4-ae9b-2ad2b60b583b", "StandingValue": 5, "AreOpenlyHostile": false}, "b3d3fa9c-b21e-490f-b39e-128b3af12128": {"FactionID": "b3d3fa9c-b21e-490f-b39e-128b3af12128", "StandingValue": 0, "AreOpenlyHostile": false}, "bdeffd9a-3cab-408c-9cd7-32fce1124f7a": {"FactionID": "bdeffd9a-3cab-408c-9cd7-32fce1124f7a", "StandingValue": -4, "AreOpenlyHostile": true}}}', true, 2, NULL, '{}', '[::1]:56148', false);
    INSERT INTO public.users (id, charactername, hashpass, registered, banned, current_shipid, startid, escrow_containerid, current_factionid, reputationsheet, isnpc, behaviourmode, emailaddress, experiencesheet, registeredip, isdev) VALUES ('be5a316c-44d2-4495-9c2e-e3f499985cb0', 'Damin Avitia', '4f515cffe126d0db8a1ead63dcaefdb4f41975dd51a4a6021d6dbc84d053bed7', '2022-09-10 19:23:02.784694-04', B'0', NULL, '64849f4d-5110-4926-ac51-aa4e2c58ee42', '62cad22b-1541-48d1-8683-325a7e32dc31', '27a53dfc-a321-4c12-bf7c-bb177955c95b', '{"factionEntries": {"27a53dfc-a321-4c12-bf7c-bb177955c95b": {"FactionID": "27a53dfc-a321-4c12-bf7c-bb177955c95b", "StandingValue": 10, "AreOpenlyHostile": false}, "30bc70eb-2692-47e6-a7e3-2772e131c3d7": {"FactionID": "30bc70eb-2692-47e6-a7e3-2772e131c3d7", "StandingValue": -3, "AreOpenlyHostile": true}, "506286f5-6613-4481-ac26-caa9940fbe68": {"FactionID": "506286f5-6613-4481-ac26-caa9940fbe68", "StandingValue": 0.5, "AreOpenlyHostile": false}, "559d7fc1-5470-4ab4-8c66-fa2f0b89a523": {"FactionID": "559d7fc1-5470-4ab4-8c66-fa2f0b89a523", "StandingValue": -0.5, "AreOpenlyHostile": false}, "5db2bec7-37c3-4f1c-ab88-21024c12d639": {"FactionID": "5db2bec7-37c3-4f1c-ab88-21024c12d639", "StandingValue": -3, "AreOpenlyHostile": true}, "7decfd86-9c82-4a17-af3b-5d4af8c4e2ad": {"FactionID": "7decfd86-9c82-4a17-af3b-5d4af8c4e2ad", "StandingValue": -0.5, "AreOpenlyHostile": false}, "a0152cbb-8a78-45a4-ae9b-2ad2b60b583b": {"FactionID": "a0152cbb-8a78-45a4-ae9b-2ad2b60b583b", "StandingValue": 5, "AreOpenlyHostile": false}, "b3d3fa9c-b21e-490f-b39e-128b3af12128": {"FactionID": "b3d3fa9c-b21e-490f-b39e-128b3af12128", "StandingValue": 0, "AreOpenlyHostile": false}, "bdeffd9a-3cab-408c-9cd7-32fce1124f7a": {"FactionID": "bdeffd9a-3cab-408c-9cd7-32fce1124f7a", "StandingValue": -4, "AreOpenlyHostile": true}}}', true, 2, NULL, '{}', '[::1]:56148', false);

    -- ships
    INSERT INTO public.ships (id, universe_systemid, userid, pos_x, pos_y, created, shipname, texture, theta, vel_x, vel_y, shield, armor, hull, fuel, heat, energy, shiptemplateid, dockedat_stationid, fitting, destroyed, destroyedat, cargobay_containerid, fittingbay_containerid, remaxdirty, trash_containerid, wallet, noload, flightexperiencemodifier) VALUES ('34f8e0b4-b2e1-4488-b8b3-921569e153f0', '0078c73f-1b40-4b22-bdf0-f4927d8bd7bd', '7352ee65-9071-463e-a02a-fcc1d1e113a4', 0, 0, '2022-09-10 19:23:02.717594-04', 'Vergil Bates''s Starter Ship', 'Gecko', 0, 0, 0, 77, 389, 142, 277, 0, 125, '77abd4c9-66a4-49ab-817b-25f9c8bc36b7', '306c0fcd-cf01-43fc-850f-172191fe1582', '{"a_rack": [{"item_id": "10ebfb58-e3fc-4ac6-bdf1-f8a5e9cf1e88", "slot_idx": 0, "item_type_id": "f63d176f-82d6-4278-ac31-cbba59c9c19f"}, {"item_id": "c652c5e2-1f3c-4343-9378-0434dd8c19dd", "slot_idx": 1, "item_type_id": "f63d176f-82d6-4278-ac31-cbba59c9c19f"}, {"item_id": "22c2ce92-3eec-4eaf-b269-416f6b1559f2", "slot_idx": 2, "item_type_id": "6a65c92d-3277-4496-a494-7092f0054bdb"}], "b_rack": [{"item_id": "d6f2f768-4608-4908-90c4-69b191224d38", "slot_idx": 0, "item_type_id": "614434d0-eae6-4e41-bd02-9cac795b22c5"}], "c_rack": [{"item_id": "87462704-e00a-4bd1-857d-5507147c4a7d", "slot_idx": 0, "item_type_id": "7a0cd8f0-29aa-446d-ad1d-f5ded3001c8f"}, {"item_id": "fe9031df-3695-459e-a462-73e84b6c00e6", "slot_idx": 1, "item_type_id": "993bc7c8-fb2a-423f-8000-39c7fb6be743"}, {"item_id": "c8c0edf6-cd96-4c63-b32c-3767e5734cb5", "slot_idx": 2, "item_type_id": "c311df30-c21e-4895-acb0-d8808f99710e"}]}', false, NULL, '0a97a742-49de-46cd-a9a8-e29cba275e02', '5302a014-f499-408c-9210-107501d42a51', true, '6ac99a5c-8128-4b3f-9235-12230d69577b', 10000, false, 1);
    INSERT INTO public.ships (id, universe_systemid, userid, pos_x, pos_y, created, shipname, texture, theta, vel_x, vel_y, shield, armor, hull, fuel, heat, energy, shiptemplateid, dockedat_stationid, fitting, destroyed, destroyedat, cargobay_containerid, fittingbay_containerid, remaxdirty, trash_containerid, wallet, noload, flightexperiencemodifier) VALUES ('0d8d82d1-656e-4d78-8990-520f8d2a0aa0', '0078c73f-1b40-4b22-bdf0-f4927d8bd7bd', 'e52bcce7-d7a1-4629-8895-c4ced2173dab', 0, 0, '2022-09-10 19:23:02.747165-04', 'Ged Santos''s Starter Ship', 'Gecko', 0, 0, 0, 77, 389, 142, 277, 0, 125, '77abd4c9-66a4-49ab-817b-25f9c8bc36b7', '306c0fcd-cf01-43fc-850f-172191fe1582', '{"a_rack": [{"item_id": "f9ecddfc-9038-44cd-a0f6-f3db81f4b47b", "slot_idx": 0, "item_type_id": "f63d176f-82d6-4278-ac31-cbba59c9c19f"}, {"item_id": "039d0fd8-8582-4890-86ee-9517ffbba855", "slot_idx": 1, "item_type_id": "f63d176f-82d6-4278-ac31-cbba59c9c19f"}, {"item_id": "aea4a720-b739-4099-a68c-7b3592bcfe49", "slot_idx": 2, "item_type_id": "6a65c92d-3277-4496-a494-7092f0054bdb"}], "b_rack": [{"item_id": "6c6d4dee-fdf7-4d1c-997f-0d333a2a4514", "slot_idx": 0, "item_type_id": "614434d0-eae6-4e41-bd02-9cac795b22c5"}], "c_rack": [{"item_id": "5995b563-cb89-484f-89e6-87373d35c72b", "slot_idx": 0, "item_type_id": "7a0cd8f0-29aa-446d-ad1d-f5ded3001c8f"}, {"item_id": "e05e438f-c326-4f45-afba-aa9356e23b9f", "slot_idx": 1, "item_type_id": "993bc7c8-fb2a-423f-8000-39c7fb6be743"}, {"item_id": "66ae9734-62c0-4089-a6d9-bbb943c2d752", "slot_idx": 2, "item_type_id": "c311df30-c21e-4895-acb0-d8808f99710e"}]}', false, NULL, 'ec97af55-01bd-4c1b-8824-0f29b0583249', '93b49537-d830-4332-a1eb-3dfb0dec3df5', true, '8064fdd9-09a8-4a9e-9038-79d9c1c8e19b', 10000, false, 1);
    INSERT INTO public.ships (id, universe_systemid, userid, pos_x, pos_y, created, shipname, texture, theta, vel_x, vel_y, shield, armor, hull, fuel, heat, energy, shiptemplateid, dockedat_stationid, fitting, destroyed, destroyedat, cargobay_containerid, fittingbay_containerid, remaxdirty, trash_containerid, wallet, noload, flightexperiencemodifier) VALUES ('ce1a39ea-c475-466d-a2ea-2dc5f93d9b58', '0078c73f-1b40-4b22-bdf0-f4927d8bd7bd', '9ea6bab8-d04e-41c1-b5f5-49d9f39821bc', 0, 0, '2022-09-10 19:23:02.776915-04', 'Eladio Encinas''s Starter Ship', 'Gecko', 0, 0, 0, 77, 389, 142, 277, 0, 125, '77abd4c9-66a4-49ab-817b-25f9c8bc36b7', '306c0fcd-cf01-43fc-850f-172191fe1582', '{"a_rack": [{"item_id": "2a975af4-6866-4d51-8e64-6db2b62006f5", "slot_idx": 0, "item_type_id": "f63d176f-82d6-4278-ac31-cbba59c9c19f"}, {"item_id": "6a068820-9c58-471e-898e-bf15f5f983c8", "slot_idx": 1, "item_type_id": "f63d176f-82d6-4278-ac31-cbba59c9c19f"}, {"item_id": "6c9c070c-b3a6-4a6b-98b2-f540b44bb6db", "slot_idx": 2, "item_type_id": "6a65c92d-3277-4496-a494-7092f0054bdb"}], "b_rack": [{"item_id": "e9de96d1-67cc-444b-8fe4-9dc876bb5876", "slot_idx": 0, "item_type_id": "614434d0-eae6-4e41-bd02-9cac795b22c5"}], "c_rack": [{"item_id": "334da70b-e32f-49c1-8c14-051428c9e889", "slot_idx": 0, "item_type_id": "7a0cd8f0-29aa-446d-ad1d-f5ded3001c8f"}, {"item_id": "a86ea919-80ad-4e9b-8058-cb5921138b93", "slot_idx": 1, "item_type_id": "993bc7c8-fb2a-423f-8000-39c7fb6be743"}, {"item_id": "45db7ed8-d0b2-4741-85bc-01cd6e4e4787", "slot_idx": 2, "item_type_id": "c311df30-c21e-4895-acb0-d8808f99710e"}]}', false, NULL, '6d2b72a8-97b9-47f0-8cad-5f9090ee2151', '988b1c1d-2e70-401b-a67c-efb64fbc793a', true, 'f004fca1-5fc2-41bd-ad7d-6fd6b8c3b2d6', 10000, false, 1);
    INSERT INTO public.ships (id, universe_systemid, userid, pos_x, pos_y, created, shipname, texture, theta, vel_x, vel_y, shield, armor, hull, fuel, heat, energy, shiptemplateid, dockedat_stationid, fitting, destroyed, destroyedat, cargobay_containerid, fittingbay_containerid, remaxdirty, trash_containerid, wallet, noload, flightexperiencemodifier) VALUES ('9de52af2-85f1-47db-9445-964a967be429', '0078c73f-1b40-4b22-bdf0-f4927d8bd7bd', 'be5a316c-44d2-4495-9c2e-e3f499985cb0', 0, 0, '2022-09-10 19:23:02.810861-04', 'Damin Avitia''s Starter Ship', 'Gecko', 0, 0, 0, 77, 389, 142, 277, 0, 125, '77abd4c9-66a4-49ab-817b-25f9c8bc36b7', '306c0fcd-cf01-43fc-850f-172191fe1582', '{"a_rack": [{"item_id": "4d0bacd0-86eb-4d3d-bb14-9e4189581ad7", "slot_idx": 0, "item_type_id": "f63d176f-82d6-4278-ac31-cbba59c9c19f"}, {"item_id": "a09314f6-92b5-4b2b-8c95-6cdd75e8460a", "slot_idx": 1, "item_type_id": "f63d176f-82d6-4278-ac31-cbba59c9c19f"}, {"item_id": "b814da0c-388e-410f-96e8-88ed4e7727cb", "slot_idx": 2, "item_type_id": "6a65c92d-3277-4496-a494-7092f0054bdb"}], "b_rack": [{"item_id": "ecde5413-a252-4737-b52e-b04cd5e7a39a", "slot_idx": 0, "item_type_id": "614434d0-eae6-4e41-bd02-9cac795b22c5"}], "c_rack": [{"item_id": "e6dec523-5079-40db-bf55-253b41fabc25", "slot_idx": 0, "item_type_id": "7a0cd8f0-29aa-446d-ad1d-f5ded3001c8f"}, {"item_id": "d010d38a-f398-459e-9f89-15debea1cf2b", "slot_idx": 1, "item_type_id": "993bc7c8-fb2a-423f-8000-39c7fb6be743"}, {"item_id": "7d168a24-d909-4051-ab6c-80428c25deb8", "slot_idx": 2, "item_type_id": "c311df30-c21e-4895-acb0-d8808f99710e"}]}', false, NULL, '3275c08e-7077-4237-b7aa-90e0b179acd6', 'dc3ba2c6-2c41-461a-a838-0d839796b568', true, 'fcf660ea-5170-4869-8bb7-b286930a4b06', 10000, false, 1);
    INSERT INTO public.ships (id, universe_systemid, userid, pos_x, pos_y, created, shipname, texture, theta, vel_x, vel_y, shield, armor, hull, fuel, heat, energy, shiptemplateid, dockedat_stationid, fitting, destroyed, destroyedat, cargobay_containerid, fittingbay_containerid, remaxdirty, trash_containerid, wallet, noload, flightexperiencemodifier) VALUES ('73e8ad2f-b151-4500-aa43-a8eb8d61b802', '0078c73f-1b40-4b22-bdf0-f4927d8bd7bd', 'ba71b197-985c-4909-9000-b15a683e0968', 0, 0, '2022-09-10 19:23:02.841582-04', 'Lin Song''s Starter Ship', 'Gecko', 0, 0, 0, 77, 389, 142, 277, 0, 125, '77abd4c9-66a4-49ab-817b-25f9c8bc36b7', '306c0fcd-cf01-43fc-850f-172191fe1582', '{"a_rack": [{"item_id": "30ab973c-9d17-43ec-8402-ef8a0c44bc5d", "slot_idx": 0, "item_type_id": "f63d176f-82d6-4278-ac31-cbba59c9c19f"}, {"item_id": "954ea109-2384-433e-aec6-814b9fa481db", "slot_idx": 1, "item_type_id": "f63d176f-82d6-4278-ac31-cbba59c9c19f"}, {"item_id": "f42b59e0-11d5-48ff-a0dd-1b735a13293a", "slot_idx": 2, "item_type_id": "6a65c92d-3277-4496-a494-7092f0054bdb"}], "b_rack": [{"item_id": "f0f99804-e5ca-46ae-8520-e747e4023996", "slot_idx": 0, "item_type_id": "614434d0-eae6-4e41-bd02-9cac795b22c5"}], "c_rack": [{"item_id": "3fa6baa5-fa65-46d2-81c9-d0721472469e", "slot_idx": 0, "item_type_id": "7a0cd8f0-29aa-446d-ad1d-f5ded3001c8f"}, {"item_id": "7f5e540c-0a39-440d-807a-c6bfbe0a42b9", "slot_idx": 1, "item_type_id": "993bc7c8-fb2a-423f-8000-39c7fb6be743"}, {"item_id": "9a98d587-79f8-424c-8dfd-a867afc2c1a5", "slot_idx": 2, "item_type_id": "c311df30-c21e-4895-acb0-d8808f99710e"}]}', false, NULL, '807a2776-bd7c-44a7-8cea-07870d75ea54', '431c8339-1b79-4053-a4a5-6291de697843', true, '3963e277-c951-4422-afce-d4df42936a4d', 10000, false, 1);
    INSERT INTO public.ships (id, universe_systemid, userid, pos_x, pos_y, created, shipname, texture, theta, vel_x, vel_y, shield, armor, hull, fuel, heat, energy, shiptemplateid, dockedat_stationid, fitting, destroyed, destroyedat, cargobay_containerid, fittingbay_containerid, remaxdirty, trash_containerid, wallet, noload, flightexperiencemodifier) VALUES ('26d090cb-bf52-45ef-8ccf-b94dbe139ef7', '0078c73f-1b40-4b22-bdf0-f4927d8bd7bd', '7d7e5cdf-eac2-4732-999e-d92a051b04c1', 0, 0, '2022-09-10 19:23:02.870726-04', 'Xu Zemin''s Starter Ship', 'Gecko', 0, 0, 0, 77, 389, 142, 277, 0, 125, '77abd4c9-66a4-49ab-817b-25f9c8bc36b7', '306c0fcd-cf01-43fc-850f-172191fe1582', '{"a_rack": [{"item_id": "111d638c-0309-4e6b-8b3b-042a951b4eb1", "slot_idx": 0, "item_type_id": "f63d176f-82d6-4278-ac31-cbba59c9c19f"}, {"item_id": "7ddce4ac-bd20-454a-ab90-02086520723c", "slot_idx": 1, "item_type_id": "f63d176f-82d6-4278-ac31-cbba59c9c19f"}, {"item_id": "4e036c86-f3fb-4c6b-9e65-94e21e5ee122", "slot_idx": 2, "item_type_id": "6a65c92d-3277-4496-a494-7092f0054bdb"}], "b_rack": [{"item_id": "6626a33b-fe95-4976-8dcf-7fc1e45554c9", "slot_idx": 0, "item_type_id": "614434d0-eae6-4e41-bd02-9cac795b22c5"}], "c_rack": [{"item_id": "77de76ff-151a-4fd8-ab75-78ad40f38599", "slot_idx": 0, "item_type_id": "7a0cd8f0-29aa-446d-ad1d-f5ded3001c8f"}, {"item_id": "93e03a46-96dd-4ec9-b5fc-628445bac9de", "slot_idx": 1, "item_type_id": "993bc7c8-fb2a-423f-8000-39c7fb6be743"}, {"item_id": "08278239-3140-423b-b492-8c73e339edba", "slot_idx": 2, "item_type_id": "c311df30-c21e-4895-acb0-d8808f99710e"}]}', false, NULL, '7ac13bdf-ac3d-4310-918b-db3185cddf12', '2435cbe2-dca2-473b-8381-11ba2cc9ad85', true, 'dfe39b77-c31a-4bd3-8021-ba202d4a34d5', 10000, false, 1);
    INSERT INTO public.ships (id, universe_systemid, userid, pos_x, pos_y, created, shipname, texture, theta, vel_x, vel_y, shield, armor, hull, fuel, heat, energy, shiptemplateid, dockedat_stationid, fitting, destroyed, destroyedat, cargobay_containerid, fittingbay_containerid, remaxdirty, trash_containerid, wallet, noload, flightexperiencemodifier) VALUES ('51eb11e7-213d-42d8-aaa0-b23cd43d9ddc', '0078c73f-1b40-4b22-bdf0-f4927d8bd7bd', 'b78115d0-c60a-4ed6-838c-708ad914717c', 0, 0, '2022-09-10 19:23:02.900244-04', 'Emine Sengl''s Starter Ship', 'Gecko', 0, 0, 0, 77, 389, 142, 277, 0, 125, '77abd4c9-66a4-49ab-817b-25f9c8bc36b7', '306c0fcd-cf01-43fc-850f-172191fe1582', '{"a_rack": [{"item_id": "0b0f3dec-99c0-4a90-9ea8-4a86d1ff54bc", "slot_idx": 0, "item_type_id": "f63d176f-82d6-4278-ac31-cbba59c9c19f"}, {"item_id": "981355e9-2916-44c2-8112-2e5bef41a427", "slot_idx": 1, "item_type_id": "f63d176f-82d6-4278-ac31-cbba59c9c19f"}, {"item_id": "4d968185-207b-4f4d-8c85-eb5cf6c96bab", "slot_idx": 2, "item_type_id": "6a65c92d-3277-4496-a494-7092f0054bdb"}], "b_rack": [{"item_id": "841393eb-005e-45cd-b1ca-ea2947164044", "slot_idx": 0, "item_type_id": "614434d0-eae6-4e41-bd02-9cac795b22c5"}], "c_rack": [{"item_id": "2e57bb40-b422-433d-9fe8-98863832599b", "slot_idx": 0, "item_type_id": "7a0cd8f0-29aa-446d-ad1d-f5ded3001c8f"}, {"item_id": "b8c739ea-aff0-4274-a422-702eaf6e5d91", "slot_idx": 1, "item_type_id": "993bc7c8-fb2a-423f-8000-39c7fb6be743"}, {"item_id": "607315bf-837b-4093-ab42-990fadafa987", "slot_idx": 2, "item_type_id": "c311df30-c21e-4895-acb0-d8808f99710e"}]}', false, NULL, 'fde3672c-20fd-48d9-af0e-2a1935885925', '417d27ad-4108-4a44-a58d-f47de42bb3de', true, '8cc54fb3-cd6b-45a7-8bce-a3f91233b33d', 10000, false, 1);
    INSERT INTO public.ships (id, universe_systemid, userid, pos_x, pos_y, created, shipname, texture, theta, vel_x, vel_y, shield, armor, hull, fuel, heat, energy, shiptemplateid, dockedat_stationid, fitting, destroyed, destroyedat, cargobay_containerid, fittingbay_containerid, remaxdirty, trash_containerid, wallet, noload, flightexperiencemodifier) VALUES ('90baa959-6a55-47a4-90e3-292813f28a68', '0078c73f-1b40-4b22-bdf0-f4927d8bd7bd', 'eedd2925-7b0a-41e2-a818-d1bc79616526', 0, 0, '2022-09-10 19:23:02.929015-04', 'Simge Sarica''s Starter Ship', 'Gecko', 0, 0, 0, 77, 389, 142, 277, 0, 125, '77abd4c9-66a4-49ab-817b-25f9c8bc36b7', '306c0fcd-cf01-43fc-850f-172191fe1582', '{"a_rack": [{"item_id": "acd724f9-4692-4299-98c6-b37dc18eb77e", "slot_idx": 0, "item_type_id": "f63d176f-82d6-4278-ac31-cbba59c9c19f"}, {"item_id": "a43aaa6e-51e9-43e9-8017-e0735d13302c", "slot_idx": 1, "item_type_id": "f63d176f-82d6-4278-ac31-cbba59c9c19f"}, {"item_id": "93ec4bea-d0c2-4fe4-ae86-922d4f49140a", "slot_idx": 2, "item_type_id": "6a65c92d-3277-4496-a494-7092f0054bdb"}], "b_rack": [{"item_id": "ec2063ff-e9c8-40d5-ae15-b11eddf54aff", "slot_idx": 0, "item_type_id": "614434d0-eae6-4e41-bd02-9cac795b22c5"}], "c_rack": [{"item_id": "f606a2cc-8580-4bc7-b8dd-01e37df3f411", "slot_idx": 0, "item_type_id": "7a0cd8f0-29aa-446d-ad1d-f5ded3001c8f"}, {"item_id": "3ce8a4ec-ff6d-4094-bbab-c86eeade6780", "slot_idx": 1, "item_type_id": "993bc7c8-fb2a-423f-8000-39c7fb6be743"}, {"item_id": "e353d01d-4dc3-43a4-8c99-dc081fa98ffa", "slot_idx": 2, "item_type_id": "c311df30-c21e-4895-acb0-d8808f99710e"}]}', false, NULL, 'c0d214bd-7e79-4b23-8da2-6b411382e962', 'ec8b6524-b7c2-4011-88b0-20b7465efdbf', true, 'c2dc49eb-7994-4a68-a11b-a75e3902cd14', 10000, false, 1);

    -- items
    INSERT INTO public.items (id, itemtypeid, meta, created, createdby, createdreason, containerid, quantity, ispackaged) VALUES ('10ebfb58-e3fc-4ac6-bdf1-f8a5e9cf1e88', 'f63d176f-82d6-4278-ac31-cbba59c9c19f', '{"hp": 8, "rack": "a", "range": 6408, "volume": 6, "cooldown": 26.5, "flight_time": 6.4, "hull_damage": 430, "armor_damage": 352, "needs_target": true, "shield_damage": 387, "missile_radius": 2.5, "activation_heat": 9.1, "ammunition_name": "LHVM-3", "ammunition_type": "8aa4d28b-e02b-4630-86eb-ab46d0ed7fc7", "fault_tolerance": 0.98, "industrialmarket": {"maxprice": 3881, "minprice": 2215, "silosize": 1000}, "activation_energy": 0.06, "missile_gfx_effect": "lhvm-3", "missile_explosion_effect": "basic_explosion", "missile_explosion_radius": 3.6}', '2022-09-10 19:23:02.703322-04', '7352ee65-9071-463e-a02a-fcc1d1e113a4', 'Module for new noob ship for player', '5302a014-f499-408c-9210-107501d42a51', 1, false);
    INSERT INTO public.items (id, itemtypeid, meta, created, createdby, createdreason, containerid, quantity, ispackaged) VALUES ('c652c5e2-1f3c-4343-9378-0434dd8c19dd', 'f63d176f-82d6-4278-ac31-cbba59c9c19f', '{"hp": 8, "rack": "a", "range": 6408, "volume": 6, "cooldown": 26.5, "flight_time": 6.4, "hull_damage": 430, "armor_damage": 352, "needs_target": true, "shield_damage": 387, "missile_radius": 2.5, "activation_heat": 9.1, "ammunition_name": "LHVM-3", "ammunition_type": "8aa4d28b-e02b-4630-86eb-ab46d0ed7fc7", "fault_tolerance": 0.98, "industrialmarket": {"maxprice": 3881, "minprice": 2215, "silosize": 1000}, "activation_energy": 0.06, "missile_gfx_effect": "lhvm-3", "missile_explosion_effect": "basic_explosion", "missile_explosion_radius": 3.6}', '2022-09-10 19:23:02.705602-04', '7352ee65-9071-463e-a02a-fcc1d1e113a4', 'Module for new noob ship for player', '5302a014-f499-408c-9210-107501d42a51', 1, false);
    INSERT INTO public.items (id, itemtypeid, meta, created, createdby, createdreason, containerid, quantity, ispackaged) VALUES ('22c2ce92-3eec-4eaf-b269-416f6b1559f2', '6a65c92d-3277-4496-a494-7092f0054bdb', '{"hp": 5, "rack": "a", "volume": 8, "cooldown": 33.2, "activation_heat": 13.2, "industrialmarket": {"maxprice": 8025, "minprice": 4129, "silosize": 1000}, "activation_energy": 115}', '2022-09-10 19:23:02.707389-04', '7352ee65-9071-463e-a02a-fcc1d1e113a4', 'Module for new noob ship for player', '5302a014-f499-408c-9210-107501d42a51', 1, false);
    INSERT INTO public.items (id, itemtypeid, meta, created, createdby, createdreason, containerid, quantity, ispackaged) VALUES ('d6f2f768-4608-4908-90c4-69b191224d38', '614434d0-eae6-4e41-bd02-9cac795b22c5', '{"hp": 5, "rack": "b", "range": 5645, "volume": 4, "falloff": "linear", "cooldown": 32.3, "tracking": 267, "needs_target": true, "guidance_drift": 7.5, "tracking_drift": 15, "activation_heat": 6.5, "industrialmarket": {"maxprice": 4877, "minprice": 2119, "silosize": 500}, "activation_energy": 12}', '2022-09-10 19:23:02.709475-04', '7352ee65-9071-463e-a02a-fcc1d1e113a4', 'Module for new noob ship for player', '5302a014-f499-408c-9210-107501d42a51', 1, false);
    INSERT INTO public.items (id, itemtypeid, meta, created, createdby, createdreason, containerid, quantity, ispackaged) VALUES ('87462704-e00a-4bd1-857d-5507147c4a7d', '7a0cd8f0-29aa-446d-ad1d-f5ded3001c8f', '{"hp": 8, "rack": "c", "volume": 7, "industrialmarket": {"maxprice": 4871, "minprice": 2895, "silosize": 1000}, "energy_regen_max_add": 5}', '2022-09-10 19:23:02.711568-04', '7352ee65-9071-463e-a02a-fcc1d1e113a4', 'Module for new noob ship for player', '5302a014-f499-408c-9210-107501d42a51', 1, false);
    INSERT INTO public.items (id, itemtypeid, meta, created, createdby, createdreason, containerid, quantity, ispackaged) VALUES ('fe9031df-3695-459e-a462-73e84b6c00e6', '993bc7c8-fb2a-423f-8000-39c7fb6be743', '{"hp": 8, "rack": "c", "volume": 6, "energy_max_add": 62, "industrialmarket": {"maxprice": 1237, "minprice": 904, "silosize": 1000}}', '2022-09-10 19:23:02.713544-04', '7352ee65-9071-463e-a02a-fcc1d1e113a4', 'Module for new noob ship for player', '5302a014-f499-408c-9210-107501d42a51', 1, false);
    INSERT INTO public.items (id, itemtypeid, meta, created, createdby, createdreason, containerid, quantity, ispackaged) VALUES ('c8c0edf6-cd96-4c63-b32c-3767e5734cb5', 'c311df30-c21e-4895-acb0-d8808f99710e', '{"hp": 75, "rack": "c", "volume": 6, "armor_max_add": 75, "industrialmarket": {"maxprice": 650, "minprice": 300, "silosize": 1000}}', '2022-09-10 19:23:02.715802-04', '7352ee65-9071-463e-a02a-fcc1d1e113a4', 'Module for new noob ship for player', '5302a014-f499-408c-9210-107501d42a51', 1, false);
    INSERT INTO public.items (id, itemtypeid, meta, created, createdby, createdreason, containerid, quantity, ispackaged) VALUES ('f9ecddfc-9038-44cd-a0f6-f3db81f4b47b', 'f63d176f-82d6-4278-ac31-cbba59c9c19f', '{"hp": 8, "rack": "a", "range": 6408, "volume": 6, "cooldown": 26.5, "flight_time": 6.4, "hull_damage": 430, "armor_damage": 352, "needs_target": true, "shield_damage": 387, "missile_radius": 2.5, "activation_heat": 9.1, "ammunition_name": "LHVM-3", "ammunition_type": "8aa4d28b-e02b-4630-86eb-ab46d0ed7fc7", "fault_tolerance": 0.98, "industrialmarket": {"maxprice": 3881, "minprice": 2215, "silosize": 1000}, "activation_energy": 0.06, "missile_gfx_effect": "lhvm-3", "missile_explosion_effect": "basic_explosion", "missile_explosion_radius": 3.6}', '2022-09-10 19:23:02.732621-04', 'e52bcce7-d7a1-4629-8895-c4ced2173dab', 'Module for new noob ship for player', '93b49537-d830-4332-a1eb-3dfb0dec3df5', 1, false);
    INSERT INTO public.items (id, itemtypeid, meta, created, createdby, createdreason, containerid, quantity, ispackaged) VALUES ('039d0fd8-8582-4890-86ee-9517ffbba855', 'f63d176f-82d6-4278-ac31-cbba59c9c19f', '{"hp": 8, "rack": "a", "range": 6408, "volume": 6, "cooldown": 26.5, "flight_time": 6.4, "hull_damage": 430, "armor_damage": 352, "needs_target": true, "shield_damage": 387, "missile_radius": 2.5, "activation_heat": 9.1, "ammunition_name": "LHVM-3", "ammunition_type": "8aa4d28b-e02b-4630-86eb-ab46d0ed7fc7", "fault_tolerance": 0.98, "industrialmarket": {"maxprice": 3881, "minprice": 2215, "silosize": 1000}, "activation_energy": 0.06, "missile_gfx_effect": "lhvm-3", "missile_explosion_effect": "basic_explosion", "missile_explosion_radius": 3.6}', '2022-09-10 19:23:02.734472-04', 'e52bcce7-d7a1-4629-8895-c4ced2173dab', 'Module for new noob ship for player', '93b49537-d830-4332-a1eb-3dfb0dec3df5', 1, false);
    INSERT INTO public.items (id, itemtypeid, meta, created, createdby, createdreason, containerid, quantity, ispackaged) VALUES ('aea4a720-b739-4099-a68c-7b3592bcfe49', '6a65c92d-3277-4496-a494-7092f0054bdb', '{"hp": 5, "rack": "a", "volume": 8, "cooldown": 33.2, "activation_heat": 13.2, "industrialmarket": {"maxprice": 8025, "minprice": 4129, "silosize": 1000}, "activation_energy": 115}', '2022-09-10 19:23:02.736338-04', 'e52bcce7-d7a1-4629-8895-c4ced2173dab', 'Module for new noob ship for player', '93b49537-d830-4332-a1eb-3dfb0dec3df5', 1, false);
    INSERT INTO public.items (id, itemtypeid, meta, created, createdby, createdreason, containerid, quantity, ispackaged) VALUES ('6c6d4dee-fdf7-4d1c-997f-0d333a2a4514', '614434d0-eae6-4e41-bd02-9cac795b22c5', '{"hp": 5, "rack": "b", "range": 5645, "volume": 4, "falloff": "linear", "cooldown": 32.3, "tracking": 267, "needs_target": true, "guidance_drift": 7.5, "tracking_drift": 15, "activation_heat": 6.5, "industrialmarket": {"maxprice": 4877, "minprice": 2119, "silosize": 500}, "activation_energy": 12}', '2022-09-10 19:23:02.739357-04', 'e52bcce7-d7a1-4629-8895-c4ced2173dab', 'Module for new noob ship for player', '93b49537-d830-4332-a1eb-3dfb0dec3df5', 1, false);
    INSERT INTO public.items (id, itemtypeid, meta, created, createdby, createdreason, containerid, quantity, ispackaged) VALUES ('5995b563-cb89-484f-89e6-87373d35c72b', '7a0cd8f0-29aa-446d-ad1d-f5ded3001c8f', '{"hp": 8, "rack": "c", "volume": 7, "industrialmarket": {"maxprice": 4871, "minprice": 2895, "silosize": 1000}, "energy_regen_max_add": 5}', '2022-09-10 19:23:02.741437-04', 'e52bcce7-d7a1-4629-8895-c4ced2173dab', 'Module for new noob ship for player', '93b49537-d830-4332-a1eb-3dfb0dec3df5', 1, false);
    INSERT INTO public.items (id, itemtypeid, meta, created, createdby, createdreason, containerid, quantity, ispackaged) VALUES ('e05e438f-c326-4f45-afba-aa9356e23b9f', '993bc7c8-fb2a-423f-8000-39c7fb6be743', '{"hp": 8, "rack": "c", "volume": 6, "energy_max_add": 62, "industrialmarket": {"maxprice": 1237, "minprice": 904, "silosize": 1000}}', '2022-09-10 19:23:02.743449-04', 'e52bcce7-d7a1-4629-8895-c4ced2173dab', 'Module for new noob ship for player', '93b49537-d830-4332-a1eb-3dfb0dec3df5', 1, false);
    INSERT INTO public.items (id, itemtypeid, meta, created, createdby, createdreason, containerid, quantity, ispackaged) VALUES ('66ae9734-62c0-4089-a6d9-bbb943c2d752', 'c311df30-c21e-4895-acb0-d8808f99710e', '{"hp": 75, "rack": "c", "volume": 6, "armor_max_add": 75, "industrialmarket": {"maxprice": 650, "minprice": 300, "silosize": 1000}}', '2022-09-10 19:23:02.745523-04', 'e52bcce7-d7a1-4629-8895-c4ced2173dab', 'Module for new noob ship for player', '93b49537-d830-4332-a1eb-3dfb0dec3df5', 1, false);
    INSERT INTO public.items (id, itemtypeid, meta, created, createdby, createdreason, containerid, quantity, ispackaged) VALUES ('2a975af4-6866-4d51-8e64-6db2b62006f5', 'f63d176f-82d6-4278-ac31-cbba59c9c19f', '{"hp": 8, "rack": "a", "range": 6408, "volume": 6, "cooldown": 26.5, "flight_time": 6.4, "hull_damage": 430, "armor_damage": 352, "needs_target": true, "shield_damage": 387, "missile_radius": 2.5, "activation_heat": 9.1, "ammunition_name": "LHVM-3", "ammunition_type": "8aa4d28b-e02b-4630-86eb-ab46d0ed7fc7", "fault_tolerance": 0.98, "industrialmarket": {"maxprice": 3881, "minprice": 2215, "silosize": 1000}, "activation_energy": 0.06, "missile_gfx_effect": "lhvm-3", "missile_explosion_effect": "basic_explosion", "missile_explosion_radius": 3.6}', '2022-09-10 19:23:02.763095-04', '9ea6bab8-d04e-41c1-b5f5-49d9f39821bc', 'Module for new noob ship for player', '988b1c1d-2e70-401b-a67c-efb64fbc793a', 1, false);
    INSERT INTO public.items (id, itemtypeid, meta, created, createdby, createdreason, containerid, quantity, ispackaged) VALUES ('6a068820-9c58-471e-898e-bf15f5f983c8', 'f63d176f-82d6-4278-ac31-cbba59c9c19f', '{"hp": 8, "rack": "a", "range": 6408, "volume": 6, "cooldown": 26.5, "flight_time": 6.4, "hull_damage": 430, "armor_damage": 352, "needs_target": true, "shield_damage": 387, "missile_radius": 2.5, "activation_heat": 9.1, "ammunition_name": "LHVM-3", "ammunition_type": "8aa4d28b-e02b-4630-86eb-ab46d0ed7fc7", "fault_tolerance": 0.98, "industrialmarket": {"maxprice": 3881, "minprice": 2215, "silosize": 1000}, "activation_energy": 0.06, "missile_gfx_effect": "lhvm-3", "missile_explosion_effect": "basic_explosion", "missile_explosion_radius": 3.6}', '2022-09-10 19:23:02.765445-04', '9ea6bab8-d04e-41c1-b5f5-49d9f39821bc', 'Module for new noob ship for player', '988b1c1d-2e70-401b-a67c-efb64fbc793a', 1, false);
    INSERT INTO public.items (id, itemtypeid, meta, created, createdby, createdreason, containerid, quantity, ispackaged) VALUES ('6c9c070c-b3a6-4a6b-98b2-f540b44bb6db', '6a65c92d-3277-4496-a494-7092f0054bdb', '{"hp": 5, "rack": "a", "volume": 8, "cooldown": 33.2, "activation_heat": 13.2, "industrialmarket": {"maxprice": 8025, "minprice": 4129, "silosize": 1000}, "activation_energy": 115}', '2022-09-10 19:23:02.767679-04', '9ea6bab8-d04e-41c1-b5f5-49d9f39821bc', 'Module for new noob ship for player', '988b1c1d-2e70-401b-a67c-efb64fbc793a', 1, false);
    INSERT INTO public.items (id, itemtypeid, meta, created, createdby, createdreason, containerid, quantity, ispackaged) VALUES ('e9de96d1-67cc-444b-8fe4-9dc876bb5876', '614434d0-eae6-4e41-bd02-9cac795b22c5', '{"hp": 5, "rack": "b", "range": 5645, "volume": 4, "falloff": "linear", "cooldown": 32.3, "tracking": 267, "needs_target": true, "guidance_drift": 7.5, "tracking_drift": 15, "activation_heat": 6.5, "industrialmarket": {"maxprice": 4877, "minprice": 2119, "silosize": 500}, "activation_energy": 12}', '2022-09-10 19:23:02.769666-04', '9ea6bab8-d04e-41c1-b5f5-49d9f39821bc', 'Module for new noob ship for player', '988b1c1d-2e70-401b-a67c-efb64fbc793a', 1, false);
    INSERT INTO public.items (id, itemtypeid, meta, created, createdby, createdreason, containerid, quantity, ispackaged) VALUES ('334da70b-e32f-49c1-8c14-051428c9e889', '7a0cd8f0-29aa-446d-ad1d-f5ded3001c8f', '{"hp": 8, "rack": "c", "volume": 7, "industrialmarket": {"maxprice": 4871, "minprice": 2895, "silosize": 1000}, "energy_regen_max_add": 5}', '2022-09-10 19:23:02.771493-04', '9ea6bab8-d04e-41c1-b5f5-49d9f39821bc', 'Module for new noob ship for player', '988b1c1d-2e70-401b-a67c-efb64fbc793a', 1, false);
    INSERT INTO public.items (id, itemtypeid, meta, created, createdby, createdreason, containerid, quantity, ispackaged) VALUES ('a86ea919-80ad-4e9b-8058-cb5921138b93', '993bc7c8-fb2a-423f-8000-39c7fb6be743', '{"hp": 8, "rack": "c", "volume": 6, "energy_max_add": 62, "industrialmarket": {"maxprice": 1237, "minprice": 904, "silosize": 1000}}', '2022-09-10 19:23:02.773477-04', '9ea6bab8-d04e-41c1-b5f5-49d9f39821bc', 'Module for new noob ship for player', '988b1c1d-2e70-401b-a67c-efb64fbc793a', 1, false);
    INSERT INTO public.items (id, itemtypeid, meta, created, createdby, createdreason, containerid, quantity, ispackaged) VALUES ('45db7ed8-d0b2-4741-85bc-01cd6e4e4787', 'c311df30-c21e-4895-acb0-d8808f99710e', '{"hp": 75, "rack": "c", "volume": 6, "armor_max_add": 75, "industrialmarket": {"maxprice": 650, "minprice": 300, "silosize": 1000}}', '2022-09-10 19:23:02.775317-04', '9ea6bab8-d04e-41c1-b5f5-49d9f39821bc', 'Module for new noob ship for player', '988b1c1d-2e70-401b-a67c-efb64fbc793a', 1, false);
    INSERT INTO public.items (id, itemtypeid, meta, created, createdby, createdreason, containerid, quantity, ispackaged) VALUES ('4d0bacd0-86eb-4d3d-bb14-9e4189581ad7', 'f63d176f-82d6-4278-ac31-cbba59c9c19f', '{"hp": 8, "rack": "a", "range": 6408, "volume": 6, "cooldown": 26.5, "flight_time": 6.4, "hull_damage": 430, "armor_damage": 352, "needs_target": true, "shield_damage": 387, "missile_radius": 2.5, "activation_heat": 9.1, "ammunition_name": "LHVM-3", "ammunition_type": "8aa4d28b-e02b-4630-86eb-ab46d0ed7fc7", "fault_tolerance": 0.98, "industrialmarket": {"maxprice": 3881, "minprice": 2215, "silosize": 1000}, "activation_energy": 0.06, "missile_gfx_effect": "lhvm-3", "missile_explosion_effect": "basic_explosion", "missile_explosion_radius": 3.6}', '2022-09-10 19:23:02.793765-04', 'be5a316c-44d2-4495-9c2e-e3f499985cb0', 'Module for new noob ship for player', 'dc3ba2c6-2c41-461a-a838-0d839796b568', 1, false);
    INSERT INTO public.items (id, itemtypeid, meta, created, createdby, createdreason, containerid, quantity, ispackaged) VALUES ('a09314f6-92b5-4b2b-8c95-6cdd75e8460a', 'f63d176f-82d6-4278-ac31-cbba59c9c19f', '{"hp": 8, "rack": "a", "range": 6408, "volume": 6, "cooldown": 26.5, "flight_time": 6.4, "hull_damage": 430, "armor_damage": 352, "needs_target": true, "shield_damage": 387, "missile_radius": 2.5, "activation_heat": 9.1, "ammunition_name": "LHVM-3", "ammunition_type": "8aa4d28b-e02b-4630-86eb-ab46d0ed7fc7", "fault_tolerance": 0.98, "industrialmarket": {"maxprice": 3881, "minprice": 2215, "silosize": 1000}, "activation_energy": 0.06, "missile_gfx_effect": "lhvm-3", "missile_explosion_effect": "basic_explosion", "missile_explosion_radius": 3.6}', '2022-09-10 19:23:02.796376-04', 'be5a316c-44d2-4495-9c2e-e3f499985cb0', 'Module for new noob ship for player', 'dc3ba2c6-2c41-461a-a838-0d839796b568', 1, false);
    INSERT INTO public.items (id, itemtypeid, meta, created, createdby, createdreason, containerid, quantity, ispackaged) VALUES ('b814da0c-388e-410f-96e8-88ed4e7727cb', '6a65c92d-3277-4496-a494-7092f0054bdb', '{"hp": 5, "rack": "a", "volume": 8, "cooldown": 33.2, "activation_heat": 13.2, "industrialmarket": {"maxprice": 8025, "minprice": 4129, "silosize": 1000}, "activation_energy": 115}', '2022-09-10 19:23:02.798821-04', 'be5a316c-44d2-4495-9c2e-e3f499985cb0', 'Module for new noob ship for player', 'dc3ba2c6-2c41-461a-a838-0d839796b568', 1, false);
    INSERT INTO public.items (id, itemtypeid, meta, created, createdby, createdreason, containerid, quantity, ispackaged) VALUES ('ecde5413-a252-4737-b52e-b04cd5e7a39a', '614434d0-eae6-4e41-bd02-9cac795b22c5', '{"hp": 5, "rack": "b", "range": 5645, "volume": 4, "falloff": "linear", "cooldown": 32.3, "tracking": 267, "needs_target": true, "guidance_drift": 7.5, "tracking_drift": 15, "activation_heat": 6.5, "industrialmarket": {"maxprice": 4877, "minprice": 2119, "silosize": 500}, "activation_energy": 12}', '2022-09-10 19:23:02.801416-04', 'be5a316c-44d2-4495-9c2e-e3f499985cb0', 'Module for new noob ship for player', 'dc3ba2c6-2c41-461a-a838-0d839796b568', 1, false);
    INSERT INTO public.items (id, itemtypeid, meta, created, createdby, createdreason, containerid, quantity, ispackaged) VALUES ('e6dec523-5079-40db-bf55-253b41fabc25', '7a0cd8f0-29aa-446d-ad1d-f5ded3001c8f', '{"hp": 8, "rack": "c", "volume": 7, "industrialmarket": {"maxprice": 4871, "minprice": 2895, "silosize": 1000}, "energy_regen_max_add": 5}', '2022-09-10 19:23:02.803729-04', 'be5a316c-44d2-4495-9c2e-e3f499985cb0', 'Module for new noob ship for player', 'dc3ba2c6-2c41-461a-a838-0d839796b568', 1, false);
    INSERT INTO public.items (id, itemtypeid, meta, created, createdby, createdreason, containerid, quantity, ispackaged) VALUES ('d010d38a-f398-459e-9f89-15debea1cf2b', '993bc7c8-fb2a-423f-8000-39c7fb6be743', '{"hp": 8, "rack": "c", "volume": 6, "energy_max_add": 62, "industrialmarket": {"maxprice": 1237, "minprice": 904, "silosize": 1000}}', '2022-09-10 19:23:02.806556-04', 'be5a316c-44d2-4495-9c2e-e3f499985cb0', 'Module for new noob ship for player', 'dc3ba2c6-2c41-461a-a838-0d839796b568', 1, false);
    INSERT INTO public.items (id, itemtypeid, meta, created, createdby, createdreason, containerid, quantity, ispackaged) VALUES ('7d168a24-d909-4051-ab6c-80428c25deb8', 'c311df30-c21e-4895-acb0-d8808f99710e', '{"hp": 75, "rack": "c", "volume": 6, "armor_max_add": 75, "industrialmarket": {"maxprice": 650, "minprice": 300, "silosize": 1000}}', '2022-09-10 19:23:02.80886-04', 'be5a316c-44d2-4495-9c2e-e3f499985cb0', 'Module for new noob ship for player', 'dc3ba2c6-2c41-461a-a838-0d839796b568', 1, false);
    INSERT INTO public.items (id, itemtypeid, meta, created, createdby, createdreason, containerid, quantity, ispackaged) VALUES ('30ab973c-9d17-43ec-8402-ef8a0c44bc5d', 'f63d176f-82d6-4278-ac31-cbba59c9c19f', '{"hp": 8, "rack": "a", "range": 6408, "volume": 6, "cooldown": 26.5, "flight_time": 6.4, "hull_damage": 430, "armor_damage": 352, "needs_target": true, "shield_damage": 387, "missile_radius": 2.5, "activation_heat": 9.1, "ammunition_name": "LHVM-3", "ammunition_type": "8aa4d28b-e02b-4630-86eb-ab46d0ed7fc7", "fault_tolerance": 0.98, "industrialmarket": {"maxprice": 3881, "minprice": 2215, "silosize": 1000}, "activation_energy": 0.06, "missile_gfx_effect": "lhvm-3", "missile_explosion_effect": "basic_explosion", "missile_explosion_radius": 3.6}', '2022-09-10 19:23:02.82791-04', 'ba71b197-985c-4909-9000-b15a683e0968', 'Module for new noob ship for player', '431c8339-1b79-4053-a4a5-6291de697843', 1, false);
    INSERT INTO public.items (id, itemtypeid, meta, created, createdby, createdreason, containerid, quantity, ispackaged) VALUES ('954ea109-2384-433e-aec6-814b9fa481db', 'f63d176f-82d6-4278-ac31-cbba59c9c19f', '{"hp": 8, "rack": "a", "range": 6408, "volume": 6, "cooldown": 26.5, "flight_time": 6.4, "hull_damage": 430, "armor_damage": 352, "needs_target": true, "shield_damage": 387, "missile_radius": 2.5, "activation_heat": 9.1, "ammunition_name": "LHVM-3", "ammunition_type": "8aa4d28b-e02b-4630-86eb-ab46d0ed7fc7", "fault_tolerance": 0.98, "industrialmarket": {"maxprice": 3881, "minprice": 2215, "silosize": 1000}, "activation_energy": 0.06, "missile_gfx_effect": "lhvm-3", "missile_explosion_effect": "basic_explosion", "missile_explosion_radius": 3.6}', '2022-09-10 19:23:02.829977-04', 'ba71b197-985c-4909-9000-b15a683e0968', 'Module for new noob ship for player', '431c8339-1b79-4053-a4a5-6291de697843', 1, false);
    INSERT INTO public.items (id, itemtypeid, meta, created, createdby, createdreason, containerid, quantity, ispackaged) VALUES ('f42b59e0-11d5-48ff-a0dd-1b735a13293a', '6a65c92d-3277-4496-a494-7092f0054bdb', '{"hp": 5, "rack": "a", "volume": 8, "cooldown": 33.2, "activation_heat": 13.2, "industrialmarket": {"maxprice": 8025, "minprice": 4129, "silosize": 1000}, "activation_energy": 115}', '2022-09-10 19:23:02.83213-04', 'ba71b197-985c-4909-9000-b15a683e0968', 'Module for new noob ship for player', '431c8339-1b79-4053-a4a5-6291de697843', 1, false);
    INSERT INTO public.items (id, itemtypeid, meta, created, createdby, createdreason, containerid, quantity, ispackaged) VALUES ('f0f99804-e5ca-46ae-8520-e747e4023996', '614434d0-eae6-4e41-bd02-9cac795b22c5', '{"hp": 5, "rack": "b", "range": 5645, "volume": 4, "falloff": "linear", "cooldown": 32.3, "tracking": 267, "needs_target": true, "guidance_drift": 7.5, "tracking_drift": 15, "activation_heat": 6.5, "industrialmarket": {"maxprice": 4877, "minprice": 2119, "silosize": 500}, "activation_energy": 12}', '2022-09-10 19:23:02.83412-04', 'ba71b197-985c-4909-9000-b15a683e0968', 'Module for new noob ship for player', '431c8339-1b79-4053-a4a5-6291de697843', 1, false);
    INSERT INTO public.items (id, itemtypeid, meta, created, createdby, createdreason, containerid, quantity, ispackaged) VALUES ('3fa6baa5-fa65-46d2-81c9-d0721472469e', '7a0cd8f0-29aa-446d-ad1d-f5ded3001c8f', '{"hp": 8, "rack": "c", "volume": 7, "industrialmarket": {"maxprice": 4871, "minprice": 2895, "silosize": 1000}, "energy_regen_max_add": 5}', '2022-09-10 19:23:02.835993-04', 'ba71b197-985c-4909-9000-b15a683e0968', 'Module for new noob ship for player', '431c8339-1b79-4053-a4a5-6291de697843', 1, false);
    INSERT INTO public.items (id, itemtypeid, meta, created, createdby, createdreason, containerid, quantity, ispackaged) VALUES ('7f5e540c-0a39-440d-807a-c6bfbe0a42b9', '993bc7c8-fb2a-423f-8000-39c7fb6be743', '{"hp": 8, "rack": "c", "volume": 6, "energy_max_add": 62, "industrialmarket": {"maxprice": 1237, "minprice": 904, "silosize": 1000}}', '2022-09-10 19:23:02.837809-04', 'ba71b197-985c-4909-9000-b15a683e0968', 'Module for new noob ship for player', '431c8339-1b79-4053-a4a5-6291de697843', 1, false);
    INSERT INTO public.items (id, itemtypeid, meta, created, createdby, createdreason, containerid, quantity, ispackaged) VALUES ('9a98d587-79f8-424c-8dfd-a867afc2c1a5', 'c311df30-c21e-4895-acb0-d8808f99710e', '{"hp": 75, "rack": "c", "volume": 6, "armor_max_add": 75, "industrialmarket": {"maxprice": 650, "minprice": 300, "silosize": 1000}}', '2022-09-10 19:23:02.839909-04', 'ba71b197-985c-4909-9000-b15a683e0968', 'Module for new noob ship for player', '431c8339-1b79-4053-a4a5-6291de697843', 1, false);
    INSERT INTO public.items (id, itemtypeid, meta, created, createdby, createdreason, containerid, quantity, ispackaged) VALUES ('111d638c-0309-4e6b-8b3b-042a951b4eb1', 'f63d176f-82d6-4278-ac31-cbba59c9c19f', '{"hp": 8, "rack": "a", "range": 6408, "volume": 6, "cooldown": 26.5, "flight_time": 6.4, "hull_damage": 430, "armor_damage": 352, "needs_target": true, "shield_damage": 387, "missile_radius": 2.5, "activation_heat": 9.1, "ammunition_name": "LHVM-3", "ammunition_type": "8aa4d28b-e02b-4630-86eb-ab46d0ed7fc7", "fault_tolerance": 0.98, "industrialmarket": {"maxprice": 3881, "minprice": 2215, "silosize": 1000}, "activation_energy": 0.06, "missile_gfx_effect": "lhvm-3", "missile_explosion_effect": "basic_explosion", "missile_explosion_radius": 3.6}', '2022-09-10 19:23:02.857373-04', '7d7e5cdf-eac2-4732-999e-d92a051b04c1', 'Module for new noob ship for player', '2435cbe2-dca2-473b-8381-11ba2cc9ad85', 1, false);
    INSERT INTO public.items (id, itemtypeid, meta, created, createdby, createdreason, containerid, quantity, ispackaged) VALUES ('7ddce4ac-bd20-454a-ab90-02086520723c', 'f63d176f-82d6-4278-ac31-cbba59c9c19f', '{"hp": 8, "rack": "a", "range": 6408, "volume": 6, "cooldown": 26.5, "flight_time": 6.4, "hull_damage": 430, "armor_damage": 352, "needs_target": true, "shield_damage": 387, "missile_radius": 2.5, "activation_heat": 9.1, "ammunition_name": "LHVM-3", "ammunition_type": "8aa4d28b-e02b-4630-86eb-ab46d0ed7fc7", "fault_tolerance": 0.98, "industrialmarket": {"maxprice": 3881, "minprice": 2215, "silosize": 1000}, "activation_energy": 0.06, "missile_gfx_effect": "lhvm-3", "missile_explosion_effect": "basic_explosion", "missile_explosion_radius": 3.6}', '2022-09-10 19:23:02.859236-04', '7d7e5cdf-eac2-4732-999e-d92a051b04c1', 'Module for new noob ship for player', '2435cbe2-dca2-473b-8381-11ba2cc9ad85', 1, false);
    INSERT INTO public.items (id, itemtypeid, meta, created, createdby, createdreason, containerid, quantity, ispackaged) VALUES ('4e036c86-f3fb-4c6b-9e65-94e21e5ee122', '6a65c92d-3277-4496-a494-7092f0054bdb', '{"hp": 5, "rack": "a", "volume": 8, "cooldown": 33.2, "activation_heat": 13.2, "industrialmarket": {"maxprice": 8025, "minprice": 4129, "silosize": 1000}, "activation_energy": 115}', '2022-09-10 19:23:02.861119-04', '7d7e5cdf-eac2-4732-999e-d92a051b04c1', 'Module for new noob ship for player', '2435cbe2-dca2-473b-8381-11ba2cc9ad85', 1, false);
    INSERT INTO public.items (id, itemtypeid, meta, created, createdby, createdreason, containerid, quantity, ispackaged) VALUES ('6626a33b-fe95-4976-8dcf-7fc1e45554c9', '614434d0-eae6-4e41-bd02-9cac795b22c5', '{"hp": 5, "rack": "b", "range": 5645, "volume": 4, "falloff": "linear", "cooldown": 32.3, "tracking": 267, "needs_target": true, "guidance_drift": 7.5, "tracking_drift": 15, "activation_heat": 6.5, "industrialmarket": {"maxprice": 4877, "minprice": 2119, "silosize": 500}, "activation_energy": 12}', '2022-09-10 19:23:02.863013-04', '7d7e5cdf-eac2-4732-999e-d92a051b04c1', 'Module for new noob ship for player', '2435cbe2-dca2-473b-8381-11ba2cc9ad85', 1, false);
    INSERT INTO public.items (id, itemtypeid, meta, created, createdby, createdreason, containerid, quantity, ispackaged) VALUES ('77de76ff-151a-4fd8-ab75-78ad40f38599', '7a0cd8f0-29aa-446d-ad1d-f5ded3001c8f', '{"hp": 8, "rack": "c", "volume": 7, "industrialmarket": {"maxprice": 4871, "minprice": 2895, "silosize": 1000}, "energy_regen_max_add": 5}', '2022-09-10 19:23:02.864928-04', '7d7e5cdf-eac2-4732-999e-d92a051b04c1', 'Module for new noob ship for player', '2435cbe2-dca2-473b-8381-11ba2cc9ad85', 1, false);
    INSERT INTO public.items (id, itemtypeid, meta, created, createdby, createdreason, containerid, quantity, ispackaged) VALUES ('93e03a46-96dd-4ec9-b5fc-628445bac9de', '993bc7c8-fb2a-423f-8000-39c7fb6be743', '{"hp": 8, "rack": "c", "volume": 6, "energy_max_add": 62, "industrialmarket": {"maxprice": 1237, "minprice": 904, "silosize": 1000}}', '2022-09-10 19:23:02.867097-04', '7d7e5cdf-eac2-4732-999e-d92a051b04c1', 'Module for new noob ship for player', '2435cbe2-dca2-473b-8381-11ba2cc9ad85', 1, false);
    INSERT INTO public.items (id, itemtypeid, meta, created, createdby, createdreason, containerid, quantity, ispackaged) VALUES ('08278239-3140-423b-b492-8c73e339edba', 'c311df30-c21e-4895-acb0-d8808f99710e', '{"hp": 75, "rack": "c", "volume": 6, "armor_max_add": 75, "industrialmarket": {"maxprice": 650, "minprice": 300, "silosize": 1000}}', '2022-09-10 19:23:02.869093-04', '7d7e5cdf-eac2-4732-999e-d92a051b04c1', 'Module for new noob ship for player', '2435cbe2-dca2-473b-8381-11ba2cc9ad85', 1, false);
    INSERT INTO public.items (id, itemtypeid, meta, created, createdby, createdreason, containerid, quantity, ispackaged) VALUES ('0b0f3dec-99c0-4a90-9ea8-4a86d1ff54bc', 'f63d176f-82d6-4278-ac31-cbba59c9c19f', '{"hp": 8, "rack": "a", "range": 6408, "volume": 6, "cooldown": 26.5, "flight_time": 6.4, "hull_damage": 430, "armor_damage": 352, "needs_target": true, "shield_damage": 387, "missile_radius": 2.5, "activation_heat": 9.1, "ammunition_name": "LHVM-3", "ammunition_type": "8aa4d28b-e02b-4630-86eb-ab46d0ed7fc7", "fault_tolerance": 0.98, "industrialmarket": {"maxprice": 3881, "minprice": 2215, "silosize": 1000}, "activation_energy": 0.06, "missile_gfx_effect": "lhvm-3", "missile_explosion_effect": "basic_explosion", "missile_explosion_radius": 3.6}', '2022-09-10 19:23:02.886002-04', 'b78115d0-c60a-4ed6-838c-708ad914717c', 'Module for new noob ship for player', '417d27ad-4108-4a44-a58d-f47de42bb3de', 1, false);
    INSERT INTO public.items (id, itemtypeid, meta, created, createdby, createdreason, containerid, quantity, ispackaged) VALUES ('981355e9-2916-44c2-8112-2e5bef41a427', 'f63d176f-82d6-4278-ac31-cbba59c9c19f', '{"hp": 8, "rack": "a", "range": 6408, "volume": 6, "cooldown": 26.5, "flight_time": 6.4, "hull_damage": 430, "armor_damage": 352, "needs_target": true, "shield_damage": 387, "missile_radius": 2.5, "activation_heat": 9.1, "ammunition_name": "LHVM-3", "ammunition_type": "8aa4d28b-e02b-4630-86eb-ab46d0ed7fc7", "fault_tolerance": 0.98, "industrialmarket": {"maxprice": 3881, "minprice": 2215, "silosize": 1000}, "activation_energy": 0.06, "missile_gfx_effect": "lhvm-3", "missile_explosion_effect": "basic_explosion", "missile_explosion_radius": 3.6}', '2022-09-10 19:23:02.887831-04', 'b78115d0-c60a-4ed6-838c-708ad914717c', 'Module for new noob ship for player', '417d27ad-4108-4a44-a58d-f47de42bb3de', 1, false);
    INSERT INTO public.items (id, itemtypeid, meta, created, createdby, createdreason, containerid, quantity, ispackaged) VALUES ('4d968185-207b-4f4d-8c85-eb5cf6c96bab', '6a65c92d-3277-4496-a494-7092f0054bdb', '{"hp": 5, "rack": "a", "volume": 8, "cooldown": 33.2, "activation_heat": 13.2, "industrialmarket": {"maxprice": 8025, "minprice": 4129, "silosize": 1000}, "activation_energy": 115}', '2022-09-10 19:23:02.889725-04', 'b78115d0-c60a-4ed6-838c-708ad914717c', 'Module for new noob ship for player', '417d27ad-4108-4a44-a58d-f47de42bb3de', 1, false);
    INSERT INTO public.items (id, itemtypeid, meta, created, createdby, createdreason, containerid, quantity, ispackaged) VALUES ('841393eb-005e-45cd-b1ca-ea2947164044', '614434d0-eae6-4e41-bd02-9cac795b22c5', '{"hp": 5, "rack": "b", "range": 5645, "volume": 4, "falloff": "linear", "cooldown": 32.3, "tracking": 267, "needs_target": true, "guidance_drift": 7.5, "tracking_drift": 15, "activation_heat": 6.5, "industrialmarket": {"maxprice": 4877, "minprice": 2119, "silosize": 500}, "activation_energy": 12}', '2022-09-10 19:23:02.891754-04', 'b78115d0-c60a-4ed6-838c-708ad914717c', 'Module for new noob ship for player', '417d27ad-4108-4a44-a58d-f47de42bb3de', 1, false);
    INSERT INTO public.items (id, itemtypeid, meta, created, createdby, createdreason, containerid, quantity, ispackaged) VALUES ('2e57bb40-b422-433d-9fe8-98863832599b', '7a0cd8f0-29aa-446d-ad1d-f5ded3001c8f', '{"hp": 8, "rack": "c", "volume": 7, "industrialmarket": {"maxprice": 4871, "minprice": 2895, "silosize": 1000}, "energy_regen_max_add": 5}', '2022-09-10 19:23:02.894205-04', 'b78115d0-c60a-4ed6-838c-708ad914717c', 'Module for new noob ship for player', '417d27ad-4108-4a44-a58d-f47de42bb3de', 1, false);
    INSERT INTO public.items (id, itemtypeid, meta, created, createdby, createdreason, containerid, quantity, ispackaged) VALUES ('b8c739ea-aff0-4274-a422-702eaf6e5d91', '993bc7c8-fb2a-423f-8000-39c7fb6be743', '{"hp": 8, "rack": "c", "volume": 6, "energy_max_add": 62, "industrialmarket": {"maxprice": 1237, "minprice": 904, "silosize": 1000}}', '2022-09-10 19:23:02.89649-04', 'b78115d0-c60a-4ed6-838c-708ad914717c', 'Module for new noob ship for player', '417d27ad-4108-4a44-a58d-f47de42bb3de', 1, false);
    INSERT INTO public.items (id, itemtypeid, meta, created, createdby, createdreason, containerid, quantity, ispackaged) VALUES ('607315bf-837b-4093-ab42-990fadafa987', 'c311df30-c21e-4895-acb0-d8808f99710e', '{"hp": 75, "rack": "c", "volume": 6, "armor_max_add": 75, "industrialmarket": {"maxprice": 650, "minprice": 300, "silosize": 1000}}', '2022-09-10 19:23:02.898549-04', 'b78115d0-c60a-4ed6-838c-708ad914717c', 'Module for new noob ship for player', '417d27ad-4108-4a44-a58d-f47de42bb3de', 1, false);
    INSERT INTO public.items (id, itemtypeid, meta, created, createdby, createdreason, containerid, quantity, ispackaged) VALUES ('acd724f9-4692-4299-98c6-b37dc18eb77e', 'f63d176f-82d6-4278-ac31-cbba59c9c19f', '{"hp": 8, "rack": "a", "range": 6408, "volume": 6, "cooldown": 26.5, "flight_time": 6.4, "hull_damage": 430, "armor_damage": 352, "needs_target": true, "shield_damage": 387, "missile_radius": 2.5, "activation_heat": 9.1, "ammunition_name": "LHVM-3", "ammunition_type": "8aa4d28b-e02b-4630-86eb-ab46d0ed7fc7", "fault_tolerance": 0.98, "industrialmarket": {"maxprice": 3881, "minprice": 2215, "silosize": 1000}, "activation_energy": 0.06, "missile_gfx_effect": "lhvm-3", "missile_explosion_effect": "basic_explosion", "missile_explosion_radius": 3.6}', '2022-09-10 19:23:02.91477-04', 'eedd2925-7b0a-41e2-a818-d1bc79616526', 'Module for new noob ship for player', 'ec8b6524-b7c2-4011-88b0-20b7465efdbf', 1, false);
    INSERT INTO public.items (id, itemtypeid, meta, created, createdby, createdreason, containerid, quantity, ispackaged) VALUES ('a43aaa6e-51e9-43e9-8017-e0735d13302c', 'f63d176f-82d6-4278-ac31-cbba59c9c19f', '{"hp": 8, "rack": "a", "range": 6408, "volume": 6, "cooldown": 26.5, "flight_time": 6.4, "hull_damage": 430, "armor_damage": 352, "needs_target": true, "shield_damage": 387, "missile_radius": 2.5, "activation_heat": 9.1, "ammunition_name": "LHVM-3", "ammunition_type": "8aa4d28b-e02b-4630-86eb-ab46d0ed7fc7", "fault_tolerance": 0.98, "industrialmarket": {"maxprice": 3881, "minprice": 2215, "silosize": 1000}, "activation_energy": 0.06, "missile_gfx_effect": "lhvm-3", "missile_explosion_effect": "basic_explosion", "missile_explosion_radius": 3.6}', '2022-09-10 19:23:02.916928-04', 'eedd2925-7b0a-41e2-a818-d1bc79616526', 'Module for new noob ship for player', 'ec8b6524-b7c2-4011-88b0-20b7465efdbf', 1, false);
    INSERT INTO public.items (id, itemtypeid, meta, created, createdby, createdreason, containerid, quantity, ispackaged) VALUES ('93ec4bea-d0c2-4fe4-ae86-922d4f49140a', '6a65c92d-3277-4496-a494-7092f0054bdb', '{"hp": 5, "rack": "a", "volume": 8, "cooldown": 33.2, "activation_heat": 13.2, "industrialmarket": {"maxprice": 8025, "minprice": 4129, "silosize": 1000}, "activation_energy": 115}', '2022-09-10 19:23:02.918973-04', 'eedd2925-7b0a-41e2-a818-d1bc79616526', 'Module for new noob ship for player', 'ec8b6524-b7c2-4011-88b0-20b7465efdbf', 1, false);
    INSERT INTO public.items (id, itemtypeid, meta, created, createdby, createdreason, containerid, quantity, ispackaged) VALUES ('ec2063ff-e9c8-40d5-ae15-b11eddf54aff', '614434d0-eae6-4e41-bd02-9cac795b22c5', '{"hp": 5, "rack": "b", "range": 5645, "volume": 4, "falloff": "linear", "cooldown": 32.3, "tracking": 267, "needs_target": true, "guidance_drift": 7.5, "tracking_drift": 15, "activation_heat": 6.5, "industrialmarket": {"maxprice": 4877, "minprice": 2119, "silosize": 500}, "activation_energy": 12}', '2022-09-10 19:23:02.920855-04', 'eedd2925-7b0a-41e2-a818-d1bc79616526', 'Module for new noob ship for player', 'ec8b6524-b7c2-4011-88b0-20b7465efdbf', 1, false);
    INSERT INTO public.items (id, itemtypeid, meta, created, createdby, createdreason, containerid, quantity, ispackaged) VALUES ('f606a2cc-8580-4bc7-b8dd-01e37df3f411', '7a0cd8f0-29aa-446d-ad1d-f5ded3001c8f', '{"hp": 8, "rack": "c", "volume": 7, "industrialmarket": {"maxprice": 4871, "minprice": 2895, "silosize": 1000}, "energy_regen_max_add": 5}', '2022-09-10 19:23:02.922739-04', 'eedd2925-7b0a-41e2-a818-d1bc79616526', 'Module for new noob ship for player', 'ec8b6524-b7c2-4011-88b0-20b7465efdbf', 1, false);
    INSERT INTO public.items (id, itemtypeid, meta, created, createdby, createdreason, containerid, quantity, ispackaged) VALUES ('3ce8a4ec-ff6d-4094-bbab-c86eeade6780', '993bc7c8-fb2a-423f-8000-39c7fb6be743', '{"hp": 8, "rack": "c", "volume": 6, "energy_max_add": 62, "industrialmarket": {"maxprice": 1237, "minprice": 904, "silosize": 1000}}', '2022-09-10 19:23:02.924868-04', 'eedd2925-7b0a-41e2-a818-d1bc79616526', 'Module for new noob ship for player', 'ec8b6524-b7c2-4011-88b0-20b7465efdbf', 1, false);
    INSERT INTO public.items (id, itemtypeid, meta, created, createdby, createdreason, containerid, quantity, ispackaged) VALUES ('e353d01d-4dc3-43a4-8c99-dc081fa98ffa', 'c311df30-c21e-4895-acb0-d8808f99710e', '{"hp": 75, "rack": "c", "volume": 6, "armor_max_add": 75, "industrialmarket": {"maxprice": 650, "minprice": 300, "silosize": 1000}}', '2022-09-10 19:23:02.927244-04', 'eedd2925-7b0a-41e2-a818-d1bc79616526', 'Module for new noob ship for player', 'ec8b6524-b7c2-4011-88b0-20b7465efdbf', 1, false);

    -- fix current ship ids
    update users set current_shipid = '73e8ad2f-b151-4500-aa43-a8eb8d61b802' where id =	'ba71b197-985c-4909-9000-b15a683e0968';
    update users set current_shipid = '26d090cb-bf52-45ef-8ccf-b94dbe139ef7' where id =	'7d7e5cdf-eac2-4732-999e-d92a051b04c1';
    update users set current_shipid = '51eb11e7-213d-42d8-aaa0-b23cd43d9ddc' where id =	'b78115d0-c60a-4ed6-838c-708ad914717c';
    update users set current_shipid = '90baa959-6a55-47a4-90e3-292813f28a68' where id =	'eedd2925-7b0a-41e2-a818-d1bc79616526';
    update users set current_shipid = '34f8e0b4-b2e1-4488-b8b3-921569e153f0' where id =	'7352ee65-9071-463e-a02a-fcc1d1e113a4';
    update users set current_shipid = '0d8d82d1-656e-4d78-8990-520f8d2a0aa0' where id =	'e52bcce7-d7a1-4629-8895-c4ced2173dab';
    update users set current_shipid = 'ce1a39ea-c475-466d-a2ea-2dc5f93d9b58' where id =	'9ea6bab8-d04e-41c1-b5f5-49d9f39821bc';
    update users set current_shipid = '9de52af2-85f1-47db-9445-964a967be429' where id =	'be5a316c-44d2-4495-9c2e-e3f499985cb0';

-- coalition

    -- containers
    INSERT INTO public.containers (id, meta, created) VALUES ('a59c192e-c83e-4381-bf99-3db59f62c21b', '{}', '2022-09-10 19:30:11.256419-04');
    INSERT INTO public.containers (id, meta, created) VALUES ('aa7176b8-74a4-415a-b9b4-5c5526b61af7', '{}', '2022-09-10 19:30:11.26359-04');
    INSERT INTO public.containers (id, meta, created) VALUES ('8374d534-a880-427f-8333-b767000b5da2', '{}', '2022-09-10 19:30:11.265356-04');
    INSERT INTO public.containers (id, meta, created) VALUES ('87776407-d0ae-4266-a593-e19e71867e04', '{}', '2022-09-10 19:30:11.267347-04');
    INSERT INTO public.containers (id, meta, created) VALUES ('b289be03-075b-4728-9796-24c5babbdb6b', '{}', '2022-09-10 19:30:11.293063-04');
    INSERT INTO public.containers (id, meta, created) VALUES ('5e5e9571-d623-4e3f-ab90-e92bc0c87007', '{}', '2022-09-10 19:30:11.297287-04');
    INSERT INTO public.containers (id, meta, created) VALUES ('d683243f-2b83-47fd-bef5-f7470d72c8bd', '{}', '2022-09-10 19:30:11.298769-04');
    INSERT INTO public.containers (id, meta, created) VALUES ('1bcc3802-e955-4719-8b1c-960161a7e066', '{}', '2022-09-10 19:30:11.300462-04');
    INSERT INTO public.containers (id, meta, created) VALUES ('6c9b1c65-9e7d-4a97-823e-9137fd127323', '{}', '2022-09-10 19:30:11.32222-04');
    INSERT INTO public.containers (id, meta, created) VALUES ('dd2a046f-8604-4067-84fd-9ce5824efe8e', '{}', '2022-09-10 19:30:11.326491-04');
    INSERT INTO public.containers (id, meta, created) VALUES ('7bda2976-ea4c-4684-ad1f-a10778799067', '{}', '2022-09-10 19:30:11.328223-04');
    INSERT INTO public.containers (id, meta, created) VALUES ('a28d0e33-605e-496e-962f-3b7f99f595b0', '{}', '2022-09-10 19:30:11.329869-04');
    INSERT INTO public.containers (id, meta, created) VALUES ('2b2d3359-e013-4166-820e-1b9571d8ead7', '{}', '2022-09-10 19:30:11.352431-04');
    INSERT INTO public.containers (id, meta, created) VALUES ('9dd6d8a5-63f4-45b0-8b1e-87fac853bceb', '{}', '2022-09-10 19:30:11.356521-04');
    INSERT INTO public.containers (id, meta, created) VALUES ('d8ea3dd4-27b5-4b0c-b3a1-f71a827f1a20', '{}', '2022-09-10 19:30:11.358424-04');
    INSERT INTO public.containers (id, meta, created) VALUES ('6a64c28c-fdd0-435c-b06f-54a6a6790f0b', '{}', '2022-09-10 19:30:11.360229-04');
    INSERT INTO public.containers (id, meta, created) VALUES ('0f229b7a-f9ae-4eb8-8b80-8a8699ab0747', '{}', '2022-09-10 19:30:11.383407-04');
    INSERT INTO public.containers (id, meta, created) VALUES ('6b04959c-4b00-4c1d-993a-704e90a30c49', '{}', '2022-09-10 19:30:11.387481-04');
    INSERT INTO public.containers (id, meta, created) VALUES ('7ed91a91-db90-4e23-9a64-0cc703083c27', '{}', '2022-09-10 19:30:11.388965-04');
    INSERT INTO public.containers (id, meta, created) VALUES ('3ba988d1-ad8f-4c56-8398-0200c5191ff0', '{}', '2022-09-10 19:30:11.390507-04');
    INSERT INTO public.containers (id, meta, created) VALUES ('1b21c345-f72b-4ade-97d5-88f0c97f15ae', '{}', '2022-09-10 19:30:11.413529-04');
    INSERT INTO public.containers (id, meta, created) VALUES ('a393b298-4c5a-4072-bb8b-0d50bc9ad120', '{}', '2022-09-10 19:30:11.417939-04');
    INSERT INTO public.containers (id, meta, created) VALUES ('f69fba57-2461-45a9-9eea-43c38aca2dd2', '{}', '2022-09-10 19:30:11.419525-04');
    INSERT INTO public.containers (id, meta, created) VALUES ('98226af4-a944-4e18-afb3-fddfefbfa33b', '{}', '2022-09-10 19:30:11.42113-04');
    INSERT INTO public.containers (id, meta, created) VALUES ('9665a44a-de58-40be-ab82-abeee5db0cfc', '{}', '2022-09-10 19:30:11.445382-04');
    INSERT INTO public.containers (id, meta, created) VALUES ('86914b31-e4ac-4807-814d-bb478816dbdc', '{}', '2022-09-10 19:30:11.449808-04');
    INSERT INTO public.containers (id, meta, created) VALUES ('62e02e4c-6a4e-4b59-af75-fffaeca615a4', '{}', '2022-09-10 19:30:11.451438-04');
    INSERT INTO public.containers (id, meta, created) VALUES ('2b8214cd-e419-49da-a92d-de963b3618c2', '{}', '2022-09-10 19:30:11.453135-04');
    INSERT INTO public.containers (id, meta, created) VALUES ('2862a29c-19e7-45f2-957c-fb144e1087d8', '{}', '2022-09-10 19:30:11.476332-04');
    INSERT INTO public.containers (id, meta, created) VALUES ('01da03c1-0f3f-4f46-81bf-62294ff1c1f5', '{}', '2022-09-10 19:30:11.480262-04');
    INSERT INTO public.containers (id, meta, created) VALUES ('24038223-902d-405f-8012-43d594746fb4', '{}', '2022-09-10 19:30:11.481806-04');
    INSERT INTO public.containers (id, meta, created) VALUES ('fe24bab9-f705-4177-b99c-b9da17d9c62f', '{}', '2022-09-10 19:30:11.483425-04');

    -- users
    INSERT INTO public.users (id, charactername, hashpass, registered, banned, current_shipid, startid, escrow_containerid, current_factionid, reputationsheet, isnpc, behaviourmode, emailaddress, experiencesheet, registeredip, isdev) VALUES ('66000292-3bf8-43c0-b33b-de549ea54e63', 'Ted Mitchell', 'c2a490003f3d3a13d82f605c9c4b34d5ddaf20dec00b2afb1ec5e8e38ec647bc', '2022-09-10 19:30:11.260119-04', B'0', NULL, 'f788c57b-c43f-44a2-ba47-0fb30cd7af3a', 'a59c192e-c83e-4381-bf99-3db59f62c21b', '5db2bec7-37c3-4f1c-ab88-21024c12d639', '{"factionEntries": {"27a53dfc-a321-4c12-bf7c-bb177955c95b": {"FactionID": "27a53dfc-a321-4c12-bf7c-bb177955c95b", "StandingValue": -3, "AreOpenlyHostile": true}, "30bc70eb-2692-47e6-a7e3-2772e131c3d7": {"FactionID": "30bc70eb-2692-47e6-a7e3-2772e131c3d7", "StandingValue": -0.5, "AreOpenlyHostile": false}, "506286f5-6613-4481-ac26-caa9940fbe68": {"FactionID": "506286f5-6613-4481-ac26-caa9940fbe68", "StandingValue": 0.5, "AreOpenlyHostile": false}, "559d7fc1-5470-4ab4-8c66-fa2f0b89a523": {"FactionID": "559d7fc1-5470-4ab4-8c66-fa2f0b89a523", "StandingValue": -0.5, "AreOpenlyHostile": false}, "5db2bec7-37c3-4f1c-ab88-21024c12d639": {"FactionID": "5db2bec7-37c3-4f1c-ab88-21024c12d639", "StandingValue": 10, "AreOpenlyHostile": false}, "7decfd86-9c82-4a17-af3b-5d4af8c4e2ad": {"FactionID": "7decfd86-9c82-4a17-af3b-5d4af8c4e2ad", "StandingValue": -3, "AreOpenlyHostile": true}, "a0152cbb-8a78-45a4-ae9b-2ad2b60b583b": {"FactionID": "a0152cbb-8a78-45a4-ae9b-2ad2b60b583b", "StandingValue": -4, "AreOpenlyHostile": true}, "b3d3fa9c-b21e-490f-b39e-128b3af12128": {"FactionID": "b3d3fa9c-b21e-490f-b39e-128b3af12128", "StandingValue": 0, "AreOpenlyHostile": false}, "bdeffd9a-3cab-408c-9cd7-32fce1124f7a": {"FactionID": "bdeffd9a-3cab-408c-9cd7-32fce1124f7a", "StandingValue": 5, "AreOpenlyHostile": false}}}', true, 2, NULL, '{}', '[::1]:42210', false);
    INSERT INTO public.users (id, charactername, hashpass, registered, banned, current_shipid, startid, escrow_containerid, current_factionid, reputationsheet, isnpc, behaviourmode, emailaddress, experiencesheet, registeredip, isdev) VALUES ('9dfa741b-fcbf-4db4-94dc-278438509933', 'Minnie Foehrkolb', '174cd68b253ffa031208b507d657aa5223c5fc81e54eddbbeb00191fcf8480c8', '2022-09-10 19:30:11.35396-04', B'0', NULL, 'f788c57b-c43f-44a2-ba47-0fb30cd7af3a', '2b2d3359-e013-4166-820e-1b9571d8ead7', '5db2bec7-37c3-4f1c-ab88-21024c12d639', '{"factionEntries": {"27a53dfc-a321-4c12-bf7c-bb177955c95b": {"FactionID": "27a53dfc-a321-4c12-bf7c-bb177955c95b", "StandingValue": -3, "AreOpenlyHostile": true}, "30bc70eb-2692-47e6-a7e3-2772e131c3d7": {"FactionID": "30bc70eb-2692-47e6-a7e3-2772e131c3d7", "StandingValue": -0.5, "AreOpenlyHostile": false}, "506286f5-6613-4481-ac26-caa9940fbe68": {"FactionID": "506286f5-6613-4481-ac26-caa9940fbe68", "StandingValue": 0.5, "AreOpenlyHostile": false}, "559d7fc1-5470-4ab4-8c66-fa2f0b89a523": {"FactionID": "559d7fc1-5470-4ab4-8c66-fa2f0b89a523", "StandingValue": -0.5, "AreOpenlyHostile": false}, "5db2bec7-37c3-4f1c-ab88-21024c12d639": {"FactionID": "5db2bec7-37c3-4f1c-ab88-21024c12d639", "StandingValue": 10, "AreOpenlyHostile": false}, "7decfd86-9c82-4a17-af3b-5d4af8c4e2ad": {"FactionID": "7decfd86-9c82-4a17-af3b-5d4af8c4e2ad", "StandingValue": -3, "AreOpenlyHostile": true}, "a0152cbb-8a78-45a4-ae9b-2ad2b60b583b": {"FactionID": "a0152cbb-8a78-45a4-ae9b-2ad2b60b583b", "StandingValue": -4, "AreOpenlyHostile": true}, "b3d3fa9c-b21e-490f-b39e-128b3af12128": {"FactionID": "b3d3fa9c-b21e-490f-b39e-128b3af12128", "StandingValue": 0, "AreOpenlyHostile": false}, "bdeffd9a-3cab-408c-9cd7-32fce1124f7a": {"FactionID": "bdeffd9a-3cab-408c-9cd7-32fce1124f7a", "StandingValue": 5, "AreOpenlyHostile": false}}}', true, 2, NULL, '{}', '[::1]:42210', false);
    INSERT INTO public.users (id, charactername, hashpass, registered, banned, current_shipid, startid, escrow_containerid, current_factionid, reputationsheet, isnpc, behaviourmode, emailaddress, experiencesheet, registeredip, isdev) VALUES ('2dd8cfef-f120-4105-9394-089640ca5784', 'Lizzie Gildon', '07691a4fb7413aa2d567b4fc9e8d4168233ea0f0bf2d85d0bcd1f28c6817cc55', '2022-09-10 19:30:11.294833-04', B'0', NULL, 'f788c57b-c43f-44a2-ba47-0fb30cd7af3a', 'b289be03-075b-4728-9796-24c5babbdb6b', '5db2bec7-37c3-4f1c-ab88-21024c12d639', '{"factionEntries": {"27a53dfc-a321-4c12-bf7c-bb177955c95b": {"FactionID": "27a53dfc-a321-4c12-bf7c-bb177955c95b", "StandingValue": -3, "AreOpenlyHostile": true}, "30bc70eb-2692-47e6-a7e3-2772e131c3d7": {"FactionID": "30bc70eb-2692-47e6-a7e3-2772e131c3d7", "StandingValue": -0.5, "AreOpenlyHostile": false}, "506286f5-6613-4481-ac26-caa9940fbe68": {"FactionID": "506286f5-6613-4481-ac26-caa9940fbe68", "StandingValue": 0.5, "AreOpenlyHostile": false}, "559d7fc1-5470-4ab4-8c66-fa2f0b89a523": {"FactionID": "559d7fc1-5470-4ab4-8c66-fa2f0b89a523", "StandingValue": -0.5, "AreOpenlyHostile": false}, "5db2bec7-37c3-4f1c-ab88-21024c12d639": {"FactionID": "5db2bec7-37c3-4f1c-ab88-21024c12d639", "StandingValue": 10, "AreOpenlyHostile": false}, "7decfd86-9c82-4a17-af3b-5d4af8c4e2ad": {"FactionID": "7decfd86-9c82-4a17-af3b-5d4af8c4e2ad", "StandingValue": -3, "AreOpenlyHostile": true}, "a0152cbb-8a78-45a4-ae9b-2ad2b60b583b": {"FactionID": "a0152cbb-8a78-45a4-ae9b-2ad2b60b583b", "StandingValue": -4, "AreOpenlyHostile": true}, "b3d3fa9c-b21e-490f-b39e-128b3af12128": {"FactionID": "b3d3fa9c-b21e-490f-b39e-128b3af12128", "StandingValue": 0, "AreOpenlyHostile": false}, "bdeffd9a-3cab-408c-9cd7-32fce1124f7a": {"FactionID": "bdeffd9a-3cab-408c-9cd7-32fce1124f7a", "StandingValue": 5, "AreOpenlyHostile": false}}}', true, 2, NULL, '{}', '[::1]:42210', false);
    INSERT INTO public.users (id, charactername, hashpass, registered, banned, current_shipid, startid, escrow_containerid, current_factionid, reputationsheet, isnpc, behaviourmode, emailaddress, experiencesheet, registeredip, isdev) VALUES ('a9187f54-ed93-48e7-a72d-dd716f5f6b57', 'Adler Werner', '9e5c4ae4965396031eb96302a5fecfe3a97c5ce3332c4c871cab07287d33f49e', '2022-09-10 19:30:11.323812-04', B'0', NULL, 'f788c57b-c43f-44a2-ba47-0fb30cd7af3a', '6c9b1c65-9e7d-4a97-823e-9137fd127323', '5db2bec7-37c3-4f1c-ab88-21024c12d639', '{"factionEntries": {"27a53dfc-a321-4c12-bf7c-bb177955c95b": {"FactionID": "27a53dfc-a321-4c12-bf7c-bb177955c95b", "StandingValue": -3, "AreOpenlyHostile": true}, "30bc70eb-2692-47e6-a7e3-2772e131c3d7": {"FactionID": "30bc70eb-2692-47e6-a7e3-2772e131c3d7", "StandingValue": -0.5, "AreOpenlyHostile": false}, "506286f5-6613-4481-ac26-caa9940fbe68": {"FactionID": "506286f5-6613-4481-ac26-caa9940fbe68", "StandingValue": 0.5, "AreOpenlyHostile": false}, "559d7fc1-5470-4ab4-8c66-fa2f0b89a523": {"FactionID": "559d7fc1-5470-4ab4-8c66-fa2f0b89a523", "StandingValue": -0.5, "AreOpenlyHostile": false}, "5db2bec7-37c3-4f1c-ab88-21024c12d639": {"FactionID": "5db2bec7-37c3-4f1c-ab88-21024c12d639", "StandingValue": 10, "AreOpenlyHostile": false}, "7decfd86-9c82-4a17-af3b-5d4af8c4e2ad": {"FactionID": "7decfd86-9c82-4a17-af3b-5d4af8c4e2ad", "StandingValue": -3, "AreOpenlyHostile": true}, "a0152cbb-8a78-45a4-ae9b-2ad2b60b583b": {"FactionID": "a0152cbb-8a78-45a4-ae9b-2ad2b60b583b", "StandingValue": -4, "AreOpenlyHostile": true}, "b3d3fa9c-b21e-490f-b39e-128b3af12128": {"FactionID": "b3d3fa9c-b21e-490f-b39e-128b3af12128", "StandingValue": 0, "AreOpenlyHostile": false}, "bdeffd9a-3cab-408c-9cd7-32fce1124f7a": {"FactionID": "bdeffd9a-3cab-408c-9cd7-32fce1124f7a", "StandingValue": 5, "AreOpenlyHostile": false}}}', true, 2, NULL, '{}', '[::1]:42210', false);
    INSERT INTO public.users (id, charactername, hashpass, registered, banned, current_shipid, startid, escrow_containerid, current_factionid, reputationsheet, isnpc, behaviourmode, emailaddress, experiencesheet, registeredip, isdev) VALUES ('781f793e-5637-45dd-b9ef-965386c16627', 'Valeriy Tarasov', '96486094ff1f0b3fd2e8274b88733804e3408b88c0d8200e86e204a659c4c30c', '2022-09-10 19:30:11.385126-04', B'0', NULL, 'f788c57b-c43f-44a2-ba47-0fb30cd7af3a', '0f229b7a-f9ae-4eb8-8b80-8a8699ab0747', '5db2bec7-37c3-4f1c-ab88-21024c12d639', '{"factionEntries": {"27a53dfc-a321-4c12-bf7c-bb177955c95b": {"FactionID": "27a53dfc-a321-4c12-bf7c-bb177955c95b", "StandingValue": -3, "AreOpenlyHostile": true}, "30bc70eb-2692-47e6-a7e3-2772e131c3d7": {"FactionID": "30bc70eb-2692-47e6-a7e3-2772e131c3d7", "StandingValue": -0.5, "AreOpenlyHostile": false}, "506286f5-6613-4481-ac26-caa9940fbe68": {"FactionID": "506286f5-6613-4481-ac26-caa9940fbe68", "StandingValue": 0.5, "AreOpenlyHostile": false}, "559d7fc1-5470-4ab4-8c66-fa2f0b89a523": {"FactionID": "559d7fc1-5470-4ab4-8c66-fa2f0b89a523", "StandingValue": -0.5, "AreOpenlyHostile": false}, "5db2bec7-37c3-4f1c-ab88-21024c12d639": {"FactionID": "5db2bec7-37c3-4f1c-ab88-21024c12d639", "StandingValue": 10, "AreOpenlyHostile": false}, "7decfd86-9c82-4a17-af3b-5d4af8c4e2ad": {"FactionID": "7decfd86-9c82-4a17-af3b-5d4af8c4e2ad", "StandingValue": -3, "AreOpenlyHostile": true}, "a0152cbb-8a78-45a4-ae9b-2ad2b60b583b": {"FactionID": "a0152cbb-8a78-45a4-ae9b-2ad2b60b583b", "StandingValue": -4, "AreOpenlyHostile": true}, "b3d3fa9c-b21e-490f-b39e-128b3af12128": {"FactionID": "b3d3fa9c-b21e-490f-b39e-128b3af12128", "StandingValue": 0, "AreOpenlyHostile": false}, "bdeffd9a-3cab-408c-9cd7-32fce1124f7a": {"FactionID": "bdeffd9a-3cab-408c-9cd7-32fce1124f7a", "StandingValue": 5, "AreOpenlyHostile": false}}}', true, 2, NULL, '{}', '[::1]:42210', false);
    INSERT INTO public.users (id, charactername, hashpass, registered, banned, current_shipid, startid, escrow_containerid, current_factionid, reputationsheet, isnpc, behaviourmode, emailaddress, experiencesheet, registeredip, isdev) VALUES ('057de582-c0a0-48fe-b6f0-2601a9d5869f', 'Larissa Novikova', 'f6824d8cb25aefdc898c3e8bd3cef4ca7c8f19c2f9e48b02c37c4dcfbd1eccff', '2022-09-10 19:30:11.415225-04', B'0', NULL, 'f788c57b-c43f-44a2-ba47-0fb30cd7af3a', '1b21c345-f72b-4ade-97d5-88f0c97f15ae', '5db2bec7-37c3-4f1c-ab88-21024c12d639', '{"factionEntries": {"27a53dfc-a321-4c12-bf7c-bb177955c95b": {"FactionID": "27a53dfc-a321-4c12-bf7c-bb177955c95b", "StandingValue": -3, "AreOpenlyHostile": true}, "30bc70eb-2692-47e6-a7e3-2772e131c3d7": {"FactionID": "30bc70eb-2692-47e6-a7e3-2772e131c3d7", "StandingValue": -0.5, "AreOpenlyHostile": false}, "506286f5-6613-4481-ac26-caa9940fbe68": {"FactionID": "506286f5-6613-4481-ac26-caa9940fbe68", "StandingValue": 0.5, "AreOpenlyHostile": false}, "559d7fc1-5470-4ab4-8c66-fa2f0b89a523": {"FactionID": "559d7fc1-5470-4ab4-8c66-fa2f0b89a523", "StandingValue": -0.5, "AreOpenlyHostile": false}, "5db2bec7-37c3-4f1c-ab88-21024c12d639": {"FactionID": "5db2bec7-37c3-4f1c-ab88-21024c12d639", "StandingValue": 10, "AreOpenlyHostile": false}, "7decfd86-9c82-4a17-af3b-5d4af8c4e2ad": {"FactionID": "7decfd86-9c82-4a17-af3b-5d4af8c4e2ad", "StandingValue": -3, "AreOpenlyHostile": true}, "a0152cbb-8a78-45a4-ae9b-2ad2b60b583b": {"FactionID": "a0152cbb-8a78-45a4-ae9b-2ad2b60b583b", "StandingValue": -4, "AreOpenlyHostile": true}, "b3d3fa9c-b21e-490f-b39e-128b3af12128": {"FactionID": "b3d3fa9c-b21e-490f-b39e-128b3af12128", "StandingValue": 0, "AreOpenlyHostile": false}, "bdeffd9a-3cab-408c-9cd7-32fce1124f7a": {"FactionID": "bdeffd9a-3cab-408c-9cd7-32fce1124f7a", "StandingValue": 5, "AreOpenlyHostile": false}}}', true, 2, NULL, '{}', '[::1]:42210', false);
    INSERT INTO public.users (id, charactername, hashpass, registered, banned, current_shipid, startid, escrow_containerid, current_factionid, reputationsheet, isnpc, behaviourmode, emailaddress, experiencesheet, registeredip, isdev) VALUES ('8d5924d6-ec91-449c-bd3e-f4395887aab6', 'Kavi Setty', '60e268393b431cc96c4efec02fdba32d53dd08689af00ab47438e3c24fb05e03', '2022-09-10 19:30:11.447004-04', B'0', NULL, 'f788c57b-c43f-44a2-ba47-0fb30cd7af3a', '9665a44a-de58-40be-ab82-abeee5db0cfc', '5db2bec7-37c3-4f1c-ab88-21024c12d639', '{"factionEntries": {"27a53dfc-a321-4c12-bf7c-bb177955c95b": {"FactionID": "27a53dfc-a321-4c12-bf7c-bb177955c95b", "StandingValue": -3, "AreOpenlyHostile": true}, "30bc70eb-2692-47e6-a7e3-2772e131c3d7": {"FactionID": "30bc70eb-2692-47e6-a7e3-2772e131c3d7", "StandingValue": -0.5, "AreOpenlyHostile": false}, "506286f5-6613-4481-ac26-caa9940fbe68": {"FactionID": "506286f5-6613-4481-ac26-caa9940fbe68", "StandingValue": 0.5, "AreOpenlyHostile": false}, "559d7fc1-5470-4ab4-8c66-fa2f0b89a523": {"FactionID": "559d7fc1-5470-4ab4-8c66-fa2f0b89a523", "StandingValue": -0.5, "AreOpenlyHostile": false}, "5db2bec7-37c3-4f1c-ab88-21024c12d639": {"FactionID": "5db2bec7-37c3-4f1c-ab88-21024c12d639", "StandingValue": 10, "AreOpenlyHostile": false}, "7decfd86-9c82-4a17-af3b-5d4af8c4e2ad": {"FactionID": "7decfd86-9c82-4a17-af3b-5d4af8c4e2ad", "StandingValue": -3, "AreOpenlyHostile": true}, "a0152cbb-8a78-45a4-ae9b-2ad2b60b583b": {"FactionID": "a0152cbb-8a78-45a4-ae9b-2ad2b60b583b", "StandingValue": -4, "AreOpenlyHostile": true}, "b3d3fa9c-b21e-490f-b39e-128b3af12128": {"FactionID": "b3d3fa9c-b21e-490f-b39e-128b3af12128", "StandingValue": 0, "AreOpenlyHostile": false}, "bdeffd9a-3cab-408c-9cd7-32fce1124f7a": {"FactionID": "bdeffd9a-3cab-408c-9cd7-32fce1124f7a", "StandingValue": 5, "AreOpenlyHostile": false}}}', true, 2, NULL, '{}', '[::1]:42210', false);
    INSERT INTO public.users (id, charactername, hashpass, registered, banned, current_shipid, startid, escrow_containerid, current_factionid, reputationsheet, isnpc, behaviourmode, emailaddress, experiencesheet, registeredip, isdev) VALUES ('dcb06c61-2cb5-43c4-b84a-b58c7158832e', 'Akshi Tata', '48fcc70a80778d772a132112964173aad6b02e707ee0c69ba7baaed9886f231f', '2022-09-10 19:30:11.477884-04', B'0', NULL, 'f788c57b-c43f-44a2-ba47-0fb30cd7af3a', '2862a29c-19e7-45f2-957c-fb144e1087d8', '5db2bec7-37c3-4f1c-ab88-21024c12d639', '{"factionEntries": {"27a53dfc-a321-4c12-bf7c-bb177955c95b": {"FactionID": "27a53dfc-a321-4c12-bf7c-bb177955c95b", "StandingValue": -3, "AreOpenlyHostile": true}, "30bc70eb-2692-47e6-a7e3-2772e131c3d7": {"FactionID": "30bc70eb-2692-47e6-a7e3-2772e131c3d7", "StandingValue": -0.5, "AreOpenlyHostile": false}, "506286f5-6613-4481-ac26-caa9940fbe68": {"FactionID": "506286f5-6613-4481-ac26-caa9940fbe68", "StandingValue": 0.5, "AreOpenlyHostile": false}, "559d7fc1-5470-4ab4-8c66-fa2f0b89a523": {"FactionID": "559d7fc1-5470-4ab4-8c66-fa2f0b89a523", "StandingValue": -0.5, "AreOpenlyHostile": false}, "5db2bec7-37c3-4f1c-ab88-21024c12d639": {"FactionID": "5db2bec7-37c3-4f1c-ab88-21024c12d639", "StandingValue": 10, "AreOpenlyHostile": false}, "7decfd86-9c82-4a17-af3b-5d4af8c4e2ad": {"FactionID": "7decfd86-9c82-4a17-af3b-5d4af8c4e2ad", "StandingValue": -3, "AreOpenlyHostile": true}, "a0152cbb-8a78-45a4-ae9b-2ad2b60b583b": {"FactionID": "a0152cbb-8a78-45a4-ae9b-2ad2b60b583b", "StandingValue": -4, "AreOpenlyHostile": true}, "b3d3fa9c-b21e-490f-b39e-128b3af12128": {"FactionID": "b3d3fa9c-b21e-490f-b39e-128b3af12128", "StandingValue": 0, "AreOpenlyHostile": false}, "bdeffd9a-3cab-408c-9cd7-32fce1124f7a": {"FactionID": "bdeffd9a-3cab-408c-9cd7-32fce1124f7a", "StandingValue": 5, "AreOpenlyHostile": false}}}', true, 2, NULL, '{}', '[::1]:42210', false);

    -- ships
    INSERT INTO public.ships (id, universe_systemid, userid, pos_x, pos_y, created, shipname, texture, theta, vel_x, vel_y, shield, armor, hull, fuel, heat, energy, shiptemplateid, dockedat_stationid, fitting, destroyed, destroyedat, cargobay_containerid, fittingbay_containerid, remaxdirty, trash_containerid, wallet, noload, flightexperiencemodifier) VALUES ('39268c82-0d55-48ef-89b2-ee9b075846b2', '5e829d81-6d7a-4f4e-827c-2f57d7e8311b', '66000292-3bf8-43c0-b33b-de549ea54e63', 0, 0, '2022-09-10 19:30:11.28618-04', 'Ted Mitchell''s Starter Ship', 'Cheetah', 0, 0, 0, 425, 135, 97, 319, 0, 141, 'd3f90928-5747-4176-81c3-d1463557bb26', '92edfcf5-b348-4cdf-b8b6-4fe41acc6f75', '{"a_rack": [{"item_id": "e259c02e-f937-4eff-8fe7-e82ccdfab8d5", "slot_idx": 0, "item_type_id": "f63d176f-82d6-4278-ac31-cbba59c9c19f"}, {"item_id": "c982ab32-be31-4307-9922-26dd99e8fa7e", "slot_idx": 1, "item_type_id": "f63d176f-82d6-4278-ac31-cbba59c9c19f"}, {"item_id": "ec4d3a66-3c5c-441f-871d-046e6387aab1", "slot_idx": 2, "item_type_id": "4a823362-2a91-4871-9a83-ba4e217bd1a7"}], "b_rack": [{"item_id": "2cf258c3-629e-4c16-aaa8-85fb6615e42b", "slot_idx": 0, "item_type_id": "09172710-740c-4d1c-9fc0-43cb62e674e7"}, {"item_id": "22643022-4ff2-4104-bd20-b709ac50efab", "slot_idx": 1, "item_type_id": "f40a5bf6-3124-4e3b-ade5-23a66d38339e"}, {"item_id": "b662f8d7-c556-4d80-8144-afcc5f65ad30", "slot_idx": 2, "item_type_id": "f40a5bf6-3124-4e3b-ade5-23a66d38339e"}], "c_rack": [{"item_id": "ed34a886-1798-487d-9aff-5a0c343274db", "slot_idx": 0, "item_type_id": "efee923f-aff6-41f3-ac45-2effd4fa04ac"}]}', false, NULL, '8374d534-a880-427f-8333-b767000b5da2', '87776407-d0ae-4266-a593-e19e71867e04', true, 'aa7176b8-74a4-415a-b9b4-5c5526b61af7', 10000, false, 1);
    INSERT INTO public.ships (id, universe_systemid, userid, pos_x, pos_y, created, shipname, texture, theta, vel_x, vel_y, shield, armor, hull, fuel, heat, energy, shiptemplateid, dockedat_stationid, fitting, destroyed, destroyedat, cargobay_containerid, fittingbay_containerid, remaxdirty, trash_containerid, wallet, noload, flightexperiencemodifier) VALUES ('dc5fc1d5-3982-42e2-8d8a-f1661c8f9568', '5e829d81-6d7a-4f4e-827c-2f57d7e8311b', '2dd8cfef-f120-4105-9394-089640ca5784', 0, 0, '2022-09-10 19:30:11.316115-04', 'Lizzie Gildon''s Starter Ship', 'Cheetah', 0, 0, 0, 425, 135, 97, 319, 0, 141, 'd3f90928-5747-4176-81c3-d1463557bb26', '92edfcf5-b348-4cdf-b8b6-4fe41acc6f75', '{"a_rack": [{"item_id": "f87c9f21-22d9-4a87-9d40-d44b3ae06c60", "slot_idx": 0, "item_type_id": "f63d176f-82d6-4278-ac31-cbba59c9c19f"}, {"item_id": "a2d6f940-104f-4433-b0f7-8c43fe6b8929", "slot_idx": 1, "item_type_id": "f63d176f-82d6-4278-ac31-cbba59c9c19f"}, {"item_id": "efbacd5f-e4a1-4bbe-8ea1-c8d51ae69905", "slot_idx": 2, "item_type_id": "4a823362-2a91-4871-9a83-ba4e217bd1a7"}], "b_rack": [{"item_id": "c8b3fdfe-dc22-4a85-9771-27dc547f261c", "slot_idx": 0, "item_type_id": "09172710-740c-4d1c-9fc0-43cb62e674e7"}, {"item_id": "797c8af6-4674-445c-b6ee-51f8c747f442", "slot_idx": 1, "item_type_id": "f40a5bf6-3124-4e3b-ade5-23a66d38339e"}, {"item_id": "c998be91-c8d0-4cfe-90ce-90047cad4e71", "slot_idx": 2, "item_type_id": "f40a5bf6-3124-4e3b-ade5-23a66d38339e"}], "c_rack": [{"item_id": "476699b2-7b8f-455a-82e0-e88186ce7fe7", "slot_idx": 0, "item_type_id": "efee923f-aff6-41f3-ac45-2effd4fa04ac"}]}', false, NULL, 'd683243f-2b83-47fd-bef5-f7470d72c8bd', '1bcc3802-e955-4719-8b1c-960161a7e066', true, '5e5e9571-d623-4e3f-ab90-e92bc0c87007', 10000, false, 1);
    INSERT INTO public.ships (id, universe_systemid, userid, pos_x, pos_y, created, shipname, texture, theta, vel_x, vel_y, shield, armor, hull, fuel, heat, energy, shiptemplateid, dockedat_stationid, fitting, destroyed, destroyedat, cargobay_containerid, fittingbay_containerid, remaxdirty, trash_containerid, wallet, noload, flightexperiencemodifier) VALUES ('b3fb5cac-516a-4f6b-afeb-1b7649eda773', '5e829d81-6d7a-4f4e-827c-2f57d7e8311b', 'a9187f54-ed93-48e7-a72d-dd716f5f6b57', 0, 0, '2022-09-10 19:30:11.346696-04', 'Adler Werner''s Starter Ship', 'Cheetah', 0, 0, 0, 425, 135, 97, 319, 0, 141, 'd3f90928-5747-4176-81c3-d1463557bb26', '92edfcf5-b348-4cdf-b8b6-4fe41acc6f75', '{"a_rack": [{"item_id": "e28accbf-f978-4153-9054-6dcbdf267b19", "slot_idx": 0, "item_type_id": "f63d176f-82d6-4278-ac31-cbba59c9c19f"}, {"item_id": "864a7372-318a-44aa-aa23-08b081e5b19d", "slot_idx": 1, "item_type_id": "f63d176f-82d6-4278-ac31-cbba59c9c19f"}, {"item_id": "9b97fa01-d559-4bbf-85e4-5b1cb487bff8", "slot_idx": 2, "item_type_id": "4a823362-2a91-4871-9a83-ba4e217bd1a7"}], "b_rack": [{"item_id": "bcf62094-e0d9-4007-8067-ca623579b90f", "slot_idx": 0, "item_type_id": "09172710-740c-4d1c-9fc0-43cb62e674e7"}, {"item_id": "54b6b343-1683-4259-bb77-fb4ff05ac4f6", "slot_idx": 1, "item_type_id": "f40a5bf6-3124-4e3b-ade5-23a66d38339e"}, {"item_id": "51b3c6c2-035b-4c41-80ac-9f922a856b76", "slot_idx": 2, "item_type_id": "f40a5bf6-3124-4e3b-ade5-23a66d38339e"}], "c_rack": [{"item_id": "fc5cb3d3-ec91-41f1-8e2a-cf4e2c3bce8f", "slot_idx": 0, "item_type_id": "efee923f-aff6-41f3-ac45-2effd4fa04ac"}]}', false, NULL, '7bda2976-ea4c-4684-ad1f-a10778799067', 'a28d0e33-605e-496e-962f-3b7f99f595b0', true, 'dd2a046f-8604-4067-84fd-9ce5824efe8e', 10000, false, 1);
    INSERT INTO public.ships (id, universe_systemid, userid, pos_x, pos_y, created, shipname, texture, theta, vel_x, vel_y, shield, armor, hull, fuel, heat, energy, shiptemplateid, dockedat_stationid, fitting, destroyed, destroyedat, cargobay_containerid, fittingbay_containerid, remaxdirty, trash_containerid, wallet, noload, flightexperiencemodifier) VALUES ('87e15cc5-fbcf-4de2-9dae-45f0ff1067ed', '5e829d81-6d7a-4f4e-827c-2f57d7e8311b', '9dfa741b-fcbf-4db4-94dc-278438509933', 0, 0, '2022-09-10 19:30:11.377333-04', 'Minnie Foehrkolb''s Starter Ship', 'Cheetah', 0, 0, 0, 425, 135, 97, 319, 0, 141, 'd3f90928-5747-4176-81c3-d1463557bb26', '92edfcf5-b348-4cdf-b8b6-4fe41acc6f75', '{"a_rack": [{"item_id": "3942a69c-2969-4ace-b107-dbbdc6f1b095", "slot_idx": 0, "item_type_id": "f63d176f-82d6-4278-ac31-cbba59c9c19f"}, {"item_id": "ca932778-90cb-4c5e-8e3d-9ff04fd0e699", "slot_idx": 1, "item_type_id": "f63d176f-82d6-4278-ac31-cbba59c9c19f"}, {"item_id": "1745fbe7-3808-49e7-b10b-a34618ee635f", "slot_idx": 2, "item_type_id": "4a823362-2a91-4871-9a83-ba4e217bd1a7"}], "b_rack": [{"item_id": "36abbce1-d864-4250-9f06-225d3e0a7b54", "slot_idx": 0, "item_type_id": "09172710-740c-4d1c-9fc0-43cb62e674e7"}, {"item_id": "070d8909-d1d7-4bd1-99d0-3ec61b031e7c", "slot_idx": 1, "item_type_id": "f40a5bf6-3124-4e3b-ade5-23a66d38339e"}, {"item_id": "7ac5fa79-d472-4bac-a441-fc441518b66f", "slot_idx": 2, "item_type_id": "f40a5bf6-3124-4e3b-ade5-23a66d38339e"}], "c_rack": [{"item_id": "b98dcb57-15ab-408d-b2f9-a1332ffc139a", "slot_idx": 0, "item_type_id": "efee923f-aff6-41f3-ac45-2effd4fa04ac"}]}', false, NULL, 'd8ea3dd4-27b5-4b0c-b3a1-f71a827f1a20', '6a64c28c-fdd0-435c-b06f-54a6a6790f0b', true, '9dd6d8a5-63f4-45b0-8b1e-87fac853bceb', 10000, false, 1);
    INSERT INTO public.ships (id, universe_systemid, userid, pos_x, pos_y, created, shipname, texture, theta, vel_x, vel_y, shield, armor, hull, fuel, heat, energy, shiptemplateid, dockedat_stationid, fitting, destroyed, destroyedat, cargobay_containerid, fittingbay_containerid, remaxdirty, trash_containerid, wallet, noload, flightexperiencemodifier) VALUES ('e1c5fa5e-210c-4023-bf2e-8d624756e7fd', '5e829d81-6d7a-4f4e-827c-2f57d7e8311b', '781f793e-5637-45dd-b9ef-965386c16627', 0, 0, '2022-09-10 19:30:11.40715-04', 'Valeriy Tarasov''s Starter Ship', 'Cheetah', 0, 0, 0, 425, 135, 97, 319, 0, 141, 'd3f90928-5747-4176-81c3-d1463557bb26', '92edfcf5-b348-4cdf-b8b6-4fe41acc6f75', '{"a_rack": [{"item_id": "e6b23aa8-fdc0-4d18-944d-180f4819b4a0", "slot_idx": 0, "item_type_id": "f63d176f-82d6-4278-ac31-cbba59c9c19f"}, {"item_id": "0e932786-dc24-44f3-a54a-8f5f597170d6", "slot_idx": 1, "item_type_id": "f63d176f-82d6-4278-ac31-cbba59c9c19f"}, {"item_id": "d0e407b1-8022-4d37-92b6-866adcfe0fe0", "slot_idx": 2, "item_type_id": "4a823362-2a91-4871-9a83-ba4e217bd1a7"}], "b_rack": [{"item_id": "cdf51603-da3a-4f7b-a0f7-dd2e34638891", "slot_idx": 0, "item_type_id": "09172710-740c-4d1c-9fc0-43cb62e674e7"}, {"item_id": "e05a7174-5326-4c65-b86a-cde0e363a9a9", "slot_idx": 1, "item_type_id": "f40a5bf6-3124-4e3b-ade5-23a66d38339e"}, {"item_id": "e5dde771-2802-4756-be3b-e5e641d5c323", "slot_idx": 2, "item_type_id": "f40a5bf6-3124-4e3b-ade5-23a66d38339e"}], "c_rack": [{"item_id": "520a54a1-c700-4051-a83f-bade461516c5", "slot_idx": 0, "item_type_id": "efee923f-aff6-41f3-ac45-2effd4fa04ac"}]}', false, NULL, '7ed91a91-db90-4e23-9a64-0cc703083c27', '3ba988d1-ad8f-4c56-8398-0200c5191ff0', true, '6b04959c-4b00-4c1d-993a-704e90a30c49', 10000, false, 1);
    INSERT INTO public.ships (id, universe_systemid, userid, pos_x, pos_y, created, shipname, texture, theta, vel_x, vel_y, shield, armor, hull, fuel, heat, energy, shiptemplateid, dockedat_stationid, fitting, destroyed, destroyedat, cargobay_containerid, fittingbay_containerid, remaxdirty, trash_containerid, wallet, noload, flightexperiencemodifier) VALUES ('9b5deeff-38ac-4a33-9313-082d013ba000', '5e829d81-6d7a-4f4e-827c-2f57d7e8311b', '057de582-c0a0-48fe-b6f0-2601a9d5869f', 0, 0, '2022-09-10 19:30:11.438779-04', 'Larissa Novikova''s Starter Ship', 'Cheetah', 0, 0, 0, 425, 135, 97, 319, 0, 141, 'd3f90928-5747-4176-81c3-d1463557bb26', '92edfcf5-b348-4cdf-b8b6-4fe41acc6f75', '{"a_rack": [{"item_id": "8267260a-5585-4405-90f7-0e5aa2914b9b", "slot_idx": 0, "item_type_id": "f63d176f-82d6-4278-ac31-cbba59c9c19f"}, {"item_id": "002b9ff2-6eb9-4073-aafd-1e2a282c0e97", "slot_idx": 1, "item_type_id": "f63d176f-82d6-4278-ac31-cbba59c9c19f"}, {"item_id": "5e6b67d7-ac39-4f2a-92f5-a7efe1bc26c4", "slot_idx": 2, "item_type_id": "4a823362-2a91-4871-9a83-ba4e217bd1a7"}], "b_rack": [{"item_id": "112b6c18-7e90-4a64-a81f-486b394ddd21", "slot_idx": 0, "item_type_id": "09172710-740c-4d1c-9fc0-43cb62e674e7"}, {"item_id": "5f31668f-dd8e-4e79-9595-c2ca00a79c9d", "slot_idx": 1, "item_type_id": "f40a5bf6-3124-4e3b-ade5-23a66d38339e"}, {"item_id": "1a37953c-2b9b-4a39-b903-e462d35c713f", "slot_idx": 2, "item_type_id": "f40a5bf6-3124-4e3b-ade5-23a66d38339e"}], "c_rack": [{"item_id": "bf0bae7e-d27f-43d2-a1d1-ca4fbefc9872", "slot_idx": 0, "item_type_id": "efee923f-aff6-41f3-ac45-2effd4fa04ac"}]}', false, NULL, 'f69fba57-2461-45a9-9eea-43c38aca2dd2', '98226af4-a944-4e18-afb3-fddfefbfa33b', true, 'a393b298-4c5a-4072-bb8b-0d50bc9ad120', 10000, false, 1);
    INSERT INTO public.ships (id, universe_systemid, userid, pos_x, pos_y, created, shipname, texture, theta, vel_x, vel_y, shield, armor, hull, fuel, heat, energy, shiptemplateid, dockedat_stationid, fitting, destroyed, destroyedat, cargobay_containerid, fittingbay_containerid, remaxdirty, trash_containerid, wallet, noload, flightexperiencemodifier) VALUES ('952233a6-7779-40ce-8b64-d71b488b1d90', '5e829d81-6d7a-4f4e-827c-2f57d7e8311b', '8d5924d6-ec91-449c-bd3e-f4395887aab6', 0, 0, '2022-09-10 19:30:11.470624-04', 'Kavi Setty''s Starter Ship', 'Cheetah', 0, 0, 0, 425, 135, 97, 319, 0, 141, 'd3f90928-5747-4176-81c3-d1463557bb26', '92edfcf5-b348-4cdf-b8b6-4fe41acc6f75', '{"a_rack": [{"item_id": "c362122d-2918-4dba-9981-21435ec499a3", "slot_idx": 0, "item_type_id": "f63d176f-82d6-4278-ac31-cbba59c9c19f"}, {"item_id": "c69c5850-037f-4be1-98f4-2110d272247e", "slot_idx": 1, "item_type_id": "f63d176f-82d6-4278-ac31-cbba59c9c19f"}, {"item_id": "3d52f147-7854-41a6-b414-1cece33133bd", "slot_idx": 2, "item_type_id": "4a823362-2a91-4871-9a83-ba4e217bd1a7"}], "b_rack": [{"item_id": "3b672623-e467-42ac-8ab4-8102232f373a", "slot_idx": 0, "item_type_id": "09172710-740c-4d1c-9fc0-43cb62e674e7"}, {"item_id": "7578acc2-9bce-489e-be19-297c7b06060d", "slot_idx": 1, "item_type_id": "f40a5bf6-3124-4e3b-ade5-23a66d38339e"}, {"item_id": "e9d926b5-8357-4ec1-98f9-35dfd40130b0", "slot_idx": 2, "item_type_id": "f40a5bf6-3124-4e3b-ade5-23a66d38339e"}], "c_rack": [{"item_id": "9aee7958-9ee3-438d-9a54-fdae25a3c22b", "slot_idx": 0, "item_type_id": "efee923f-aff6-41f3-ac45-2effd4fa04ac"}]}', false, NULL, '62e02e4c-6a4e-4b59-af75-fffaeca615a4', '2b8214cd-e419-49da-a92d-de963b3618c2', true, '86914b31-e4ac-4807-814d-bb478816dbdc', 10000, false, 1);
    INSERT INTO public.ships (id, universe_systemid, userid, pos_x, pos_y, created, shipname, texture, theta, vel_x, vel_y, shield, armor, hull, fuel, heat, energy, shiptemplateid, dockedat_stationid, fitting, destroyed, destroyedat, cargobay_containerid, fittingbay_containerid, remaxdirty, trash_containerid, wallet, noload, flightexperiencemodifier) VALUES ('a2e0c1a7-136f-4785-81c9-13f3ba4f17a6', '5e829d81-6d7a-4f4e-827c-2f57d7e8311b', 'dcb06c61-2cb5-43c4-b84a-b58c7158832e', 0, 0, '2022-09-10 19:30:11.499429-04', 'Akshi Tata''s Starter Ship', 'Cheetah', 0, 0, 0, 425, 135, 97, 319, 0, 141, 'd3f90928-5747-4176-81c3-d1463557bb26', '92edfcf5-b348-4cdf-b8b6-4fe41acc6f75', '{"a_rack": [{"item_id": "c5a5c55e-3006-48e1-80b7-15fd1711f9f9", "slot_idx": 0, "item_type_id": "f63d176f-82d6-4278-ac31-cbba59c9c19f"}, {"item_id": "cfcf65a2-3a00-4132-8071-c2640a5763cb", "slot_idx": 1, "item_type_id": "f63d176f-82d6-4278-ac31-cbba59c9c19f"}, {"item_id": "cea7e89c-6114-4895-a45a-4b456ca2731f", "slot_idx": 2, "item_type_id": "4a823362-2a91-4871-9a83-ba4e217bd1a7"}], "b_rack": [{"item_id": "a785572a-dc43-4d87-a9c0-31ebc5473f03", "slot_idx": 0, "item_type_id": "09172710-740c-4d1c-9fc0-43cb62e674e7"}, {"item_id": "5a72d3ee-fe4b-4d98-bbf4-6adb2d35ab48", "slot_idx": 1, "item_type_id": "f40a5bf6-3124-4e3b-ade5-23a66d38339e"}, {"item_id": "1d66e29c-41c1-4a0b-a16f-b646f01cb5cd", "slot_idx": 2, "item_type_id": "f40a5bf6-3124-4e3b-ade5-23a66d38339e"}], "c_rack": [{"item_id": "feb2664c-a99c-41dd-ae77-5b4600536e32", "slot_idx": 0, "item_type_id": "efee923f-aff6-41f3-ac45-2effd4fa04ac"}]}', false, NULL, '24038223-902d-405f-8012-43d594746fb4', 'fe24bab9-f705-4177-b99c-b9da17d9c62f', true, '01da03c1-0f3f-4f46-81bf-62294ff1c1f5', 10000, false, 1);

    -- items
    INSERT INTO public.items (id, itemtypeid, meta, created, createdby, createdreason, containerid, quantity, ispackaged) VALUES ('e259c02e-f937-4eff-8fe7-e82ccdfab8d5', 'f63d176f-82d6-4278-ac31-cbba59c9c19f', '{"hp": 8, "rack": "a", "range": 6408, "volume": 6, "cooldown": 26.5, "flight_time": 6.4, "hull_damage": 430, "armor_damage": 352, "needs_target": true, "shield_damage": 387, "missile_radius": 2.5, "activation_heat": 9.1, "ammunition_name": "LHVM-3", "ammunition_type": "8aa4d28b-e02b-4630-86eb-ab46d0ed7fc7", "fault_tolerance": 0.98, "industrialmarket": {"maxprice": 3881, "minprice": 2215, "silosize": 1000}, "activation_energy": 0.06, "missile_gfx_effect": "lhvm-3", "missile_explosion_effect": "basic_explosion", "missile_explosion_radius": 3.6}', '2022-09-10 19:30:11.269806-04', '66000292-3bf8-43c0-b33b-de549ea54e63', 'Module for new noob ship for player', '87776407-d0ae-4266-a593-e19e71867e04', 1, false);
    INSERT INTO public.items (id, itemtypeid, meta, created, createdby, createdreason, containerid, quantity, ispackaged) VALUES ('c982ab32-be31-4307-9922-26dd99e8fa7e', 'f63d176f-82d6-4278-ac31-cbba59c9c19f', '{"hp": 8, "rack": "a", "range": 6408, "volume": 6, "cooldown": 26.5, "flight_time": 6.4, "hull_damage": 430, "armor_damage": 352, "needs_target": true, "shield_damage": 387, "missile_radius": 2.5, "activation_heat": 9.1, "ammunition_name": "LHVM-3", "ammunition_type": "8aa4d28b-e02b-4630-86eb-ab46d0ed7fc7", "fault_tolerance": 0.98, "industrialmarket": {"maxprice": 3881, "minprice": 2215, "silosize": 1000}, "activation_energy": 0.06, "missile_gfx_effect": "lhvm-3", "missile_explosion_effect": "basic_explosion", "missile_explosion_radius": 3.6}', '2022-09-10 19:30:11.272412-04', '66000292-3bf8-43c0-b33b-de549ea54e63', 'Module for new noob ship for player', '87776407-d0ae-4266-a593-e19e71867e04', 1, false);
    INSERT INTO public.items (id, itemtypeid, meta, created, createdby, createdreason, containerid, quantity, ispackaged) VALUES ('ec4d3a66-3c5c-441f-871d-046e6387aab1', '4a823362-2a91-4871-9a83-ba4e217bd1a7', '{"hp": 10, "rack": "a", "range": 715, "volume": 8, "falloff": "linear", "cooldown": 8.7, "tracking": 220, "needs_target": true, "activation_heat": 22, "industrialmarket": {"maxprice": 7798, "minprice": 6212, "silosize": 1000}, "activation_energy": 5, "energy_siphon_amount": 110, "activation_gfx_effect": "basic_energy_siphon"}', '2022-09-10 19:30:11.274672-04', '66000292-3bf8-43c0-b33b-de549ea54e63', 'Module for new noob ship for player', '87776407-d0ae-4266-a593-e19e71867e04', 1, false);
    INSERT INTO public.items (id, itemtypeid, meta, created, createdby, createdreason, containerid, quantity, ispackaged) VALUES ('2cf258c3-629e-4c16-aaa8-85fb6615e42b', '09172710-740c-4d1c-9fc0-43cb62e674e7', '{"hp": 5, "rack": "b", "volume": 4, "cooldown": 7, "needs_target": false, "activation_heat": 65, "industrialmarket": {"maxprice": 650, "minprice": 275, "silosize": 1000}, "activation_energy": 15, "shield_boost_amount": 20, "activation_gfx_effect": "basic_shield_booster"}', '2022-09-10 19:30:11.277103-04', '66000292-3bf8-43c0-b33b-de549ea54e63', 'Module for new noob ship for player', '87776407-d0ae-4266-a593-e19e71867e04', 1, false);
    INSERT INTO public.items (id, itemtypeid, meta, created, createdby, createdreason, containerid, quantity, ispackaged) VALUES ('22643022-4ff2-4104-bd20-b709ac50efab', 'f40a5bf6-3124-4e3b-ade5-23a66d38339e', '{"hp": 5, "rack": "b", "range": 2395, "volume": 3, "falloff": "linear", "cooldown": 15.4, "tracking": 235, "mask_radius": 11.9, "needs_target": true, "activation_heat": 93.3, "industrialmarket": {"maxprice": 16251, "minprice": 9390, "silosize": 500}, "activation_energy": 112, "activation_gfx_effect": "basic_dissip_mask"}', '2022-09-10 19:30:11.279583-04', '66000292-3bf8-43c0-b33b-de549ea54e63', 'Module for new noob ship for player', '87776407-d0ae-4266-a593-e19e71867e04', 1, false);
    INSERT INTO public.items (id, itemtypeid, meta, created, createdby, createdreason, containerid, quantity, ispackaged) VALUES ('b662f8d7-c556-4d80-8144-afcc5f65ad30', 'f40a5bf6-3124-4e3b-ade5-23a66d38339e', '{"hp": 5, "rack": "b", "range": 2395, "volume": 3, "falloff": "linear", "cooldown": 15.4, "tracking": 235, "mask_radius": 11.9, "needs_target": true, "activation_heat": 93.3, "industrialmarket": {"maxprice": 16251, "minprice": 9390, "silosize": 500}, "activation_energy": 112, "activation_gfx_effect": "basic_dissip_mask"}', '2022-09-10 19:30:11.281947-04', '66000292-3bf8-43c0-b33b-de549ea54e63', 'Module for new noob ship for player', '87776407-d0ae-4266-a593-e19e71867e04', 1, false);
    INSERT INTO public.items (id, itemtypeid, meta, created, createdby, createdreason, containerid, quantity, ispackaged) VALUES ('ed34a886-1798-487d-9aff-5a0c343274db', 'efee923f-aff6-41f3-ac45-2effd4fa04ac', '{"hp": 38, "rack": "c", "volume": 4, "heat_sink_add": 6.2, "industrialmarket": {"maxprice": 720, "minprice": 460, "silosize": 1000}}', '2022-09-10 19:30:11.284343-04', '66000292-3bf8-43c0-b33b-de549ea54e63', 'Module for new noob ship for player', '87776407-d0ae-4266-a593-e19e71867e04', 1, false);
    INSERT INTO public.items (id, itemtypeid, meta, created, createdby, createdreason, containerid, quantity, ispackaged) VALUES ('f87c9f21-22d9-4a87-9d40-d44b3ae06c60', 'f63d176f-82d6-4278-ac31-cbba59c9c19f', '{"hp": 8, "rack": "a", "range": 6408, "volume": 6, "cooldown": 26.5, "flight_time": 6.4, "hull_damage": 430, "armor_damage": 352, "needs_target": true, "shield_damage": 387, "missile_radius": 2.5, "activation_heat": 9.1, "ammunition_name": "LHVM-3", "ammunition_type": "8aa4d28b-e02b-4630-86eb-ab46d0ed7fc7", "fault_tolerance": 0.98, "industrialmarket": {"maxprice": 3881, "minprice": 2215, "silosize": 1000}, "activation_energy": 0.06, "missile_gfx_effect": "lhvm-3", "missile_explosion_effect": "basic_explosion", "missile_explosion_radius": 3.6}', '2022-09-10 19:30:11.302316-04', '2dd8cfef-f120-4105-9394-089640ca5784', 'Module for new noob ship for player', '1bcc3802-e955-4719-8b1c-960161a7e066', 1, false);
    INSERT INTO public.items (id, itemtypeid, meta, created, createdby, createdreason, containerid, quantity, ispackaged) VALUES ('a2d6f940-104f-4433-b0f7-8c43fe6b8929', 'f63d176f-82d6-4278-ac31-cbba59c9c19f', '{"hp": 8, "rack": "a", "range": 6408, "volume": 6, "cooldown": 26.5, "flight_time": 6.4, "hull_damage": 430, "armor_damage": 352, "needs_target": true, "shield_damage": 387, "missile_radius": 2.5, "activation_heat": 9.1, "ammunition_name": "LHVM-3", "ammunition_type": "8aa4d28b-e02b-4630-86eb-ab46d0ed7fc7", "fault_tolerance": 0.98, "industrialmarket": {"maxprice": 3881, "minprice": 2215, "silosize": 1000}, "activation_energy": 0.06, "missile_gfx_effect": "lhvm-3", "missile_explosion_effect": "basic_explosion", "missile_explosion_radius": 3.6}', '2022-09-10 19:30:11.304266-04', '2dd8cfef-f120-4105-9394-089640ca5784', 'Module for new noob ship for player', '1bcc3802-e955-4719-8b1c-960161a7e066', 1, false);
    INSERT INTO public.items (id, itemtypeid, meta, created, createdby, createdreason, containerid, quantity, ispackaged) VALUES ('efbacd5f-e4a1-4bbe-8ea1-c8d51ae69905', '4a823362-2a91-4871-9a83-ba4e217bd1a7', '{"hp": 10, "rack": "a", "range": 715, "volume": 8, "falloff": "linear", "cooldown": 8.7, "tracking": 220, "needs_target": true, "activation_heat": 22, "industrialmarket": {"maxprice": 7798, "minprice": 6212, "silosize": 1000}, "activation_energy": 5, "energy_siphon_amount": 110, "activation_gfx_effect": "basic_energy_siphon"}', '2022-09-10 19:30:11.306153-04', '2dd8cfef-f120-4105-9394-089640ca5784', 'Module for new noob ship for player', '1bcc3802-e955-4719-8b1c-960161a7e066', 1, false);
    INSERT INTO public.items (id, itemtypeid, meta, created, createdby, createdreason, containerid, quantity, ispackaged) VALUES ('c8b3fdfe-dc22-4a85-9771-27dc547f261c', '09172710-740c-4d1c-9fc0-43cb62e674e7', '{"hp": 5, "rack": "b", "volume": 4, "cooldown": 7, "needs_target": false, "activation_heat": 65, "industrialmarket": {"maxprice": 650, "minprice": 275, "silosize": 1000}, "activation_energy": 15, "shield_boost_amount": 20, "activation_gfx_effect": "basic_shield_booster"}', '2022-09-10 19:30:11.308143-04', '2dd8cfef-f120-4105-9394-089640ca5784', 'Module for new noob ship for player', '1bcc3802-e955-4719-8b1c-960161a7e066', 1, false);
    INSERT INTO public.items (id, itemtypeid, meta, created, createdby, createdreason, containerid, quantity, ispackaged) VALUES ('797c8af6-4674-445c-b6ee-51f8c747f442', 'f40a5bf6-3124-4e3b-ade5-23a66d38339e', '{"hp": 5, "rack": "b", "range": 2395, "volume": 3, "falloff": "linear", "cooldown": 15.4, "tracking": 235, "mask_radius": 11.9, "needs_target": true, "activation_heat": 93.3, "industrialmarket": {"maxprice": 16251, "minprice": 9390, "silosize": 500}, "activation_energy": 112, "activation_gfx_effect": "basic_dissip_mask"}', '2022-09-10 19:30:11.310401-04', '2dd8cfef-f120-4105-9394-089640ca5784', 'Module for new noob ship for player', '1bcc3802-e955-4719-8b1c-960161a7e066', 1, false);
    INSERT INTO public.items (id, itemtypeid, meta, created, createdby, createdreason, containerid, quantity, ispackaged) VALUES ('112b6c18-7e90-4a64-a81f-486b394ddd21', '09172710-740c-4d1c-9fc0-43cb62e674e7', '{"hp": 5, "rack": "b", "volume": 4, "cooldown": 7, "needs_target": false, "activation_heat": 65, "industrialmarket": {"maxprice": 650, "minprice": 275, "silosize": 1000}, "activation_energy": 15, "shield_boost_amount": 20, "activation_gfx_effect": "basic_shield_booster"}', '2022-09-10 19:30:11.430228-04', '057de582-c0a0-48fe-b6f0-2601a9d5869f', 'Module for new noob ship for player', '98226af4-a944-4e18-afb3-fddfefbfa33b', 1, false);
    INSERT INTO public.items (id, itemtypeid, meta, created, createdby, createdreason, containerid, quantity, ispackaged) VALUES ('c998be91-c8d0-4cfe-90ce-90047cad4e71', 'f40a5bf6-3124-4e3b-ade5-23a66d38339e', '{"hp": 5, "rack": "b", "range": 2395, "volume": 3, "falloff": "linear", "cooldown": 15.4, "tracking": 235, "mask_radius": 11.9, "needs_target": true, "activation_heat": 93.3, "industrialmarket": {"maxprice": 16251, "minprice": 9390, "silosize": 500}, "activation_energy": 112, "activation_gfx_effect": "basic_dissip_mask"}', '2022-09-10 19:30:11.312381-04', '2dd8cfef-f120-4105-9394-089640ca5784', 'Module for new noob ship for player', '1bcc3802-e955-4719-8b1c-960161a7e066', 1, false);
    INSERT INTO public.items (id, itemtypeid, meta, created, createdby, createdreason, containerid, quantity, ispackaged) VALUES ('476699b2-7b8f-455a-82e0-e88186ce7fe7', 'efee923f-aff6-41f3-ac45-2effd4fa04ac', '{"hp": 38, "rack": "c", "volume": 4, "heat_sink_add": 6.2, "industrialmarket": {"maxprice": 720, "minprice": 460, "silosize": 1000}}', '2022-09-10 19:30:11.314403-04', '2dd8cfef-f120-4105-9394-089640ca5784', 'Module for new noob ship for player', '1bcc3802-e955-4719-8b1c-960161a7e066', 1, false);
    INSERT INTO public.items (id, itemtypeid, meta, created, createdby, createdreason, containerid, quantity, ispackaged) VALUES ('e28accbf-f978-4153-9054-6dcbdf267b19', 'f63d176f-82d6-4278-ac31-cbba59c9c19f', '{"hp": 8, "rack": "a", "range": 6408, "volume": 6, "cooldown": 26.5, "flight_time": 6.4, "hull_damage": 430, "armor_damage": 352, "needs_target": true, "shield_damage": 387, "missile_radius": 2.5, "activation_heat": 9.1, "ammunition_name": "LHVM-3", "ammunition_type": "8aa4d28b-e02b-4630-86eb-ab46d0ed7fc7", "fault_tolerance": 0.98, "industrialmarket": {"maxprice": 3881, "minprice": 2215, "silosize": 1000}, "activation_energy": 0.06, "missile_gfx_effect": "lhvm-3", "missile_explosion_effect": "basic_explosion", "missile_explosion_radius": 3.6}', '2022-09-10 19:30:11.331958-04', 'a9187f54-ed93-48e7-a72d-dd716f5f6b57', 'Module for new noob ship for player', 'a28d0e33-605e-496e-962f-3b7f99f595b0', 1, false);
    INSERT INTO public.items (id, itemtypeid, meta, created, createdby, createdreason, containerid, quantity, ispackaged) VALUES ('864a7372-318a-44aa-aa23-08b081e5b19d', 'f63d176f-82d6-4278-ac31-cbba59c9c19f', '{"hp": 8, "rack": "a", "range": 6408, "volume": 6, "cooldown": 26.5, "flight_time": 6.4, "hull_damage": 430, "armor_damage": 352, "needs_target": true, "shield_damage": 387, "missile_radius": 2.5, "activation_heat": 9.1, "ammunition_name": "LHVM-3", "ammunition_type": "8aa4d28b-e02b-4630-86eb-ab46d0ed7fc7", "fault_tolerance": 0.98, "industrialmarket": {"maxprice": 3881, "minprice": 2215, "silosize": 1000}, "activation_energy": 0.06, "missile_gfx_effect": "lhvm-3", "missile_explosion_effect": "basic_explosion", "missile_explosion_radius": 3.6}', '2022-09-10 19:30:11.334258-04', 'a9187f54-ed93-48e7-a72d-dd716f5f6b57', 'Module for new noob ship for player', 'a28d0e33-605e-496e-962f-3b7f99f595b0', 1, false);
    INSERT INTO public.items (id, itemtypeid, meta, created, createdby, createdreason, containerid, quantity, ispackaged) VALUES ('9b97fa01-d559-4bbf-85e4-5b1cb487bff8', '4a823362-2a91-4871-9a83-ba4e217bd1a7', '{"hp": 10, "rack": "a", "range": 715, "volume": 8, "falloff": "linear", "cooldown": 8.7, "tracking": 220, "needs_target": true, "activation_heat": 22, "industrialmarket": {"maxprice": 7798, "minprice": 6212, "silosize": 1000}, "activation_energy": 5, "energy_siphon_amount": 110, "activation_gfx_effect": "basic_energy_siphon"}', '2022-09-10 19:30:11.336308-04', 'a9187f54-ed93-48e7-a72d-dd716f5f6b57', 'Module for new noob ship for player', 'a28d0e33-605e-496e-962f-3b7f99f595b0', 1, false);
    INSERT INTO public.items (id, itemtypeid, meta, created, createdby, createdreason, containerid, quantity, ispackaged) VALUES ('bcf62094-e0d9-4007-8067-ca623579b90f', '09172710-740c-4d1c-9fc0-43cb62e674e7', '{"hp": 5, "rack": "b", "volume": 4, "cooldown": 7, "needs_target": false, "activation_heat": 65, "industrialmarket": {"maxprice": 650, "minprice": 275, "silosize": 1000}, "activation_energy": 15, "shield_boost_amount": 20, "activation_gfx_effect": "basic_shield_booster"}', '2022-09-10 19:30:11.338414-04', 'a9187f54-ed93-48e7-a72d-dd716f5f6b57', 'Module for new noob ship for player', 'a28d0e33-605e-496e-962f-3b7f99f595b0', 1, false);
    INSERT INTO public.items (id, itemtypeid, meta, created, createdby, createdreason, containerid, quantity, ispackaged) VALUES ('54b6b343-1683-4259-bb77-fb4ff05ac4f6', 'f40a5bf6-3124-4e3b-ade5-23a66d38339e', '{"hp": 5, "rack": "b", "range": 2395, "volume": 3, "falloff": "linear", "cooldown": 15.4, "tracking": 235, "mask_radius": 11.9, "needs_target": true, "activation_heat": 93.3, "industrialmarket": {"maxprice": 16251, "minprice": 9390, "silosize": 500}, "activation_energy": 112, "activation_gfx_effect": "basic_dissip_mask"}', '2022-09-10 19:30:11.34035-04', 'a9187f54-ed93-48e7-a72d-dd716f5f6b57', 'Module for new noob ship for player', 'a28d0e33-605e-496e-962f-3b7f99f595b0', 1, false);
    INSERT INTO public.items (id, itemtypeid, meta, created, createdby, createdreason, containerid, quantity, ispackaged) VALUES ('51b3c6c2-035b-4c41-80ac-9f922a856b76', 'f40a5bf6-3124-4e3b-ade5-23a66d38339e', '{"hp": 5, "rack": "b", "range": 2395, "volume": 3, "falloff": "linear", "cooldown": 15.4, "tracking": 235, "mask_radius": 11.9, "needs_target": true, "activation_heat": 93.3, "industrialmarket": {"maxprice": 16251, "minprice": 9390, "silosize": 500}, "activation_energy": 112, "activation_gfx_effect": "basic_dissip_mask"}', '2022-09-10 19:30:11.342726-04', 'a9187f54-ed93-48e7-a72d-dd716f5f6b57', 'Module for new noob ship for player', 'a28d0e33-605e-496e-962f-3b7f99f595b0', 1, false);
    INSERT INTO public.items (id, itemtypeid, meta, created, createdby, createdreason, containerid, quantity, ispackaged) VALUES ('fc5cb3d3-ec91-41f1-8e2a-cf4e2c3bce8f', 'efee923f-aff6-41f3-ac45-2effd4fa04ac', '{"hp": 38, "rack": "c", "volume": 4, "heat_sink_add": 6.2, "industrialmarket": {"maxprice": 720, "minprice": 460, "silosize": 1000}}', '2022-09-10 19:30:11.344993-04', 'a9187f54-ed93-48e7-a72d-dd716f5f6b57', 'Module for new noob ship for player', 'a28d0e33-605e-496e-962f-3b7f99f595b0', 1, false);
    INSERT INTO public.items (id, itemtypeid, meta, created, createdby, createdreason, containerid, quantity, ispackaged) VALUES ('3942a69c-2969-4ace-b107-dbbdc6f1b095', 'f63d176f-82d6-4278-ac31-cbba59c9c19f', '{"hp": 8, "rack": "a", "range": 6408, "volume": 6, "cooldown": 26.5, "flight_time": 6.4, "hull_damage": 430, "armor_damage": 352, "needs_target": true, "shield_damage": 387, "missile_radius": 2.5, "activation_heat": 9.1, "ammunition_name": "LHVM-3", "ammunition_type": "8aa4d28b-e02b-4630-86eb-ab46d0ed7fc7", "fault_tolerance": 0.98, "industrialmarket": {"maxprice": 3881, "minprice": 2215, "silosize": 1000}, "activation_energy": 0.06, "missile_gfx_effect": "lhvm-3", "missile_explosion_effect": "basic_explosion", "missile_explosion_radius": 3.6}', '2022-09-10 19:30:11.362624-04', '9dfa741b-fcbf-4db4-94dc-278438509933', 'Module for new noob ship for player', '6a64c28c-fdd0-435c-b06f-54a6a6790f0b', 1, false);
    INSERT INTO public.items (id, itemtypeid, meta, created, createdby, createdreason, containerid, quantity, ispackaged) VALUES ('ca932778-90cb-4c5e-8e3d-9ff04fd0e699', 'f63d176f-82d6-4278-ac31-cbba59c9c19f', '{"hp": 8, "rack": "a", "range": 6408, "volume": 6, "cooldown": 26.5, "flight_time": 6.4, "hull_damage": 430, "armor_damage": 352, "needs_target": true, "shield_damage": 387, "missile_radius": 2.5, "activation_heat": 9.1, "ammunition_name": "LHVM-3", "ammunition_type": "8aa4d28b-e02b-4630-86eb-ab46d0ed7fc7", "fault_tolerance": 0.98, "industrialmarket": {"maxprice": 3881, "minprice": 2215, "silosize": 1000}, "activation_energy": 0.06, "missile_gfx_effect": "lhvm-3", "missile_explosion_effect": "basic_explosion", "missile_explosion_radius": 3.6}', '2022-09-10 19:30:11.364747-04', '9dfa741b-fcbf-4db4-94dc-278438509933', 'Module for new noob ship for player', '6a64c28c-fdd0-435c-b06f-54a6a6790f0b', 1, false);
    INSERT INTO public.items (id, itemtypeid, meta, created, createdby, createdreason, containerid, quantity, ispackaged) VALUES ('1745fbe7-3808-49e7-b10b-a34618ee635f', '4a823362-2a91-4871-9a83-ba4e217bd1a7', '{"hp": 10, "rack": "a", "range": 715, "volume": 8, "falloff": "linear", "cooldown": 8.7, "tracking": 220, "needs_target": true, "activation_heat": 22, "industrialmarket": {"maxprice": 7798, "minprice": 6212, "silosize": 1000}, "activation_energy": 5, "energy_siphon_amount": 110, "activation_gfx_effect": "basic_energy_siphon"}', '2022-09-10 19:30:11.366976-04', '9dfa741b-fcbf-4db4-94dc-278438509933', 'Module for new noob ship for player', '6a64c28c-fdd0-435c-b06f-54a6a6790f0b', 1, false);
    INSERT INTO public.items (id, itemtypeid, meta, created, createdby, createdreason, containerid, quantity, ispackaged) VALUES ('36abbce1-d864-4250-9f06-225d3e0a7b54', '09172710-740c-4d1c-9fc0-43cb62e674e7', '{"hp": 5, "rack": "b", "volume": 4, "cooldown": 7, "needs_target": false, "activation_heat": 65, "industrialmarket": {"maxprice": 650, "minprice": 275, "silosize": 1000}, "activation_energy": 15, "shield_boost_amount": 20, "activation_gfx_effect": "basic_shield_booster"}', '2022-09-10 19:30:11.369133-04', '9dfa741b-fcbf-4db4-94dc-278438509933', 'Module for new noob ship for player', '6a64c28c-fdd0-435c-b06f-54a6a6790f0b', 1, false);
    INSERT INTO public.items (id, itemtypeid, meta, created, createdby, createdreason, containerid, quantity, ispackaged) VALUES ('070d8909-d1d7-4bd1-99d0-3ec61b031e7c', 'f40a5bf6-3124-4e3b-ade5-23a66d38339e', '{"hp": 5, "rack": "b", "range": 2395, "volume": 3, "falloff": "linear", "cooldown": 15.4, "tracking": 235, "mask_radius": 11.9, "needs_target": true, "activation_heat": 93.3, "industrialmarket": {"maxprice": 16251, "minprice": 9390, "silosize": 500}, "activation_energy": 112, "activation_gfx_effect": "basic_dissip_mask"}', '2022-09-10 19:30:11.371207-04', '9dfa741b-fcbf-4db4-94dc-278438509933', 'Module for new noob ship for player', '6a64c28c-fdd0-435c-b06f-54a6a6790f0b', 1, false);
    INSERT INTO public.items (id, itemtypeid, meta, created, createdby, createdreason, containerid, quantity, ispackaged) VALUES ('7ac5fa79-d472-4bac-a441-fc441518b66f', 'f40a5bf6-3124-4e3b-ade5-23a66d38339e', '{"hp": 5, "rack": "b", "range": 2395, "volume": 3, "falloff": "linear", "cooldown": 15.4, "tracking": 235, "mask_radius": 11.9, "needs_target": true, "activation_heat": 93.3, "industrialmarket": {"maxprice": 16251, "minprice": 9390, "silosize": 500}, "activation_energy": 112, "activation_gfx_effect": "basic_dissip_mask"}', '2022-09-10 19:30:11.373422-04', '9dfa741b-fcbf-4db4-94dc-278438509933', 'Module for new noob ship for player', '6a64c28c-fdd0-435c-b06f-54a6a6790f0b', 1, false);
    INSERT INTO public.items (id, itemtypeid, meta, created, createdby, createdreason, containerid, quantity, ispackaged) VALUES ('b98dcb57-15ab-408d-b2f9-a1332ffc139a', 'efee923f-aff6-41f3-ac45-2effd4fa04ac', '{"hp": 38, "rack": "c", "volume": 4, "heat_sink_add": 6.2, "industrialmarket": {"maxprice": 720, "minprice": 460, "silosize": 1000}}', '2022-09-10 19:30:11.37552-04', '9dfa741b-fcbf-4db4-94dc-278438509933', 'Module for new noob ship for player', '6a64c28c-fdd0-435c-b06f-54a6a6790f0b', 1, false);
    INSERT INTO public.items (id, itemtypeid, meta, created, createdby, createdreason, containerid, quantity, ispackaged) VALUES ('e6b23aa8-fdc0-4d18-944d-180f4819b4a0', 'f63d176f-82d6-4278-ac31-cbba59c9c19f', '{"hp": 8, "rack": "a", "range": 6408, "volume": 6, "cooldown": 26.5, "flight_time": 6.4, "hull_damage": 430, "armor_damage": 352, "needs_target": true, "shield_damage": 387, "missile_radius": 2.5, "activation_heat": 9.1, "ammunition_name": "LHVM-3", "ammunition_type": "8aa4d28b-e02b-4630-86eb-ab46d0ed7fc7", "fault_tolerance": 0.98, "industrialmarket": {"maxprice": 3881, "minprice": 2215, "silosize": 1000}, "activation_energy": 0.06, "missile_gfx_effect": "lhvm-3", "missile_explosion_effect": "basic_explosion", "missile_explosion_radius": 3.6}', '2022-09-10 19:30:11.392762-04', '781f793e-5637-45dd-b9ef-965386c16627', 'Module for new noob ship for player', '3ba988d1-ad8f-4c56-8398-0200c5191ff0', 1, false);
    INSERT INTO public.items (id, itemtypeid, meta, created, createdby, createdreason, containerid, quantity, ispackaged) VALUES ('0e932786-dc24-44f3-a54a-8f5f597170d6', 'f63d176f-82d6-4278-ac31-cbba59c9c19f', '{"hp": 8, "rack": "a", "range": 6408, "volume": 6, "cooldown": 26.5, "flight_time": 6.4, "hull_damage": 430, "armor_damage": 352, "needs_target": true, "shield_damage": 387, "missile_radius": 2.5, "activation_heat": 9.1, "ammunition_name": "LHVM-3", "ammunition_type": "8aa4d28b-e02b-4630-86eb-ab46d0ed7fc7", "fault_tolerance": 0.98, "industrialmarket": {"maxprice": 3881, "minprice": 2215, "silosize": 1000}, "activation_energy": 0.06, "missile_gfx_effect": "lhvm-3", "missile_explosion_effect": "basic_explosion", "missile_explosion_radius": 3.6}', '2022-09-10 19:30:11.395032-04', '781f793e-5637-45dd-b9ef-965386c16627', 'Module for new noob ship for player', '3ba988d1-ad8f-4c56-8398-0200c5191ff0', 1, false);
    INSERT INTO public.items (id, itemtypeid, meta, created, createdby, createdreason, containerid, quantity, ispackaged) VALUES ('d0e407b1-8022-4d37-92b6-866adcfe0fe0', '4a823362-2a91-4871-9a83-ba4e217bd1a7', '{"hp": 10, "rack": "a", "range": 715, "volume": 8, "falloff": "linear", "cooldown": 8.7, "tracking": 220, "needs_target": true, "activation_heat": 22, "industrialmarket": {"maxprice": 7798, "minprice": 6212, "silosize": 1000}, "activation_energy": 5, "energy_siphon_amount": 110, "activation_gfx_effect": "basic_energy_siphon"}', '2022-09-10 19:30:11.397111-04', '781f793e-5637-45dd-b9ef-965386c16627', 'Module for new noob ship for player', '3ba988d1-ad8f-4c56-8398-0200c5191ff0', 1, false);
    INSERT INTO public.items (id, itemtypeid, meta, created, createdby, createdreason, containerid, quantity, ispackaged) VALUES ('cdf51603-da3a-4f7b-a0f7-dd2e34638891', '09172710-740c-4d1c-9fc0-43cb62e674e7', '{"hp": 5, "rack": "b", "volume": 4, "cooldown": 7, "needs_target": false, "activation_heat": 65, "industrialmarket": {"maxprice": 650, "minprice": 275, "silosize": 1000}, "activation_energy": 15, "shield_boost_amount": 20, "activation_gfx_effect": "basic_shield_booster"}', '2022-09-10 19:30:11.399306-04', '781f793e-5637-45dd-b9ef-965386c16627', 'Module for new noob ship for player', '3ba988d1-ad8f-4c56-8398-0200c5191ff0', 1, false);
    INSERT INTO public.items (id, itemtypeid, meta, created, createdby, createdreason, containerid, quantity, ispackaged) VALUES ('e05a7174-5326-4c65-b86a-cde0e363a9a9', 'f40a5bf6-3124-4e3b-ade5-23a66d38339e', '{"hp": 5, "rack": "b", "range": 2395, "volume": 3, "falloff": "linear", "cooldown": 15.4, "tracking": 235, "mask_radius": 11.9, "needs_target": true, "activation_heat": 93.3, "industrialmarket": {"maxprice": 16251, "minprice": 9390, "silosize": 500}, "activation_energy": 112, "activation_gfx_effect": "basic_dissip_mask"}', '2022-09-10 19:30:11.401533-04', '781f793e-5637-45dd-b9ef-965386c16627', 'Module for new noob ship for player', '3ba988d1-ad8f-4c56-8398-0200c5191ff0', 1, false);
    INSERT INTO public.items (id, itemtypeid, meta, created, createdby, createdreason, containerid, quantity, ispackaged) VALUES ('e5dde771-2802-4756-be3b-e5e641d5c323', 'f40a5bf6-3124-4e3b-ade5-23a66d38339e', '{"hp": 5, "rack": "b", "range": 2395, "volume": 3, "falloff": "linear", "cooldown": 15.4, "tracking": 235, "mask_radius": 11.9, "needs_target": true, "activation_heat": 93.3, "industrialmarket": {"maxprice": 16251, "minprice": 9390, "silosize": 500}, "activation_energy": 112, "activation_gfx_effect": "basic_dissip_mask"}', '2022-09-10 19:30:11.403469-04', '781f793e-5637-45dd-b9ef-965386c16627', 'Module for new noob ship for player', '3ba988d1-ad8f-4c56-8398-0200c5191ff0', 1, false);
    INSERT INTO public.items (id, itemtypeid, meta, created, createdby, createdreason, containerid, quantity, ispackaged) VALUES ('520a54a1-c700-4051-a83f-bade461516c5', 'efee923f-aff6-41f3-ac45-2effd4fa04ac', '{"hp": 38, "rack": "c", "volume": 4, "heat_sink_add": 6.2, "industrialmarket": {"maxprice": 720, "minprice": 460, "silosize": 1000}}', '2022-09-10 19:30:11.405339-04', '781f793e-5637-45dd-b9ef-965386c16627', 'Module for new noob ship for player', '3ba988d1-ad8f-4c56-8398-0200c5191ff0', 1, false);
    INSERT INTO public.items (id, itemtypeid, meta, created, createdby, createdreason, containerid, quantity, ispackaged) VALUES ('8267260a-5585-4405-90f7-0e5aa2914b9b', 'f63d176f-82d6-4278-ac31-cbba59c9c19f', '{"hp": 8, "rack": "a", "range": 6408, "volume": 6, "cooldown": 26.5, "flight_time": 6.4, "hull_damage": 430, "armor_damage": 352, "needs_target": true, "shield_damage": 387, "missile_radius": 2.5, "activation_heat": 9.1, "ammunition_name": "LHVM-3", "ammunition_type": "8aa4d28b-e02b-4630-86eb-ab46d0ed7fc7", "fault_tolerance": 0.98, "industrialmarket": {"maxprice": 3881, "minprice": 2215, "silosize": 1000}, "activation_energy": 0.06, "missile_gfx_effect": "lhvm-3", "missile_explosion_effect": "basic_explosion", "missile_explosion_radius": 3.6}', '2022-09-10 19:30:11.423131-04', '057de582-c0a0-48fe-b6f0-2601a9d5869f', 'Module for new noob ship for player', '98226af4-a944-4e18-afb3-fddfefbfa33b', 1, false);
    INSERT INTO public.items (id, itemtypeid, meta, created, createdby, createdreason, containerid, quantity, ispackaged) VALUES ('002b9ff2-6eb9-4073-aafd-1e2a282c0e97', 'f63d176f-82d6-4278-ac31-cbba59c9c19f', '{"hp": 8, "rack": "a", "range": 6408, "volume": 6, "cooldown": 26.5, "flight_time": 6.4, "hull_damage": 430, "armor_damage": 352, "needs_target": true, "shield_damage": 387, "missile_radius": 2.5, "activation_heat": 9.1, "ammunition_name": "LHVM-3", "ammunition_type": "8aa4d28b-e02b-4630-86eb-ab46d0ed7fc7", "fault_tolerance": 0.98, "industrialmarket": {"maxprice": 3881, "minprice": 2215, "silosize": 1000}, "activation_energy": 0.06, "missile_gfx_effect": "lhvm-3", "missile_explosion_effect": "basic_explosion", "missile_explosion_radius": 3.6}', '2022-09-10 19:30:11.425321-04', '057de582-c0a0-48fe-b6f0-2601a9d5869f', 'Module for new noob ship for player', '98226af4-a944-4e18-afb3-fddfefbfa33b', 1, false);
    INSERT INTO public.items (id, itemtypeid, meta, created, createdby, createdreason, containerid, quantity, ispackaged) VALUES ('5e6b67d7-ac39-4f2a-92f5-a7efe1bc26c4', '4a823362-2a91-4871-9a83-ba4e217bd1a7', '{"hp": 10, "rack": "a", "range": 715, "volume": 8, "falloff": "linear", "cooldown": 8.7, "tracking": 220, "needs_target": true, "activation_heat": 22, "industrialmarket": {"maxprice": 7798, "minprice": 6212, "silosize": 1000}, "activation_energy": 5, "energy_siphon_amount": 110, "activation_gfx_effect": "basic_energy_siphon"}', '2022-09-10 19:30:11.427837-04', '057de582-c0a0-48fe-b6f0-2601a9d5869f', 'Module for new noob ship for player', '98226af4-a944-4e18-afb3-fddfefbfa33b', 1, false);
    INSERT INTO public.items (id, itemtypeid, meta, created, createdby, createdreason, containerid, quantity, ispackaged) VALUES ('5f31668f-dd8e-4e79-9595-c2ca00a79c9d', 'f40a5bf6-3124-4e3b-ade5-23a66d38339e', '{"hp": 5, "rack": "b", "range": 2395, "volume": 3, "falloff": "linear", "cooldown": 15.4, "tracking": 235, "mask_radius": 11.9, "needs_target": true, "activation_heat": 93.3, "industrialmarket": {"maxprice": 16251, "minprice": 9390, "silosize": 500}, "activation_energy": 112, "activation_gfx_effect": "basic_dissip_mask"}', '2022-09-10 19:30:11.432379-04', '057de582-c0a0-48fe-b6f0-2601a9d5869f', 'Module for new noob ship for player', '98226af4-a944-4e18-afb3-fddfefbfa33b', 1, false);
    INSERT INTO public.items (id, itemtypeid, meta, created, createdby, createdreason, containerid, quantity, ispackaged) VALUES ('1a37953c-2b9b-4a39-b903-e462d35c713f', 'f40a5bf6-3124-4e3b-ade5-23a66d38339e', '{"hp": 5, "rack": "b", "range": 2395, "volume": 3, "falloff": "linear", "cooldown": 15.4, "tracking": 235, "mask_radius": 11.9, "needs_target": true, "activation_heat": 93.3, "industrialmarket": {"maxprice": 16251, "minprice": 9390, "silosize": 500}, "activation_energy": 112, "activation_gfx_effect": "basic_dissip_mask"}', '2022-09-10 19:30:11.434665-04', '057de582-c0a0-48fe-b6f0-2601a9d5869f', 'Module for new noob ship for player', '98226af4-a944-4e18-afb3-fddfefbfa33b', 1, false);
    INSERT INTO public.items (id, itemtypeid, meta, created, createdby, createdreason, containerid, quantity, ispackaged) VALUES ('bf0bae7e-d27f-43d2-a1d1-ca4fbefc9872', 'efee923f-aff6-41f3-ac45-2effd4fa04ac', '{"hp": 38, "rack": "c", "volume": 4, "heat_sink_add": 6.2, "industrialmarket": {"maxprice": 720, "minprice": 460, "silosize": 1000}}', '2022-09-10 19:30:11.436685-04', '057de582-c0a0-48fe-b6f0-2601a9d5869f', 'Module for new noob ship for player', '98226af4-a944-4e18-afb3-fddfefbfa33b', 1, false);
    INSERT INTO public.items (id, itemtypeid, meta, created, createdby, createdreason, containerid, quantity, ispackaged) VALUES ('c362122d-2918-4dba-9981-21435ec499a3', 'f63d176f-82d6-4278-ac31-cbba59c9c19f', '{"hp": 8, "rack": "a", "range": 6408, "volume": 6, "cooldown": 26.5, "flight_time": 6.4, "hull_damage": 430, "armor_damage": 352, "needs_target": true, "shield_damage": 387, "missile_radius": 2.5, "activation_heat": 9.1, "ammunition_name": "LHVM-3", "ammunition_type": "8aa4d28b-e02b-4630-86eb-ab46d0ed7fc7", "fault_tolerance": 0.98, "industrialmarket": {"maxprice": 3881, "minprice": 2215, "silosize": 1000}, "activation_energy": 0.06, "missile_gfx_effect": "lhvm-3", "missile_explosion_effect": "basic_explosion", "missile_explosion_radius": 3.6}', '2022-09-10 19:30:11.455157-04', '8d5924d6-ec91-449c-bd3e-f4395887aab6', 'Module for new noob ship for player', '2b8214cd-e419-49da-a92d-de963b3618c2', 1, false);
    INSERT INTO public.items (id, itemtypeid, meta, created, createdby, createdreason, containerid, quantity, ispackaged) VALUES ('c69c5850-037f-4be1-98f4-2110d272247e', 'f63d176f-82d6-4278-ac31-cbba59c9c19f', '{"hp": 8, "rack": "a", "range": 6408, "volume": 6, "cooldown": 26.5, "flight_time": 6.4, "hull_damage": 430, "armor_damage": 352, "needs_target": true, "shield_damage": 387, "missile_radius": 2.5, "activation_heat": 9.1, "ammunition_name": "LHVM-3", "ammunition_type": "8aa4d28b-e02b-4630-86eb-ab46d0ed7fc7", "fault_tolerance": 0.98, "industrialmarket": {"maxprice": 3881, "minprice": 2215, "silosize": 1000}, "activation_energy": 0.06, "missile_gfx_effect": "lhvm-3", "missile_explosion_effect": "basic_explosion", "missile_explosion_radius": 3.6}', '2022-09-10 19:30:11.457367-04', '8d5924d6-ec91-449c-bd3e-f4395887aab6', 'Module for new noob ship for player', '2b8214cd-e419-49da-a92d-de963b3618c2', 1, false);
    INSERT INTO public.items (id, itemtypeid, meta, created, createdby, createdreason, containerid, quantity, ispackaged) VALUES ('3d52f147-7854-41a6-b414-1cece33133bd', '4a823362-2a91-4871-9a83-ba4e217bd1a7', '{"hp": 10, "rack": "a", "range": 715, "volume": 8, "falloff": "linear", "cooldown": 8.7, "tracking": 220, "needs_target": true, "activation_heat": 22, "industrialmarket": {"maxprice": 7798, "minprice": 6212, "silosize": 1000}, "activation_energy": 5, "energy_siphon_amount": 110, "activation_gfx_effect": "basic_energy_siphon"}', '2022-09-10 19:30:11.459662-04', '8d5924d6-ec91-449c-bd3e-f4395887aab6', 'Module for new noob ship for player', '2b8214cd-e419-49da-a92d-de963b3618c2', 1, false);
    INSERT INTO public.items (id, itemtypeid, meta, created, createdby, createdreason, containerid, quantity, ispackaged) VALUES ('3b672623-e467-42ac-8ab4-8102232f373a', '09172710-740c-4d1c-9fc0-43cb62e674e7', '{"hp": 5, "rack": "b", "volume": 4, "cooldown": 7, "needs_target": false, "activation_heat": 65, "industrialmarket": {"maxprice": 650, "minprice": 275, "silosize": 1000}, "activation_energy": 15, "shield_boost_amount": 20, "activation_gfx_effect": "basic_shield_booster"}', '2022-09-10 19:30:11.462047-04', '8d5924d6-ec91-449c-bd3e-f4395887aab6', 'Module for new noob ship for player', '2b8214cd-e419-49da-a92d-de963b3618c2', 1, false);
    INSERT INTO public.items (id, itemtypeid, meta, created, createdby, createdreason, containerid, quantity, ispackaged) VALUES ('7578acc2-9bce-489e-be19-297c7b06060d', 'f40a5bf6-3124-4e3b-ade5-23a66d38339e', '{"hp": 5, "rack": "b", "range": 2395, "volume": 3, "falloff": "linear", "cooldown": 15.4, "tracking": 235, "mask_radius": 11.9, "needs_target": true, "activation_heat": 93.3, "industrialmarket": {"maxprice": 16251, "minprice": 9390, "silosize": 500}, "activation_energy": 112, "activation_gfx_effect": "basic_dissip_mask"}', '2022-09-10 19:30:11.464144-04', '8d5924d6-ec91-449c-bd3e-f4395887aab6', 'Module for new noob ship for player', '2b8214cd-e419-49da-a92d-de963b3618c2', 1, false);
    INSERT INTO public.items (id, itemtypeid, meta, created, createdby, createdreason, containerid, quantity, ispackaged) VALUES ('e9d926b5-8357-4ec1-98f9-35dfd40130b0', 'f40a5bf6-3124-4e3b-ade5-23a66d38339e', '{"hp": 5, "rack": "b", "range": 2395, "volume": 3, "falloff": "linear", "cooldown": 15.4, "tracking": 235, "mask_radius": 11.9, "needs_target": true, "activation_heat": 93.3, "industrialmarket": {"maxprice": 16251, "minprice": 9390, "silosize": 500}, "activation_energy": 112, "activation_gfx_effect": "basic_dissip_mask"}', '2022-09-10 19:30:11.466361-04', '8d5924d6-ec91-449c-bd3e-f4395887aab6', 'Module for new noob ship for player', '2b8214cd-e419-49da-a92d-de963b3618c2', 1, false);
    INSERT INTO public.items (id, itemtypeid, meta, created, createdby, createdreason, containerid, quantity, ispackaged) VALUES ('9aee7958-9ee3-438d-9a54-fdae25a3c22b', 'efee923f-aff6-41f3-ac45-2effd4fa04ac', '{"hp": 38, "rack": "c", "volume": 4, "heat_sink_add": 6.2, "industrialmarket": {"maxprice": 720, "minprice": 460, "silosize": 1000}}', '2022-09-10 19:30:11.468606-04', '8d5924d6-ec91-449c-bd3e-f4395887aab6', 'Module for new noob ship for player', '2b8214cd-e419-49da-a92d-de963b3618c2', 1, false);
    INSERT INTO public.items (id, itemtypeid, meta, created, createdby, createdreason, containerid, quantity, ispackaged) VALUES ('c5a5c55e-3006-48e1-80b7-15fd1711f9f9', 'f63d176f-82d6-4278-ac31-cbba59c9c19f', '{"hp": 8, "rack": "a", "range": 6408, "volume": 6, "cooldown": 26.5, "flight_time": 6.4, "hull_damage": 430, "armor_damage": 352, "needs_target": true, "shield_damage": 387, "missile_radius": 2.5, "activation_heat": 9.1, "ammunition_name": "LHVM-3", "ammunition_type": "8aa4d28b-e02b-4630-86eb-ab46d0ed7fc7", "fault_tolerance": 0.98, "industrialmarket": {"maxprice": 3881, "minprice": 2215, "silosize": 1000}, "activation_energy": 0.06, "missile_gfx_effect": "lhvm-3", "missile_explosion_effect": "basic_explosion", "missile_explosion_radius": 3.6}', '2022-09-10 19:30:11.485548-04', 'dcb06c61-2cb5-43c4-b84a-b58c7158832e', 'Module for new noob ship for player', 'fe24bab9-f705-4177-b99c-b9da17d9c62f', 1, false);
    INSERT INTO public.items (id, itemtypeid, meta, created, createdby, createdreason, containerid, quantity, ispackaged) VALUES ('cfcf65a2-3a00-4132-8071-c2640a5763cb', 'f63d176f-82d6-4278-ac31-cbba59c9c19f', '{"hp": 8, "rack": "a", "range": 6408, "volume": 6, "cooldown": 26.5, "flight_time": 6.4, "hull_damage": 430, "armor_damage": 352, "needs_target": true, "shield_damage": 387, "missile_radius": 2.5, "activation_heat": 9.1, "ammunition_name": "LHVM-3", "ammunition_type": "8aa4d28b-e02b-4630-86eb-ab46d0ed7fc7", "fault_tolerance": 0.98, "industrialmarket": {"maxprice": 3881, "minprice": 2215, "silosize": 1000}, "activation_energy": 0.06, "missile_gfx_effect": "lhvm-3", "missile_explosion_effect": "basic_explosion", "missile_explosion_radius": 3.6}', '2022-09-10 19:30:11.487538-04', 'dcb06c61-2cb5-43c4-b84a-b58c7158832e', 'Module for new noob ship for player', 'fe24bab9-f705-4177-b99c-b9da17d9c62f', 1, false);
    INSERT INTO public.items (id, itemtypeid, meta, created, createdby, createdreason, containerid, quantity, ispackaged) VALUES ('cea7e89c-6114-4895-a45a-4b456ca2731f', '4a823362-2a91-4871-9a83-ba4e217bd1a7', '{"hp": 10, "rack": "a", "range": 715, "volume": 8, "falloff": "linear", "cooldown": 8.7, "tracking": 220, "needs_target": true, "activation_heat": 22, "industrialmarket": {"maxprice": 7798, "minprice": 6212, "silosize": 1000}, "activation_energy": 5, "energy_siphon_amount": 110, "activation_gfx_effect": "basic_energy_siphon"}', '2022-09-10 19:30:11.489389-04', 'dcb06c61-2cb5-43c4-b84a-b58c7158832e', 'Module for new noob ship for player', 'fe24bab9-f705-4177-b99c-b9da17d9c62f', 1, false);
    INSERT INTO public.items (id, itemtypeid, meta, created, createdby, createdreason, containerid, quantity, ispackaged) VALUES ('a785572a-dc43-4d87-a9c0-31ebc5473f03', '09172710-740c-4d1c-9fc0-43cb62e674e7', '{"hp": 5, "rack": "b", "volume": 4, "cooldown": 7, "needs_target": false, "activation_heat": 65, "industrialmarket": {"maxprice": 650, "minprice": 275, "silosize": 1000}, "activation_energy": 15, "shield_boost_amount": 20, "activation_gfx_effect": "basic_shield_booster"}', '2022-09-10 19:30:11.491192-04', 'dcb06c61-2cb5-43c4-b84a-b58c7158832e', 'Module for new noob ship for player', 'fe24bab9-f705-4177-b99c-b9da17d9c62f', 1, false);
    INSERT INTO public.items (id, itemtypeid, meta, created, createdby, createdreason, containerid, quantity, ispackaged) VALUES ('5a72d3ee-fe4b-4d98-bbf4-6adb2d35ab48', 'f40a5bf6-3124-4e3b-ade5-23a66d38339e', '{"hp": 5, "rack": "b", "range": 2395, "volume": 3, "falloff": "linear", "cooldown": 15.4, "tracking": 235, "mask_radius": 11.9, "needs_target": true, "activation_heat": 93.3, "industrialmarket": {"maxprice": 16251, "minprice": 9390, "silosize": 500}, "activation_energy": 112, "activation_gfx_effect": "basic_dissip_mask"}', '2022-09-10 19:30:11.493469-04', 'dcb06c61-2cb5-43c4-b84a-b58c7158832e', 'Module for new noob ship for player', 'fe24bab9-f705-4177-b99c-b9da17d9c62f', 1, false);
    INSERT INTO public.items (id, itemtypeid, meta, created, createdby, createdreason, containerid, quantity, ispackaged) VALUES ('1d66e29c-41c1-4a0b-a16f-b646f01cb5cd', 'f40a5bf6-3124-4e3b-ade5-23a66d38339e', '{"hp": 5, "rack": "b", "range": 2395, "volume": 3, "falloff": "linear", "cooldown": 15.4, "tracking": 235, "mask_radius": 11.9, "needs_target": true, "activation_heat": 93.3, "industrialmarket": {"maxprice": 16251, "minprice": 9390, "silosize": 500}, "activation_energy": 112, "activation_gfx_effect": "basic_dissip_mask"}', '2022-09-10 19:30:11.495545-04', 'dcb06c61-2cb5-43c4-b84a-b58c7158832e', 'Module for new noob ship for player', 'fe24bab9-f705-4177-b99c-b9da17d9c62f', 1, false);
    INSERT INTO public.items (id, itemtypeid, meta, created, createdby, createdreason, containerid, quantity, ispackaged) VALUES ('feb2664c-a99c-41dd-ae77-5b4600536e32', 'efee923f-aff6-41f3-ac45-2effd4fa04ac', '{"hp": 38, "rack": "c", "volume": 4, "heat_sink_add": 6.2, "industrialmarket": {"maxprice": 720, "minprice": 460, "silosize": 1000}}', '2022-09-10 19:30:11.497567-04', 'dcb06c61-2cb5-43c4-b84a-b58c7158832e', 'Module for new noob ship for player', 'fe24bab9-f705-4177-b99c-b9da17d9c62f', 1, false);

    -- fix current ship ids
    update users set current_shipid = '39268c82-0d55-48ef-89b2-ee9b075846b2' where id =	'66000292-3bf8-43c0-b33b-de549ea54e63';
    update users set current_shipid = 'dc5fc1d5-3982-42e2-8d8a-f1661c8f9568' where id =	'2dd8cfef-f120-4105-9394-089640ca5784';
    update users set current_shipid = 'b3fb5cac-516a-4f6b-afeb-1b7649eda773' where id =	'a9187f54-ed93-48e7-a72d-dd716f5f6b57';
    update users set current_shipid = '87e15cc5-fbcf-4de2-9dae-45f0ff1067ed' where id =	'9dfa741b-fcbf-4db4-94dc-278438509933';
    update users set current_shipid = 'e1c5fa5e-210c-4023-bf2e-8d624756e7fd' where id =	'781f793e-5637-45dd-b9ef-965386c16627';
    update users set current_shipid = '9b5deeff-38ac-4a33-9313-082d013ba000' where id =	'057de582-c0a0-48fe-b6f0-2601a9d5869f';
    update users set current_shipid = '952233a6-7779-40ce-8b64-d71b488b1d90' where id =	'8d5924d6-ec91-449c-bd3e-f4395887aab6';
    update users set current_shipid = 'a2e0c1a7-136f-4785-81c9-13f3ba4f17a6' where id =	'dcb06c61-2cb5-43c4-b84a-b58c7158832e';
