-- item family
INSERT INTO public.itemfamilies (id, friendlyname, meta) VALUES ('utility_add', 'Area Denial Device', '{}');

-- item types
INSERT INTO public.itemtypes (id, family, name, meta) VALUES ('c59844a1-25c7-4f29-a851-ae25077781ca', 'utility_add', 'Small Negative Field Generator', '{"hp": 38, "rack": "a", "range": 1975, "volume": 32, "falloff": "linear", "cooldown": 5.7, "hull_damage": 1.5, "armor_damage": 0.9, "needs_target": false, "shield_damage": 35.3, "activation_heat": 212, "industrialmarket": {"maxprice": 37978, "minprice": 19450, "silosize": 1000}, "activation_energy": 205, "energy_siphon_amount": 213, "activation_gfx_effect": "small_add_negative", "missile_destruction_chance": 0.19}');
INSERT INTO public.itemtypes (id, family, name, meta) VALUES ('a4c0f0cd-d8be-42eb-b80c-0ebc11f0c64d', 'utility_add', 'Small Thermal Field Generator', '{"hp": 42, "rack": "a", "range": 1868, "volume": 35, "falloff": "linear", "cooldown": 3.9, "heat_damage": 515, "hull_damage": 28.7, "armor_damage": 22.9, "needs_target": false, "shield_damage": 8.4, "activation_heat": 517, "industrialmarket": {"maxprice": 28433, "minprice": 15791, "silosize": 1000}, "activation_energy": 311, "activation_gfx_effect": "small_add_thermal", "missile_destruction_chance": 0.45}');
INSERT INTO public.itemtypes (id, family, name, meta) VALUES ('30928542-bd58-404a-ba1c-3286424f17b3', 'utility_add', 'Small Aether Field Generator', '{"hp": 23, "rack": "a", "range": 2256, "volume": 37, "falloff": "linear", "cooldown": 8.1, "hull_damage": 0.2, "armor_damage": 0.1, "needs_target": false, "shield_damage": 17.7, "activation_heat": 117, "drag_multiplier": 3.7, "industrialmarket": {"maxprice": 84701, "minprice": 62309, "silosize": 1000}, "activation_energy": 128, "activation_gfx_effect": "small_add_aether", "missile_destruction_chance": 0.08}');
INSERT INTO public.itemtypes (id, family, name, meta) VALUES ('4ae3ee82-70be-47a7-9e7a-c7b45ea58718', 'utility_add', 'Small Kinetic Field Generator', '{"hp": 33, "rack": "a", "range": 2010, "volume": 33, "falloff": "linear", "cooldown": 7.2, "hull_damage": 450, "armor_damage": 395, "needs_target": false, "shield_damage": 91, "activation_heat": 356, "industrialmarket": {"maxprice": 56813, "minprice": 34707, "silosize": 1000}, "activation_energy": 388, "activation_gfx_effect": "small_add_kinetic", "missile_destruction_chance": 0.92}');
INSERT INTO public.itemtypes (id, family, name, meta) VALUES ('a802efad-214a-4bf3-b5e2-618f2040bf57', 'schematic', 'Small Thermal Field Generator Schematic', '{"industrialmarket": {"maxprice": 290299, "minprice": 48714, "silosize": 100, "process_id": "2f782502-00c2-40a3-97ac-eb10933f1a39"}}');
INSERT INTO public.itemtypes (id, family, name, meta) VALUES ('6845f82d-3dd5-401b-aa6b-74ceae77b671', 'schematic', 'Small Negative Field Generator Schematic', '{"industrialmarket": {"maxprice": 595990, "minprice": 246826, "silosize": 100, "process_id": "5038a03f-69da-489a-a788-b0430d2934bd"}}');
INSERT INTO public.itemtypes (id, family, name, meta) VALUES ('f86a819a-a446-4ebd-94e4-ebb24a8869e1', 'schematic', 'Small Kinetic Field Generator Schematic', '{"industrialmarket": {"maxprice": 581198, "minprice": 251125, "silosize": 100, "process_id": "2426f1eb-ff20-442c-a82e-0a1d4aa0bd5e"}}');
INSERT INTO public.itemtypes (id, family, name, meta) VALUES ('b4c83e14-7329-412a-8db3-eed57afbb73c', 'schematic', 'Small Aether Field Generator Schematic', '{"industrialmarket": {"maxprice": 237200, "minprice": 92953, "silosize": 100, "process_id": "f2e8b77f-5805-40f0-b839-545bde9ed137"}}');

-- processes
INSERT INTO public.processes (id, name, meta, "time") VALUES ('2426f1eb-ff20-442c-a82e-0a1d4aa0bd5e', 'Make Small Kinetic Field Generator', '{}', 1376);
INSERT INTO public.processes (id, name, meta, "time") VALUES ('598c2807-6426-4990-9040-22e26956a707', 'Small Kinetic Field Generator Sink [wm]', '{}', 1370);
INSERT INTO public.processes (id, name, meta, "time") VALUES ('50e1cf35-5031-45aa-a64e-42231d06b81b', 'Small Kinetic Field Generator Schematic Faucet [wm]', '{}', 9865);
INSERT INTO public.processes (id, name, meta, "time") VALUES ('38d3a351-fc88-4b16-b5c7-0ea04a6ccc8a', 'Small Kinetic Field Generator Schematic Sink [wm]', '{}', 6542);
INSERT INTO public.processes (id, name, meta, "time") VALUES ('f2e8b77f-5805-40f0-b839-545bde9ed137', 'Make Small Aether Field Generator', '{}', 463);
INSERT INTO public.processes (id, name, meta, "time") VALUES ('651366e4-af0e-4ee3-a1fa-17648556259d', 'Small Aether Field Generator Sink [wm]', '{}', 623);
INSERT INTO public.processes (id, name, meta, "time") VALUES ('8eca7ee6-cc59-4d26-8634-bd03b54af269', 'Small Aether Field Generator Schematic Faucet [wm]', '{}', 3551);
INSERT INTO public.processes (id, name, meta, "time") VALUES ('2294eb57-8ce2-450b-85b8-1986f40e56aa', 'Small Aether Field Generator Schematic Sink [wm]', '{}', 2950);
INSERT INTO public.processes (id, name, meta, "time") VALUES ('2f782502-00c2-40a3-97ac-eb10933f1a39', 'Make Small Thermal Field Generator', '{}', 1556);
INSERT INTO public.processes (id, name, meta, "time") VALUES ('a28f6142-1990-447e-9cf0-70899d7662d6', 'Small Thermal Field Generator Sink [wm]', '{}', 842);
INSERT INTO public.processes (id, name, meta, "time") VALUES ('f8c82844-3b41-4344-aff7-95438937f07d', 'Small Thermal Field Generator Schematic Faucet [wm]', '{}', 3614);
INSERT INTO public.processes (id, name, meta, "time") VALUES ('4870d77c-34fa-41dd-a6f0-a75408419f39', 'Small Thermal Field Generator Schematic Sink [wm]', '{}', 10550);
INSERT INTO public.processes (id, name, meta, "time") VALUES ('5038a03f-69da-489a-a788-b0430d2934bd', 'Make Small Negative Field Generator', '{}', 2600);
INSERT INTO public.processes (id, name, meta, "time") VALUES ('d307c550-3093-4131-bf5c-8a0710e89d00', 'Small Negative Field Generator Sink [wm]', '{}', 1743);
INSERT INTO public.processes (id, name, meta, "time") VALUES ('0907e7b1-7f26-44de-9752-d83653563f9d', 'Small Negative Field Generator Schematic Faucet [wm]', '{}', 8270);
INSERT INTO public.processes (id, name, meta, "time") VALUES ('615ff61c-2363-490c-a47f-6e9fd535e6f8', 'Small Negative Field Generator Schematic Sink [wm]', '{}', 9746);

-- process inputs
INSERT INTO public.processinputs (id, itemtypeid, quantity, meta, processid) VALUES ('13b2c7a3-fd97-412d-9be5-59ad15251956', 'a802efad-214a-4bf3-b5e2-618f2040bf57', 7, '{}', '4870d77c-34fa-41dd-a6f0-a75408419f39');
INSERT INTO public.processinputs (id, itemtypeid, quantity, meta, processid) VALUES ('817aa437-08e0-4923-84ed-c3ae80c55c0b', 'a4c0f0cd-d8be-42eb-b80c-0ebc11f0c64d', 80, '{}', 'a28f6142-1990-447e-9cf0-70899d7662d6');
INSERT INTO public.processinputs (id, itemtypeid, quantity, meta, processid) VALUES ('858dfc8a-6c4a-4a57-871c-bd4abaf16c2e', '11688112-f3d4-4d30-864a-684a8b96ea23', 58, '{}', '2f782502-00c2-40a3-97ac-eb10933f1a39');
INSERT INTO public.processinputs (id, itemtypeid, quantity, meta, processid) VALUES ('66462767-b858-4965-bf82-618ade34acf0', '56617d30-6c30-425c-84bf-2484ae8c1156', 59, '{}', '2f782502-00c2-40a3-97ac-eb10933f1a39');
INSERT INTO public.processinputs (id, itemtypeid, quantity, meta, processid) VALUES ('0aaaef7e-3bdf-4262-a58e-8fc2f75300fc', '61f52ba3-654b-45cf-88e3-33399d12350d', 55, '{}', '2f782502-00c2-40a3-97ac-eb10933f1a39');
INSERT INTO public.processinputs (id, itemtypeid, quantity, meta, processid) VALUES ('9dfd25f0-5207-4002-9e25-d54f515675a9', '24800206-2c58-45b0-8238-81974d0ebb3b', 5543, '{}', '2f782502-00c2-40a3-97ac-eb10933f1a39');
INSERT INTO public.processinputs (id, itemtypeid, quantity, meta, processid) VALUES ('0f03f59c-a51d-42e9-8a06-e77a6c90ff34', '26a3fc9e-db2f-439d-a929-ba755d11d09c', 54, '{}', '2f782502-00c2-40a3-97ac-eb10933f1a39');
INSERT INTO public.processinputs (id, itemtypeid, quantity, meta, processid) VALUES ('8654786d-fe35-4570-a28b-141265920eca', '0cd04eea-a150-410c-91eb-6af00d8c6eae', 55, '{}', '2f782502-00c2-40a3-97ac-eb10933f1a39');
INSERT INTO public.processinputs (id, itemtypeid, quantity, meta, processid) VALUES ('28cceb01-601a-40b6-b9f7-9f710330934a', '2ce48bef-f06b-4550-b20c-0e64864db051', 50, '{}', '2f782502-00c2-40a3-97ac-eb10933f1a39');
INSERT INTO public.processinputs (id, itemtypeid, quantity, meta, processid) VALUES ('c8c34643-4e32-4104-a9c5-89ac658bf1f5', '1d0d344b-ef28-43c8-a7a6-3275936b2dea', 55, '{}', '2f782502-00c2-40a3-97ac-eb10933f1a39');
INSERT INTO public.processinputs (id, itemtypeid, quantity, meta, processid) VALUES ('e16eea9c-1ff8-487a-bb29-5295bbdde515', 'dd522f03-2f52-4e82-b2f8-d7e0029cb82f', 237, '{}', '2f782502-00c2-40a3-97ac-eb10933f1a39');
INSERT INTO public.processinputs (id, itemtypeid, quantity, meta, processid) VALUES ('3cd3c5b6-f58a-4575-b657-5cd28bea6d13', '6845f82d-3dd5-401b-aa6b-74ceae77b671', 8, '{}', '615ff61c-2363-490c-a47f-6e9fd535e6f8');
INSERT INTO public.processinputs (id, itemtypeid, quantity, meta, processid) VALUES ('6fa7f303-56ff-47b8-908c-e9c5a85420a0', 'c59844a1-25c7-4f29-a851-ae25077781ca', 27, '{}', 'd307c550-3093-4131-bf5c-8a0710e89d00');
INSERT INTO public.processinputs (id, itemtypeid, quantity, meta, processid) VALUES ('3e73d1a2-8f07-4e33-b9e5-51f700503698', 'dd0c9b0a-279e-418e-b3b6-2f569fda0186', 49, '{}', '5038a03f-69da-489a-a788-b0430d2934bd');
INSERT INTO public.processinputs (id, itemtypeid, quantity, meta, processid) VALUES ('aeae7819-4d54-40d8-8998-9f9d4656323a', '2ce48bef-f06b-4550-b20c-0e64864db051', 50, '{}', '5038a03f-69da-489a-a788-b0430d2934bd');
INSERT INTO public.processinputs (id, itemtypeid, quantity, meta, processid) VALUES ('fb35d362-949a-4739-877b-cfe5115f8e67', '11688112-f3d4-4d30-864a-684a8b96ea23', 47, '{}', '5038a03f-69da-489a-a788-b0430d2934bd');
INSERT INTO public.processinputs (id, itemtypeid, quantity, meta, processid) VALUES ('6ef2806e-0af4-4fbd-a94d-7732a63f1ae4', 'dd522f03-2f52-4e82-b2f8-d7e0029cb82f', 175, '{}', '5038a03f-69da-489a-a788-b0430d2934bd');
INSERT INTO public.processinputs (id, itemtypeid, quantity, meta, processid) VALUES ('c18c014b-dea7-4426-bbad-92bda9ca8087', '24800206-2c58-45b0-8238-81974d0ebb3b', 5252, '{}', '5038a03f-69da-489a-a788-b0430d2934bd');
INSERT INTO public.processinputs (id, itemtypeid, quantity, meta, processid) VALUES ('6a0119cd-16e6-49e1-b94a-7d6449168f48', '56617d30-6c30-425c-84bf-2484ae8c1156', 40, '{}', '5038a03f-69da-489a-a788-b0430d2934bd');
INSERT INTO public.processinputs (id, itemtypeid, quantity, meta, processid) VALUES ('cdfe2f30-ff1a-4ab6-98b8-edc42c94d71e', '26a3fc9e-db2f-439d-a929-ba755d11d09c', 42, '{}', '5038a03f-69da-489a-a788-b0430d2934bd');
INSERT INTO public.processinputs (id, itemtypeid, quantity, meta, processid) VALUES ('7794bd8d-4c2f-4084-ba7a-4791fea77c70', '61f52ba3-654b-45cf-88e3-33399d12350d', 37, '{}', '5038a03f-69da-489a-a788-b0430d2934bd');
INSERT INTO public.processinputs (id, itemtypeid, quantity, meta, processid) VALUES ('18c7762b-0c2b-4cc5-8124-1e3274c3c9c4', '39b8eedf-ef80-4c29-a4bf-99abc4d84fa6', 47, '{}', '5038a03f-69da-489a-a788-b0430d2934bd');
INSERT INTO public.processinputs (id, itemtypeid, quantity, meta, processid) VALUES ('5862d738-9449-46d3-bf57-0e4ec208ea16', 'f86a819a-a446-4ebd-94e4-ebb24a8869e1', 7, '{}', '38d3a351-fc88-4b16-b5c7-0ea04a6ccc8a');
INSERT INTO public.processinputs (id, itemtypeid, quantity, meta, processid) VALUES ('a8c5ea19-6f16-4cae-ad27-d88423e28812', '4ae3ee82-70be-47a7-9e7a-c7b45ea58718', 26, '{}', '598c2807-6426-4990-9040-22e26956a707');
INSERT INTO public.processinputs (id, itemtypeid, quantity, meta, processid) VALUES ('66ecdf34-2c71-4153-91fd-087535a1a894', 'dd522f03-2f52-4e82-b2f8-d7e0029cb82f', 428, '{}', '2426f1eb-ff20-442c-a82e-0a1d4aa0bd5e');
INSERT INTO public.processinputs (id, itemtypeid, quantity, meta, processid) VALUES ('cebe0f7b-b235-452c-b379-11a403952206', '242d0904-a631-4c2d-bb24-94329e7a81d8', 109, '{}', '2426f1eb-ff20-442c-a82e-0a1d4aa0bd5e');
INSERT INTO public.processinputs (id, itemtypeid, quantity, meta, processid) VALUES ('95e0f323-102a-4a5b-a662-936c8c11905b', '24800206-2c58-45b0-8238-81974d0ebb3b', 8434, '{}', '2426f1eb-ff20-442c-a82e-0a1d4aa0bd5e');
INSERT INTO public.processinputs (id, itemtypeid, quantity, meta, processid) VALUES ('54e1fcc9-6faf-4941-828a-0d7871131c4d', '7dcd5138-d7e0-419f-867a-6f0f23b99b5b', 101, '{}', '2426f1eb-ff20-442c-a82e-0a1d4aa0bd5e');
INSERT INTO public.processinputs (id, itemtypeid, quantity, meta, processid) VALUES ('50183f6b-c2ab-42d3-b685-f9bf2e53157a', '26a3fc9e-db2f-439d-a929-ba755d11d09c', 104, '{}', '2426f1eb-ff20-442c-a82e-0a1d4aa0bd5e');
INSERT INTO public.processinputs (id, itemtypeid, quantity, meta, processid) VALUES ('bd4c7b6f-48a7-4995-8aa0-643f5696059b', 'df13b7cf-3019-4f8e-8933-c9f25d4ff941', 110, '{}', '2426f1eb-ff20-442c-a82e-0a1d4aa0bd5e');
INSERT INTO public.processinputs (id, itemtypeid, quantity, meta, processid) VALUES ('fa753cec-a31b-44f6-8cf2-57564f8c54f4', 'dd0c9b0a-279e-418e-b3b6-2f569fda0186', 104, '{}', '2426f1eb-ff20-442c-a82e-0a1d4aa0bd5e');
INSERT INTO public.processinputs (id, itemtypeid, quantity, meta, processid) VALUES ('74b72da0-8102-4c18-91b0-0f8355f288be', '2ce48bef-f06b-4550-b20c-0e64864db051', 110, '{}', '2426f1eb-ff20-442c-a82e-0a1d4aa0bd5e');
INSERT INTO public.processinputs (id, itemtypeid, quantity, meta, processid) VALUES ('afad92ba-7423-4fa2-8cf3-1b737220ce8d', 'b4c83e14-7329-412a-8db3-eed57afbb73c', 8, '{}', '2294eb57-8ce2-450b-85b8-1986f40e56aa');
INSERT INTO public.processinputs (id, itemtypeid, quantity, meta, processid) VALUES ('5ff33b5d-e8cb-4c57-bad5-b6f8c6f32571', '30928542-bd58-404a-ba1c-3286424f17b3', 15, '{}', '651366e4-af0e-4ee3-a1fa-17648556259d');
INSERT INTO public.processinputs (id, itemtypeid, quantity, meta, processid) VALUES ('de59e485-71c3-4f64-84b0-bf4cc366d23e', '39b8eedf-ef80-4c29-a4bf-99abc4d84fa6', 45, '{}', 'f2e8b77f-5805-40f0-b839-545bde9ed137');
INSERT INTO public.processinputs (id, itemtypeid, quantity, meta, processid) VALUES ('6afcf582-c214-47fd-9fe7-0d9d0e0c7d92', 'dd0c9b0a-279e-418e-b3b6-2f569fda0186', 34, '{}', 'f2e8b77f-5805-40f0-b839-545bde9ed137');
INSERT INTO public.processinputs (id, itemtypeid, quantity, meta, processid) VALUES ('cd1e1b1f-acc2-4661-8c60-2fe3cd4c3c16', '2ce48bef-f06b-4550-b20c-0e64864db051', 42, '{}', 'f2e8b77f-5805-40f0-b839-545bde9ed137');
INSERT INTO public.processinputs (id, itemtypeid, quantity, meta, processid) VALUES ('561f936d-041d-4f01-b990-176d69df75c3', '0cd04eea-a150-410c-91eb-6af00d8c6eae', 28, '{}', 'f2e8b77f-5805-40f0-b839-545bde9ed137');
INSERT INTO public.processinputs (id, itemtypeid, quantity, meta, processid) VALUES ('96b9adf3-151d-4c19-9448-8fd473149c53', 'dd522f03-2f52-4e82-b2f8-d7e0029cb82f', 143, '{}', 'f2e8b77f-5805-40f0-b839-545bde9ed137');
INSERT INTO public.processinputs (id, itemtypeid, quantity, meta, processid) VALUES ('650bf4d9-e48f-4fef-b068-662fea67cfb1', '24800206-2c58-45b0-8238-81974d0ebb3b', 3029, '{}', 'f2e8b77f-5805-40f0-b839-545bde9ed137');

-- process outputs
INSERT INTO public.processoutputs (id, itemtypeid, quantity, meta, processid) VALUES ('fd319efe-918b-4311-8cb9-164167d7ef49', 'a802efad-214a-4bf3-b5e2-618f2040bf57', 1, '{}', 'f8c82844-3b41-4344-aff7-95438937f07d');
INSERT INTO public.processoutputs (id, itemtypeid, quantity, meta, processid) VALUES ('e4fb3060-c4aa-4935-9285-458339b8bebf', '5c1049c4-f631-4066-9f2a-b0798b2c4399', 5543, '{}', '2f782502-00c2-40a3-97ac-eb10933f1a39');
INSERT INTO public.processoutputs (id, itemtypeid, quantity, meta, processid) VALUES ('00aea340-724d-4d65-b44b-94349119e5e2', 'a4c0f0cd-d8be-42eb-b80c-0ebc11f0c64d', 65, '{}', '2f782502-00c2-40a3-97ac-eb10933f1a39');
INSERT INTO public.processoutputs (id, itemtypeid, quantity, meta, processid) VALUES ('2614a5cd-6bb4-41da-b785-95cca24d5ce8', '6845f82d-3dd5-401b-aa6b-74ceae77b671', 9, '{}', '0907e7b1-7f26-44de-9752-d83653563f9d');
INSERT INTO public.processoutputs (id, itemtypeid, quantity, meta, processid) VALUES ('5e9236cc-206f-4c2f-b7c4-52899641ea27', '5c1049c4-f631-4066-9f2a-b0798b2c4399', 5252, '{}', '5038a03f-69da-489a-a788-b0430d2934bd');
INSERT INTO public.processoutputs (id, itemtypeid, quantity, meta, processid) VALUES ('df880e00-7e93-4dfb-a648-f2ad3c45d84a', 'c59844a1-25c7-4f29-a851-ae25077781ca', 50, '{}', '5038a03f-69da-489a-a788-b0430d2934bd');
INSERT INTO public.processoutputs (id, itemtypeid, quantity, meta, processid) VALUES ('f9bc53dc-4dcc-4525-a57e-efb9d6d67529', 'f86a819a-a446-4ebd-94e4-ebb24a8869e1', 6, '{}', '50e1cf35-5031-45aa-a64e-42231d06b81b');
INSERT INTO public.processoutputs (id, itemtypeid, quantity, meta, processid) VALUES ('2001ab22-4541-4930-bd06-3dd3a44fc810', '5c1049c4-f631-4066-9f2a-b0798b2c4399', 8434, '{}', '2426f1eb-ff20-442c-a82e-0a1d4aa0bd5e');
INSERT INTO public.processoutputs (id, itemtypeid, quantity, meta, processid) VALUES ('71a55b4a-8788-49ec-8896-06b07c9c5c57', '4ae3ee82-70be-47a7-9e7a-c7b45ea58718', 45, '{}', '2426f1eb-ff20-442c-a82e-0a1d4aa0bd5e');
INSERT INTO public.processoutputs (id, itemtypeid, quantity, meta, processid) VALUES ('f3dd96d6-93d1-47e6-97fb-ec702fb6a3ff', 'b4c83e14-7329-412a-8db3-eed57afbb73c', 2, '{}', '8eca7ee6-cc59-4d26-8634-bd03b54af269');
INSERT INTO public.processoutputs (id, itemtypeid, quantity, meta, processid) VALUES ('4b192d6e-86a1-4749-a65b-29405b8b4831', '5c1049c4-f631-4066-9f2a-b0798b2c4399', 3029, '{}', 'f2e8b77f-5805-40f0-b839-545bde9ed137');
INSERT INTO public.processoutputs (id, itemtypeid, quantity, meta, processid) VALUES ('5f828a51-0c99-48fe-b775-10cc35a19a05', '30928542-bd58-404a-ba1c-3286424f17b3', 9, '{}', 'f2e8b77f-5805-40f0-b839-545bde9ed137');
