-- battlecruiser ship type for future use
INSERT INTO public.shiptypes (id, name) VALUES ('5b971c58-cec9-47e9-975a-ccc45977d967', 'Battlecruiser');

-- item types
INSERT INTO public.itemtypes (id, family, name, meta) VALUES ('04a3b923-3b47-4cad-b93d-57c8831723b9', 'ship', 'Kea', '{"volume": 40000, "shiptemplateid": "211646ef-a445-4e5d-b3e1-708b7a1d4817", "industrialmarket": {"maxprice": 9860453, "minprice": 2705401, "silosize": 250}}');
INSERT INTO public.itemtypes (id, family, name, meta) VALUES ('505d4a75-5bf9-4e33-abda-b39d77aef060', 'ship', 'Skink', '{"volume": 42509, "shiptemplateid": "754743cf-d534-4d6f-a46a-6d0e94d62d69", "industrialmarket": {"maxprice": 6932250, "minprice": 2072535, "silosize": 250}}');
INSERT INTO public.itemtypes (id, family, name, meta) VALUES ('68f2f340-9d70-486a-8c07-932c6625d1eb', 'ship', 'Kudu', '{"volume": 39211, "shiptemplateid": "baa7d3dd-4261-43d7-94b5-d9e058e03b5d", "industrialmarket": {"maxprice": 9556800, "minprice": 3141600, "silosize": 250}}');
INSERT INTO public.itemtypes (id, family, name, meta) VALUES ('5ea74809-8fad-4544-86b7-a3cfc98f924c', 'ship', 'Spook', '{"volume": 41781, "shiptemplateid": "472151e7-7a53-47af-a16f-7eb4f4d7776d", "industrialmarket": {"maxprice": 9619406, "minprice": 3168375, "silosize": 250}}');

-- ship templates
INSERT INTO public.shiptemplates (id, created, shiptemplatename, texture, radius, baseaccel, basemass, baseturn, baseshield, baseshieldregen, basearmor, basehull, basefuel, baseheatcap, baseheatsink, baseenergy, baseenergyregen, shiptypeid, slotlayout, basecargobayvolume, itemtypeid, canundock, wrecktexture, explosiontexture) VALUES ('754743cf-d534-4d6f-a46a-6d0e94d62d69', '2022-12-05 12:37:14.083022-05', 'Skink', 'Skink', 65, 2.9, 14355, 3.1, 1220, 12, 6790, 2283, 4389, 4137, 85, 1441, 58, 'b6be8bdb-37d4-4899-9092-0c5c1901ed62', '{"a_slots": [{"hp_pos": [-15, 45], "volume": 80, "mod_family": "missile"}, {"hp_pos": [-14, 0], "volume": 80, "mod_family": "missile"}, {"hp_pos": [-15, -45], "volume": 80, "mod_family": "missile"}, {"hp_pos": [-15, -25], "volume": 80, "mod_family": "missile"}, {"hp_pos": [-10, 20], "volume": 90, "mod_family": "utility"}, {"hp_pos": [10, 0], "volume": 90, "mod_family": "utility"}], "b_slots": [{"hp_pos": [0, 0], "volume": 60, "mod_family": "any"}, {"hp_pos": [0, 0], "volume": 60, "mod_family": "any"}, {"hp_pos": [0, 0], "volume": 60, "mod_family": "any"}], "c_slots": [{"hp_pos": [0, 0], "volume": 70, "mod_family": "any"}, {"hp_pos": [0, 0], "volume": 70, "mod_family": "any"}, {"hp_pos": [0, 0], "volume": 70, "mod_family": "any"}, {"hp_pos": [0, 0], "volume": 70, "mod_family": "any"}, {"hp_pos": [0, 0], "volume": 70, "mod_family": "any"}]}', 795, '505d4a75-5bf9-4e33-abda-b39d77aef060', true, 'basic-wreck', 'basic_explosion');
INSERT INTO public.shiptemplates (id, created, shiptemplatename, texture, radius, baseaccel, basemass, baseturn, baseshield, baseshieldregen, basearmor, basehull, basefuel, baseheatcap, baseheatsink, baseenergy, baseenergyregen, shiptypeid, slotlayout, basecargobayvolume, itemtypeid, canundock, wrecktexture, explosiontexture) VALUES ('211646ef-a445-4e5d-b3e1-708b7a1d4817', '2022-12-05 12:32:51.536634-05', 'Kea', 'Kea', 56, 3.2, 6900, 3.6, 3375, 49, 2713, 2165, 4166, 5896, 83, 1439, 72, 'b6be8bdb-37d4-4899-9092-0c5c1901ed62', '{"a_slots": [{"hp_pos": [15, 0], "volume": 80, "mod_family": "gun"}, {"hp_pos": [10, 0], "volume": 80, "mod_family": "gun"}, {"hp_pos": [5, 0], "volume": 80, "mod_family": "gun"}, {"hp_pos": [20, 0], "volume": 80, "mod_family": "gun"}, {"hp_pos": [-15, 45], "volume": 80, "mod_family": "utility"}, {"hp_pos": [-15, -45], "volume": 80, "mod_family": "utility"}], "b_slots": [{"hp_pos": [0, 0], "volume": 70, "mod_family": "any"}, {"hp_pos": [0, 0], "volume": 70, "mod_family": "any"}, {"hp_pos": [0, 0], "volume": 70, "mod_family": "any"}, {"hp_pos": [0, 0], "volume": 70, "mod_family": "any"}], "c_slots": [{"hp_pos": [0, 0], "volume": 50, "mod_family": "any"}, {"hp_pos": [0, 0], "volume": 50, "mod_family": "any"}, {"hp_pos": [0, 0], "volume": 50, "mod_family": "any"}, {"hp_pos": [0, 0], "volume": 50, "mod_family": "any"}]}', 480, '04a3b923-3b47-4cad-b93d-57c8831723b9', true, 'basic-wreck', 'basic_explosion');
INSERT INTO public.shiptemplates (id, created, shiptemplatename, texture, radius, baseaccel, basemass, baseturn, baseshield, baseshieldregen, basearmor, basehull, basefuel, baseheatcap, baseheatsink, baseenergy, baseenergyregen, shiptypeid, slotlayout, basecargobayvolume, itemtypeid, canundock, wrecktexture, explosiontexture) VALUES ('472151e7-7a53-47af-a16f-7eb4f4d7776d', '2022-12-05 12:47:42.284319-05', 'Spook', 'Spook', 63, 3, 8957, 3.3, 3139, 41, 3095, 2154, 993, 9187, 92, 1575, 73, 'b6be8bdb-37d4-4899-9092-0c5c1901ed62', '{"a_slots": [{"hp_pos": [10, 0], "volume": 80, "mod_family": "gun"}, {"hp_pos": [5, 0], "volume": 80, "mod_family": "gun"}, {"hp_pos": [0, 0], "volume": 80, "mod_family": "gun"}, {"hp_pos": [15, 0], "volume": 80, "mod_family": "gun"}, {"hp_pos": [-5, 0], "volume": 80, "mod_family": "utility"}, {"hp_pos": [-10, 0], "volume": 80, "mod_family": "utility"}], "b_slots": [{"hp_pos": [0, 0], "volume": 70, "mod_family": "any"}, {"hp_pos": [0, 0], "volume": 70, "mod_family": "any"}, {"hp_pos": [0, 0], "volume": 70, "mod_family": "any"}, {"hp_pos": [0, 0], "volume": 70, "mod_family": "any"}], "c_slots": [{"hp_pos": [0, 0], "volume": 60, "mod_family": "any"}, {"hp_pos": [0, 0], "volume": 60, "mod_family": "any"}, {"hp_pos": [0, 0], "volume": 60, "mod_family": "any"}, {"hp_pos": [0, 0], "volume": 60, "mod_family": "any"}]}', 465, '5ea74809-8fad-4544-86b7-a3cfc98f924c', true, 'basic-wreck', 'basic_explosion');
INSERT INTO public.shiptemplates (id, created, shiptemplatename, texture, radius, baseaccel, basemass, baseturn, baseshield, baseshieldregen, basearmor, basehull, basefuel, baseheatcap, baseheatsink, baseenergy, baseenergyregen, shiptypeid, slotlayout, basecargobayvolume, itemtypeid, canundock, wrecktexture, explosiontexture) VALUES ('baa7d3dd-4261-43d7-94b5-d9e058e03b5d', '2022-12-05 12:41:21.347976-05', 'Kudu', 'Kudu', 60, 3.5, 5940, 4, 6917, 82, 2145, 1422, 5105, 5097, 73, 1466, 70, 'b6be8bdb-37d4-4899-9092-0c5c1901ed62', '{"a_slots": [{"hp_pos": [10, 45], "volume": 80, "mod_family": "missile"}, {"hp_pos": [10, -45], "volume": 80, "mod_family": "missile"}, {"hp_pos": [-10, 45], "volume": 80, "mod_family": "missile"}, {"hp_pos": [-10, -45], "volume": 80, "mod_family": "missile"}, {"hp_pos": [-5, 0], "volume": 70, "mod_family": "utility"}, {"hp_pos": [5, 0], "volume": 70, "mod_family": "utility"}], "b_slots": [{"hp_pos": [0, 0], "volume": 100, "mod_family": "any"}, {"hp_pos": [0, 0], "volume": 100, "mod_family": "any"}, {"hp_pos": [0, 0], "volume": 80, "mod_family": "any"}, {"hp_pos": [0, 0], "volume": 80, "mod_family": "any"}, {"hp_pos": [0, 0], "volume": 60, "mod_family": "any"}], "c_slots": [{"hp_pos": [0, 0], "volume": 55, "mod_family": "any"}, {"hp_pos": [0, 0], "volume": 55, "mod_family": "any"}, {"hp_pos": [0, 0], "volume": 55, "mod_family": "any"}]}', 321, '68f2f340-9d70-486a-8c07-932c6625d1eb', true, 'basic-wreck', 'basic_explosion');

-- fair processes
INSERT INTO public.processes (id, name, meta, "time") VALUES ('bf8b9fc9-d97c-428c-b505-0ea8e8ce0fbd', 'Make Kea', '{}', 52779);
INSERT INTO public.processes (id, name, meta, "time") VALUES ('cd580f36-8b1e-48d2-8544-984f4354e1d3', 'Make Skink', '{}', 42047);
INSERT INTO public.processes (id, name, meta, "time") VALUES ('9208d647-d724-40cf-9357-5ffdb657f0e0', 'Make Kudu', '{}', 60006);
INSERT INTO public.processes (id, name, meta, "time") VALUES ('b3cbf272-b651-4925-93f1-13615a77117f', 'Make Spook', '{}', 65053);

-- process inputs
INSERT INTO public.processinputs (id, itemtypeid, quantity, meta, processid) VALUES ('da1adf92-0061-4ad8-a30b-856a6197143f', '61f52ba3-654b-45cf-88e3-33399d12350d', 483, '{}', 'bf8b9fc9-d97c-428c-b505-0ea8e8ce0fbd');
INSERT INTO public.processinputs (id, itemtypeid, quantity, meta, processid) VALUES ('44f5e0ad-48f2-4c9c-a708-26754a373b77', '24800206-2c58-45b0-8238-81974d0ebb3b', 7098, '{}', 'bf8b9fc9-d97c-428c-b505-0ea8e8ce0fbd');
INSERT INTO public.processinputs (id, itemtypeid, quantity, meta, processid) VALUES ('38e671cb-a1fd-4799-991c-3a21a05410be', '66b7a322-8cfc-4467-9410-492e6b58f159', 350, '{}', 'bf8b9fc9-d97c-428c-b505-0ea8e8ce0fbd');
INSERT INTO public.processinputs (id, itemtypeid, quantity, meta, processid) VALUES ('9b4d3685-9b3d-4868-a84b-1098595cd267', '1d0d344b-ef28-43c8-a7a6-3275936b2dea', 322, '{}', 'bf8b9fc9-d97c-428c-b505-0ea8e8ce0fbd');
INSERT INTO public.processinputs (id, itemtypeid, quantity, meta, processid) VALUES ('7a67e378-bc24-455a-9044-484aee156948', 'dd0c9b0a-279e-418e-b3b6-2f569fda0186', 392, '{}', 'bf8b9fc9-d97c-428c-b505-0ea8e8ce0fbd');
INSERT INTO public.processinputs (id, itemtypeid, quantity, meta, processid) VALUES ('5ea65e63-8f95-4e02-a3fa-2774fd94c3c4', 'dd522f03-2f52-4e82-b2f8-d7e0029cb82f', 1533, '{}', 'bf8b9fc9-d97c-428c-b505-0ea8e8ce0fbd');
INSERT INTO public.processinputs (id, itemtypeid, quantity, meta, processid) VALUES ('ca8f2c67-f929-4437-ba74-b1dcda676624', '0cd04eea-a150-410c-91eb-6af00d8c6eae', 364, '{}', 'bf8b9fc9-d97c-428c-b505-0ea8e8ce0fbd');
INSERT INTO public.processinputs (id, itemtypeid, quantity, meta, processid) VALUES ('8b92046b-c162-4a66-a830-59fa8dc0b04e', '26a3fc9e-db2f-439d-a929-ba755d11d09c', 336, '{}', 'bf8b9fc9-d97c-428c-b505-0ea8e8ce0fbd');
INSERT INTO public.processinputs (id, itemtypeid, quantity, meta, processid) VALUES ('f8e8aa9b-7a70-407e-80bd-597936f7cb74', '56617d30-6c30-425c-84bf-2484ae8c1156', 336, '{}', 'bf8b9fc9-d97c-428c-b505-0ea8e8ce0fbd');
INSERT INTO public.processinputs (id, itemtypeid, quantity, meta, processid) VALUES ('5e221521-e83d-496c-9198-a3f3bc7120e5', '24800206-2c58-45b0-8238-81974d0ebb3b', 9282, '{}', 'cd580f36-8b1e-48d2-8544-984f4354e1d3');
INSERT INTO public.processinputs (id, itemtypeid, quantity, meta, processid) VALUES ('c3afe828-4c0e-4e28-a008-a190b82303bc', 'dd522f03-2f52-4e82-b2f8-d7e0029cb82f', 1672, '{}', 'cd580f36-8b1e-48d2-8544-984f4354e1d3');
INSERT INTO public.processinputs (id, itemtypeid, quantity, meta, processid) VALUES ('9138afed-ccea-4071-9029-dddfecd5e683', '56617d30-6c30-425c-84bf-2484ae8c1156', 455, '{}', 'cd580f36-8b1e-48d2-8544-984f4354e1d3');
INSERT INTO public.processinputs (id, itemtypeid, quantity, meta, processid) VALUES ('ab954f02-cbbb-4529-beab-a35433f42402', '39b8eedf-ef80-4c29-a4bf-99abc4d84fa6', 394, '{}', 'cd580f36-8b1e-48d2-8544-984f4354e1d3');
INSERT INTO public.processinputs (id, itemtypeid, quantity, meta, processid) VALUES ('fb7230ce-1f14-44bd-92c8-ebeb1d20ff8a', '1d0d344b-ef28-43c8-a7a6-3275936b2dea', 353, '{}', 'cd580f36-8b1e-48d2-8544-984f4354e1d3');
INSERT INTO public.processinputs (id, itemtypeid, quantity, meta, processid) VALUES ('c85fe4c4-fc92-4b2a-a053-c7ef350239f8', '66b7a322-8cfc-4467-9410-492e6b58f159', 428, '{}', 'cd580f36-8b1e-48d2-8544-984f4354e1d3');
INSERT INTO public.processinputs (id, itemtypeid, quantity, meta, processid) VALUES ('1f644a52-a134-47ef-93d6-01c1a7277903', '26a3fc9e-db2f-439d-a929-ba755d11d09c', 401, '{}', 'cd580f36-8b1e-48d2-8544-984f4354e1d3');
INSERT INTO public.processinputs (id, itemtypeid, quantity, meta, processid) VALUES ('00468d42-7978-44af-a813-91f5238d6f01', '7dcd5138-d7e0-419f-867a-6f0f23b99b5b', 428, '{}', 'cd580f36-8b1e-48d2-8544-984f4354e1d3');
INSERT INTO public.processinputs (id, itemtypeid, quantity, meta, processid) VALUES ('f245fed2-c619-4c3c-96fc-8c23cba85684', '11688112-f3d4-4d30-864a-684a8b96ea23', 306, '{}', 'cd580f36-8b1e-48d2-8544-984f4354e1d3');
INSERT INTO public.processinputs (id, itemtypeid, quantity, meta, processid) VALUES ('dbb94b0f-c7b5-48c8-826f-2815d662161b', 'dd522f03-2f52-4e82-b2f8-d7e0029cb82f', 1035, '{}', '9208d647-d724-40cf-9357-5ffdb657f0e0');
INSERT INTO public.processinputs (id, itemtypeid, quantity, meta, processid) VALUES ('3facaf9a-796d-41ac-aa3e-855b2651a2b1', 'd1866be4-5c3e-4b95-b6d9-020832338014', 48, '{}', '9208d647-d724-40cf-9357-5ffdb657f0e0');
INSERT INTO public.processinputs (id, itemtypeid, quantity, meta, processid) VALUES ('72d10c56-8471-4d9d-b1a7-2e3997d6373c', '0cd04eea-a150-410c-91eb-6af00d8c6eae', 200, '{}', '9208d647-d724-40cf-9357-5ffdb657f0e0');
INSERT INTO public.processinputs (id, itemtypeid, quantity, meta, processid) VALUES ('a9cf74a2-c309-4d90-99ae-c6674da80a15', '66b7a322-8cfc-4467-9410-492e6b58f159', 241, '{}', '9208d647-d724-40cf-9357-5ffdb657f0e0');
INSERT INTO public.processinputs (id, itemtypeid, quantity, meta, processid) VALUES ('2536be90-c400-44e8-b59b-adf437871391', '2ce48bef-f06b-4550-b20c-0e64864db051', 248, '{}', '9208d647-d724-40cf-9357-5ffdb657f0e0');
INSERT INTO public.processinputs (id, itemtypeid, quantity, meta, processid) VALUES ('e3f9a5ad-6c91-4639-bdc1-ec2186d1d172', '61f52ba3-654b-45cf-88e3-33399d12350d', 241, '{}', '9208d647-d724-40cf-9357-5ffdb657f0e0');
INSERT INTO public.processinputs (id, itemtypeid, quantity, meta, processid) VALUES ('9f0af580-b47e-4976-9478-3b82afb5f573', '24800206-2c58-45b0-8238-81974d0ebb3b', 6934, '{}', '9208d647-d724-40cf-9357-5ffdb657f0e0');
INSERT INTO public.processinputs (id, itemtypeid, quantity, meta, processid) VALUES ('c85dcf3b-6b23-4c37-9fb5-89302ebfb032', '7dcd5138-d7e0-419f-867a-6f0f23b99b5b', 262, '{}', '9208d647-d724-40cf-9357-5ffdb657f0e0');
INSERT INTO public.processinputs (id, itemtypeid, quantity, meta, processid) VALUES ('5fe3c555-f3cc-48d7-b80e-f5af668600c1', '1d0d344b-ef28-43c8-a7a6-3275936b2dea', 248, '{}', '9208d647-d724-40cf-9357-5ffdb657f0e0');
INSERT INTO public.processinputs (id, itemtypeid, quantity, meta, processid) VALUES ('f5ce2887-198c-4489-aa05-3666222db4e6', '24800206-2c58-45b0-8238-81974d0ebb3b', 12655, '{}', 'b3cbf272-b651-4925-93f1-13615a77117f');
INSERT INTO public.processinputs (id, itemtypeid, quantity, meta, processid) VALUES ('43a1d9c7-b670-4e06-8ff1-7cbdd9c29039', '66b7a322-8cfc-4467-9410-492e6b58f159', 328, '{}', 'b3cbf272-b651-4925-93f1-13615a77117f');
INSERT INTO public.processinputs (id, itemtypeid, quantity, meta, processid) VALUES ('ef10de1e-3148-4c24-a5e6-329f1b067dd2', '39b8eedf-ef80-4c29-a4bf-99abc4d84fa6', 286, '{}', 'b3cbf272-b651-4925-93f1-13615a77117f');
INSERT INTO public.processinputs (id, itemtypeid, quantity, meta, processid) VALUES ('15acbb1b-a444-4d5d-93b3-9c9685d82911', '61f52ba3-654b-45cf-88e3-33399d12350d', 307, '{}', 'b3cbf272-b651-4925-93f1-13615a77117f');
INSERT INTO public.processinputs (id, itemtypeid, quantity, meta, processid) VALUES ('a320be6f-296a-49e6-9c3a-9a2f857662b3', '11688112-f3d4-4d30-864a-684a8b96ea23', 300, '{}', 'b3cbf272-b651-4925-93f1-13615a77117f');
INSERT INTO public.processinputs (id, itemtypeid, quantity, meta, processid) VALUES ('a7cf352c-8044-4b05-a65d-8ae79c35c32b', '7dcd5138-d7e0-419f-867a-6f0f23b99b5b', 328, '{}', 'b3cbf272-b651-4925-93f1-13615a77117f');
INSERT INTO public.processinputs (id, itemtypeid, quantity, meta, processid) VALUES ('094a3d94-18f4-47f0-b94a-18f078f9d83a', 'dd522f03-2f52-4e82-b2f8-d7e0029cb82f', 1378, '{}', 'b3cbf272-b651-4925-93f1-13615a77117f');

-- process outputs
INSERT INTO public.processoutputs (id, itemtypeid, quantity, meta, processid) VALUES ('1892164e-0d12-4a7b-a162-78ba4ca29892', '5c1049c4-f631-4066-9f2a-b0798b2c4399', 7098, '{}', 'bf8b9fc9-d97c-428c-b505-0ea8e8ce0fbd');
INSERT INTO public.processoutputs (id, itemtypeid, quantity, meta, processid) VALUES ('fc7b064d-8529-4e34-b67e-33d5901900b0', '04a3b923-3b47-4cad-b93d-57c8831723b9', 1, '{}', 'bf8b9fc9-d97c-428c-b505-0ea8e8ce0fbd');
INSERT INTO public.processoutputs (id, itemtypeid, quantity, meta, processid) VALUES ('d6172132-e46e-420b-9cab-ce97dc45bdd1', '5c1049c4-f631-4066-9f2a-b0798b2c4399', 9282, '{}', 'cd580f36-8b1e-48d2-8544-984f4354e1d3');
INSERT INTO public.processoutputs (id, itemtypeid, quantity, meta, processid) VALUES ('32bd20ac-fcaf-4958-9ddd-1cdee1f40f9d', '505d4a75-5bf9-4e33-abda-b39d77aef060', 1, '{}', 'cd580f36-8b1e-48d2-8544-984f4354e1d3');
INSERT INTO public.processoutputs (id, itemtypeid, quantity, meta, processid) VALUES ('7afea269-01ff-46c0-958e-88bc8bd89746', '68f2f340-9d70-486a-8c07-932c6625d1eb', 1, '{}', '9208d647-d724-40cf-9357-5ffdb657f0e0');
INSERT INTO public.processoutputs (id, itemtypeid, quantity, meta, processid) VALUES ('a11fd1a5-c162-457f-b51a-94e5ec69a24a', '5c1049c4-f631-4066-9f2a-b0798b2c4399', 6934, '{}', '9208d647-d724-40cf-9357-5ffdb657f0e0');
INSERT INTO public.processoutputs (id, itemtypeid, quantity, meta, processid) VALUES ('7e6984cc-6198-438e-8905-407280e6bc40', '5ea74809-8fad-4544-86b7-a3cfc98f924c', 1, '{}', 'b3cbf272-b651-4925-93f1-13615a77117f');
INSERT INTO public.processoutputs (id, itemtypeid, quantity, meta, processid) VALUES ('60aee3cd-0dd1-4d20-a73b-9c8bd28b3f0e', '5c1049c4-f631-4066-9f2a-b0798b2c4399', 12655, '{}', 'b3cbf272-b651-4925-93f1-13615a77117f');

-- schematic item types
INSERT INTO public.itemtypes (id, family, name, meta) VALUES ('bbce456f-9c77-4e34-8fbb-836de0874445', 'schematic', 'Kea Schematic', '{"industrialmarket": {"maxprice": 2260447, "minprice": 744541, "silosize": 100, "process_id": "bf8b9fc9-d97c-428c-b505-0ea8e8ce0fbd"}}');
INSERT INTO public.itemtypes (id, family, name, meta) VALUES ('c99c7eb9-e870-413e-9440-fb071f3eb601', 'schematic', 'Skink Schematic', '{"industrialmarket": {"maxprice": 2035627, "minprice": 895097, "silosize": 100, "process_id": "cd580f36-8b1e-48d2-8544-984f4354e1d3"}}');
INSERT INTO public.itemtypes (id, family, name, meta) VALUES ('f61bcec3-7228-4a89-9d3f-361de9d82519', 'schematic', 'Kudu Schematic', '{"industrialmarket": {"maxprice": 2332915, "minprice": 565279, "silosize": 100, "process_id": "9208d647-d724-40cf-9357-5ffdb657f0e0"}}');
INSERT INTO public.itemtypes (id, family, name, meta) VALUES ('bb5c7ba1-f294-4e19-94f2-633cbded5bb4', 'schematic', 'Spook Schematic', '{"industrialmarket": {"maxprice": 20408756, "minprice": 1009733, "silosize": 100, "process_id": "b3cbf272-b651-4925-93f1-13615a77117f"}}');

-- processes
INSERT INTO public.processes (id, name, meta, "time") VALUES ('eb93240f-3e54-42fd-b162-cc084e5a98af', 'Kea Schematic Faucet', '{}', 66687);
INSERT INTO public.processes (id, name, meta, "time") VALUES ('4620f86c-c838-4f1a-93f7-f347ba42203e', 'Kea Schematic Sink', '{}', 175214);
INSERT INTO public.processes (id, name, meta, "time") VALUES ('8630e188-05e0-4d18-9031-69a0b2792ecb', 'Skink Schematic Faucet', '{}', 84448);
INSERT INTO public.processes (id, name, meta, "time") VALUES ('92e24991-e033-470f-aae5-f4e2f0d7d404', 'Skink Schematic Sink', '{}', 93018);
INSERT INTO public.processes (id, name, meta, "time") VALUES ('78ba4051-dd86-4713-ab1c-4b5bd6633a5b', 'Kudu Schematic Faucet', '{}', 22392);
INSERT INTO public.processes (id, name, meta, "time") VALUES ('dbbfee1e-47a5-478e-ad8c-ead3f3c0db11', 'Kudu Schematic Sink', '{}', 49554);
INSERT INTO public.processes (id, name, meta, "time") VALUES ('e16d1fa6-20be-4df9-b5b3-64c993181257', 'Spook Schematic Faucet', '{}', 227485);
INSERT INTO public.processes (id, name, meta, "time") VALUES ('f94c6fbb-25e7-443c-b2ba-db5199487558', 'Spook Schematic Sink', '{}', 250700);

-- process inputs
INSERT INTO public.processinputs (id, itemtypeid, quantity, meta, processid) VALUES ('66168ade-60bb-40f0-9dbe-dbd201aecb7e', 'bbce456f-9c77-4e34-8fbb-836de0874445', 2, '{}', '4620f86c-c838-4f1a-93f7-f347ba42203e');
INSERT INTO public.processinputs (id, itemtypeid, quantity, meta, processid) VALUES ('8812fa08-eece-45b7-b8ff-c4e15558917c', 'c99c7eb9-e870-413e-9440-fb071f3eb601', 5, '{}', '92e24991-e033-470f-aae5-f4e2f0d7d404');
INSERT INTO public.processinputs (id, itemtypeid, quantity, meta, processid) VALUES ('45ff24e6-6a6a-4d9d-87a0-5738bc7124f2', 'f61bcec3-7228-4a89-9d3f-361de9d82519', 8, '{}', 'dbbfee1e-47a5-478e-ad8c-ead3f3c0db11');
INSERT INTO public.processinputs (id, itemtypeid, quantity, meta, processid) VALUES ('e35b31c6-1013-484d-8665-68d0f5975e75', 'bb5c7ba1-f294-4e19-94f2-633cbded5bb4', 4, '{}', 'f94c6fbb-25e7-443c-b2ba-db5199487558');

-- process outputs
INSERT INTO public.processoutputs (id, itemtypeid, quantity, meta, processid) VALUES ('2f105e15-6181-4f42-872b-57573dbd267a', 'bbce456f-9c77-4e34-8fbb-836de0874445', 1, '{}', 'eb93240f-3e54-42fd-b162-cc084e5a98af');
INSERT INTO public.processoutputs (id, itemtypeid, quantity, meta, processid) VALUES ('84db27f2-13b1-4289-93f5-26a2907cedf0', 'c99c7eb9-e870-413e-9440-fb071f3eb601', 3, '{}', '8630e188-05e0-4d18-9031-69a0b2792ecb');
INSERT INTO public.processoutputs (id, itemtypeid, quantity, meta, processid) VALUES ('637d3098-67a9-4f7e-9580-9e2eeba777c4', 'f61bcec3-7228-4a89-9d3f-361de9d82519', 2, '{}', '78ba4051-dd86-4713-ab1c-4b5bd6633a5b');
INSERT INTO public.processoutputs (id, itemtypeid, quantity, meta, processid) VALUES ('96d2decf-d6d2-4070-81a0-16e2cf9cfecd', 'bb5c7ba1-f294-4e19-94f2-633cbded5bb4', 5, '{}', 'e16d1fa6-20be-4df9-b5b3-64c993181257');
