-- interstar zebra trader
INSERT INTO public.starts (id, name, shiptemplateid, shipfitting, created, available, systemid, homestationid, wallet, factionid) VALUES ('4005f3d4-d8c5-4f62-b2f0-71e71dbca09f', 'Star. Sup Trader', 'ab6714d2-0574-492b-aeb9-6da2727faa06', '{"a_rack": [{"item_type_id": "27d43a76-5822-422b-94b7-65592eda9fec"}, {"item_type_id": "27d43a76-5822-422b-94b7-65592eda9fec"}, {"item_type_id": "74d1fa76-7870-42ac-b402-1e4087e12e4f"}, {"item_type_id": "74d1fa76-7870-42ac-b402-1e4087e12e4f"}, {"item_type_id": "a349ad48-9808-46e1-8f5e-bc4e4da46568"}, {"item_type_id": "a349ad48-9808-46e1-8f5e-bc4e4da46568"}], "b_rack": [{"item_type_id": "dbc59b6b-1989-46c5-9710-933415f9a263"}, {"item_type_id": "dbc59b6b-1989-46c5-9710-933415f9a263"}, {"item_type_id": "76927c05-d018-4625-a963-f04c426854e3"}, {"item_type_id": "76927c05-d018-4625-a963-f04c426854e3"}], "c_rack": [{"item_type_id": "824b0caa-c9f7-491e-84b4-8a6beb86638e"}, {"item_type_id": "82227782-f5cd-4ba3-bd0e-99e5e17f6ece"}, {"item_type_id": "82227782-f5cd-4ba3-bd0e-99e5e17f6ece"}, {"item_type_id": "7f25b73f-8ad8-4e87-bc76-241aaadcdd3b"}, {"item_type_id": "7f25b73f-8ad8-4e87-bc76-241aaadcdd3b"}]}', '2022-10-09 18:40:54.226472-04', false, '92a049fe-7de8-42a8-9f9c-55c1d2eb0012', 'c45015d5-09bc-486f-a166-93ae796c4052', 10000, '559d7fc1-5470-4ab4-8c66-fa2f0b89a523');

-- alvaca fetch trader
INSERT INTO public.starts (id, name, shiptemplateid, shipfitting, created, available, systemid, homestationid, wallet, factionid) VALUES ('e3e8173f-5c18-4d50-bf2c-9df33e07d7c9', 'Alv. Sup Trader', '11ae39d0-0b49-4276-971b-9655ee135b27', '{"a_rack": [{"item_type_id": "39a3a402-7a6f-42c8-8cb3-33e4b4c16ae3"}, {"item_type_id": "39a3a402-7a6f-42c8-8cb3-33e4b4c16ae3"}, {"item_type_id": "74d1fa76-7870-42ac-b402-1e4087e12e4f"}, {"item_type_id": "74d1fa76-7870-42ac-b402-1e4087e12e4f"}], "b_rack": [{"item_type_id": "76927c05-d018-4625-a963-f04c426854e3"}, {"item_type_id": "1376187c-d016-488a-9491-7735b5370ba2"}, {"item_type_id": "1376187c-d016-488a-9491-7735b5370ba2"}], "c_rack": [{"item_type_id": "7f25b73f-8ad8-4e87-bc76-241aaadcdd3b"}, {"item_type_id": "7f25b73f-8ad8-4e87-bc76-241aaadcdd3b"}, {"item_type_id": "82227782-f5cd-4ba3-bd0e-99e5e17f6ece"}, {"item_type_id": "82227782-f5cd-4ba3-bd0e-99e5e17f6ece"}, {"item_type_id": "824b0caa-c9f7-491e-84b4-8a6beb86638e"}, {"item_type_id": "824b0caa-c9f7-491e-84b4-8a6beb86638e"}]}', '2022-10-09 19:06:55.6278-04', false, 'ac98c1b6-404d-42d9-97f6-025e41258944', '3ca3cdb7-5900-4adf-bb10-01a881570c5f', 10000, '506286f5-6613-4481-ac26-caa9940fbe68');

-- interstar npcs

    -- containers
    INSERT INTO public.containers (id, meta, created) VALUES ('9bb9685b-9d1d-4fa0-b730-bee7940e8ff1', '{}', '2022-10-10 21:33:02.82478-04');
    INSERT INTO public.containers (id, meta, created) VALUES ('82faf93b-b78f-4517-88fb-0980f25ed6b9', '{}', '2022-10-10 21:33:02.832867-04');
    INSERT INTO public.containers (id, meta, created) VALUES ('67bc790c-5b39-4333-9aeb-3e1d7a16fa74', '{}', '2022-10-10 21:33:02.834723-04');
    INSERT INTO public.containers (id, meta, created) VALUES ('99251ade-7d67-46e2-8b74-6ef676037323', '{}', '2022-10-10 21:33:02.83676-04');
    INSERT INTO public.containers (id, meta, created) VALUES ('b9947bd6-7fb0-4f28-8f4a-502d7c46c5ea', '{}', '2022-10-10 21:33:02.885622-04');
    INSERT INTO public.containers (id, meta, created) VALUES ('1fa8a20c-32aa-48a6-83d0-225cbf49628c', '{}', '2022-10-10 21:33:02.89088-04');
    INSERT INTO public.containers (id, meta, created) VALUES ('e349d12f-04aa-4f7d-8971-0bac72038bcf', '{}', '2022-10-10 21:33:02.892867-04');
    INSERT INTO public.containers (id, meta, created) VALUES ('f447f194-ba7a-4c4b-975e-fb0c69f533c9', '{}', '2022-10-10 21:33:02.894686-04');
    INSERT INTO public.containers (id, meta, created) VALUES ('c6f8a767-8b4e-45fd-b391-739ca6b4ef7a', '{}', '2022-10-10 21:33:02.935483-04');
    INSERT INTO public.containers (id, meta, created) VALUES ('030c7e24-d8b9-4512-97be-24339ee6ce51', '{}', '2022-10-10 21:33:02.93987-04');
    INSERT INTO public.containers (id, meta, created) VALUES ('ea4e226f-e0bf-48d0-a9d5-e288427ddc2f', '{}', '2022-10-10 21:33:02.941409-04');
    INSERT INTO public.containers (id, meta, created) VALUES ('ed970509-e23f-49ad-aa4d-99a5519cfa2d', '{}', '2022-10-10 21:33:02.942993-04');
    INSERT INTO public.containers (id, meta, created) VALUES ('983a981f-ce29-44eb-8c7a-ef312c1318ec', '{}', '2022-10-10 21:33:02.979771-04');
    INSERT INTO public.containers (id, meta, created) VALUES ('bf6de3be-9b5d-4ab0-8972-4b5444feb4a0', '{}', '2022-10-10 21:33:02.983668-04');
    INSERT INTO public.containers (id, meta, created) VALUES ('fc2c9142-8cf4-48fd-ad96-7bec6be4e085', '{}', '2022-10-10 21:33:02.985281-04');
    INSERT INTO public.containers (id, meta, created) VALUES ('1aea3f84-6d3c-465a-8f5b-bfb585e62e79', '{}', '2022-10-10 21:33:02.986803-04');
    INSERT INTO public.containers (id, meta, created) VALUES ('31a0afd4-7b95-4fde-8b67-1925f78ca457', '{}', '2022-10-10 21:33:03.023903-04');
    INSERT INTO public.containers (id, meta, created) VALUES ('a3013d3f-1b2f-4fb7-adac-103fb661b087', '{}', '2022-10-10 21:33:03.028448-04');
    INSERT INTO public.containers (id, meta, created) VALUES ('5d3bc357-d9f1-4be1-b966-7f463276ad17', '{}', '2022-10-10 21:33:03.030904-04');
    INSERT INTO public.containers (id, meta, created) VALUES ('dc2e1215-feec-4325-a777-65bd9757ec3c', '{}', '2022-10-10 21:33:03.032656-04');

    -- users
    INSERT INTO public.users (id, charactername, hashpass, registered, banned, current_shipid, startid, escrow_containerid, current_factionid, reputationsheet, isnpc, behaviourmode, emailaddress, experiencesheet, registeredip, isdev) VALUES ('eac20615-d561-4384-b22b-ac495b9755d0', 'Dexter Knowles', '821b1d36dc3605b025ecce9df96813ecba54fad667c413d77da3af804a8086d5', '2022-10-10 21:33:02.827424-04', B'0', NULL, '4005f3d4-d8c5-4f62-b2f0-71e71dbca09f', '9bb9685b-9d1d-4fa0-b730-bee7940e8ff1', '559d7fc1-5470-4ab4-8c66-fa2f0b89a523', '{"factionEntries": {"27a53dfc-a321-4c12-bf7c-bb177955c95b": {"FactionID": "27a53dfc-a321-4c12-bf7c-bb177955c95b", "StandingValue": -0.5, "AreOpenlyHostile": false}, "30bc70eb-2692-47e6-a7e3-2772e131c3d7": {"FactionID": "30bc70eb-2692-47e6-a7e3-2772e131c3d7", "StandingValue": -5.5, "AreOpenlyHostile": true}, "506286f5-6613-4481-ac26-caa9940fbe68": {"FactionID": "506286f5-6613-4481-ac26-caa9940fbe68", "StandingValue": -7.5, "AreOpenlyHostile": true}, "559d7fc1-5470-4ab4-8c66-fa2f0b89a523": {"FactionID": "559d7fc1-5470-4ab4-8c66-fa2f0b89a523", "StandingValue": 10, "AreOpenlyHostile": false}, "5db2bec7-37c3-4f1c-ab88-21024c12d639": {"FactionID": "5db2bec7-37c3-4f1c-ab88-21024c12d639", "StandingValue": -0.5, "AreOpenlyHostile": false}, "7decfd86-9c82-4a17-af3b-5d4af8c4e2ad": {"FactionID": "7decfd86-9c82-4a17-af3b-5d4af8c4e2ad", "StandingValue": -3.5, "AreOpenlyHostile": true}, "a0152cbb-8a78-45a4-ae9b-2ad2b60b583b": {"FactionID": "a0152cbb-8a78-45a4-ae9b-2ad2b60b583b", "StandingValue": 0.5, "AreOpenlyHostile": false}, "b3d3fa9c-b21e-490f-b39e-128b3af12128": {"FactionID": "b3d3fa9c-b21e-490f-b39e-128b3af12128", "StandingValue": 0, "AreOpenlyHostile": false}, "bdeffd9a-3cab-408c-9cd7-32fce1124f7a": {"FactionID": "bdeffd9a-3cab-408c-9cd7-32fce1124f7a", "StandingValue": 0.5, "AreOpenlyHostile": false}}}', true, 3, NULL, '{}', '[::1]:44708', false);
    INSERT INTO public.users (id, charactername, hashpass, registered, banned, current_shipid, startid, escrow_containerid, current_factionid, reputationsheet, isnpc, behaviourmode, emailaddress, experiencesheet, registeredip, isdev) VALUES ('0474b979-01d3-4765-9587-059007e60823', 'Isaak Kozlov', 'd7505932154f433108641e407636695547aead1a3e30ea15017137232130b87b', '2022-10-10 21:33:02.88772-04', B'0', NULL, '4005f3d4-d8c5-4f62-b2f0-71e71dbca09f', 'b9947bd6-7fb0-4f28-8f4a-502d7c46c5ea', '559d7fc1-5470-4ab4-8c66-fa2f0b89a523', '{"factionEntries": {"27a53dfc-a321-4c12-bf7c-bb177955c95b": {"FactionID": "27a53dfc-a321-4c12-bf7c-bb177955c95b", "StandingValue": -0.5, "AreOpenlyHostile": false}, "30bc70eb-2692-47e6-a7e3-2772e131c3d7": {"FactionID": "30bc70eb-2692-47e6-a7e3-2772e131c3d7", "StandingValue": -5.5, "AreOpenlyHostile": true}, "506286f5-6613-4481-ac26-caa9940fbe68": {"FactionID": "506286f5-6613-4481-ac26-caa9940fbe68", "StandingValue": -7.5, "AreOpenlyHostile": true}, "559d7fc1-5470-4ab4-8c66-fa2f0b89a523": {"FactionID": "559d7fc1-5470-4ab4-8c66-fa2f0b89a523", "StandingValue": 10, "AreOpenlyHostile": false}, "5db2bec7-37c3-4f1c-ab88-21024c12d639": {"FactionID": "5db2bec7-37c3-4f1c-ab88-21024c12d639", "StandingValue": -0.5, "AreOpenlyHostile": false}, "7decfd86-9c82-4a17-af3b-5d4af8c4e2ad": {"FactionID": "7decfd86-9c82-4a17-af3b-5d4af8c4e2ad", "StandingValue": -3.5, "AreOpenlyHostile": true}, "a0152cbb-8a78-45a4-ae9b-2ad2b60b583b": {"FactionID": "a0152cbb-8a78-45a4-ae9b-2ad2b60b583b", "StandingValue": 0.5, "AreOpenlyHostile": false}, "b3d3fa9c-b21e-490f-b39e-128b3af12128": {"FactionID": "b3d3fa9c-b21e-490f-b39e-128b3af12128", "StandingValue": 0, "AreOpenlyHostile": false}, "bdeffd9a-3cab-408c-9cd7-32fce1124f7a": {"FactionID": "bdeffd9a-3cab-408c-9cd7-32fce1124f7a", "StandingValue": 0.5, "AreOpenlyHostile": false}}}', true, 3, NULL, '{}', '[::1]:44708', false);
    INSERT INTO public.users (id, charactername, hashpass, registered, banned, current_shipid, startid, escrow_containerid, current_factionid, reputationsheet, isnpc, behaviourmode, emailaddress, experiencesheet, registeredip, isdev) VALUES ('35f2a632-a621-4ad7-9df2-aaf2cf94ff16', 'Nia Jaja', 'fd528bbb12c9e13a79f2620059b36134ff36773bf9da62b9a38e3bf37256854a', '2022-10-10 21:33:02.937295-04', B'0', NULL, '4005f3d4-d8c5-4f62-b2f0-71e71dbca09f', 'c6f8a767-8b4e-45fd-b391-739ca6b4ef7a', '559d7fc1-5470-4ab4-8c66-fa2f0b89a523', '{"factionEntries": {"27a53dfc-a321-4c12-bf7c-bb177955c95b": {"FactionID": "27a53dfc-a321-4c12-bf7c-bb177955c95b", "StandingValue": -0.5, "AreOpenlyHostile": false}, "30bc70eb-2692-47e6-a7e3-2772e131c3d7": {"FactionID": "30bc70eb-2692-47e6-a7e3-2772e131c3d7", "StandingValue": -5.5, "AreOpenlyHostile": true}, "506286f5-6613-4481-ac26-caa9940fbe68": {"FactionID": "506286f5-6613-4481-ac26-caa9940fbe68", "StandingValue": -7.5, "AreOpenlyHostile": true}, "559d7fc1-5470-4ab4-8c66-fa2f0b89a523": {"FactionID": "559d7fc1-5470-4ab4-8c66-fa2f0b89a523", "StandingValue": 10, "AreOpenlyHostile": false}, "5db2bec7-37c3-4f1c-ab88-21024c12d639": {"FactionID": "5db2bec7-37c3-4f1c-ab88-21024c12d639", "StandingValue": -0.5, "AreOpenlyHostile": false}, "7decfd86-9c82-4a17-af3b-5d4af8c4e2ad": {"FactionID": "7decfd86-9c82-4a17-af3b-5d4af8c4e2ad", "StandingValue": -3.5, "AreOpenlyHostile": true}, "a0152cbb-8a78-45a4-ae9b-2ad2b60b583b": {"FactionID": "a0152cbb-8a78-45a4-ae9b-2ad2b60b583b", "StandingValue": 0.5, "AreOpenlyHostile": false}, "b3d3fa9c-b21e-490f-b39e-128b3af12128": {"FactionID": "b3d3fa9c-b21e-490f-b39e-128b3af12128", "StandingValue": 0, "AreOpenlyHostile": false}, "bdeffd9a-3cab-408c-9cd7-32fce1124f7a": {"FactionID": "bdeffd9a-3cab-408c-9cd7-32fce1124f7a", "StandingValue": 0.5, "AreOpenlyHostile": false}}}', true, 3, NULL, '{}', '[::1]:44708', false);
    INSERT INTO public.users (id, charactername, hashpass, registered, banned, current_shipid, startid, escrow_containerid, current_factionid, reputationsheet, isnpc, behaviourmode, emailaddress, experiencesheet, registeredip, isdev) VALUES ('e4eda6f0-d2d8-4887-84da-a6f9fa5bd1bf', 'Wendy Harding', 'd1dbc8ebbbb3c10bd5867c7fce11f8d7d764ad7be134052aa62e47cccc3159ec', '2022-10-10 21:33:02.981317-04', B'0', NULL, '4005f3d4-d8c5-4f62-b2f0-71e71dbca09f', '983a981f-ce29-44eb-8c7a-ef312c1318ec', '559d7fc1-5470-4ab4-8c66-fa2f0b89a523', '{"factionEntries": {"27a53dfc-a321-4c12-bf7c-bb177955c95b": {"FactionID": "27a53dfc-a321-4c12-bf7c-bb177955c95b", "StandingValue": -0.5, "AreOpenlyHostile": false}, "30bc70eb-2692-47e6-a7e3-2772e131c3d7": {"FactionID": "30bc70eb-2692-47e6-a7e3-2772e131c3d7", "StandingValue": -5.5, "AreOpenlyHostile": true}, "506286f5-6613-4481-ac26-caa9940fbe68": {"FactionID": "506286f5-6613-4481-ac26-caa9940fbe68", "StandingValue": -7.5, "AreOpenlyHostile": true}, "559d7fc1-5470-4ab4-8c66-fa2f0b89a523": {"FactionID": "559d7fc1-5470-4ab4-8c66-fa2f0b89a523", "StandingValue": 10, "AreOpenlyHostile": false}, "5db2bec7-37c3-4f1c-ab88-21024c12d639": {"FactionID": "5db2bec7-37c3-4f1c-ab88-21024c12d639", "StandingValue": -0.5, "AreOpenlyHostile": false}, "7decfd86-9c82-4a17-af3b-5d4af8c4e2ad": {"FactionID": "7decfd86-9c82-4a17-af3b-5d4af8c4e2ad", "StandingValue": -3.5, "AreOpenlyHostile": true}, "a0152cbb-8a78-45a4-ae9b-2ad2b60b583b": {"FactionID": "a0152cbb-8a78-45a4-ae9b-2ad2b60b583b", "StandingValue": 0.5, "AreOpenlyHostile": false}, "b3d3fa9c-b21e-490f-b39e-128b3af12128": {"FactionID": "b3d3fa9c-b21e-490f-b39e-128b3af12128", "StandingValue": 0, "AreOpenlyHostile": false}, "bdeffd9a-3cab-408c-9cd7-32fce1124f7a": {"FactionID": "bdeffd9a-3cab-408c-9cd7-32fce1124f7a", "StandingValue": 0.5, "AreOpenlyHostile": false}}}', true, 3, NULL, '{}', '[::1]:44708', false);
    INSERT INTO public.users (id, charactername, hashpass, registered, banned, current_shipid, startid, escrow_containerid, current_factionid, reputationsheet, isnpc, behaviourmode, emailaddress, experiencesheet, registeredip, isdev) VALUES ('2dd2a497-f884-4322-8fee-a4d4aa6a2cca', 'Ejder Dinç', 'c60870711331276c0341e5664b7189e6bb0fddcffb5f2cff4fba464c80fcde92', '2022-10-10 21:33:03.025554-04', B'0', NULL, '4005f3d4-d8c5-4f62-b2f0-71e71dbca09f', '31a0afd4-7b95-4fde-8b67-1925f78ca457', '559d7fc1-5470-4ab4-8c66-fa2f0b89a523', '{"factionEntries": {"27a53dfc-a321-4c12-bf7c-bb177955c95b": {"FactionID": "27a53dfc-a321-4c12-bf7c-bb177955c95b", "StandingValue": -0.5, "AreOpenlyHostile": false}, "30bc70eb-2692-47e6-a7e3-2772e131c3d7": {"FactionID": "30bc70eb-2692-47e6-a7e3-2772e131c3d7", "StandingValue": -5.5, "AreOpenlyHostile": true}, "506286f5-6613-4481-ac26-caa9940fbe68": {"FactionID": "506286f5-6613-4481-ac26-caa9940fbe68", "StandingValue": -7.5, "AreOpenlyHostile": true}, "559d7fc1-5470-4ab4-8c66-fa2f0b89a523": {"FactionID": "559d7fc1-5470-4ab4-8c66-fa2f0b89a523", "StandingValue": 10, "AreOpenlyHostile": false}, "5db2bec7-37c3-4f1c-ab88-21024c12d639": {"FactionID": "5db2bec7-37c3-4f1c-ab88-21024c12d639", "StandingValue": -0.5, "AreOpenlyHostile": false}, "7decfd86-9c82-4a17-af3b-5d4af8c4e2ad": {"FactionID": "7decfd86-9c82-4a17-af3b-5d4af8c4e2ad", "StandingValue": -3.5, "AreOpenlyHostile": true}, "a0152cbb-8a78-45a4-ae9b-2ad2b60b583b": {"FactionID": "a0152cbb-8a78-45a4-ae9b-2ad2b60b583b", "StandingValue": 0.5, "AreOpenlyHostile": false}, "b3d3fa9c-b21e-490f-b39e-128b3af12128": {"FactionID": "b3d3fa9c-b21e-490f-b39e-128b3af12128", "StandingValue": 0, "AreOpenlyHostile": false}, "bdeffd9a-3cab-408c-9cd7-32fce1124f7a": {"FactionID": "bdeffd9a-3cab-408c-9cd7-32fce1124f7a", "StandingValue": 0.5, "AreOpenlyHostile": false}}}', true, 3, NULL, '{}', '[::1]:44708', false);

    -- ships
    INSERT INTO public.ships (id, universe_systemid, userid, pos_x, pos_y, created, shipname, texture, theta, vel_x, vel_y, shield, armor, hull, fuel, heat, energy, shiptemplateid, dockedat_stationid, fitting, destroyed, destroyedat, cargobay_containerid, fittingbay_containerid, remaxdirty, trash_containerid, wallet, noload, flightexperiencemodifier) VALUES ('8af53ab7-fac5-4f47-b8b2-56ce06aa0cb2', '92a049fe-7de8-42a8-9f9c-55c1d2eb0012', 'eac20615-d561-4384-b22b-ac495b9755d0', 0, 0, '2022-10-10 21:33:02.877367-04', 'Dexter Knowles''s Starter Ship', 'Zebra', 0, 0, 0, 6900, 2200, 72415, 63471, 0, 1694, 'ab6714d2-0574-492b-aeb9-6da2727faa06', 'c45015d5-09bc-486f-a166-93ae796c4052', '{"a_rack": [{"item_id": "129f7860-f468-493c-ae2b-84006b28fdd2", "slot_idx": 0, "item_type_id": "27d43a76-5822-422b-94b7-65592eda9fec"}, {"item_id": "530e82f7-a30a-4ba3-8244-8e4d3d69c5d9", "slot_idx": 1, "item_type_id": "27d43a76-5822-422b-94b7-65592eda9fec"}, {"item_id": "4084397a-0bbb-4287-8a6b-24eadf660812", "slot_idx": 2, "item_type_id": "74d1fa76-7870-42ac-b402-1e4087e12e4f"}, {"item_id": "b2f443f7-9b31-450a-9ddb-b499f45d9745", "slot_idx": 3, "item_type_id": "74d1fa76-7870-42ac-b402-1e4087e12e4f"}, {"item_id": "a322789a-aafb-47e4-8648-516d2f712e9d", "slot_idx": 4, "item_type_id": "a349ad48-9808-46e1-8f5e-bc4e4da46568"}, {"item_id": "379ec420-bb77-4c75-8e44-b3b60bcf52cd", "slot_idx": 5, "item_type_id": "a349ad48-9808-46e1-8f5e-bc4e4da46568"}], "b_rack": [{"item_id": "ff175048-e787-4ec3-8cc7-644f303bf650", "slot_idx": 0, "item_type_id": "dbc59b6b-1989-46c5-9710-933415f9a263"}, {"item_id": "a60a1d5a-9650-4744-abde-a1d0d6007e66", "slot_idx": 1, "item_type_id": "dbc59b6b-1989-46c5-9710-933415f9a263"}, {"item_id": "77f9fa74-2bda-4e60-bcc7-c0761a689390", "slot_idx": 2, "item_type_id": "76927c05-d018-4625-a963-f04c426854e3"}, {"item_id": "b234b3fb-400a-43ef-a36f-453cd2b12296", "slot_idx": 3, "item_type_id": "76927c05-d018-4625-a963-f04c426854e3"}], "c_rack": [{"item_id": "3fcd53b4-7d00-41f1-aa88-d6d680ec1d23", "slot_idx": 0, "item_type_id": "824b0caa-c9f7-491e-84b4-8a6beb86638e"}, {"item_id": "25354ff7-0796-4ae8-87f3-40c9616afdfc", "slot_idx": 1, "item_type_id": "82227782-f5cd-4ba3-bd0e-99e5e17f6ece"}, {"item_id": "7e5657c7-9f08-40f1-87c5-7a67b2193eb2", "slot_idx": 2, "item_type_id": "82227782-f5cd-4ba3-bd0e-99e5e17f6ece"}, {"item_id": "f32e615b-568b-401e-b596-2fec6f27b2de", "slot_idx": 3, "item_type_id": "7f25b73f-8ad8-4e87-bc76-241aaadcdd3b"}, {"item_id": "a8c4650e-e041-4788-91ed-5b6a857faf7f", "slot_idx": 4, "item_type_id": "7f25b73f-8ad8-4e87-bc76-241aaadcdd3b"}]}', false, NULL, '67bc790c-5b39-4333-9aeb-3e1d7a16fa74', '99251ade-7d67-46e2-8b74-6ef676037323', true, '82faf93b-b78f-4517-88fb-0980f25ed6b9', 10000, false, 1);
    INSERT INTO public.ships (id, universe_systemid, userid, pos_x, pos_y, created, shipname, texture, theta, vel_x, vel_y, shield, armor, hull, fuel, heat, energy, shiptemplateid, dockedat_stationid, fitting, destroyed, destroyedat, cargobay_containerid, fittingbay_containerid, remaxdirty, trash_containerid, wallet, noload, flightexperiencemodifier) VALUES ('a4b9bd53-0e30-4e97-8a88-3b76d3e30d01', '92a049fe-7de8-42a8-9f9c-55c1d2eb0012', '0474b979-01d3-4765-9587-059007e60823', 0, 0, '2022-10-10 21:33:02.929669-04', 'Isaak Kozlov''s Starter Ship', 'Zebra', 0, 0, 0, 6900, 2200, 72415, 63471, 0, 1694, 'ab6714d2-0574-492b-aeb9-6da2727faa06', 'c45015d5-09bc-486f-a166-93ae796c4052', '{"a_rack": [{"item_id": "ec1a78a5-bb03-4de8-ab3b-bbe2065b792e", "slot_idx": 0, "item_type_id": "27d43a76-5822-422b-94b7-65592eda9fec"}, {"item_id": "69a570b4-6be7-4923-9d3a-36737f017cda", "slot_idx": 1, "item_type_id": "27d43a76-5822-422b-94b7-65592eda9fec"}, {"item_id": "344710a3-0f30-483d-a0f0-36bb55b17351", "slot_idx": 2, "item_type_id": "74d1fa76-7870-42ac-b402-1e4087e12e4f"}, {"item_id": "44bb3a4f-9b34-4aa6-83b5-242575837453", "slot_idx": 3, "item_type_id": "74d1fa76-7870-42ac-b402-1e4087e12e4f"}, {"item_id": "2b031e73-c1ab-4981-a8db-9260fe79da58", "slot_idx": 4, "item_type_id": "a349ad48-9808-46e1-8f5e-bc4e4da46568"}, {"item_id": "b6e849ff-d643-44f3-944e-887057731322", "slot_idx": 5, "item_type_id": "a349ad48-9808-46e1-8f5e-bc4e4da46568"}], "b_rack": [{"item_id": "f7aa0b30-1756-44fc-a20a-4a183c704286", "slot_idx": 0, "item_type_id": "dbc59b6b-1989-46c5-9710-933415f9a263"}, {"item_id": "4a4c3d9c-d515-4b7b-8272-d36149fb7e46", "slot_idx": 1, "item_type_id": "dbc59b6b-1989-46c5-9710-933415f9a263"}, {"item_id": "61ba4c9f-2dad-45f8-8926-620cb72b5df5", "slot_idx": 2, "item_type_id": "76927c05-d018-4625-a963-f04c426854e3"}, {"item_id": "8af8afe5-9725-4191-9cfe-a163607c3baa", "slot_idx": 3, "item_type_id": "76927c05-d018-4625-a963-f04c426854e3"}], "c_rack": [{"item_id": "408efd0d-9b62-47fb-b702-e1ad3e44f7b3", "slot_idx": 0, "item_type_id": "824b0caa-c9f7-491e-84b4-8a6beb86638e"}, {"item_id": "27e82d19-1daa-4ea8-af91-41a092eb3a40", "slot_idx": 1, "item_type_id": "82227782-f5cd-4ba3-bd0e-99e5e17f6ece"}, {"item_id": "090a807c-973b-47a9-a189-761bb10b2d93", "slot_idx": 2, "item_type_id": "82227782-f5cd-4ba3-bd0e-99e5e17f6ece"}, {"item_id": "bab5e658-942b-49ef-acd6-cedd5d6806a7", "slot_idx": 3, "item_type_id": "7f25b73f-8ad8-4e87-bc76-241aaadcdd3b"}, {"item_id": "ed34afbb-13e4-44b6-8c7a-24617f50459c", "slot_idx": 4, "item_type_id": "7f25b73f-8ad8-4e87-bc76-241aaadcdd3b"}]}', false, NULL, 'e349d12f-04aa-4f7d-8971-0bac72038bcf', 'f447f194-ba7a-4c4b-975e-fb0c69f533c9', true, '1fa8a20c-32aa-48a6-83d0-225cbf49628c', 10000, false, 1);
    INSERT INTO public.ships (id, universe_systemid, userid, pos_x, pos_y, created, shipname, texture, theta, vel_x, vel_y, shield, armor, hull, fuel, heat, energy, shiptemplateid, dockedat_stationid, fitting, destroyed, destroyedat, cargobay_containerid, fittingbay_containerid, remaxdirty, trash_containerid, wallet, noload, flightexperiencemodifier) VALUES ('bb50bc34-9896-4bd8-81ff-7384955e55b6', '92a049fe-7de8-42a8-9f9c-55c1d2eb0012', '35f2a632-a621-4ad7-9df2-aaf2cf94ff16', 0, 0, '2022-10-10 21:33:02.974239-04', 'Nia Jaja''s Starter Ship', 'Zebra', 0, 0, 0, 6900, 2200, 72415, 63471, 0, 1694, 'ab6714d2-0574-492b-aeb9-6da2727faa06', 'c45015d5-09bc-486f-a166-93ae796c4052', '{"a_rack": [{"item_id": "58262c85-1aa5-4696-917a-9298c3d92aec", "slot_idx": 0, "item_type_id": "27d43a76-5822-422b-94b7-65592eda9fec"}, {"item_id": "4603fc05-c374-49e1-b6ae-9e35b53a6e46", "slot_idx": 1, "item_type_id": "27d43a76-5822-422b-94b7-65592eda9fec"}, {"item_id": "2d15c4d5-26c5-43f5-bbc5-a741cf242871", "slot_idx": 2, "item_type_id": "74d1fa76-7870-42ac-b402-1e4087e12e4f"}, {"item_id": "27729006-b977-4c44-b836-d89c46b9cc51", "slot_idx": 3, "item_type_id": "74d1fa76-7870-42ac-b402-1e4087e12e4f"}, {"item_id": "93d0ce39-f691-4975-a232-b0d8f9fdca1d", "slot_idx": 4, "item_type_id": "a349ad48-9808-46e1-8f5e-bc4e4da46568"}, {"item_id": "ada85824-7aa8-4565-b522-f4ff6404eb54", "slot_idx": 5, "item_type_id": "a349ad48-9808-46e1-8f5e-bc4e4da46568"}], "b_rack": [{"item_id": "23a5d0f1-00f1-4b46-9827-3c5afa6374cd", "slot_idx": 0, "item_type_id": "dbc59b6b-1989-46c5-9710-933415f9a263"}, {"item_id": "a3a9acf6-3b5e-4080-8d9a-307b33733741", "slot_idx": 1, "item_type_id": "dbc59b6b-1989-46c5-9710-933415f9a263"}, {"item_id": "0b7cf15f-dbe0-479c-ada2-45300da231f7", "slot_idx": 2, "item_type_id": "76927c05-d018-4625-a963-f04c426854e3"}, {"item_id": "6ca90b28-cf6d-4e5b-b516-09d5af880588", "slot_idx": 3, "item_type_id": "76927c05-d018-4625-a963-f04c426854e3"}], "c_rack": [{"item_id": "d3fa76b8-4f97-4992-b86c-7b8e212a6dae", "slot_idx": 0, "item_type_id": "824b0caa-c9f7-491e-84b4-8a6beb86638e"}, {"item_id": "03c20895-58b8-4836-82df-abc89d0600de", "slot_idx": 1, "item_type_id": "82227782-f5cd-4ba3-bd0e-99e5e17f6ece"}, {"item_id": "441680f5-3388-4f18-827e-ea861a7e0bcc", "slot_idx": 2, "item_type_id": "82227782-f5cd-4ba3-bd0e-99e5e17f6ece"}, {"item_id": "f39c9f3f-cdd4-46d3-a7a8-13177cd6a967", "slot_idx": 3, "item_type_id": "7f25b73f-8ad8-4e87-bc76-241aaadcdd3b"}, {"item_id": "cc8b5e9e-7b02-4c68-992b-cc7e06f1fd6f", "slot_idx": 4, "item_type_id": "7f25b73f-8ad8-4e87-bc76-241aaadcdd3b"}]}', false, NULL, 'ea4e226f-e0bf-48d0-a9d5-e288427ddc2f', 'ed970509-e23f-49ad-aa4d-99a5519cfa2d', true, '030c7e24-d8b9-4512-97be-24339ee6ce51', 10000, false, 1);
    INSERT INTO public.ships (id, universe_systemid, userid, pos_x, pos_y, created, shipname, texture, theta, vel_x, vel_y, shield, armor, hull, fuel, heat, energy, shiptemplateid, dockedat_stationid, fitting, destroyed, destroyedat, cargobay_containerid, fittingbay_containerid, remaxdirty, trash_containerid, wallet, noload, flightexperiencemodifier) VALUES ('9e67895b-143d-43d6-b588-1ab725d63866', '92a049fe-7de8-42a8-9f9c-55c1d2eb0012', 'e4eda6f0-d2d8-4887-84da-a6f9fa5bd1bf', 0, 0, '2022-10-10 21:33:03.017942-04', 'Wendy Harding''s Starter Ship', 'Zebra', 0, 0, 0, 6900, 2200, 72415, 63471, 0, 1694, 'ab6714d2-0574-492b-aeb9-6da2727faa06', 'c45015d5-09bc-486f-a166-93ae796c4052', '{"a_rack": [{"item_id": "273927eb-c6c9-4a73-8186-03968962cd9b", "slot_idx": 0, "item_type_id": "27d43a76-5822-422b-94b7-65592eda9fec"}, {"item_id": "9e551987-521e-4c66-ac30-a236aa10c936", "slot_idx": 1, "item_type_id": "27d43a76-5822-422b-94b7-65592eda9fec"}, {"item_id": "c2add61e-4c38-4a39-b7c7-11b64a0b22f0", "slot_idx": 2, "item_type_id": "74d1fa76-7870-42ac-b402-1e4087e12e4f"}, {"item_id": "4301dadd-532a-48c3-92fc-b7fd9f14b5c8", "slot_idx": 3, "item_type_id": "74d1fa76-7870-42ac-b402-1e4087e12e4f"}, {"item_id": "60eb4246-2bc6-4421-97cf-9d0c8c1e70a9", "slot_idx": 4, "item_type_id": "a349ad48-9808-46e1-8f5e-bc4e4da46568"}, {"item_id": "4899a5c7-b32d-4761-b620-22436f645423", "slot_idx": 5, "item_type_id": "a349ad48-9808-46e1-8f5e-bc4e4da46568"}], "b_rack": [{"item_id": "4a965bbf-33b7-4f42-8b01-011e2a276077", "slot_idx": 0, "item_type_id": "dbc59b6b-1989-46c5-9710-933415f9a263"}, {"item_id": "3a28da1a-8de5-4b3f-9f11-de233663f942", "slot_idx": 1, "item_type_id": "dbc59b6b-1989-46c5-9710-933415f9a263"}, {"item_id": "0e4c2768-62d7-44b6-9725-2bf0d73e3ff4", "slot_idx": 2, "item_type_id": "76927c05-d018-4625-a963-f04c426854e3"}, {"item_id": "8b105759-6045-4169-847e-cb0f0ddbc9f4", "slot_idx": 3, "item_type_id": "76927c05-d018-4625-a963-f04c426854e3"}], "c_rack": [{"item_id": "23d9b836-aa4f-4e85-b563-4eb8922e84ad", "slot_idx": 0, "item_type_id": "824b0caa-c9f7-491e-84b4-8a6beb86638e"}, {"item_id": "97a4ee84-0876-434c-a866-10df76178916", "slot_idx": 1, "item_type_id": "82227782-f5cd-4ba3-bd0e-99e5e17f6ece"}, {"item_id": "c91bb2c7-98d5-4b3e-b541-c4e542c57325", "slot_idx": 2, "item_type_id": "82227782-f5cd-4ba3-bd0e-99e5e17f6ece"}, {"item_id": "a3a91c80-05fa-4980-aca7-8b43ea07b488", "slot_idx": 3, "item_type_id": "7f25b73f-8ad8-4e87-bc76-241aaadcdd3b"}, {"item_id": "e93c09f0-1dd1-410e-a8d3-a39ac18319b6", "slot_idx": 4, "item_type_id": "7f25b73f-8ad8-4e87-bc76-241aaadcdd3b"}]}', false, NULL, 'fc2c9142-8cf4-48fd-ad96-7bec6be4e085', '1aea3f84-6d3c-465a-8f5b-bfb585e62e79', true, 'bf6de3be-9b5d-4ab0-8972-4b5444feb4a0', 10000, false, 1);
    INSERT INTO public.ships (id, universe_systemid, userid, pos_x, pos_y, created, shipname, texture, theta, vel_x, vel_y, shield, armor, hull, fuel, heat, energy, shiptemplateid, dockedat_stationid, fitting, destroyed, destroyedat, cargobay_containerid, fittingbay_containerid, remaxdirty, trash_containerid, wallet, noload, flightexperiencemodifier) VALUES ('0c19701a-615e-46db-8c08-1933f7ebb538', '92a049fe-7de8-42a8-9f9c-55c1d2eb0012', '2dd2a497-f884-4322-8fee-a4d4aa6a2cca', 0, 0, '2022-10-10 21:33:03.065281-04', 'Ejder Dinç''s Starter Ship', 'Zebra', 0, 0, 0, 6900, 2200, 72415, 63471, 0, 1694, 'ab6714d2-0574-492b-aeb9-6da2727faa06', 'c45015d5-09bc-486f-a166-93ae796c4052', '{"a_rack": [{"item_id": "61af2b97-0763-4722-a2f9-da43179ad737", "slot_idx": 0, "item_type_id": "27d43a76-5822-422b-94b7-65592eda9fec"}, {"item_id": "398ba671-826c-438d-b03a-4094b9c96dd6", "slot_idx": 1, "item_type_id": "27d43a76-5822-422b-94b7-65592eda9fec"}, {"item_id": "36d5dac1-a3bb-40d1-9f6c-7c90313b9d5d", "slot_idx": 2, "item_type_id": "74d1fa76-7870-42ac-b402-1e4087e12e4f"}, {"item_id": "5bde3c43-b18a-47d4-87ed-fd37dec7677d", "slot_idx": 3, "item_type_id": "74d1fa76-7870-42ac-b402-1e4087e12e4f"}, {"item_id": "a15f0628-189c-4664-91ed-912b980144de", "slot_idx": 4, "item_type_id": "a349ad48-9808-46e1-8f5e-bc4e4da46568"}, {"item_id": "22a5ab58-8308-40ca-8382-009981b9daea", "slot_idx": 5, "item_type_id": "a349ad48-9808-46e1-8f5e-bc4e4da46568"}], "b_rack": [{"item_id": "c7d42198-5534-4e16-8fda-a1c61f149318", "slot_idx": 0, "item_type_id": "dbc59b6b-1989-46c5-9710-933415f9a263"}, {"item_id": "425c9797-39a7-4884-919c-d39d076deed7", "slot_idx": 1, "item_type_id": "dbc59b6b-1989-46c5-9710-933415f9a263"}, {"item_id": "1596b2c6-98be-4c15-b7bb-2057882f3ce3", "slot_idx": 2, "item_type_id": "76927c05-d018-4625-a963-f04c426854e3"}, {"item_id": "3052faee-8ffe-4f9f-a202-e385d3b54e41", "slot_idx": 3, "item_type_id": "76927c05-d018-4625-a963-f04c426854e3"}], "c_rack": [{"item_id": "2ee0cb4e-e3f9-48d0-86c5-6a2e755ed88e", "slot_idx": 0, "item_type_id": "824b0caa-c9f7-491e-84b4-8a6beb86638e"}, {"item_id": "23128bf2-90c8-49cf-8a6b-ec18ff029172", "slot_idx": 1, "item_type_id": "82227782-f5cd-4ba3-bd0e-99e5e17f6ece"}, {"item_id": "3dbefebd-f557-48f4-a00f-9513e955f702", "slot_idx": 2, "item_type_id": "82227782-f5cd-4ba3-bd0e-99e5e17f6ece"}, {"item_id": "51065141-f949-4f57-a998-ebb6e2f7a7fb", "slot_idx": 3, "item_type_id": "7f25b73f-8ad8-4e87-bc76-241aaadcdd3b"}, {"item_id": "4907367a-6a32-4a3a-b318-43efd58305d5", "slot_idx": 4, "item_type_id": "7f25b73f-8ad8-4e87-bc76-241aaadcdd3b"}]}', false, NULL, '5d3bc357-d9f1-4be1-b966-7f463276ad17', 'dc2e1215-feec-4325-a777-65bd9757ec3c', true, 'a3013d3f-1b2f-4fb7-adac-103fb661b087', 10000, false, 1);

    -- items
    INSERT INTO public.items (id, itemtypeid, meta, created, createdby, createdreason, containerid, quantity, ispackaged) VALUES ('129f7860-f468-493c-ae2b-84006b28fdd2', '27d43a76-5822-422b-94b7-65592eda9fec', '{"hp": 150, "rack": "a", "range": 5505, "volume": 275, "cooldown": 4.25, "flight_time": 11.6, "hull_damage": 809, "armor_damage": 792, "needs_target": true, "shield_damage": 793, "missile_radius": 2.5, "activation_heat": 60, "ammunition_name": "LGPM-4", "ammunition_type": "b9b274c4-d938-4155-8c69-ecb6c4df054f", "fault_tolerance": 0.82, "industrialmarket": {"maxprice": 72355, "minprice": 98199, "silosize": 1000}, "activation_energy": 16, "missile_gfx_effect": "lgpm-4", "missile_explosion_effect": "basic_explosion", "missile_explosion_radius": 5}', '2022-10-10 21:33:02.839175-04', 'eac20615-d561-4384-b22b-ac495b9755d0', 'Module for new noob ship for player', '99251ade-7d67-46e2-8b74-6ef676037323', 1, false);
    INSERT INTO public.items (id, itemtypeid, meta, created, createdby, createdreason, containerid, quantity, ispackaged) VALUES ('530e82f7-a30a-4ba3-8244-8e4d3d69c5d9', '27d43a76-5822-422b-94b7-65592eda9fec', '{"hp": 150, "rack": "a", "range": 5505, "volume": 275, "cooldown": 4.25, "flight_time": 11.6, "hull_damage": 809, "armor_damage": 792, "needs_target": true, "shield_damage": 793, "missile_radius": 2.5, "activation_heat": 60, "ammunition_name": "LGPM-4", "ammunition_type": "b9b274c4-d938-4155-8c69-ecb6c4df054f", "fault_tolerance": 0.82, "industrialmarket": {"maxprice": 72355, "minprice": 98199, "silosize": 1000}, "activation_energy": 16, "missile_gfx_effect": "lgpm-4", "missile_explosion_effect": "basic_explosion", "missile_explosion_radius": 5}', '2022-10-10 21:33:02.842646-04', 'eac20615-d561-4384-b22b-ac495b9755d0', 'Module for new noob ship for player', '99251ade-7d67-46e2-8b74-6ef676037323', 1, false);
    INSERT INTO public.items (id, itemtypeid, meta, created, createdby, createdreason, containerid, quantity, ispackaged) VALUES ('4084397a-0bbb-4287-8a6b-24eadf660812', '74d1fa76-7870-42ac-b402-1e4087e12e4f', '{"hp": 25, "rack": "a", "volume": 300, "cooldown": 424, "activation_heat": 169, "industrialmarket": {"maxprice": 364995, "minprice": 459220, "silosize": 1000}, "activation_energy": 3680}', '2022-10-10 21:33:02.845104-04', 'eac20615-d561-4384-b22b-ac495b9755d0', 'Module for new noob ship for player', '99251ade-7d67-46e2-8b74-6ef676037323', 1, false);
    INSERT INTO public.items (id, itemtypeid, meta, created, createdby, createdreason, containerid, quantity, ispackaged) VALUES ('b2f443f7-9b31-450a-9ddb-b499f45d9745', '74d1fa76-7870-42ac-b402-1e4087e12e4f', '{"hp": 25, "rack": "a", "volume": 300, "cooldown": 424, "activation_heat": 169, "industrialmarket": {"maxprice": 364995, "minprice": 459220, "silosize": 1000}, "activation_energy": 3680}', '2022-10-10 21:33:02.847591-04', 'eac20615-d561-4384-b22b-ac495b9755d0', 'Module for new noob ship for player', '99251ade-7d67-46e2-8b74-6ef676037323', 1, false);
    INSERT INTO public.items (id, itemtypeid, meta, created, createdby, createdreason, containerid, quantity, ispackaged) VALUES ('a322789a-aafb-47e4-8648-516d2f712e9d', 'a349ad48-9808-46e1-8f5e-bc4e4da46568', '{"hp": 55, "rack": "a", "range": 15253, "volume": 285, "falloff": "linear", "cooldown": 42, "tracking": 6.9, "needs_target": true, "activation_heat": 712, "industrialmarket": {"maxprice": 92811, "minprice": 35690, "silosize": 1000}, "activation_energy": 160, "energy_siphon_amount": 3562, "activation_gfx_effect": "xl_energy_siphon"}', '2022-10-10 21:33:02.849976-04', 'eac20615-d561-4384-b22b-ac495b9755d0', 'Module for new noob ship for player', '99251ade-7d67-46e2-8b74-6ef676037323', 1, false);
    INSERT INTO public.items (id, itemtypeid, meta, created, createdby, createdreason, containerid, quantity, ispackaged) VALUES ('379ec420-bb77-4c75-8e44-b3b60bcf52cd', 'a349ad48-9808-46e1-8f5e-bc4e4da46568', '{"hp": 55, "rack": "a", "range": 15253, "volume": 285, "falloff": "linear", "cooldown": 42, "tracking": 6.9, "needs_target": true, "activation_heat": 712, "industrialmarket": {"maxprice": 92811, "minprice": 35690, "silosize": 1000}, "activation_energy": 160, "energy_siphon_amount": 3562, "activation_gfx_effect": "xl_energy_siphon"}', '2022-10-10 21:33:02.852382-04', 'eac20615-d561-4384-b22b-ac495b9755d0', 'Module for new noob ship for player', '99251ade-7d67-46e2-8b74-6ef676037323', 1, false);
    INSERT INTO public.items (id, itemtypeid, meta, created, createdby, createdreason, containerid, quantity, ispackaged) VALUES ('ff175048-e787-4ec3-8cc7-644f303bf650', 'dbc59b6b-1989-46c5-9710-933415f9a263', '{"hp": 500, "rack": "b", "volume": 315, "cooldown": 45, "needs_target": false, "activation_heat": 2080, "industrialmarket": {"maxprice": 12178, "minprice": 43911, "silosize": 1000}, "activation_energy": 480, "shield_boost_amount": 3200, "activation_gfx_effect": "xl_shield_booster"}', '2022-10-10 21:33:02.854804-04', 'eac20615-d561-4384-b22b-ac495b9755d0', 'Module for new noob ship for player', '99251ade-7d67-46e2-8b74-6ef676037323', 1, false);
    INSERT INTO public.items (id, itemtypeid, meta, created, createdby, createdreason, containerid, quantity, ispackaged) VALUES ('a60a1d5a-9650-4744-abde-a1d0d6007e66', 'dbc59b6b-1989-46c5-9710-933415f9a263', '{"hp": 500, "rack": "b", "volume": 315, "cooldown": 45, "needs_target": false, "activation_heat": 2080, "industrialmarket": {"maxprice": 12178, "minprice": 43911, "silosize": 1000}, "activation_energy": 480, "shield_boost_amount": 3200, "activation_gfx_effect": "xl_shield_booster"}', '2022-10-10 21:33:02.857304-04', 'eac20615-d561-4384-b22b-ac495b9755d0', 'Module for new noob ship for player', '99251ade-7d67-46e2-8b74-6ef676037323', 1, false);
    INSERT INTO public.items (id, itemtypeid, meta, created, createdby, createdreason, containerid, quantity, ispackaged) VALUES ('77f9fa74-2bda-4e60-bcc7-c0761a689390', '76927c05-d018-4625-a963-f04c426854e3', '{"hp": 29, "rack": "b", "range": 32497, "volume": 268, "falloff": "linear", "cooldown": 329, "needs_target": true, "activation_heat": 2752, "drag_multiplier": 457, "industrialmarket": {"maxprice": 961996, "minprice": 774234, "silosize": 500}, "activation_energy": 6608, "activation_gfx_effect": "xl_aether_dragger"}', '2022-10-10 21:33:02.859861-04', 'eac20615-d561-4384-b22b-ac495b9755d0', 'Module for new noob ship for player', '99251ade-7d67-46e2-8b74-6ef676037323', 1, false);
    INSERT INTO public.items (id, itemtypeid, meta, created, createdby, createdreason, containerid, quantity, ispackaged) VALUES ('b234b3fb-400a-43ef-a36f-453cd2b12296', '76927c05-d018-4625-a963-f04c426854e3', '{"hp": 29, "rack": "b", "range": 32497, "volume": 268, "falloff": "linear", "cooldown": 329, "needs_target": true, "activation_heat": 2752, "drag_multiplier": 457, "industrialmarket": {"maxprice": 961996, "minprice": 774234, "silosize": 500}, "activation_energy": 6608, "activation_gfx_effect": "xl_aether_dragger"}', '2022-10-10 21:33:02.861968-04', 'eac20615-d561-4384-b22b-ac495b9755d0', 'Module for new noob ship for player', '99251ade-7d67-46e2-8b74-6ef676037323', 1, false);
    INSERT INTO public.items (id, itemtypeid, meta, created, createdby, createdreason, containerid, quantity, ispackaged) VALUES ('3fcd53b4-7d00-41f1-aa88-d6d680ec1d23', '824b0caa-c9f7-491e-84b4-8a6beb86638e', '{"hp": 80, "rack": "c", "volume": 225, "industrialmarket": {"maxprice": 23856, "minprice": 19681, "silosize": 200}, "energy_regen_max_add": 260}', '2022-10-10 21:33:02.864186-04', 'eac20615-d561-4384-b22b-ac495b9755d0', 'Module for new noob ship for player', '99251ade-7d67-46e2-8b74-6ef676037323', 1, false);
    INSERT INTO public.items (id, itemtypeid, meta, created, createdby, createdreason, containerid, quantity, ispackaged) VALUES ('25354ff7-0796-4ae8-87f3-40c9616afdfc', '82227782-f5cd-4ba3-bd0e-99e5e17f6ece', '{"hp": 280, "rack": "c", "volume": 205, "heat_sink_add": 201.2, "industrialmarket": {"maxprice": 25000, "minprice": 18900, "silosize": 1000}}', '2022-10-10 21:33:02.866368-04', 'eac20615-d561-4384-b22b-ac495b9755d0', 'Module for new noob ship for player', '99251ade-7d67-46e2-8b74-6ef676037323', 1, false);
    INSERT INTO public.items (id, itemtypeid, meta, created, createdby, createdreason, containerid, quantity, ispackaged) VALUES ('7e5657c7-9f08-40f1-87c5-7a67b2193eb2', '82227782-f5cd-4ba3-bd0e-99e5e17f6ece', '{"hp": 280, "rack": "c", "volume": 205, "heat_sink_add": 201.2, "industrialmarket": {"maxprice": 25000, "minprice": 18900, "silosize": 1000}}', '2022-10-10 21:33:02.868442-04', 'eac20615-d561-4384-b22b-ac495b9755d0', 'Module for new noob ship for player', '99251ade-7d67-46e2-8b74-6ef676037323', 1, false);
    INSERT INTO public.items (id, itemtypeid, meta, created, createdby, createdreason, containerid, quantity, ispackaged) VALUES ('f32e615b-568b-401e-b596-2fec6f27b2de', '7f25b73f-8ad8-4e87-bc76-241aaadcdd3b', '{"hp": 250, "rack": "c", "volume": 210, "energy_max_add": 9920, "industrialmarket": {"maxprice": 302550, "minprice": 215991, "silosize": 1000}}', '2022-10-10 21:33:02.871312-04', 'eac20615-d561-4384-b22b-ac495b9755d0', 'Module for new noob ship for player', '99251ade-7d67-46e2-8b74-6ef676037323', 1, false);
    INSERT INTO public.items (id, itemtypeid, meta, created, createdby, createdreason, containerid, quantity, ispackaged) VALUES ('a8c4650e-e041-4788-91ed-5b6a857faf7f', '7f25b73f-8ad8-4e87-bc76-241aaadcdd3b', '{"hp": 250, "rack": "c", "volume": 210, "energy_max_add": 9920, "industrialmarket": {"maxprice": 302550, "minprice": 215991, "silosize": 1000}}', '2022-10-10 21:33:02.874172-04', 'eac20615-d561-4384-b22b-ac495b9755d0', 'Module for new noob ship for player', '99251ade-7d67-46e2-8b74-6ef676037323', 1, false);
    INSERT INTO public.items (id, itemtypeid, meta, created, createdby, createdreason, containerid, quantity, ispackaged) VALUES ('ec1a78a5-bb03-4de8-ab3b-bbe2065b792e', '27d43a76-5822-422b-94b7-65592eda9fec', '{"hp": 150, "rack": "a", "range": 5505, "volume": 275, "cooldown": 4.25, "flight_time": 11.6, "hull_damage": 809, "armor_damage": 792, "needs_target": true, "shield_damage": 793, "missile_radius": 2.5, "activation_heat": 60, "ammunition_name": "LGPM-4", "ammunition_type": "b9b274c4-d938-4155-8c69-ecb6c4df054f", "fault_tolerance": 0.82, "industrialmarket": {"maxprice": 72355, "minprice": 98199, "silosize": 1000}, "activation_energy": 16, "missile_gfx_effect": "lgpm-4", "missile_explosion_effect": "basic_explosion", "missile_explosion_radius": 5}', '2022-10-10 21:33:02.896892-04', '0474b979-01d3-4765-9587-059007e60823', 'Module for new noob ship for player', 'f447f194-ba7a-4c4b-975e-fb0c69f533c9', 1, false);
    INSERT INTO public.items (id, itemtypeid, meta, created, createdby, createdreason, containerid, quantity, ispackaged) VALUES ('69a570b4-6be7-4923-9d3a-36737f017cda', '27d43a76-5822-422b-94b7-65592eda9fec', '{"hp": 150, "rack": "a", "range": 5505, "volume": 275, "cooldown": 4.25, "flight_time": 11.6, "hull_damage": 809, "armor_damage": 792, "needs_target": true, "shield_damage": 793, "missile_radius": 2.5, "activation_heat": 60, "ammunition_name": "LGPM-4", "ammunition_type": "b9b274c4-d938-4155-8c69-ecb6c4df054f", "fault_tolerance": 0.82, "industrialmarket": {"maxprice": 72355, "minprice": 98199, "silosize": 1000}, "activation_energy": 16, "missile_gfx_effect": "lgpm-4", "missile_explosion_effect": "basic_explosion", "missile_explosion_radius": 5}', '2022-10-10 21:33:02.899298-04', '0474b979-01d3-4765-9587-059007e60823', 'Module for new noob ship for player', 'f447f194-ba7a-4c4b-975e-fb0c69f533c9', 1, false);
    INSERT INTO public.items (id, itemtypeid, meta, created, createdby, createdreason, containerid, quantity, ispackaged) VALUES ('344710a3-0f30-483d-a0f0-36bb55b17351', '74d1fa76-7870-42ac-b402-1e4087e12e4f', '{"hp": 25, "rack": "a", "volume": 300, "cooldown": 424, "activation_heat": 169, "industrialmarket": {"maxprice": 364995, "minprice": 459220, "silosize": 1000}, "activation_energy": 3680}', '2022-10-10 21:33:02.901566-04', '0474b979-01d3-4765-9587-059007e60823', 'Module for new noob ship for player', 'f447f194-ba7a-4c4b-975e-fb0c69f533c9', 1, false);
    INSERT INTO public.items (id, itemtypeid, meta, created, createdby, createdreason, containerid, quantity, ispackaged) VALUES ('44bb3a4f-9b34-4aa6-83b5-242575837453', '74d1fa76-7870-42ac-b402-1e4087e12e4f', '{"hp": 25, "rack": "a", "volume": 300, "cooldown": 424, "activation_heat": 169, "industrialmarket": {"maxprice": 364995, "minprice": 459220, "silosize": 1000}, "activation_energy": 3680}', '2022-10-10 21:33:02.903818-04', '0474b979-01d3-4765-9587-059007e60823', 'Module for new noob ship for player', 'f447f194-ba7a-4c4b-975e-fb0c69f533c9', 1, false);
    INSERT INTO public.items (id, itemtypeid, meta, created, createdby, createdreason, containerid, quantity, ispackaged) VALUES ('2b031e73-c1ab-4981-a8db-9260fe79da58', 'a349ad48-9808-46e1-8f5e-bc4e4da46568', '{"hp": 55, "rack": "a", "range": 15253, "volume": 285, "falloff": "linear", "cooldown": 42, "tracking": 6.9, "needs_target": true, "activation_heat": 712, "industrialmarket": {"maxprice": 92811, "minprice": 35690, "silosize": 1000}, "activation_energy": 160, "energy_siphon_amount": 3562, "activation_gfx_effect": "xl_energy_siphon"}', '2022-10-10 21:33:02.906225-04', '0474b979-01d3-4765-9587-059007e60823', 'Module for new noob ship for player', 'f447f194-ba7a-4c4b-975e-fb0c69f533c9', 1, false);
    INSERT INTO public.items (id, itemtypeid, meta, created, createdby, createdreason, containerid, quantity, ispackaged) VALUES ('b6e849ff-d643-44f3-944e-887057731322', 'a349ad48-9808-46e1-8f5e-bc4e4da46568', '{"hp": 55, "rack": "a", "range": 15253, "volume": 285, "falloff": "linear", "cooldown": 42, "tracking": 6.9, "needs_target": true, "activation_heat": 712, "industrialmarket": {"maxprice": 92811, "minprice": 35690, "silosize": 1000}, "activation_energy": 160, "energy_siphon_amount": 3562, "activation_gfx_effect": "xl_energy_siphon"}', '2022-10-10 21:33:02.909557-04', '0474b979-01d3-4765-9587-059007e60823', 'Module for new noob ship for player', 'f447f194-ba7a-4c4b-975e-fb0c69f533c9', 1, false);
    INSERT INTO public.items (id, itemtypeid, meta, created, createdby, createdreason, containerid, quantity, ispackaged) VALUES ('f7aa0b30-1756-44fc-a20a-4a183c704286', 'dbc59b6b-1989-46c5-9710-933415f9a263', '{"hp": 500, "rack": "b", "volume": 315, "cooldown": 45, "needs_target": false, "activation_heat": 2080, "industrialmarket": {"maxprice": 12178, "minprice": 43911, "silosize": 1000}, "activation_energy": 480, "shield_boost_amount": 3200, "activation_gfx_effect": "xl_shield_booster"}', '2022-10-10 21:33:02.911564-04', '0474b979-01d3-4765-9587-059007e60823', 'Module for new noob ship for player', 'f447f194-ba7a-4c4b-975e-fb0c69f533c9', 1, false);
    INSERT INTO public.items (id, itemtypeid, meta, created, createdby, createdreason, containerid, quantity, ispackaged) VALUES ('4a4c3d9c-d515-4b7b-8272-d36149fb7e46', 'dbc59b6b-1989-46c5-9710-933415f9a263', '{"hp": 500, "rack": "b", "volume": 315, "cooldown": 45, "needs_target": false, "activation_heat": 2080, "industrialmarket": {"maxprice": 12178, "minprice": 43911, "silosize": 1000}, "activation_energy": 480, "shield_boost_amount": 3200, "activation_gfx_effect": "xl_shield_booster"}', '2022-10-10 21:33:02.913548-04', '0474b979-01d3-4765-9587-059007e60823', 'Module for new noob ship for player', 'f447f194-ba7a-4c4b-975e-fb0c69f533c9', 1, false);
    INSERT INTO public.items (id, itemtypeid, meta, created, createdby, createdreason, containerid, quantity, ispackaged) VALUES ('61ba4c9f-2dad-45f8-8926-620cb72b5df5', '76927c05-d018-4625-a963-f04c426854e3', '{"hp": 29, "rack": "b", "range": 32497, "volume": 268, "falloff": "linear", "cooldown": 329, "needs_target": true, "activation_heat": 2752, "drag_multiplier": 457, "industrialmarket": {"maxprice": 961996, "minprice": 774234, "silosize": 500}, "activation_energy": 6608, "activation_gfx_effect": "xl_aether_dragger"}', '2022-10-10 21:33:02.915458-04', '0474b979-01d3-4765-9587-059007e60823', 'Module for new noob ship for player', 'f447f194-ba7a-4c4b-975e-fb0c69f533c9', 1, false);
    INSERT INTO public.items (id, itemtypeid, meta, created, createdby, createdreason, containerid, quantity, ispackaged) VALUES ('8af8afe5-9725-4191-9cfe-a163607c3baa', '76927c05-d018-4625-a963-f04c426854e3', '{"hp": 29, "rack": "b", "range": 32497, "volume": 268, "falloff": "linear", "cooldown": 329, "needs_target": true, "activation_heat": 2752, "drag_multiplier": 457, "industrialmarket": {"maxprice": 961996, "minprice": 774234, "silosize": 500}, "activation_energy": 6608, "activation_gfx_effect": "xl_aether_dragger"}', '2022-10-10 21:33:02.917378-04', '0474b979-01d3-4765-9587-059007e60823', 'Module for new noob ship for player', 'f447f194-ba7a-4c4b-975e-fb0c69f533c9', 1, false);
    INSERT INTO public.items (id, itemtypeid, meta, created, createdby, createdreason, containerid, quantity, ispackaged) VALUES ('408efd0d-9b62-47fb-b702-e1ad3e44f7b3', '824b0caa-c9f7-491e-84b4-8a6beb86638e', '{"hp": 80, "rack": "c", "volume": 225, "industrialmarket": {"maxprice": 23856, "minprice": 19681, "silosize": 200}, "energy_regen_max_add": 260}', '2022-10-10 21:33:02.919334-04', '0474b979-01d3-4765-9587-059007e60823', 'Module for new noob ship for player', 'f447f194-ba7a-4c4b-975e-fb0c69f533c9', 1, false);
    INSERT INTO public.items (id, itemtypeid, meta, created, createdby, createdreason, containerid, quantity, ispackaged) VALUES ('27e82d19-1daa-4ea8-af91-41a092eb3a40', '82227782-f5cd-4ba3-bd0e-99e5e17f6ece', '{"hp": 280, "rack": "c", "volume": 205, "heat_sink_add": 201.2, "industrialmarket": {"maxprice": 25000, "minprice": 18900, "silosize": 1000}}', '2022-10-10 21:33:02.921499-04', '0474b979-01d3-4765-9587-059007e60823', 'Module for new noob ship for player', 'f447f194-ba7a-4c4b-975e-fb0c69f533c9', 1, false);
    INSERT INTO public.items (id, itemtypeid, meta, created, createdby, createdreason, containerid, quantity, ispackaged) VALUES ('090a807c-973b-47a9-a189-761bb10b2d93', '82227782-f5cd-4ba3-bd0e-99e5e17f6ece', '{"hp": 280, "rack": "c", "volume": 205, "heat_sink_add": 201.2, "industrialmarket": {"maxprice": 25000, "minprice": 18900, "silosize": 1000}}', '2022-10-10 21:33:02.923972-04', '0474b979-01d3-4765-9587-059007e60823', 'Module for new noob ship for player', 'f447f194-ba7a-4c4b-975e-fb0c69f533c9', 1, false);
    INSERT INTO public.items (id, itemtypeid, meta, created, createdby, createdreason, containerid, quantity, ispackaged) VALUES ('bab5e658-942b-49ef-acd6-cedd5d6806a7', '7f25b73f-8ad8-4e87-bc76-241aaadcdd3b', '{"hp": 250, "rack": "c", "volume": 210, "energy_max_add": 9920, "industrialmarket": {"maxprice": 302550, "minprice": 215991, "silosize": 1000}}', '2022-10-10 21:33:02.926087-04', '0474b979-01d3-4765-9587-059007e60823', 'Module for new noob ship for player', 'f447f194-ba7a-4c4b-975e-fb0c69f533c9', 1, false);
    INSERT INTO public.items (id, itemtypeid, meta, created, createdby, createdreason, containerid, quantity, ispackaged) VALUES ('ed34afbb-13e4-44b6-8c7a-24617f50459c', '7f25b73f-8ad8-4e87-bc76-241aaadcdd3b', '{"hp": 250, "rack": "c", "volume": 210, "energy_max_add": 9920, "industrialmarket": {"maxprice": 302550, "minprice": 215991, "silosize": 1000}}', '2022-10-10 21:33:02.927973-04', '0474b979-01d3-4765-9587-059007e60823', 'Module for new noob ship for player', 'f447f194-ba7a-4c4b-975e-fb0c69f533c9', 1, false);
    INSERT INTO public.items (id, itemtypeid, meta, created, createdby, createdreason, containerid, quantity, ispackaged) VALUES ('58262c85-1aa5-4696-917a-9298c3d92aec', '27d43a76-5822-422b-94b7-65592eda9fec', '{"hp": 150, "rack": "a", "range": 5505, "volume": 275, "cooldown": 4.25, "flight_time": 11.6, "hull_damage": 809, "armor_damage": 792, "needs_target": true, "shield_damage": 793, "missile_radius": 2.5, "activation_heat": 60, "ammunition_name": "LGPM-4", "ammunition_type": "b9b274c4-d938-4155-8c69-ecb6c4df054f", "fault_tolerance": 0.82, "industrialmarket": {"maxprice": 72355, "minprice": 98199, "silosize": 1000}, "activation_energy": 16, "missile_gfx_effect": "lgpm-4", "missile_explosion_effect": "basic_explosion", "missile_explosion_radius": 5}', '2022-10-10 21:33:02.944851-04', '35f2a632-a621-4ad7-9df2-aaf2cf94ff16', 'Module for new noob ship for player', 'ed970509-e23f-49ad-aa4d-99a5519cfa2d', 1, false);
    INSERT INTO public.items (id, itemtypeid, meta, created, createdby, createdreason, containerid, quantity, ispackaged) VALUES ('4603fc05-c374-49e1-b6ae-9e35b53a6e46', '27d43a76-5822-422b-94b7-65592eda9fec', '{"hp": 150, "rack": "a", "range": 5505, "volume": 275, "cooldown": 4.25, "flight_time": 11.6, "hull_damage": 809, "armor_damage": 792, "needs_target": true, "shield_damage": 793, "missile_radius": 2.5, "activation_heat": 60, "ammunition_name": "LGPM-4", "ammunition_type": "b9b274c4-d938-4155-8c69-ecb6c4df054f", "fault_tolerance": 0.82, "industrialmarket": {"maxprice": 72355, "minprice": 98199, "silosize": 1000}, "activation_energy": 16, "missile_gfx_effect": "lgpm-4", "missile_explosion_effect": "basic_explosion", "missile_explosion_radius": 5}', '2022-10-10 21:33:02.946911-04', '35f2a632-a621-4ad7-9df2-aaf2cf94ff16', 'Module for new noob ship for player', 'ed970509-e23f-49ad-aa4d-99a5519cfa2d', 1, false);
    INSERT INTO public.items (id, itemtypeid, meta, created, createdby, createdreason, containerid, quantity, ispackaged) VALUES ('2d15c4d5-26c5-43f5-bbc5-a741cf242871', '74d1fa76-7870-42ac-b402-1e4087e12e4f', '{"hp": 25, "rack": "a", "volume": 300, "cooldown": 424, "activation_heat": 169, "industrialmarket": {"maxprice": 364995, "minprice": 459220, "silosize": 1000}, "activation_energy": 3680}', '2022-10-10 21:33:02.949089-04', '35f2a632-a621-4ad7-9df2-aaf2cf94ff16', 'Module for new noob ship for player', 'ed970509-e23f-49ad-aa4d-99a5519cfa2d', 1, false);
    INSERT INTO public.items (id, itemtypeid, meta, created, createdby, createdreason, containerid, quantity, ispackaged) VALUES ('27729006-b977-4c44-b836-d89c46b9cc51', '74d1fa76-7870-42ac-b402-1e4087e12e4f', '{"hp": 25, "rack": "a", "volume": 300, "cooldown": 424, "activation_heat": 169, "industrialmarket": {"maxprice": 364995, "minprice": 459220, "silosize": 1000}, "activation_energy": 3680}', '2022-10-10 21:33:02.951148-04', '35f2a632-a621-4ad7-9df2-aaf2cf94ff16', 'Module for new noob ship for player', 'ed970509-e23f-49ad-aa4d-99a5519cfa2d', 1, false);
    INSERT INTO public.items (id, itemtypeid, meta, created, createdby, createdreason, containerid, quantity, ispackaged) VALUES ('93d0ce39-f691-4975-a232-b0d8f9fdca1d', 'a349ad48-9808-46e1-8f5e-bc4e4da46568', '{"hp": 55, "rack": "a", "range": 15253, "volume": 285, "falloff": "linear", "cooldown": 42, "tracking": 6.9, "needs_target": true, "activation_heat": 712, "industrialmarket": {"maxprice": 92811, "minprice": 35690, "silosize": 1000}, "activation_energy": 160, "energy_siphon_amount": 3562, "activation_gfx_effect": "xl_energy_siphon"}', '2022-10-10 21:33:02.953229-04', '35f2a632-a621-4ad7-9df2-aaf2cf94ff16', 'Module for new noob ship for player', 'ed970509-e23f-49ad-aa4d-99a5519cfa2d', 1, false);
    INSERT INTO public.items (id, itemtypeid, meta, created, createdby, createdreason, containerid, quantity, ispackaged) VALUES ('ada85824-7aa8-4565-b522-f4ff6404eb54', 'a349ad48-9808-46e1-8f5e-bc4e4da46568', '{"hp": 55, "rack": "a", "range": 15253, "volume": 285, "falloff": "linear", "cooldown": 42, "tracking": 6.9, "needs_target": true, "activation_heat": 712, "industrialmarket": {"maxprice": 92811, "minprice": 35690, "silosize": 1000}, "activation_energy": 160, "energy_siphon_amount": 3562, "activation_gfx_effect": "xl_energy_siphon"}', '2022-10-10 21:33:02.955258-04', '35f2a632-a621-4ad7-9df2-aaf2cf94ff16', 'Module for new noob ship for player', 'ed970509-e23f-49ad-aa4d-99a5519cfa2d', 1, false);
    INSERT INTO public.items (id, itemtypeid, meta, created, createdby, createdreason, containerid, quantity, ispackaged) VALUES ('23a5d0f1-00f1-4b46-9827-3c5afa6374cd', 'dbc59b6b-1989-46c5-9710-933415f9a263', '{"hp": 500, "rack": "b", "volume": 315, "cooldown": 45, "needs_target": false, "activation_heat": 2080, "industrialmarket": {"maxprice": 12178, "minprice": 43911, "silosize": 1000}, "activation_energy": 480, "shield_boost_amount": 3200, "activation_gfx_effect": "xl_shield_booster"}', '2022-10-10 21:33:02.957166-04', '35f2a632-a621-4ad7-9df2-aaf2cf94ff16', 'Module for new noob ship for player', 'ed970509-e23f-49ad-aa4d-99a5519cfa2d', 1, false);
    INSERT INTO public.items (id, itemtypeid, meta, created, createdby, createdreason, containerid, quantity, ispackaged) VALUES ('a3a9acf6-3b5e-4080-8d9a-307b33733741', 'dbc59b6b-1989-46c5-9710-933415f9a263', '{"hp": 500, "rack": "b", "volume": 315, "cooldown": 45, "needs_target": false, "activation_heat": 2080, "industrialmarket": {"maxprice": 12178, "minprice": 43911, "silosize": 1000}, "activation_energy": 480, "shield_boost_amount": 3200, "activation_gfx_effect": "xl_shield_booster"}', '2022-10-10 21:33:02.95899-04', '35f2a632-a621-4ad7-9df2-aaf2cf94ff16', 'Module for new noob ship for player', 'ed970509-e23f-49ad-aa4d-99a5519cfa2d', 1, false);
    INSERT INTO public.items (id, itemtypeid, meta, created, createdby, createdreason, containerid, quantity, ispackaged) VALUES ('0b7cf15f-dbe0-479c-ada2-45300da231f7', '76927c05-d018-4625-a963-f04c426854e3', '{"hp": 29, "rack": "b", "range": 32497, "volume": 268, "falloff": "linear", "cooldown": 329, "needs_target": true, "activation_heat": 2752, "drag_multiplier": 457, "industrialmarket": {"maxprice": 961996, "minprice": 774234, "silosize": 500}, "activation_energy": 6608, "activation_gfx_effect": "xl_aether_dragger"}', '2022-10-10 21:33:02.960853-04', '35f2a632-a621-4ad7-9df2-aaf2cf94ff16', 'Module for new noob ship for player', 'ed970509-e23f-49ad-aa4d-99a5519cfa2d', 1, false);
    INSERT INTO public.items (id, itemtypeid, meta, created, createdby, createdreason, containerid, quantity, ispackaged) VALUES ('6ca90b28-cf6d-4e5b-b516-09d5af880588', '76927c05-d018-4625-a963-f04c426854e3', '{"hp": 29, "rack": "b", "range": 32497, "volume": 268, "falloff": "linear", "cooldown": 329, "needs_target": true, "activation_heat": 2752, "drag_multiplier": 457, "industrialmarket": {"maxprice": 961996, "minprice": 774234, "silosize": 500}, "activation_energy": 6608, "activation_gfx_effect": "xl_aether_dragger"}', '2022-10-10 21:33:02.962762-04', '35f2a632-a621-4ad7-9df2-aaf2cf94ff16', 'Module for new noob ship for player', 'ed970509-e23f-49ad-aa4d-99a5519cfa2d', 1, false);
    INSERT INTO public.items (id, itemtypeid, meta, created, createdby, createdreason, containerid, quantity, ispackaged) VALUES ('d3fa76b8-4f97-4992-b86c-7b8e212a6dae', '824b0caa-c9f7-491e-84b4-8a6beb86638e', '{"hp": 80, "rack": "c", "volume": 225, "industrialmarket": {"maxprice": 23856, "minprice": 19681, "silosize": 200}, "energy_regen_max_add": 260}', '2022-10-10 21:33:02.964589-04', '35f2a632-a621-4ad7-9df2-aaf2cf94ff16', 'Module for new noob ship for player', 'ed970509-e23f-49ad-aa4d-99a5519cfa2d', 1, false);
    INSERT INTO public.items (id, itemtypeid, meta, created, createdby, createdreason, containerid, quantity, ispackaged) VALUES ('03c20895-58b8-4836-82df-abc89d0600de', '82227782-f5cd-4ba3-bd0e-99e5e17f6ece', '{"hp": 280, "rack": "c", "volume": 205, "heat_sink_add": 201.2, "industrialmarket": {"maxprice": 25000, "minprice": 18900, "silosize": 1000}}', '2022-10-10 21:33:02.966375-04', '35f2a632-a621-4ad7-9df2-aaf2cf94ff16', 'Module for new noob ship for player', 'ed970509-e23f-49ad-aa4d-99a5519cfa2d', 1, false);
    INSERT INTO public.items (id, itemtypeid, meta, created, createdby, createdreason, containerid, quantity, ispackaged) VALUES ('441680f5-3388-4f18-827e-ea861a7e0bcc', '82227782-f5cd-4ba3-bd0e-99e5e17f6ece', '{"hp": 280, "rack": "c", "volume": 205, "heat_sink_add": 201.2, "industrialmarket": {"maxprice": 25000, "minprice": 18900, "silosize": 1000}}', '2022-10-10 21:33:02.968323-04', '35f2a632-a621-4ad7-9df2-aaf2cf94ff16', 'Module for new noob ship for player', 'ed970509-e23f-49ad-aa4d-99a5519cfa2d', 1, false);
    INSERT INTO public.items (id, itemtypeid, meta, created, createdby, createdreason, containerid, quantity, ispackaged) VALUES ('f39c9f3f-cdd4-46d3-a7a8-13177cd6a967', '7f25b73f-8ad8-4e87-bc76-241aaadcdd3b', '{"hp": 250, "rack": "c", "volume": 210, "energy_max_add": 9920, "industrialmarket": {"maxprice": 302550, "minprice": 215991, "silosize": 1000}}', '2022-10-10 21:33:02.970788-04', '35f2a632-a621-4ad7-9df2-aaf2cf94ff16', 'Module for new noob ship for player', 'ed970509-e23f-49ad-aa4d-99a5519cfa2d', 1, false);
    INSERT INTO public.items (id, itemtypeid, meta, created, createdby, createdreason, containerid, quantity, ispackaged) VALUES ('cc8b5e9e-7b02-4c68-992b-cc7e06f1fd6f', '7f25b73f-8ad8-4e87-bc76-241aaadcdd3b', '{"hp": 250, "rack": "c", "volume": 210, "energy_max_add": 9920, "industrialmarket": {"maxprice": 302550, "minprice": 215991, "silosize": 1000}}', '2022-10-10 21:33:02.972689-04', '35f2a632-a621-4ad7-9df2-aaf2cf94ff16', 'Module for new noob ship for player', 'ed970509-e23f-49ad-aa4d-99a5519cfa2d', 1, false);
    INSERT INTO public.items (id, itemtypeid, meta, created, createdby, createdreason, containerid, quantity, ispackaged) VALUES ('273927eb-c6c9-4a73-8186-03968962cd9b', '27d43a76-5822-422b-94b7-65592eda9fec', '{"hp": 150, "rack": "a", "range": 5505, "volume": 275, "cooldown": 4.25, "flight_time": 11.6, "hull_damage": 809, "armor_damage": 792, "needs_target": true, "shield_damage": 793, "missile_radius": 2.5, "activation_heat": 60, "ammunition_name": "LGPM-4", "ammunition_type": "b9b274c4-d938-4155-8c69-ecb6c4df054f", "fault_tolerance": 0.82, "industrialmarket": {"maxprice": 72355, "minprice": 98199, "silosize": 1000}, "activation_energy": 16, "missile_gfx_effect": "lgpm-4", "missile_explosion_effect": "basic_explosion", "missile_explosion_radius": 5}', '2022-10-10 21:33:02.988693-04', 'e4eda6f0-d2d8-4887-84da-a6f9fa5bd1bf', 'Module for new noob ship for player', '1aea3f84-6d3c-465a-8f5b-bfb585e62e79', 1, false);
    INSERT INTO public.items (id, itemtypeid, meta, created, createdby, createdreason, containerid, quantity, ispackaged) VALUES ('9e551987-521e-4c66-ac30-a236aa10c936', '27d43a76-5822-422b-94b7-65592eda9fec', '{"hp": 150, "rack": "a", "range": 5505, "volume": 275, "cooldown": 4.25, "flight_time": 11.6, "hull_damage": 809, "armor_damage": 792, "needs_target": true, "shield_damage": 793, "missile_radius": 2.5, "activation_heat": 60, "ammunition_name": "LGPM-4", "ammunition_type": "b9b274c4-d938-4155-8c69-ecb6c4df054f", "fault_tolerance": 0.82, "industrialmarket": {"maxprice": 72355, "minprice": 98199, "silosize": 1000}, "activation_energy": 16, "missile_gfx_effect": "lgpm-4", "missile_explosion_effect": "basic_explosion", "missile_explosion_radius": 5}', '2022-10-10 21:33:02.990608-04', 'e4eda6f0-d2d8-4887-84da-a6f9fa5bd1bf', 'Module for new noob ship for player', '1aea3f84-6d3c-465a-8f5b-bfb585e62e79', 1, false);
    INSERT INTO public.items (id, itemtypeid, meta, created, createdby, createdreason, containerid, quantity, ispackaged) VALUES ('c2add61e-4c38-4a39-b7c7-11b64a0b22f0', '74d1fa76-7870-42ac-b402-1e4087e12e4f', '{"hp": 25, "rack": "a", "volume": 300, "cooldown": 424, "activation_heat": 169, "industrialmarket": {"maxprice": 364995, "minprice": 459220, "silosize": 1000}, "activation_energy": 3680}', '2022-10-10 21:33:02.992723-04', 'e4eda6f0-d2d8-4887-84da-a6f9fa5bd1bf', 'Module for new noob ship for player', '1aea3f84-6d3c-465a-8f5b-bfb585e62e79', 1, false);
    INSERT INTO public.items (id, itemtypeid, meta, created, createdby, createdreason, containerid, quantity, ispackaged) VALUES ('4301dadd-532a-48c3-92fc-b7fd9f14b5c8', '74d1fa76-7870-42ac-b402-1e4087e12e4f', '{"hp": 25, "rack": "a", "volume": 300, "cooldown": 424, "activation_heat": 169, "industrialmarket": {"maxprice": 364995, "minprice": 459220, "silosize": 1000}, "activation_energy": 3680}', '2022-10-10 21:33:02.994644-04', 'e4eda6f0-d2d8-4887-84da-a6f9fa5bd1bf', 'Module for new noob ship for player', '1aea3f84-6d3c-465a-8f5b-bfb585e62e79', 1, false);
    INSERT INTO public.items (id, itemtypeid, meta, created, createdby, createdreason, containerid, quantity, ispackaged) VALUES ('60eb4246-2bc6-4421-97cf-9d0c8c1e70a9', 'a349ad48-9808-46e1-8f5e-bc4e4da46568', '{"hp": 55, "rack": "a", "range": 15253, "volume": 285, "falloff": "linear", "cooldown": 42, "tracking": 6.9, "needs_target": true, "activation_heat": 712, "industrialmarket": {"maxprice": 92811, "minprice": 35690, "silosize": 1000}, "activation_energy": 160, "energy_siphon_amount": 3562, "activation_gfx_effect": "xl_energy_siphon"}', '2022-10-10 21:33:02.996447-04', 'e4eda6f0-d2d8-4887-84da-a6f9fa5bd1bf', 'Module for new noob ship for player', '1aea3f84-6d3c-465a-8f5b-bfb585e62e79', 1, false);
    INSERT INTO public.items (id, itemtypeid, meta, created, createdby, createdreason, containerid, quantity, ispackaged) VALUES ('4899a5c7-b32d-4761-b620-22436f645423', 'a349ad48-9808-46e1-8f5e-bc4e4da46568', '{"hp": 55, "rack": "a", "range": 15253, "volume": 285, "falloff": "linear", "cooldown": 42, "tracking": 6.9, "needs_target": true, "activation_heat": 712, "industrialmarket": {"maxprice": 92811, "minprice": 35690, "silosize": 1000}, "activation_energy": 160, "energy_siphon_amount": 3562, "activation_gfx_effect": "xl_energy_siphon"}', '2022-10-10 21:33:02.998253-04', 'e4eda6f0-d2d8-4887-84da-a6f9fa5bd1bf', 'Module for new noob ship for player', '1aea3f84-6d3c-465a-8f5b-bfb585e62e79', 1, false);
    INSERT INTO public.items (id, itemtypeid, meta, created, createdby, createdreason, containerid, quantity, ispackaged) VALUES ('4a965bbf-33b7-4f42-8b01-011e2a276077', 'dbc59b6b-1989-46c5-9710-933415f9a263', '{"hp": 500, "rack": "b", "volume": 315, "cooldown": 45, "needs_target": false, "activation_heat": 2080, "industrialmarket": {"maxprice": 12178, "minprice": 43911, "silosize": 1000}, "activation_energy": 480, "shield_boost_amount": 3200, "activation_gfx_effect": "xl_shield_booster"}', '2022-10-10 21:33:03.000262-04', 'e4eda6f0-d2d8-4887-84da-a6f9fa5bd1bf', 'Module for new noob ship for player', '1aea3f84-6d3c-465a-8f5b-bfb585e62e79', 1, false);
    INSERT INTO public.items (id, itemtypeid, meta, created, createdby, createdreason, containerid, quantity, ispackaged) VALUES ('3a28da1a-8de5-4b3f-9f11-de233663f942', 'dbc59b6b-1989-46c5-9710-933415f9a263', '{"hp": 500, "rack": "b", "volume": 315, "cooldown": 45, "needs_target": false, "activation_heat": 2080, "industrialmarket": {"maxprice": 12178, "minprice": 43911, "silosize": 1000}, "activation_energy": 480, "shield_boost_amount": 3200, "activation_gfx_effect": "xl_shield_booster"}', '2022-10-10 21:33:03.00214-04', 'e4eda6f0-d2d8-4887-84da-a6f9fa5bd1bf', 'Module for new noob ship for player', '1aea3f84-6d3c-465a-8f5b-bfb585e62e79', 1, false);
    INSERT INTO public.items (id, itemtypeid, meta, created, createdby, createdreason, containerid, quantity, ispackaged) VALUES ('0e4c2768-62d7-44b6-9725-2bf0d73e3ff4', '76927c05-d018-4625-a963-f04c426854e3', '{"hp": 29, "rack": "b", "range": 32497, "volume": 268, "falloff": "linear", "cooldown": 329, "needs_target": true, "activation_heat": 2752, "drag_multiplier": 457, "industrialmarket": {"maxprice": 961996, "minprice": 774234, "silosize": 500}, "activation_energy": 6608, "activation_gfx_effect": "xl_aether_dragger"}', '2022-10-10 21:33:03.004125-04', 'e4eda6f0-d2d8-4887-84da-a6f9fa5bd1bf', 'Module for new noob ship for player', '1aea3f84-6d3c-465a-8f5b-bfb585e62e79', 1, false);
    INSERT INTO public.items (id, itemtypeid, meta, created, createdby, createdreason, containerid, quantity, ispackaged) VALUES ('8b105759-6045-4169-847e-cb0f0ddbc9f4', '76927c05-d018-4625-a963-f04c426854e3', '{"hp": 29, "rack": "b", "range": 32497, "volume": 268, "falloff": "linear", "cooldown": 329, "needs_target": true, "activation_heat": 2752, "drag_multiplier": 457, "industrialmarket": {"maxprice": 961996, "minprice": 774234, "silosize": 500}, "activation_energy": 6608, "activation_gfx_effect": "xl_aether_dragger"}', '2022-10-10 21:33:03.006139-04', 'e4eda6f0-d2d8-4887-84da-a6f9fa5bd1bf', 'Module for new noob ship for player', '1aea3f84-6d3c-465a-8f5b-bfb585e62e79', 1, false);
    INSERT INTO public.items (id, itemtypeid, meta, created, createdby, createdreason, containerid, quantity, ispackaged) VALUES ('23d9b836-aa4f-4e85-b563-4eb8922e84ad', '824b0caa-c9f7-491e-84b4-8a6beb86638e', '{"hp": 80, "rack": "c", "volume": 225, "industrialmarket": {"maxprice": 23856, "minprice": 19681, "silosize": 200}, "energy_regen_max_add": 260}', '2022-10-10 21:33:03.008049-04', 'e4eda6f0-d2d8-4887-84da-a6f9fa5bd1bf', 'Module for new noob ship for player', '1aea3f84-6d3c-465a-8f5b-bfb585e62e79', 1, false);
    INSERT INTO public.items (id, itemtypeid, meta, created, createdby, createdreason, containerid, quantity, ispackaged) VALUES ('97a4ee84-0876-434c-a866-10df76178916', '82227782-f5cd-4ba3-bd0e-99e5e17f6ece', '{"hp": 280, "rack": "c", "volume": 205, "heat_sink_add": 201.2, "industrialmarket": {"maxprice": 25000, "minprice": 18900, "silosize": 1000}}', '2022-10-10 21:33:03.010206-04', 'e4eda6f0-d2d8-4887-84da-a6f9fa5bd1bf', 'Module for new noob ship for player', '1aea3f84-6d3c-465a-8f5b-bfb585e62e79', 1, false);
    INSERT INTO public.items (id, itemtypeid, meta, created, createdby, createdreason, containerid, quantity, ispackaged) VALUES ('c91bb2c7-98d5-4b3e-b541-c4e542c57325', '82227782-f5cd-4ba3-bd0e-99e5e17f6ece', '{"hp": 280, "rack": "c", "volume": 205, "heat_sink_add": 201.2, "industrialmarket": {"maxprice": 25000, "minprice": 18900, "silosize": 1000}}', '2022-10-10 21:33:03.012211-04', 'e4eda6f0-d2d8-4887-84da-a6f9fa5bd1bf', 'Module for new noob ship for player', '1aea3f84-6d3c-465a-8f5b-bfb585e62e79', 1, false);
    INSERT INTO public.items (id, itemtypeid, meta, created, createdby, createdreason, containerid, quantity, ispackaged) VALUES ('a3a91c80-05fa-4980-aca7-8b43ea07b488', '7f25b73f-8ad8-4e87-bc76-241aaadcdd3b', '{"hp": 250, "rack": "c", "volume": 210, "energy_max_add": 9920, "industrialmarket": {"maxprice": 302550, "minprice": 215991, "silosize": 1000}}', '2022-10-10 21:33:03.014243-04', 'e4eda6f0-d2d8-4887-84da-a6f9fa5bd1bf', 'Module for new noob ship for player', '1aea3f84-6d3c-465a-8f5b-bfb585e62e79', 1, false);
    INSERT INTO public.items (id, itemtypeid, meta, created, createdby, createdreason, containerid, quantity, ispackaged) VALUES ('e93c09f0-1dd1-410e-a8d3-a39ac18319b6', '7f25b73f-8ad8-4e87-bc76-241aaadcdd3b', '{"hp": 250, "rack": "c", "volume": 210, "energy_max_add": 9920, "industrialmarket": {"maxprice": 302550, "minprice": 215991, "silosize": 1000}}', '2022-10-10 21:33:03.016265-04', 'e4eda6f0-d2d8-4887-84da-a6f9fa5bd1bf', 'Module for new noob ship for player', '1aea3f84-6d3c-465a-8f5b-bfb585e62e79', 1, false);
    INSERT INTO public.items (id, itemtypeid, meta, created, createdby, createdreason, containerid, quantity, ispackaged) VALUES ('61af2b97-0763-4722-a2f9-da43179ad737', '27d43a76-5822-422b-94b7-65592eda9fec', '{"hp": 150, "rack": "a", "range": 5505, "volume": 275, "cooldown": 4.25, "flight_time": 11.6, "hull_damage": 809, "armor_damage": 792, "needs_target": true, "shield_damage": 793, "missile_radius": 2.5, "activation_heat": 60, "ammunition_name": "LGPM-4", "ammunition_type": "b9b274c4-d938-4155-8c69-ecb6c4df054f", "fault_tolerance": 0.82, "industrialmarket": {"maxprice": 72355, "minprice": 98199, "silosize": 1000}, "activation_energy": 16, "missile_gfx_effect": "lgpm-4", "missile_explosion_effect": "basic_explosion", "missile_explosion_radius": 5}', '2022-10-10 21:33:03.034584-04', '2dd2a497-f884-4322-8fee-a4d4aa6a2cca', 'Module for new noob ship for player', 'dc2e1215-feec-4325-a777-65bd9757ec3c', 1, false);
    INSERT INTO public.items (id, itemtypeid, meta, created, createdby, createdreason, containerid, quantity, ispackaged) VALUES ('398ba671-826c-438d-b03a-4094b9c96dd6', '27d43a76-5822-422b-94b7-65592eda9fec', '{"hp": 150, "rack": "a", "range": 5505, "volume": 275, "cooldown": 4.25, "flight_time": 11.6, "hull_damage": 809, "armor_damage": 792, "needs_target": true, "shield_damage": 793, "missile_radius": 2.5, "activation_heat": 60, "ammunition_name": "LGPM-4", "ammunition_type": "b9b274c4-d938-4155-8c69-ecb6c4df054f", "fault_tolerance": 0.82, "industrialmarket": {"maxprice": 72355, "minprice": 98199, "silosize": 1000}, "activation_energy": 16, "missile_gfx_effect": "lgpm-4", "missile_explosion_effect": "basic_explosion", "missile_explosion_radius": 5}', '2022-10-10 21:33:03.037192-04', '2dd2a497-f884-4322-8fee-a4d4aa6a2cca', 'Module for new noob ship for player', 'dc2e1215-feec-4325-a777-65bd9757ec3c', 1, false);
    INSERT INTO public.items (id, itemtypeid, meta, created, createdby, createdreason, containerid, quantity, ispackaged) VALUES ('36d5dac1-a3bb-40d1-9f6c-7c90313b9d5d', '74d1fa76-7870-42ac-b402-1e4087e12e4f', '{"hp": 25, "rack": "a", "volume": 300, "cooldown": 424, "activation_heat": 169, "industrialmarket": {"maxprice": 364995, "minprice": 459220, "silosize": 1000}, "activation_energy": 3680}', '2022-10-10 21:33:03.039482-04', '2dd2a497-f884-4322-8fee-a4d4aa6a2cca', 'Module for new noob ship for player', 'dc2e1215-feec-4325-a777-65bd9757ec3c', 1, false);
    INSERT INTO public.items (id, itemtypeid, meta, created, createdby, createdreason, containerid, quantity, ispackaged) VALUES ('5bde3c43-b18a-47d4-87ed-fd37dec7677d', '74d1fa76-7870-42ac-b402-1e4087e12e4f', '{"hp": 25, "rack": "a", "volume": 300, "cooldown": 424, "activation_heat": 169, "industrialmarket": {"maxprice": 364995, "minprice": 459220, "silosize": 1000}, "activation_energy": 3680}', '2022-10-10 21:33:03.041394-04', '2dd2a497-f884-4322-8fee-a4d4aa6a2cca', 'Module for new noob ship for player', 'dc2e1215-feec-4325-a777-65bd9757ec3c', 1, false);
    INSERT INTO public.items (id, itemtypeid, meta, created, createdby, createdreason, containerid, quantity, ispackaged) VALUES ('a15f0628-189c-4664-91ed-912b980144de', 'a349ad48-9808-46e1-8f5e-bc4e4da46568', '{"hp": 55, "rack": "a", "range": 15253, "volume": 285, "falloff": "linear", "cooldown": 42, "tracking": 6.9, "needs_target": true, "activation_heat": 712, "industrialmarket": {"maxprice": 92811, "minprice": 35690, "silosize": 1000}, "activation_energy": 160, "energy_siphon_amount": 3562, "activation_gfx_effect": "xl_energy_siphon"}', '2022-10-10 21:33:03.043295-04', '2dd2a497-f884-4322-8fee-a4d4aa6a2cca', 'Module for new noob ship for player', 'dc2e1215-feec-4325-a777-65bd9757ec3c', 1, false);
    INSERT INTO public.items (id, itemtypeid, meta, created, createdby, createdreason, containerid, quantity, ispackaged) VALUES ('22a5ab58-8308-40ca-8382-009981b9daea', 'a349ad48-9808-46e1-8f5e-bc4e4da46568', '{"hp": 55, "rack": "a", "range": 15253, "volume": 285, "falloff": "linear", "cooldown": 42, "tracking": 6.9, "needs_target": true, "activation_heat": 712, "industrialmarket": {"maxprice": 92811, "minprice": 35690, "silosize": 1000}, "activation_energy": 160, "energy_siphon_amount": 3562, "activation_gfx_effect": "xl_energy_siphon"}', '2022-10-10 21:33:03.045258-04', '2dd2a497-f884-4322-8fee-a4d4aa6a2cca', 'Module for new noob ship for player', 'dc2e1215-feec-4325-a777-65bd9757ec3c', 1, false);
    INSERT INTO public.items (id, itemtypeid, meta, created, createdby, createdreason, containerid, quantity, ispackaged) VALUES ('c7d42198-5534-4e16-8fda-a1c61f149318', 'dbc59b6b-1989-46c5-9710-933415f9a263', '{"hp": 500, "rack": "b", "volume": 315, "cooldown": 45, "needs_target": false, "activation_heat": 2080, "industrialmarket": {"maxprice": 12178, "minprice": 43911, "silosize": 1000}, "activation_energy": 480, "shield_boost_amount": 3200, "activation_gfx_effect": "xl_shield_booster"}', '2022-10-10 21:33:03.047228-04', '2dd2a497-f884-4322-8fee-a4d4aa6a2cca', 'Module for new noob ship for player', 'dc2e1215-feec-4325-a777-65bd9757ec3c', 1, false);
    INSERT INTO public.items (id, itemtypeid, meta, created, createdby, createdreason, containerid, quantity, ispackaged) VALUES ('425c9797-39a7-4884-919c-d39d076deed7', 'dbc59b6b-1989-46c5-9710-933415f9a263', '{"hp": 500, "rack": "b", "volume": 315, "cooldown": 45, "needs_target": false, "activation_heat": 2080, "industrialmarket": {"maxprice": 12178, "minprice": 43911, "silosize": 1000}, "activation_energy": 480, "shield_boost_amount": 3200, "activation_gfx_effect": "xl_shield_booster"}', '2022-10-10 21:33:03.049163-04', '2dd2a497-f884-4322-8fee-a4d4aa6a2cca', 'Module for new noob ship for player', 'dc2e1215-feec-4325-a777-65bd9757ec3c', 1, false);
    INSERT INTO public.items (id, itemtypeid, meta, created, createdby, createdreason, containerid, quantity, ispackaged) VALUES ('1596b2c6-98be-4c15-b7bb-2057882f3ce3', '76927c05-d018-4625-a963-f04c426854e3', '{"hp": 29, "rack": "b", "range": 32497, "volume": 268, "falloff": "linear", "cooldown": 329, "needs_target": true, "activation_heat": 2752, "drag_multiplier": 457, "industrialmarket": {"maxprice": 961996, "minprice": 774234, "silosize": 500}, "activation_energy": 6608, "activation_gfx_effect": "xl_aether_dragger"}', '2022-10-10 21:33:03.051085-04', '2dd2a497-f884-4322-8fee-a4d4aa6a2cca', 'Module for new noob ship for player', 'dc2e1215-feec-4325-a777-65bd9757ec3c', 1, false);
    INSERT INTO public.items (id, itemtypeid, meta, created, createdby, createdreason, containerid, quantity, ispackaged) VALUES ('3052faee-8ffe-4f9f-a202-e385d3b54e41', '76927c05-d018-4625-a963-f04c426854e3', '{"hp": 29, "rack": "b", "range": 32497, "volume": 268, "falloff": "linear", "cooldown": 329, "needs_target": true, "activation_heat": 2752, "drag_multiplier": 457, "industrialmarket": {"maxprice": 961996, "minprice": 774234, "silosize": 500}, "activation_energy": 6608, "activation_gfx_effect": "xl_aether_dragger"}', '2022-10-10 21:33:03.05332-04', '2dd2a497-f884-4322-8fee-a4d4aa6a2cca', 'Module for new noob ship for player', 'dc2e1215-feec-4325-a777-65bd9757ec3c', 1, false);
    INSERT INTO public.items (id, itemtypeid, meta, created, createdby, createdreason, containerid, quantity, ispackaged) VALUES ('2ee0cb4e-e3f9-48d0-86c5-6a2e755ed88e', '824b0caa-c9f7-491e-84b4-8a6beb86638e', '{"hp": 80, "rack": "c", "volume": 225, "industrialmarket": {"maxprice": 23856, "minprice": 19681, "silosize": 200}, "energy_regen_max_add": 260}', '2022-10-10 21:33:03.055452-04', '2dd2a497-f884-4322-8fee-a4d4aa6a2cca', 'Module for new noob ship for player', 'dc2e1215-feec-4325-a777-65bd9757ec3c', 1, false);
    INSERT INTO public.items (id, itemtypeid, meta, created, createdby, createdreason, containerid, quantity, ispackaged) VALUES ('23128bf2-90c8-49cf-8a6b-ec18ff029172', '82227782-f5cd-4ba3-bd0e-99e5e17f6ece', '{"hp": 280, "rack": "c", "volume": 205, "heat_sink_add": 201.2, "industrialmarket": {"maxprice": 25000, "minprice": 18900, "silosize": 1000}}', '2022-10-10 21:33:03.057549-04', '2dd2a497-f884-4322-8fee-a4d4aa6a2cca', 'Module for new noob ship for player', 'dc2e1215-feec-4325-a777-65bd9757ec3c', 1, false);
    INSERT INTO public.items (id, itemtypeid, meta, created, createdby, createdreason, containerid, quantity, ispackaged) VALUES ('3dbefebd-f557-48f4-a00f-9513e955f702', '82227782-f5cd-4ba3-bd0e-99e5e17f6ece', '{"hp": 280, "rack": "c", "volume": 205, "heat_sink_add": 201.2, "industrialmarket": {"maxprice": 25000, "minprice": 18900, "silosize": 1000}}', '2022-10-10 21:33:03.059564-04', '2dd2a497-f884-4322-8fee-a4d4aa6a2cca', 'Module for new noob ship for player', 'dc2e1215-feec-4325-a777-65bd9757ec3c', 1, false);
    INSERT INTO public.items (id, itemtypeid, meta, created, createdby, createdreason, containerid, quantity, ispackaged) VALUES ('51065141-f949-4f57-a998-ebb6e2f7a7fb', '7f25b73f-8ad8-4e87-bc76-241aaadcdd3b', '{"hp": 250, "rack": "c", "volume": 210, "energy_max_add": 9920, "industrialmarket": {"maxprice": 302550, "minprice": 215991, "silosize": 1000}}', '2022-10-10 21:33:03.061541-04', '2dd2a497-f884-4322-8fee-a4d4aa6a2cca', 'Module for new noob ship for player', 'dc2e1215-feec-4325-a777-65bd9757ec3c', 1, false);
    INSERT INTO public.items (id, itemtypeid, meta, created, createdby, createdreason, containerid, quantity, ispackaged) VALUES ('4907367a-6a32-4a3a-b318-43efd58305d5', '7f25b73f-8ad8-4e87-bc76-241aaadcdd3b', '{"hp": 250, "rack": "c", "volume": 210, "energy_max_add": 9920, "industrialmarket": {"maxprice": 302550, "minprice": 215991, "silosize": 1000}}', '2022-10-10 21:33:03.063606-04', '2dd2a497-f884-4322-8fee-a4d4aa6a2cca', 'Module for new noob ship for player', 'dc2e1215-feec-4325-a777-65bd9757ec3c', 1, false);

    -- fix current ship ids
    update users set current_shipid = '8af53ab7-fac5-4f47-b8b2-56ce06aa0cb2' where id = 'eac20615-d561-4384-b22b-ac495b9755d0';
    update users set current_shipid = 'a4b9bd53-0e30-4e97-8a88-3b76d3e30d01' where id = '0474b979-01d3-4765-9587-059007e60823';
    update users set current_shipid = 'bb50bc34-9896-4bd8-81ff-7384955e55b6' where id = '35f2a632-a621-4ad7-9df2-aaf2cf94ff16';
    update users set current_shipid = '9e67895b-143d-43d6-b588-1ab725d63866' where id = 'e4eda6f0-d2d8-4887-84da-a6f9fa5bd1bf';
    update users set current_shipid = '0c19701a-615e-46db-8c08-1933f7ebb538' where id = '2dd2a497-f884-4322-8fee-a4d4aa6a2cca';

-- alvaca npcs

    -- containers
    INSERT INTO public.containers (id, meta, created) VALUES ('8ed19af5-d9db-4eef-a36f-fb85f9806fc8', '{}', '2022-10-10 21:44:15.215293-04');
    INSERT INTO public.containers (id, meta, created) VALUES ('0b4b8b85-6d1f-46ad-9b71-1b81a1bd3a2d', '{}', '2022-10-10 21:44:15.231495-04');
    INSERT INTO public.containers (id, meta, created) VALUES ('065b940b-1cdb-4e30-9034-57a24935319f', '{}', '2022-10-10 21:44:15.232792-04');
    INSERT INTO public.containers (id, meta, created) VALUES ('d9aab103-57f5-4e28-8096-9de4f3ff7658', '{}', '2022-10-10 21:44:15.234288-04');
    INSERT INTO public.containers (id, meta, created) VALUES ('ec0781c3-5b44-4929-87aa-655b24b8b0a7', '{}', '2022-10-10 21:44:15.267026-04');
    INSERT INTO public.containers (id, meta, created) VALUES ('03c44d81-f258-4774-bc3e-a3c6e7b0afca', '{}', '2022-10-10 21:44:15.271493-04');
    INSERT INTO public.containers (id, meta, created) VALUES ('93ca6971-34e1-4466-ab77-3d8a98ad599c', '{}', '2022-10-10 21:44:15.27398-04');
    INSERT INTO public.containers (id, meta, created) VALUES ('0442ec3a-278e-4b88-9b6e-fad585fd81d7', '{}', '2022-10-10 21:44:15.275596-04');
    INSERT INTO public.containers (id, meta, created) VALUES ('16f0fee2-15c9-4584-8b1a-d35cdbb94587', '{}', '2022-10-10 21:44:15.30645-04');
    INSERT INTO public.containers (id, meta, created) VALUES ('8362135a-83aa-4475-966c-553ee5b0ab8a', '{}', '2022-10-10 21:44:15.30984-04');
    INSERT INTO public.containers (id, meta, created) VALUES ('980f88a8-421e-4d70-b54a-cd87bb948a4f', '{}', '2022-10-10 21:44:15.311384-04');
    INSERT INTO public.containers (id, meta, created) VALUES ('05bf7df7-76d1-41d9-a99f-32c4cfa956a5', '{}', '2022-10-10 21:44:15.312794-04');
    INSERT INTO public.containers (id, meta, created) VALUES ('1004172e-6eae-4013-a384-34e54aeee38c', '{}', '2022-10-10 21:44:15.34243-04');
    INSERT INTO public.containers (id, meta, created) VALUES ('fd1909f3-7902-438c-98d3-94a1709fec08', '{}', '2022-10-10 21:44:15.346501-04');
    INSERT INTO public.containers (id, meta, created) VALUES ('77a33cec-ee50-4024-a00f-9fc306ccb8b9', '{}', '2022-10-10 21:44:15.34787-04');
    INSERT INTO public.containers (id, meta, created) VALUES ('8a8a60d9-2fbe-46db-8977-d127387b66da', '{}', '2022-10-10 21:44:15.349202-04');
    INSERT INTO public.containers (id, meta, created) VALUES ('046cc1bb-fda4-4cde-bdc6-65ef67bd26d3', '{}', '2022-10-10 21:44:15.377792-04');
    INSERT INTO public.containers (id, meta, created) VALUES ('e0f7e276-1b7c-4b5b-a2a4-8b8f891adf63', '{}', '2022-10-10 21:44:15.381573-04');
    INSERT INTO public.containers (id, meta, created) VALUES ('25f4f490-a0f2-4f64-9deb-618543215dc7', '{}', '2022-10-10 21:44:15.382946-04');
    INSERT INTO public.containers (id, meta, created) VALUES ('ec4c3118-d7f8-46e7-ad42-c48ef6bb19bb', '{}', '2022-10-10 21:44:15.384305-04');

    -- users
    INSERT INTO public.users (id, charactername, hashpass, registered, banned, current_shipid, startid, escrow_containerid, current_factionid, reputationsheet, isnpc, behaviourmode, emailaddress, experiencesheet, registeredip, isdev) VALUES ('c7a2913f-708d-4d66-9b78-954c068ca8d1', 'Lei Hong', 'c24820e63c6e3adf0646ddbfe6b7e6d6f0c0dfda9edecfc3a4e08bdf38a9ee7d', '2022-10-10 21:44:15.379277-04', B'0', NULL, 'e3e8173f-5c18-4d50-bf2c-9df33e07d7c9', '046cc1bb-fda4-4cde-bdc6-65ef67bd26d3', '506286f5-6613-4481-ac26-caa9940fbe68', '{"factionEntries": {"27a53dfc-a321-4c12-bf7c-bb177955c95b": {"FactionID": "27a53dfc-a321-4c12-bf7c-bb177955c95b", "StandingValue": 0.5, "AreOpenlyHostile": false}, "30bc70eb-2692-47e6-a7e3-2772e131c3d7": {"FactionID": "30bc70eb-2692-47e6-a7e3-2772e131c3d7", "StandingValue": 1.5, "AreOpenlyHostile": false}, "506286f5-6613-4481-ac26-caa9940fbe68": {"FactionID": "506286f5-6613-4481-ac26-caa9940fbe68", "StandingValue": 10, "AreOpenlyHostile": false}, "559d7fc1-5470-4ab4-8c66-fa2f0b89a523": {"FactionID": "559d7fc1-5470-4ab4-8c66-fa2f0b89a523", "StandingValue": -7.5, "AreOpenlyHostile": true}, "5db2bec7-37c3-4f1c-ab88-21024c12d639": {"FactionID": "5db2bec7-37c3-4f1c-ab88-21024c12d639", "StandingValue": 0.5, "AreOpenlyHostile": false}, "7decfd86-9c82-4a17-af3b-5d4af8c4e2ad": {"FactionID": "7decfd86-9c82-4a17-af3b-5d4af8c4e2ad", "StandingValue": -3.5, "AreOpenlyHostile": true}, "a0152cbb-8a78-45a4-ae9b-2ad2b60b583b": {"FactionID": "a0152cbb-8a78-45a4-ae9b-2ad2b60b583b", "StandingValue": -0.5, "AreOpenlyHostile": false}, "b3d3fa9c-b21e-490f-b39e-128b3af12128": {"FactionID": "b3d3fa9c-b21e-490f-b39e-128b3af12128", "StandingValue": -0.05, "AreOpenlyHostile": false}, "bdeffd9a-3cab-408c-9cd7-32fce1124f7a": {"FactionID": "bdeffd9a-3cab-408c-9cd7-32fce1124f7a", "StandingValue": -0.5, "AreOpenlyHostile": false}}}', true, 3, NULL, '{}', '[::1]:42164', false);
    INSERT INTO public.users (id, charactername, hashpass, registered, banned, current_shipid, startid, escrow_containerid, current_factionid, reputationsheet, isnpc, behaviourmode, emailaddress, experiencesheet, registeredip, isdev) VALUES ('9f04b1a0-01f0-41bf-beac-2a16d8494924', 'Vania Dean', '9aa3feeab00335bdf2d3b973c4ecaf48a074fbdd4f1e6a8cd35abc977289c591', '2022-10-10 21:44:15.228303-04', B'0', NULL, 'e3e8173f-5c18-4d50-bf2c-9df33e07d7c9', '8ed19af5-d9db-4eef-a36f-fb85f9806fc8', '506286f5-6613-4481-ac26-caa9940fbe68', '{"factionEntries": {"27a53dfc-a321-4c12-bf7c-bb177955c95b": {"FactionID": "27a53dfc-a321-4c12-bf7c-bb177955c95b", "StandingValue": 0.5, "AreOpenlyHostile": false}, "30bc70eb-2692-47e6-a7e3-2772e131c3d7": {"FactionID": "30bc70eb-2692-47e6-a7e3-2772e131c3d7", "StandingValue": 1.5, "AreOpenlyHostile": false}, "506286f5-6613-4481-ac26-caa9940fbe68": {"FactionID": "506286f5-6613-4481-ac26-caa9940fbe68", "StandingValue": 10, "AreOpenlyHostile": false}, "559d7fc1-5470-4ab4-8c66-fa2f0b89a523": {"FactionID": "559d7fc1-5470-4ab4-8c66-fa2f0b89a523", "StandingValue": -7.5, "AreOpenlyHostile": true}, "5db2bec7-37c3-4f1c-ab88-21024c12d639": {"FactionID": "5db2bec7-37c3-4f1c-ab88-21024c12d639", "StandingValue": 0.5, "AreOpenlyHostile": false}, "7decfd86-9c82-4a17-af3b-5d4af8c4e2ad": {"FactionID": "7decfd86-9c82-4a17-af3b-5d4af8c4e2ad", "StandingValue": -3.5, "AreOpenlyHostile": true}, "a0152cbb-8a78-45a4-ae9b-2ad2b60b583b": {"FactionID": "a0152cbb-8a78-45a4-ae9b-2ad2b60b583b", "StandingValue": -0.5, "AreOpenlyHostile": false}, "b3d3fa9c-b21e-490f-b39e-128b3af12128": {"FactionID": "b3d3fa9c-b21e-490f-b39e-128b3af12128", "StandingValue": -0.05, "AreOpenlyHostile": false}, "bdeffd9a-3cab-408c-9cd7-32fce1124f7a": {"FactionID": "bdeffd9a-3cab-408c-9cd7-32fce1124f7a", "StandingValue": -0.5, "AreOpenlyHostile": false}}}', true, 3, NULL, '{}', '[::1]:42164', false);
    INSERT INTO public.users (id, charactername, hashpass, registered, banned, current_shipid, startid, escrow_containerid, current_factionid, reputationsheet, isnpc, behaviourmode, emailaddress, experiencesheet, registeredip, isdev) VALUES ('9dedc6b1-9ac1-46b5-8d95-a27d0e6b5e7f', 'Cassandra Snee', '19de757df455eac9e1d271de84c861c5eabe1bd86921b06d5071a57551fb665d', '2022-10-10 21:44:15.268871-04', B'0', NULL, 'e3e8173f-5c18-4d50-bf2c-9df33e07d7c9', 'ec0781c3-5b44-4929-87aa-655b24b8b0a7', '506286f5-6613-4481-ac26-caa9940fbe68', '{"factionEntries": {"27a53dfc-a321-4c12-bf7c-bb177955c95b": {"FactionID": "27a53dfc-a321-4c12-bf7c-bb177955c95b", "StandingValue": 0.5, "AreOpenlyHostile": false}, "30bc70eb-2692-47e6-a7e3-2772e131c3d7": {"FactionID": "30bc70eb-2692-47e6-a7e3-2772e131c3d7", "StandingValue": 1.5, "AreOpenlyHostile": false}, "506286f5-6613-4481-ac26-caa9940fbe68": {"FactionID": "506286f5-6613-4481-ac26-caa9940fbe68", "StandingValue": 10, "AreOpenlyHostile": false}, "559d7fc1-5470-4ab4-8c66-fa2f0b89a523": {"FactionID": "559d7fc1-5470-4ab4-8c66-fa2f0b89a523", "StandingValue": -7.5, "AreOpenlyHostile": true}, "5db2bec7-37c3-4f1c-ab88-21024c12d639": {"FactionID": "5db2bec7-37c3-4f1c-ab88-21024c12d639", "StandingValue": 0.5, "AreOpenlyHostile": false}, "7decfd86-9c82-4a17-af3b-5d4af8c4e2ad": {"FactionID": "7decfd86-9c82-4a17-af3b-5d4af8c4e2ad", "StandingValue": -3.5, "AreOpenlyHostile": true}, "a0152cbb-8a78-45a4-ae9b-2ad2b60b583b": {"FactionID": "a0152cbb-8a78-45a4-ae9b-2ad2b60b583b", "StandingValue": -0.5, "AreOpenlyHostile": false}, "b3d3fa9c-b21e-490f-b39e-128b3af12128": {"FactionID": "b3d3fa9c-b21e-490f-b39e-128b3af12128", "StandingValue": -0.05, "AreOpenlyHostile": false}, "bdeffd9a-3cab-408c-9cd7-32fce1124f7a": {"FactionID": "bdeffd9a-3cab-408c-9cd7-32fce1124f7a", "StandingValue": -0.5, "AreOpenlyHostile": false}}}', true, 3, NULL, '{}', '[::1]:42164', false);
    INSERT INTO public.users (id, charactername, hashpass, registered, banned, current_shipid, startid, escrow_containerid, current_factionid, reputationsheet, isnpc, behaviourmode, emailaddress, experiencesheet, registeredip, isdev) VALUES ('42ec12e5-9211-4388-a680-8f9c582bd5b2', 'Chinen Masa', '72416203537b4dbabe0388d7c8561e4aba65e0051b6a6ae1df3e33fb823b180e', '2022-10-10 21:44:15.307797-04', B'0', NULL, 'e3e8173f-5c18-4d50-bf2c-9df33e07d7c9', '16f0fee2-15c9-4584-8b1a-d35cdbb94587', '506286f5-6613-4481-ac26-caa9940fbe68', '{"factionEntries": {"27a53dfc-a321-4c12-bf7c-bb177955c95b": {"FactionID": "27a53dfc-a321-4c12-bf7c-bb177955c95b", "StandingValue": 0.5, "AreOpenlyHostile": false}, "30bc70eb-2692-47e6-a7e3-2772e131c3d7": {"FactionID": "30bc70eb-2692-47e6-a7e3-2772e131c3d7", "StandingValue": 1.5, "AreOpenlyHostile": false}, "506286f5-6613-4481-ac26-caa9940fbe68": {"FactionID": "506286f5-6613-4481-ac26-caa9940fbe68", "StandingValue": 10, "AreOpenlyHostile": false}, "559d7fc1-5470-4ab4-8c66-fa2f0b89a523": {"FactionID": "559d7fc1-5470-4ab4-8c66-fa2f0b89a523", "StandingValue": -7.5, "AreOpenlyHostile": true}, "5db2bec7-37c3-4f1c-ab88-21024c12d639": {"FactionID": "5db2bec7-37c3-4f1c-ab88-21024c12d639", "StandingValue": 0.5, "AreOpenlyHostile": false}, "7decfd86-9c82-4a17-af3b-5d4af8c4e2ad": {"FactionID": "7decfd86-9c82-4a17-af3b-5d4af8c4e2ad", "StandingValue": -3.5, "AreOpenlyHostile": true}, "a0152cbb-8a78-45a4-ae9b-2ad2b60b583b": {"FactionID": "a0152cbb-8a78-45a4-ae9b-2ad2b60b583b", "StandingValue": -0.5, "AreOpenlyHostile": false}, "b3d3fa9c-b21e-490f-b39e-128b3af12128": {"FactionID": "b3d3fa9c-b21e-490f-b39e-128b3af12128", "StandingValue": -0.05, "AreOpenlyHostile": false}, "bdeffd9a-3cab-408c-9cd7-32fce1124f7a": {"FactionID": "bdeffd9a-3cab-408c-9cd7-32fce1124f7a", "StandingValue": -0.5, "AreOpenlyHostile": false}}}', true, 3, NULL, '{}', '[::1]:42164', false);
    INSERT INTO public.users (id, charactername, hashpass, registered, banned, current_shipid, startid, escrow_containerid, current_factionid, reputationsheet, isnpc, behaviourmode, emailaddress, experiencesheet, registeredip, isdev) VALUES ('682ec516-feb1-44ce-8bd6-97d55f34af22', 'Adán Del Moral', 'c8fa5afb9c2773b9f8f57dd4d3e7239faae9ec3edb45519970e0e89d96249c0d', '2022-10-10 21:44:15.34395-04', B'0', NULL, 'e3e8173f-5c18-4d50-bf2c-9df33e07d7c9', '1004172e-6eae-4013-a384-34e54aeee38c', '506286f5-6613-4481-ac26-caa9940fbe68', '{"factionEntries": {"27a53dfc-a321-4c12-bf7c-bb177955c95b": {"FactionID": "27a53dfc-a321-4c12-bf7c-bb177955c95b", "StandingValue": 0.5, "AreOpenlyHostile": false}, "30bc70eb-2692-47e6-a7e3-2772e131c3d7": {"FactionID": "30bc70eb-2692-47e6-a7e3-2772e131c3d7", "StandingValue": 1.5, "AreOpenlyHostile": false}, "506286f5-6613-4481-ac26-caa9940fbe68": {"FactionID": "506286f5-6613-4481-ac26-caa9940fbe68", "StandingValue": 10, "AreOpenlyHostile": false}, "559d7fc1-5470-4ab4-8c66-fa2f0b89a523": {"FactionID": "559d7fc1-5470-4ab4-8c66-fa2f0b89a523", "StandingValue": -7.5, "AreOpenlyHostile": true}, "5db2bec7-37c3-4f1c-ab88-21024c12d639": {"FactionID": "5db2bec7-37c3-4f1c-ab88-21024c12d639", "StandingValue": 0.5, "AreOpenlyHostile": false}, "7decfd86-9c82-4a17-af3b-5d4af8c4e2ad": {"FactionID": "7decfd86-9c82-4a17-af3b-5d4af8c4e2ad", "StandingValue": -3.5, "AreOpenlyHostile": true}, "a0152cbb-8a78-45a4-ae9b-2ad2b60b583b": {"FactionID": "a0152cbb-8a78-45a4-ae9b-2ad2b60b583b", "StandingValue": -0.5, "AreOpenlyHostile": false}, "b3d3fa9c-b21e-490f-b39e-128b3af12128": {"FactionID": "b3d3fa9c-b21e-490f-b39e-128b3af12128", "StandingValue": -0.05, "AreOpenlyHostile": false}, "bdeffd9a-3cab-408c-9cd7-32fce1124f7a": {"FactionID": "bdeffd9a-3cab-408c-9cd7-32fce1124f7a", "StandingValue": -0.5, "AreOpenlyHostile": false}}}', true, 3, NULL, '{}', '[::1]:42164', false);

    -- ships
    INSERT INTO public.ships (id, universe_systemid, userid, pos_x, pos_y, created, shipname, texture, theta, vel_x, vel_y, shield, armor, hull, fuel, heat, energy, shiptemplateid, dockedat_stationid, fitting, destroyed, destroyedat, cargobay_containerid, fittingbay_containerid, remaxdirty, trash_containerid, wallet, noload, flightexperiencemodifier) VALUES ('2dad2892-9008-458b-bc22-554599467b6e', 'ac98c1b6-404d-42d9-97f6-025e41258944', '9f04b1a0-01f0-41bf-beac-2a16d8494924', 0, 0, '2022-10-10 21:44:15.260058-04', 'Vania Dean''s Starter Ship', 'Fetch', 0, 0, 0, 1572, 5520, 54397, 127386, 0, 2142, '11ae39d0-0b49-4276-971b-9655ee135b27', '3ca3cdb7-5900-4adf-bb10-01a881570c5f', '{"a_rack": [{"item_id": "a7ba7f3a-7fcc-4316-8f43-3d72373a1bd6", "slot_idx": 0, "item_type_id": "39a3a402-7a6f-42c8-8cb3-33e4b4c16ae3"}, {"item_id": "7979e26c-4d12-4209-8ab1-e69fbac4e9d5", "slot_idx": 1, "item_type_id": "39a3a402-7a6f-42c8-8cb3-33e4b4c16ae3"}, {"item_id": "3cd1ec51-2246-4aca-932f-177a6b7e827a", "slot_idx": 2, "item_type_id": "74d1fa76-7870-42ac-b402-1e4087e12e4f"}, {"item_id": "b703a95f-1b15-4c16-8dea-096f8b59b884", "slot_idx": 3, "item_type_id": "74d1fa76-7870-42ac-b402-1e4087e12e4f"}], "b_rack": [{"item_id": "1948e843-b8c8-41f5-83b3-1044fd5bf4dc", "slot_idx": 0, "item_type_id": "76927c05-d018-4625-a963-f04c426854e3"}, {"item_id": "a4b66284-8ec8-4bbd-8e68-b06e321638ee", "slot_idx": 1, "item_type_id": "1376187c-d016-488a-9491-7735b5370ba2"}, {"item_id": "bda33148-3ee1-4481-8eff-ff0f1e6bd7c6", "slot_idx": 2, "item_type_id": "1376187c-d016-488a-9491-7735b5370ba2"}], "c_rack": [{"item_id": "5e5f717c-aa41-48e5-b6cd-9dd4db7afb24", "slot_idx": 0, "item_type_id": "7f25b73f-8ad8-4e87-bc76-241aaadcdd3b"}, {"item_id": "a2ec291a-925e-4091-91d4-a4e0b77f91d4", "slot_idx": 1, "item_type_id": "7f25b73f-8ad8-4e87-bc76-241aaadcdd3b"}, {"item_id": "5a989e64-1c15-45c4-b52c-f8e8a58ad1a4", "slot_idx": 2, "item_type_id": "82227782-f5cd-4ba3-bd0e-99e5e17f6ece"}, {"item_id": "12c61a1a-4d47-4f74-949e-af44cac760f9", "slot_idx": 3, "item_type_id": "82227782-f5cd-4ba3-bd0e-99e5e17f6ece"}, {"item_id": "9fe3154d-7b40-435b-848c-75edd7935fe6", "slot_idx": 4, "item_type_id": "824b0caa-c9f7-491e-84b4-8a6beb86638e"}, {"item_id": "8c2331d6-4313-4bff-9ddc-f7ff18945a49", "slot_idx": 5, "item_type_id": "824b0caa-c9f7-491e-84b4-8a6beb86638e"}]}', false, NULL, '065b940b-1cdb-4e30-9034-57a24935319f', 'd9aab103-57f5-4e28-8096-9de4f3ff7658', true, '0b4b8b85-6d1f-46ad-9b71-1b81a1bd3a2d', 10000, false, 1);
    INSERT INTO public.ships (id, universe_systemid, userid, pos_x, pos_y, created, shipname, texture, theta, vel_x, vel_y, shield, armor, hull, fuel, heat, energy, shiptemplateid, dockedat_stationid, fitting, destroyed, destroyedat, cargobay_containerid, fittingbay_containerid, remaxdirty, trash_containerid, wallet, noload, flightexperiencemodifier) VALUES ('bb48c997-7813-40d2-b296-86c94c75452f', 'ac98c1b6-404d-42d9-97f6-025e41258944', '9dedc6b1-9ac1-46b5-8d95-a27d0e6b5e7f', 0, 0, '2022-10-10 21:44:15.301679-04', 'Cassandra Snee''s Starter Ship', 'Fetch', 0, 0, 0, 1572, 5520, 54397, 127386, 0, 2142, '11ae39d0-0b49-4276-971b-9655ee135b27', '3ca3cdb7-5900-4adf-bb10-01a881570c5f', '{"a_rack": [{"item_id": "66174733-8823-46a1-a6ed-41a6b0c63a75", "slot_idx": 0, "item_type_id": "39a3a402-7a6f-42c8-8cb3-33e4b4c16ae3"}, {"item_id": "449f891c-696f-4117-ac0a-a13dd3cee50e", "slot_idx": 1, "item_type_id": "39a3a402-7a6f-42c8-8cb3-33e4b4c16ae3"}, {"item_id": "afca09a5-122e-43bb-8198-9afb60a6a4fb", "slot_idx": 2, "item_type_id": "74d1fa76-7870-42ac-b402-1e4087e12e4f"}, {"item_id": "3fce4c0b-30f9-4d74-8923-9ed0164353e9", "slot_idx": 3, "item_type_id": "74d1fa76-7870-42ac-b402-1e4087e12e4f"}], "b_rack": [{"item_id": "797e71ea-f21c-4741-99ac-95dac3bf7d14", "slot_idx": 0, "item_type_id": "76927c05-d018-4625-a963-f04c426854e3"}, {"item_id": "6472cb6a-6ae5-471a-bc80-bca432cf10c6", "slot_idx": 1, "item_type_id": "1376187c-d016-488a-9491-7735b5370ba2"}, {"item_id": "4366dd27-e002-4d37-9a89-bfcebf423289", "slot_idx": 2, "item_type_id": "1376187c-d016-488a-9491-7735b5370ba2"}], "c_rack": [{"item_id": "f86a176d-16aa-4a62-970c-ebb864dcc68e", "slot_idx": 0, "item_type_id": "7f25b73f-8ad8-4e87-bc76-241aaadcdd3b"}, {"item_id": "9855bfff-385d-4481-ae97-ad5291dfe9a8", "slot_idx": 1, "item_type_id": "7f25b73f-8ad8-4e87-bc76-241aaadcdd3b"}, {"item_id": "ae6dcb6c-c31a-49f1-8342-989213f860b2", "slot_idx": 2, "item_type_id": "82227782-f5cd-4ba3-bd0e-99e5e17f6ece"}, {"item_id": "6a90e240-b4cf-470e-a5bf-431797162a5e", "slot_idx": 3, "item_type_id": "82227782-f5cd-4ba3-bd0e-99e5e17f6ece"}, {"item_id": "441c4b7d-a34c-4280-bbcc-6afea639a2d9", "slot_idx": 4, "item_type_id": "824b0caa-c9f7-491e-84b4-8a6beb86638e"}, {"item_id": "ac58cf42-d0aa-49eb-8c98-864df760c3b7", "slot_idx": 5, "item_type_id": "824b0caa-c9f7-491e-84b4-8a6beb86638e"}]}', false, NULL, '93ca6971-34e1-4466-ab77-3d8a98ad599c', '0442ec3a-278e-4b88-9b6e-fad585fd81d7', true, '03c44d81-f258-4774-bc3e-a3c6e7b0afca', 10000, false, 1);
    INSERT INTO public.ships (id, universe_systemid, userid, pos_x, pos_y, created, shipname, texture, theta, vel_x, vel_y, shield, armor, hull, fuel, heat, energy, shiptemplateid, dockedat_stationid, fitting, destroyed, destroyedat, cargobay_containerid, fittingbay_containerid, remaxdirty, trash_containerid, wallet, noload, flightexperiencemodifier) VALUES ('ebc2685a-4aaa-4147-a1c9-d291b97e724c', 'ac98c1b6-404d-42d9-97f6-025e41258944', '42ec12e5-9211-4388-a680-8f9c582bd5b2', 0, 0, '2022-10-10 21:44:15.337499-04', 'Chinen Masa''s Starter Ship', 'Fetch', 0, 0, 0, 1572, 5520, 54397, 127386, 0, 2142, '11ae39d0-0b49-4276-971b-9655ee135b27', '3ca3cdb7-5900-4adf-bb10-01a881570c5f', '{"a_rack": [{"item_id": "798538ed-fdb2-4769-a847-5c70b245bf87", "slot_idx": 0, "item_type_id": "39a3a402-7a6f-42c8-8cb3-33e4b4c16ae3"}, {"item_id": "cf99ca9a-820f-400f-9ea9-e6a1a05c7e3b", "slot_idx": 1, "item_type_id": "39a3a402-7a6f-42c8-8cb3-33e4b4c16ae3"}, {"item_id": "8372d0f9-a128-4141-8b68-6ee1ecae8795", "slot_idx": 2, "item_type_id": "74d1fa76-7870-42ac-b402-1e4087e12e4f"}, {"item_id": "33bad2f6-3af5-47fb-a68b-b66629ad649d", "slot_idx": 3, "item_type_id": "74d1fa76-7870-42ac-b402-1e4087e12e4f"}], "b_rack": [{"item_id": "854cc0d4-48df-4718-b34a-78d6553a1e0f", "slot_idx": 0, "item_type_id": "76927c05-d018-4625-a963-f04c426854e3"}, {"item_id": "53455028-b655-43b3-808a-b8eab0994eab", "slot_idx": 1, "item_type_id": "1376187c-d016-488a-9491-7735b5370ba2"}, {"item_id": "f9cfb90c-9b99-4c60-a49d-184143be977d", "slot_idx": 2, "item_type_id": "1376187c-d016-488a-9491-7735b5370ba2"}], "c_rack": [{"item_id": "541c848a-d0da-4350-a901-3d1c919b41ec", "slot_idx": 0, "item_type_id": "7f25b73f-8ad8-4e87-bc76-241aaadcdd3b"}, {"item_id": "c2301571-247e-4965-9829-dcc309475c7b", "slot_idx": 1, "item_type_id": "7f25b73f-8ad8-4e87-bc76-241aaadcdd3b"}, {"item_id": "ca4b069c-f296-43a8-8798-f922865fe10f", "slot_idx": 2, "item_type_id": "82227782-f5cd-4ba3-bd0e-99e5e17f6ece"}, {"item_id": "144737bd-aa24-4fdd-80fd-c858f27be7d2", "slot_idx": 3, "item_type_id": "82227782-f5cd-4ba3-bd0e-99e5e17f6ece"}, {"item_id": "7a0245da-a52d-4272-84bc-f5af72dd9946", "slot_idx": 4, "item_type_id": "824b0caa-c9f7-491e-84b4-8a6beb86638e"}, {"item_id": "d65e261c-a2b2-490c-ad70-b379df01b9a9", "slot_idx": 5, "item_type_id": "824b0caa-c9f7-491e-84b4-8a6beb86638e"}]}', false, NULL, '980f88a8-421e-4d70-b54a-cd87bb948a4f', '05bf7df7-76d1-41d9-a99f-32c4cfa956a5', true, '8362135a-83aa-4475-966c-553ee5b0ab8a', 10000, false, 1);
    INSERT INTO public.ships (id, universe_systemid, userid, pos_x, pos_y, created, shipname, texture, theta, vel_x, vel_y, shield, armor, hull, fuel, heat, energy, shiptemplateid, dockedat_stationid, fitting, destroyed, destroyedat, cargobay_containerid, fittingbay_containerid, remaxdirty, trash_containerid, wallet, noload, flightexperiencemodifier) VALUES ('bd602fdb-094f-4ee6-b9f8-3731a6eba0b1', 'ac98c1b6-404d-42d9-97f6-025e41258944', '682ec516-feb1-44ce-8bd6-97d55f34af22', 0, 0, '2022-10-10 21:44:15.372632-04', 'Adán Del Moral''s Starter Ship', 'Fetch', 0, 0, 0, 1572, 5520, 54397, 127386, 0, 2142, '11ae39d0-0b49-4276-971b-9655ee135b27', '3ca3cdb7-5900-4adf-bb10-01a881570c5f', '{"a_rack": [{"item_id": "4fd3cdf1-6079-41db-a4fd-7eb24b92b83b", "slot_idx": 0, "item_type_id": "39a3a402-7a6f-42c8-8cb3-33e4b4c16ae3"}, {"item_id": "1c00d222-d3cb-420d-81ad-8048b39e036e", "slot_idx": 1, "item_type_id": "39a3a402-7a6f-42c8-8cb3-33e4b4c16ae3"}, {"item_id": "eb7f138d-1d16-487b-9047-d8af06fc1288", "slot_idx": 2, "item_type_id": "74d1fa76-7870-42ac-b402-1e4087e12e4f"}, {"item_id": "1d72d4e9-ecca-48a1-904b-55015083b700", "slot_idx": 3, "item_type_id": "74d1fa76-7870-42ac-b402-1e4087e12e4f"}], "b_rack": [{"item_id": "6080c1ae-2d97-4c19-8a46-6d7ea48384b3", "slot_idx": 0, "item_type_id": "76927c05-d018-4625-a963-f04c426854e3"}, {"item_id": "a86ca4ca-ef56-4cd4-9fb0-dd60e40698a8", "slot_idx": 1, "item_type_id": "1376187c-d016-488a-9491-7735b5370ba2"}, {"item_id": "3c004e94-5c86-4d42-826f-a65f3b346e8f", "slot_idx": 2, "item_type_id": "1376187c-d016-488a-9491-7735b5370ba2"}], "c_rack": [{"item_id": "5ffb26b1-865f-412c-a97f-880ce55a2db9", "slot_idx": 0, "item_type_id": "7f25b73f-8ad8-4e87-bc76-241aaadcdd3b"}, {"item_id": "595044c4-bd5e-4c83-82a3-5d009e93f095", "slot_idx": 1, "item_type_id": "7f25b73f-8ad8-4e87-bc76-241aaadcdd3b"}, {"item_id": "6c304358-4a9a-4538-b73d-194c76895474", "slot_idx": 2, "item_type_id": "82227782-f5cd-4ba3-bd0e-99e5e17f6ece"}, {"item_id": "f7941de2-eb4c-4e76-bc31-5b296d95e3cc", "slot_idx": 3, "item_type_id": "82227782-f5cd-4ba3-bd0e-99e5e17f6ece"}, {"item_id": "d657af44-2a60-4de7-82d2-9039734b4c21", "slot_idx": 4, "item_type_id": "824b0caa-c9f7-491e-84b4-8a6beb86638e"}, {"item_id": "e75e0b91-8264-48fb-81f0-1ece05b94e85", "slot_idx": 5, "item_type_id": "824b0caa-c9f7-491e-84b4-8a6beb86638e"}]}', false, NULL, '77a33cec-ee50-4024-a00f-9fc306ccb8b9', '8a8a60d9-2fbe-46db-8977-d127387b66da', true, 'fd1909f3-7902-438c-98d3-94a1709fec08', 10000, false, 1);
    INSERT INTO public.ships (id, universe_systemid, userid, pos_x, pos_y, created, shipname, texture, theta, vel_x, vel_y, shield, armor, hull, fuel, heat, energy, shiptemplateid, dockedat_stationid, fitting, destroyed, destroyedat, cargobay_containerid, fittingbay_containerid, remaxdirty, trash_containerid, wallet, noload, flightexperiencemodifier) VALUES ('3a826abb-762d-4da4-8508-597b0ae0b22a', 'ac98c1b6-404d-42d9-97f6-025e41258944', 'c7a2913f-708d-4d66-9b78-954c068ca8d1', 0, 0, '2022-10-10 21:44:15.410364-04', 'Lei Hong''s Starter Ship', 'Fetch', 0, 0, 0, 1572, 5520, 54397, 127386, 0, 2142, '11ae39d0-0b49-4276-971b-9655ee135b27', '3ca3cdb7-5900-4adf-bb10-01a881570c5f', '{"a_rack": [{"item_id": "ed0386de-8f26-4e18-ac18-cbb3b950ac97", "slot_idx": 0, "item_type_id": "39a3a402-7a6f-42c8-8cb3-33e4b4c16ae3"}, {"item_id": "8e3359b0-305f-44f2-8b9c-f98fed87ddee", "slot_idx": 1, "item_type_id": "39a3a402-7a6f-42c8-8cb3-33e4b4c16ae3"}, {"item_id": "a436ac53-2650-42f0-a9dc-3586bea2736f", "slot_idx": 2, "item_type_id": "74d1fa76-7870-42ac-b402-1e4087e12e4f"}, {"item_id": "c4d908bc-577f-4dcf-ad84-7f84736b6320", "slot_idx": 3, "item_type_id": "74d1fa76-7870-42ac-b402-1e4087e12e4f"}], "b_rack": [{"item_id": "285ed326-765a-454a-9b41-3f3eb0642b00", "slot_idx": 0, "item_type_id": "76927c05-d018-4625-a963-f04c426854e3"}, {"item_id": "fd631a6d-0165-4223-9a7f-5e48cdd849c7", "slot_idx": 1, "item_type_id": "1376187c-d016-488a-9491-7735b5370ba2"}, {"item_id": "88ea7c13-9a4f-44bb-b829-b7b53c988e24", "slot_idx": 2, "item_type_id": "1376187c-d016-488a-9491-7735b5370ba2"}], "c_rack": [{"item_id": "53deedd2-af01-4918-a749-01f40d0d60e1", "slot_idx": 0, "item_type_id": "7f25b73f-8ad8-4e87-bc76-241aaadcdd3b"}, {"item_id": "a83c07a8-0cfd-4d5c-b97f-97b659301f02", "slot_idx": 1, "item_type_id": "7f25b73f-8ad8-4e87-bc76-241aaadcdd3b"}, {"item_id": "2908cf29-3a85-4b40-b7e0-40271b34296e", "slot_idx": 2, "item_type_id": "82227782-f5cd-4ba3-bd0e-99e5e17f6ece"}, {"item_id": "0773bb21-1c28-40a1-be83-589472df6aba", "slot_idx": 3, "item_type_id": "82227782-f5cd-4ba3-bd0e-99e5e17f6ece"}, {"item_id": "e3dd33dd-faa7-41f3-a048-793b638df37b", "slot_idx": 4, "item_type_id": "824b0caa-c9f7-491e-84b4-8a6beb86638e"}, {"item_id": "b5528316-9f4d-49e4-9f06-9a330c7cd4ea", "slot_idx": 5, "item_type_id": "824b0caa-c9f7-491e-84b4-8a6beb86638e"}]}', false, NULL, '25f4f490-a0f2-4f64-9deb-618543215dc7', 'ec4c3118-d7f8-46e7-ad42-c48ef6bb19bb', true, 'e0f7e276-1b7c-4b5b-a2a4-8b8f891adf63', 10000, false, 1);

    -- items
    INSERT INTO public.items (id, itemtypeid, meta, created, createdby, createdreason, containerid, quantity, ispackaged) VALUES ('a7ba7f3a-7fcc-4316-8f43-3d72373a1bd6', '39a3a402-7a6f-42c8-8cb3-33e4b4c16ae3', '{"hp": 85, "rack": "a", "range": 41955, "volume": 322, "falloff": "linear", "cooldown": 123.7, "tracking": 5.9, "hull_damage": 12672, "armor_damage": 11044, "needs_target": true, "shield_damage": 11987, "activation_heat": 6555, "industrialmarket": {"maxprice": 770937, "minprice": 519351, "silosize": 1000}, "activation_energy": 3520, "activation_gfx_effect": "xl_general_laser"}', '2022-10-10 21:44:15.236205-04', '9f04b1a0-01f0-41bf-beac-2a16d8494924', 'Module for new noob ship for player', 'd9aab103-57f5-4e28-8096-9de4f3ff7658', 1, false);
    INSERT INTO public.items (id, itemtypeid, meta, created, createdby, createdreason, containerid, quantity, ispackaged) VALUES ('7979e26c-4d12-4209-8ab1-e69fbac4e9d5', '39a3a402-7a6f-42c8-8cb3-33e4b4c16ae3', '{"hp": 85, "rack": "a", "range": 41955, "volume": 322, "falloff": "linear", "cooldown": 123.7, "tracking": 5.9, "hull_damage": 12672, "armor_damage": 11044, "needs_target": true, "shield_damage": 11987, "activation_heat": 6555, "industrialmarket": {"maxprice": 770937, "minprice": 519351, "silosize": 1000}, "activation_energy": 3520, "activation_gfx_effect": "xl_general_laser"}', '2022-10-10 21:44:15.238086-04', '9f04b1a0-01f0-41bf-beac-2a16d8494924', 'Module for new noob ship for player', 'd9aab103-57f5-4e28-8096-9de4f3ff7658', 1, false);
    INSERT INTO public.items (id, itemtypeid, meta, created, createdby, createdreason, containerid, quantity, ispackaged) VALUES ('3cd1ec51-2246-4aca-932f-177a6b7e827a', '74d1fa76-7870-42ac-b402-1e4087e12e4f', '{"hp": 25, "rack": "a", "volume": 300, "cooldown": 424, "activation_heat": 169, "industrialmarket": {"maxprice": 364995, "minprice": 459220, "silosize": 1000}, "activation_energy": 3680}', '2022-10-10 21:44:15.239692-04', '9f04b1a0-01f0-41bf-beac-2a16d8494924', 'Module for new noob ship for player', 'd9aab103-57f5-4e28-8096-9de4f3ff7658', 1, false);
    INSERT INTO public.items (id, itemtypeid, meta, created, createdby, createdreason, containerid, quantity, ispackaged) VALUES ('b703a95f-1b15-4c16-8dea-096f8b59b884', '74d1fa76-7870-42ac-b402-1e4087e12e4f', '{"hp": 25, "rack": "a", "volume": 300, "cooldown": 424, "activation_heat": 169, "industrialmarket": {"maxprice": 364995, "minprice": 459220, "silosize": 1000}, "activation_energy": 3680}', '2022-10-10 21:44:15.241312-04', '9f04b1a0-01f0-41bf-beac-2a16d8494924', 'Module for new noob ship for player', 'd9aab103-57f5-4e28-8096-9de4f3ff7658', 1, false);
    INSERT INTO public.items (id, itemtypeid, meta, created, createdby, createdreason, containerid, quantity, ispackaged) VALUES ('1948e843-b8c8-41f5-83b3-1044fd5bf4dc', '76927c05-d018-4625-a963-f04c426854e3', '{"hp": 29, "rack": "b", "range": 32497, "volume": 268, "falloff": "linear", "cooldown": 329, "needs_target": true, "activation_heat": 2752, "drag_multiplier": 457, "industrialmarket": {"maxprice": 961996, "minprice": 774234, "silosize": 500}, "activation_energy": 6608, "activation_gfx_effect": "xl_aether_dragger"}', '2022-10-10 21:44:15.24311-04', '9f04b1a0-01f0-41bf-beac-2a16d8494924', 'Module for new noob ship for player', 'd9aab103-57f5-4e28-8096-9de4f3ff7658', 1, false);
    INSERT INTO public.items (id, itemtypeid, meta, created, createdby, createdreason, containerid, quantity, ispackaged) VALUES ('a4b66284-8ec8-4bbd-8e68-b06e321638ee', '1376187c-d016-488a-9491-7735b5370ba2', '{"hp": 62, "rack": "b", "volume": 265, "cooldown": 146, "needs_target": false, "activation_heat": 2272, "industrialmarket": {"maxprice": 230456, "minprice": 175962, "silosize": 1000}, "activation_energy": 2816}', '2022-10-10 21:44:15.245163-04', '9f04b1a0-01f0-41bf-beac-2a16d8494924', 'Module for new noob ship for player', 'd9aab103-57f5-4e28-8096-9de4f3ff7658', 1, false);
    INSERT INTO public.items (id, itemtypeid, meta, created, createdby, createdreason, containerid, quantity, ispackaged) VALUES ('bda33148-3ee1-4481-8eff-ff0f1e6bd7c6', '1376187c-d016-488a-9491-7735b5370ba2', '{"hp": 62, "rack": "b", "volume": 265, "cooldown": 146, "needs_target": false, "activation_heat": 2272, "industrialmarket": {"maxprice": 230456, "minprice": 175962, "silosize": 1000}, "activation_energy": 2816}', '2022-10-10 21:44:15.247853-04', '9f04b1a0-01f0-41bf-beac-2a16d8494924', 'Module for new noob ship for player', 'd9aab103-57f5-4e28-8096-9de4f3ff7658', 1, false);
    INSERT INTO public.items (id, itemtypeid, meta, created, createdby, createdreason, containerid, quantity, ispackaged) VALUES ('5e5f717c-aa41-48e5-b6cd-9dd4db7afb24', '7f25b73f-8ad8-4e87-bc76-241aaadcdd3b', '{"hp": 250, "rack": "c", "volume": 210, "energy_max_add": 9920, "industrialmarket": {"maxprice": 302550, "minprice": 215991, "silosize": 1000}}', '2022-10-10 21:44:15.249434-04', '9f04b1a0-01f0-41bf-beac-2a16d8494924', 'Module for new noob ship for player', 'd9aab103-57f5-4e28-8096-9de4f3ff7658', 1, false);
    INSERT INTO public.items (id, itemtypeid, meta, created, createdby, createdreason, containerid, quantity, ispackaged) VALUES ('a2ec291a-925e-4091-91d4-a4e0b77f91d4', '7f25b73f-8ad8-4e87-bc76-241aaadcdd3b', '{"hp": 250, "rack": "c", "volume": 210, "energy_max_add": 9920, "industrialmarket": {"maxprice": 302550, "minprice": 215991, "silosize": 1000}}', '2022-10-10 21:44:15.251182-04', '9f04b1a0-01f0-41bf-beac-2a16d8494924', 'Module for new noob ship for player', 'd9aab103-57f5-4e28-8096-9de4f3ff7658', 1, false);
    INSERT INTO public.items (id, itemtypeid, meta, created, createdby, createdreason, containerid, quantity, ispackaged) VALUES ('5a989e64-1c15-45c4-b52c-f8e8a58ad1a4', '82227782-f5cd-4ba3-bd0e-99e5e17f6ece', '{"hp": 280, "rack": "c", "volume": 205, "heat_sink_add": 201.2, "industrialmarket": {"maxprice": 25000, "minprice": 18900, "silosize": 1000}}', '2022-10-10 21:44:15.253002-04', '9f04b1a0-01f0-41bf-beac-2a16d8494924', 'Module for new noob ship for player', 'd9aab103-57f5-4e28-8096-9de4f3ff7658', 1, false);
    INSERT INTO public.items (id, itemtypeid, meta, created, createdby, createdreason, containerid, quantity, ispackaged) VALUES ('12c61a1a-4d47-4f74-949e-af44cac760f9', '82227782-f5cd-4ba3-bd0e-99e5e17f6ece', '{"hp": 280, "rack": "c", "volume": 205, "heat_sink_add": 201.2, "industrialmarket": {"maxprice": 25000, "minprice": 18900, "silosize": 1000}}', '2022-10-10 21:44:15.254822-04', '9f04b1a0-01f0-41bf-beac-2a16d8494924', 'Module for new noob ship for player', 'd9aab103-57f5-4e28-8096-9de4f3ff7658', 1, false);
    INSERT INTO public.items (id, itemtypeid, meta, created, createdby, createdreason, containerid, quantity, ispackaged) VALUES ('9fe3154d-7b40-435b-848c-75edd7935fe6', '824b0caa-c9f7-491e-84b4-8a6beb86638e', '{"hp": 80, "rack": "c", "volume": 225, "industrialmarket": {"maxprice": 23856, "minprice": 19681, "silosize": 200}, "energy_regen_max_add": 260}', '2022-10-10 21:44:15.256495-04', '9f04b1a0-01f0-41bf-beac-2a16d8494924', 'Module for new noob ship for player', 'd9aab103-57f5-4e28-8096-9de4f3ff7658', 1, false);
    INSERT INTO public.items (id, itemtypeid, meta, created, createdby, createdreason, containerid, quantity, ispackaged) VALUES ('8c2331d6-4313-4bff-9ddc-f7ff18945a49', '824b0caa-c9f7-491e-84b4-8a6beb86638e', '{"hp": 80, "rack": "c", "volume": 225, "industrialmarket": {"maxprice": 23856, "minprice": 19681, "silosize": 200}, "energy_regen_max_add": 260}', '2022-10-10 21:44:15.258366-04', '9f04b1a0-01f0-41bf-beac-2a16d8494924', 'Module for new noob ship for player', 'd9aab103-57f5-4e28-8096-9de4f3ff7658', 1, false);
    INSERT INTO public.items (id, itemtypeid, meta, created, createdby, createdreason, containerid, quantity, ispackaged) VALUES ('66174733-8823-46a1-a6ed-41a6b0c63a75', '39a3a402-7a6f-42c8-8cb3-33e4b4c16ae3', '{"hp": 85, "rack": "a", "range": 41955, "volume": 322, "falloff": "linear", "cooldown": 123.7, "tracking": 5.9, "hull_damage": 12672, "armor_damage": 11044, "needs_target": true, "shield_damage": 11987, "activation_heat": 6555, "industrialmarket": {"maxprice": 770937, "minprice": 519351, "silosize": 1000}, "activation_energy": 3520, "activation_gfx_effect": "xl_general_laser"}', '2022-10-10 21:44:15.277984-04', '9dedc6b1-9ac1-46b5-8d95-a27d0e6b5e7f', 'Module for new noob ship for player', '0442ec3a-278e-4b88-9b6e-fad585fd81d7', 1, false);
    INSERT INTO public.items (id, itemtypeid, meta, created, createdby, createdreason, containerid, quantity, ispackaged) VALUES ('449f891c-696f-4117-ac0a-a13dd3cee50e', '39a3a402-7a6f-42c8-8cb3-33e4b4c16ae3', '{"hp": 85, "rack": "a", "range": 41955, "volume": 322, "falloff": "linear", "cooldown": 123.7, "tracking": 5.9, "hull_damage": 12672, "armor_damage": 11044, "needs_target": true, "shield_damage": 11987, "activation_heat": 6555, "industrialmarket": {"maxprice": 770937, "minprice": 519351, "silosize": 1000}, "activation_energy": 3520, "activation_gfx_effect": "xl_general_laser"}', '2022-10-10 21:44:15.280221-04', '9dedc6b1-9ac1-46b5-8d95-a27d0e6b5e7f', 'Module for new noob ship for player', '0442ec3a-278e-4b88-9b6e-fad585fd81d7', 1, false);
    INSERT INTO public.items (id, itemtypeid, meta, created, createdby, createdreason, containerid, quantity, ispackaged) VALUES ('afca09a5-122e-43bb-8198-9afb60a6a4fb', '74d1fa76-7870-42ac-b402-1e4087e12e4f', '{"hp": 25, "rack": "a", "volume": 300, "cooldown": 424, "activation_heat": 169, "industrialmarket": {"maxprice": 364995, "minprice": 459220, "silosize": 1000}, "activation_energy": 3680}', '2022-10-10 21:44:15.282333-04', '9dedc6b1-9ac1-46b5-8d95-a27d0e6b5e7f', 'Module for new noob ship for player', '0442ec3a-278e-4b88-9b6e-fad585fd81d7', 1, false);
    INSERT INTO public.items (id, itemtypeid, meta, created, createdby, createdreason, containerid, quantity, ispackaged) VALUES ('3fce4c0b-30f9-4d74-8923-9ed0164353e9', '74d1fa76-7870-42ac-b402-1e4087e12e4f', '{"hp": 25, "rack": "a", "volume": 300, "cooldown": 424, "activation_heat": 169, "industrialmarket": {"maxprice": 364995, "minprice": 459220, "silosize": 1000}, "activation_energy": 3680}', '2022-10-10 21:44:15.284416-04', '9dedc6b1-9ac1-46b5-8d95-a27d0e6b5e7f', 'Module for new noob ship for player', '0442ec3a-278e-4b88-9b6e-fad585fd81d7', 1, false);
    INSERT INTO public.items (id, itemtypeid, meta, created, createdby, createdreason, containerid, quantity, ispackaged) VALUES ('144737bd-aa24-4fdd-80fd-c858f27be7d2', '82227782-f5cd-4ba3-bd0e-99e5e17f6ece', '{"hp": 280, "rack": "c", "volume": 205, "heat_sink_add": 201.2, "industrialmarket": {"maxprice": 25000, "minprice": 18900, "silosize": 1000}}', '2022-10-10 21:44:15.332846-04', '42ec12e5-9211-4388-a680-8f9c582bd5b2', 'Module for new noob ship for player', '05bf7df7-76d1-41d9-a99f-32c4cfa956a5', 1, false);
    INSERT INTO public.items (id, itemtypeid, meta, created, createdby, createdreason, containerid, quantity, ispackaged) VALUES ('797e71ea-f21c-4741-99ac-95dac3bf7d14', '76927c05-d018-4625-a963-f04c426854e3', '{"hp": 29, "rack": "b", "range": 32497, "volume": 268, "falloff": "linear", "cooldown": 329, "needs_target": true, "activation_heat": 2752, "drag_multiplier": 457, "industrialmarket": {"maxprice": 961996, "minprice": 774234, "silosize": 500}, "activation_energy": 6608, "activation_gfx_effect": "xl_aether_dragger"}', '2022-10-10 21:44:15.286305-04', '9dedc6b1-9ac1-46b5-8d95-a27d0e6b5e7f', 'Module for new noob ship for player', '0442ec3a-278e-4b88-9b6e-fad585fd81d7', 1, false);
    INSERT INTO public.items (id, itemtypeid, meta, created, createdby, createdreason, containerid, quantity, ispackaged) VALUES ('6472cb6a-6ae5-471a-bc80-bca432cf10c6', '1376187c-d016-488a-9491-7735b5370ba2', '{"hp": 62, "rack": "b", "volume": 265, "cooldown": 146, "needs_target": false, "activation_heat": 2272, "industrialmarket": {"maxprice": 230456, "minprice": 175962, "silosize": 1000}, "activation_energy": 2816}', '2022-10-10 21:44:15.287941-04', '9dedc6b1-9ac1-46b5-8d95-a27d0e6b5e7f', 'Module for new noob ship for player', '0442ec3a-278e-4b88-9b6e-fad585fd81d7', 1, false);
    INSERT INTO public.items (id, itemtypeid, meta, created, createdby, createdreason, containerid, quantity, ispackaged) VALUES ('4366dd27-e002-4d37-9a89-bfcebf423289', '1376187c-d016-488a-9491-7735b5370ba2', '{"hp": 62, "rack": "b", "volume": 265, "cooldown": 146, "needs_target": false, "activation_heat": 2272, "industrialmarket": {"maxprice": 230456, "minprice": 175962, "silosize": 1000}, "activation_energy": 2816}', '2022-10-10 21:44:15.289508-04', '9dedc6b1-9ac1-46b5-8d95-a27d0e6b5e7f', 'Module for new noob ship for player', '0442ec3a-278e-4b88-9b6e-fad585fd81d7', 1, false);
    INSERT INTO public.items (id, itemtypeid, meta, created, createdby, createdreason, containerid, quantity, ispackaged) VALUES ('f86a176d-16aa-4a62-970c-ebb864dcc68e', '7f25b73f-8ad8-4e87-bc76-241aaadcdd3b', '{"hp": 250, "rack": "c", "volume": 210, "energy_max_add": 9920, "industrialmarket": {"maxprice": 302550, "minprice": 215991, "silosize": 1000}}', '2022-10-10 21:44:15.291108-04', '9dedc6b1-9ac1-46b5-8d95-a27d0e6b5e7f', 'Module for new noob ship for player', '0442ec3a-278e-4b88-9b6e-fad585fd81d7', 1, false);
    INSERT INTO public.items (id, itemtypeid, meta, created, createdby, createdreason, containerid, quantity, ispackaged) VALUES ('9855bfff-385d-4481-ae97-ad5291dfe9a8', '7f25b73f-8ad8-4e87-bc76-241aaadcdd3b', '{"hp": 250, "rack": "c", "volume": 210, "energy_max_add": 9920, "industrialmarket": {"maxprice": 302550, "minprice": 215991, "silosize": 1000}}', '2022-10-10 21:44:15.292798-04', '9dedc6b1-9ac1-46b5-8d95-a27d0e6b5e7f', 'Module for new noob ship for player', '0442ec3a-278e-4b88-9b6e-fad585fd81d7', 1, false);
    INSERT INTO public.items (id, itemtypeid, meta, created, createdby, createdreason, containerid, quantity, ispackaged) VALUES ('ae6dcb6c-c31a-49f1-8342-989213f860b2', '82227782-f5cd-4ba3-bd0e-99e5e17f6ece', '{"hp": 280, "rack": "c", "volume": 205, "heat_sink_add": 201.2, "industrialmarket": {"maxprice": 25000, "minprice": 18900, "silosize": 1000}}', '2022-10-10 21:44:15.294698-04', '9dedc6b1-9ac1-46b5-8d95-a27d0e6b5e7f', 'Module for new noob ship for player', '0442ec3a-278e-4b88-9b6e-fad585fd81d7', 1, false);
    INSERT INTO public.items (id, itemtypeid, meta, created, createdby, createdreason, containerid, quantity, ispackaged) VALUES ('6a90e240-b4cf-470e-a5bf-431797162a5e', '82227782-f5cd-4ba3-bd0e-99e5e17f6ece', '{"hp": 280, "rack": "c", "volume": 205, "heat_sink_add": 201.2, "industrialmarket": {"maxprice": 25000, "minprice": 18900, "silosize": 1000}}', '2022-10-10 21:44:15.296392-04', '9dedc6b1-9ac1-46b5-8d95-a27d0e6b5e7f', 'Module for new noob ship for player', '0442ec3a-278e-4b88-9b6e-fad585fd81d7', 1, false);
    INSERT INTO public.items (id, itemtypeid, meta, created, createdby, createdreason, containerid, quantity, ispackaged) VALUES ('441c4b7d-a34c-4280-bbcc-6afea639a2d9', '824b0caa-c9f7-491e-84b4-8a6beb86638e', '{"hp": 80, "rack": "c", "volume": 225, "industrialmarket": {"maxprice": 23856, "minprice": 19681, "silosize": 200}, "energy_regen_max_add": 260}', '2022-10-10 21:44:15.298247-04', '9dedc6b1-9ac1-46b5-8d95-a27d0e6b5e7f', 'Module for new noob ship for player', '0442ec3a-278e-4b88-9b6e-fad585fd81d7', 1, false);
    INSERT INTO public.items (id, itemtypeid, meta, created, createdby, createdreason, containerid, quantity, ispackaged) VALUES ('ac58cf42-d0aa-49eb-8c98-864df760c3b7', '824b0caa-c9f7-491e-84b4-8a6beb86638e', '{"hp": 80, "rack": "c", "volume": 225, "industrialmarket": {"maxprice": 23856, "minprice": 19681, "silosize": 200}, "energy_regen_max_add": 260}', '2022-10-10 21:44:15.300264-04', '9dedc6b1-9ac1-46b5-8d95-a27d0e6b5e7f', 'Module for new noob ship for player', '0442ec3a-278e-4b88-9b6e-fad585fd81d7', 1, false);
    INSERT INTO public.items (id, itemtypeid, meta, created, createdby, createdreason, containerid, quantity, ispackaged) VALUES ('798538ed-fdb2-4769-a847-5c70b245bf87', '39a3a402-7a6f-42c8-8cb3-33e4b4c16ae3', '{"hp": 85, "rack": "a", "range": 41955, "volume": 322, "falloff": "linear", "cooldown": 123.7, "tracking": 5.9, "hull_damage": 12672, "armor_damage": 11044, "needs_target": true, "shield_damage": 11987, "activation_heat": 6555, "industrialmarket": {"maxprice": 770937, "minprice": 519351, "silosize": 1000}, "activation_energy": 3520, "activation_gfx_effect": "xl_general_laser"}', '2022-10-10 21:44:15.314905-04', '42ec12e5-9211-4388-a680-8f9c582bd5b2', 'Module for new noob ship for player', '05bf7df7-76d1-41d9-a99f-32c4cfa956a5', 1, false);
    INSERT INTO public.items (id, itemtypeid, meta, created, createdby, createdreason, containerid, quantity, ispackaged) VALUES ('cf99ca9a-820f-400f-9ea9-e6a1a05c7e3b', '39a3a402-7a6f-42c8-8cb3-33e4b4c16ae3', '{"hp": 85, "rack": "a", "range": 41955, "volume": 322, "falloff": "linear", "cooldown": 123.7, "tracking": 5.9, "hull_damage": 12672, "armor_damage": 11044, "needs_target": true, "shield_damage": 11987, "activation_heat": 6555, "industrialmarket": {"maxprice": 770937, "minprice": 519351, "silosize": 1000}, "activation_energy": 3520, "activation_gfx_effect": "xl_general_laser"}', '2022-10-10 21:44:15.317039-04', '42ec12e5-9211-4388-a680-8f9c582bd5b2', 'Module for new noob ship for player', '05bf7df7-76d1-41d9-a99f-32c4cfa956a5', 1, false);
    INSERT INTO public.items (id, itemtypeid, meta, created, createdby, createdreason, containerid, quantity, ispackaged) VALUES ('8372d0f9-a128-4141-8b68-6ee1ecae8795', '74d1fa76-7870-42ac-b402-1e4087e12e4f', '{"hp": 25, "rack": "a", "volume": 300, "cooldown": 424, "activation_heat": 169, "industrialmarket": {"maxprice": 364995, "minprice": 459220, "silosize": 1000}, "activation_energy": 3680}', '2022-10-10 21:44:15.31877-04', '42ec12e5-9211-4388-a680-8f9c582bd5b2', 'Module for new noob ship for player', '05bf7df7-76d1-41d9-a99f-32c4cfa956a5', 1, false);
    INSERT INTO public.items (id, itemtypeid, meta, created, createdby, createdreason, containerid, quantity, ispackaged) VALUES ('33bad2f6-3af5-47fb-a68b-b66629ad649d', '74d1fa76-7870-42ac-b402-1e4087e12e4f', '{"hp": 25, "rack": "a", "volume": 300, "cooldown": 424, "activation_heat": 169, "industrialmarket": {"maxprice": 364995, "minprice": 459220, "silosize": 1000}, "activation_energy": 3680}', '2022-10-10 21:44:15.320455-04', '42ec12e5-9211-4388-a680-8f9c582bd5b2', 'Module for new noob ship for player', '05bf7df7-76d1-41d9-a99f-32c4cfa956a5', 1, false);
    INSERT INTO public.items (id, itemtypeid, meta, created, createdby, createdreason, containerid, quantity, ispackaged) VALUES ('854cc0d4-48df-4718-b34a-78d6553a1e0f', '76927c05-d018-4625-a963-f04c426854e3', '{"hp": 29, "rack": "b", "range": 32497, "volume": 268, "falloff": "linear", "cooldown": 329, "needs_target": true, "activation_heat": 2752, "drag_multiplier": 457, "industrialmarket": {"maxprice": 961996, "minprice": 774234, "silosize": 500}, "activation_energy": 6608, "activation_gfx_effect": "xl_aether_dragger"}', '2022-10-10 21:44:15.322149-04', '42ec12e5-9211-4388-a680-8f9c582bd5b2', 'Module for new noob ship for player', '05bf7df7-76d1-41d9-a99f-32c4cfa956a5', 1, false);
    INSERT INTO public.items (id, itemtypeid, meta, created, createdby, createdreason, containerid, quantity, ispackaged) VALUES ('53455028-b655-43b3-808a-b8eab0994eab', '1376187c-d016-488a-9491-7735b5370ba2', '{"hp": 62, "rack": "b", "volume": 265, "cooldown": 146, "needs_target": false, "activation_heat": 2272, "industrialmarket": {"maxprice": 230456, "minprice": 175962, "silosize": 1000}, "activation_energy": 2816}', '2022-10-10 21:44:15.323793-04', '42ec12e5-9211-4388-a680-8f9c582bd5b2', 'Module for new noob ship for player', '05bf7df7-76d1-41d9-a99f-32c4cfa956a5', 1, false);
    INSERT INTO public.items (id, itemtypeid, meta, created, createdby, createdreason, containerid, quantity, ispackaged) VALUES ('f9cfb90c-9b99-4c60-a49d-184143be977d', '1376187c-d016-488a-9491-7735b5370ba2', '{"hp": 62, "rack": "b", "volume": 265, "cooldown": 146, "needs_target": false, "activation_heat": 2272, "industrialmarket": {"maxprice": 230456, "minprice": 175962, "silosize": 1000}, "activation_energy": 2816}', '2022-10-10 21:44:15.325474-04', '42ec12e5-9211-4388-a680-8f9c582bd5b2', 'Module for new noob ship for player', '05bf7df7-76d1-41d9-a99f-32c4cfa956a5', 1, false);
    INSERT INTO public.items (id, itemtypeid, meta, created, createdby, createdreason, containerid, quantity, ispackaged) VALUES ('541c848a-d0da-4350-a901-3d1c919b41ec', '7f25b73f-8ad8-4e87-bc76-241aaadcdd3b', '{"hp": 250, "rack": "c", "volume": 210, "energy_max_add": 9920, "industrialmarket": {"maxprice": 302550, "minprice": 215991, "silosize": 1000}}', '2022-10-10 21:44:15.327216-04', '42ec12e5-9211-4388-a680-8f9c582bd5b2', 'Module for new noob ship for player', '05bf7df7-76d1-41d9-a99f-32c4cfa956a5', 1, false);
    INSERT INTO public.items (id, itemtypeid, meta, created, createdby, createdreason, containerid, quantity, ispackaged) VALUES ('c2301571-247e-4965-9829-dcc309475c7b', '7f25b73f-8ad8-4e87-bc76-241aaadcdd3b', '{"hp": 250, "rack": "c", "volume": 210, "energy_max_add": 9920, "industrialmarket": {"maxprice": 302550, "minprice": 215991, "silosize": 1000}}', '2022-10-10 21:44:15.329209-04', '42ec12e5-9211-4388-a680-8f9c582bd5b2', 'Module for new noob ship for player', '05bf7df7-76d1-41d9-a99f-32c4cfa956a5', 1, false);
    INSERT INTO public.items (id, itemtypeid, meta, created, createdby, createdreason, containerid, quantity, ispackaged) VALUES ('ca4b069c-f296-43a8-8798-f922865fe10f', '82227782-f5cd-4ba3-bd0e-99e5e17f6ece', '{"hp": 280, "rack": "c", "volume": 205, "heat_sink_add": 201.2, "industrialmarket": {"maxprice": 25000, "minprice": 18900, "silosize": 1000}}', '2022-10-10 21:44:15.331157-04', '42ec12e5-9211-4388-a680-8f9c582bd5b2', 'Module for new noob ship for player', '05bf7df7-76d1-41d9-a99f-32c4cfa956a5', 1, false);
    INSERT INTO public.items (id, itemtypeid, meta, created, createdby, createdreason, containerid, quantity, ispackaged) VALUES ('7a0245da-a52d-4272-84bc-f5af72dd9946', '824b0caa-c9f7-491e-84b4-8a6beb86638e', '{"hp": 80, "rack": "c", "volume": 225, "industrialmarket": {"maxprice": 23856, "minprice": 19681, "silosize": 200}, "energy_regen_max_add": 260}', '2022-10-10 21:44:15.334535-04', '42ec12e5-9211-4388-a680-8f9c582bd5b2', 'Module for new noob ship for player', '05bf7df7-76d1-41d9-a99f-32c4cfa956a5', 1, false);
    INSERT INTO public.items (id, itemtypeid, meta, created, createdby, createdreason, containerid, quantity, ispackaged) VALUES ('d65e261c-a2b2-490c-ad70-b379df01b9a9', '824b0caa-c9f7-491e-84b4-8a6beb86638e', '{"hp": 80, "rack": "c", "volume": 225, "industrialmarket": {"maxprice": 23856, "minprice": 19681, "silosize": 200}, "energy_regen_max_add": 260}', '2022-10-10 21:44:15.336166-04', '42ec12e5-9211-4388-a680-8f9c582bd5b2', 'Module for new noob ship for player', '05bf7df7-76d1-41d9-a99f-32c4cfa956a5', 1, false);
    INSERT INTO public.items (id, itemtypeid, meta, created, createdby, createdreason, containerid, quantity, ispackaged) VALUES ('4fd3cdf1-6079-41db-a4fd-7eb24b92b83b', '39a3a402-7a6f-42c8-8cb3-33e4b4c16ae3', '{"hp": 85, "rack": "a", "range": 41955, "volume": 322, "falloff": "linear", "cooldown": 123.7, "tracking": 5.9, "hull_damage": 12672, "armor_damage": 11044, "needs_target": true, "shield_damage": 11987, "activation_heat": 6555, "industrialmarket": {"maxprice": 770937, "minprice": 519351, "silosize": 1000}, "activation_energy": 3520, "activation_gfx_effect": "xl_general_laser"}', '2022-10-10 21:44:15.35073-04', '682ec516-feb1-44ce-8bd6-97d55f34af22', 'Module for new noob ship for player', '8a8a60d9-2fbe-46db-8977-d127387b66da', 1, false);
    INSERT INTO public.items (id, itemtypeid, meta, created, createdby, createdreason, containerid, quantity, ispackaged) VALUES ('1c00d222-d3cb-420d-81ad-8048b39e036e', '39a3a402-7a6f-42c8-8cb3-33e4b4c16ae3', '{"hp": 85, "rack": "a", "range": 41955, "volume": 322, "falloff": "linear", "cooldown": 123.7, "tracking": 5.9, "hull_damage": 12672, "armor_damage": 11044, "needs_target": true, "shield_damage": 11987, "activation_heat": 6555, "industrialmarket": {"maxprice": 770937, "minprice": 519351, "silosize": 1000}, "activation_energy": 3520, "activation_gfx_effect": "xl_general_laser"}', '2022-10-10 21:44:15.35237-04', '682ec516-feb1-44ce-8bd6-97d55f34af22', 'Module for new noob ship for player', '8a8a60d9-2fbe-46db-8977-d127387b66da', 1, false);
    INSERT INTO public.items (id, itemtypeid, meta, created, createdby, createdreason, containerid, quantity, ispackaged) VALUES ('eb7f138d-1d16-487b-9047-d8af06fc1288', '74d1fa76-7870-42ac-b402-1e4087e12e4f', '{"hp": 25, "rack": "a", "volume": 300, "cooldown": 424, "activation_heat": 169, "industrialmarket": {"maxprice": 364995, "minprice": 459220, "silosize": 1000}, "activation_energy": 3680}', '2022-10-10 21:44:15.354012-04', '682ec516-feb1-44ce-8bd6-97d55f34af22', 'Module for new noob ship for player', '8a8a60d9-2fbe-46db-8977-d127387b66da', 1, false);
    INSERT INTO public.items (id, itemtypeid, meta, created, createdby, createdreason, containerid, quantity, ispackaged) VALUES ('1d72d4e9-ecca-48a1-904b-55015083b700', '74d1fa76-7870-42ac-b402-1e4087e12e4f', '{"hp": 25, "rack": "a", "volume": 300, "cooldown": 424, "activation_heat": 169, "industrialmarket": {"maxprice": 364995, "minprice": 459220, "silosize": 1000}, "activation_energy": 3680}', '2022-10-10 21:44:15.355665-04', '682ec516-feb1-44ce-8bd6-97d55f34af22', 'Module for new noob ship for player', '8a8a60d9-2fbe-46db-8977-d127387b66da', 1, false);
    INSERT INTO public.items (id, itemtypeid, meta, created, createdby, createdreason, containerid, quantity, ispackaged) VALUES ('6080c1ae-2d97-4c19-8a46-6d7ea48384b3', '76927c05-d018-4625-a963-f04c426854e3', '{"hp": 29, "rack": "b", "range": 32497, "volume": 268, "falloff": "linear", "cooldown": 329, "needs_target": true, "activation_heat": 2752, "drag_multiplier": 457, "industrialmarket": {"maxprice": 961996, "minprice": 774234, "silosize": 500}, "activation_energy": 6608, "activation_gfx_effect": "xl_aether_dragger"}', '2022-10-10 21:44:15.357254-04', '682ec516-feb1-44ce-8bd6-97d55f34af22', 'Module for new noob ship for player', '8a8a60d9-2fbe-46db-8977-d127387b66da', 1, false);
    INSERT INTO public.items (id, itemtypeid, meta, created, createdby, createdreason, containerid, quantity, ispackaged) VALUES ('a86ca4ca-ef56-4cd4-9fb0-dd60e40698a8', '1376187c-d016-488a-9491-7735b5370ba2', '{"hp": 62, "rack": "b", "volume": 265, "cooldown": 146, "needs_target": false, "activation_heat": 2272, "industrialmarket": {"maxprice": 230456, "minprice": 175962, "silosize": 1000}, "activation_energy": 2816}', '2022-10-10 21:44:15.358819-04', '682ec516-feb1-44ce-8bd6-97d55f34af22', 'Module for new noob ship for player', '8a8a60d9-2fbe-46db-8977-d127387b66da', 1, false);
    INSERT INTO public.items (id, itemtypeid, meta, created, createdby, createdreason, containerid, quantity, ispackaged) VALUES ('3c004e94-5c86-4d42-826f-a65f3b346e8f', '1376187c-d016-488a-9491-7735b5370ba2', '{"hp": 62, "rack": "b", "volume": 265, "cooldown": 146, "needs_target": false, "activation_heat": 2272, "industrialmarket": {"maxprice": 230456, "minprice": 175962, "silosize": 1000}, "activation_energy": 2816}', '2022-10-10 21:44:15.360684-04', '682ec516-feb1-44ce-8bd6-97d55f34af22', 'Module for new noob ship for player', '8a8a60d9-2fbe-46db-8977-d127387b66da', 1, false);
    INSERT INTO public.items (id, itemtypeid, meta, created, createdby, createdreason, containerid, quantity, ispackaged) VALUES ('5ffb26b1-865f-412c-a97f-880ce55a2db9', '7f25b73f-8ad8-4e87-bc76-241aaadcdd3b', '{"hp": 250, "rack": "c", "volume": 210, "energy_max_add": 9920, "industrialmarket": {"maxprice": 302550, "minprice": 215991, "silosize": 1000}}', '2022-10-10 21:44:15.362725-04', '682ec516-feb1-44ce-8bd6-97d55f34af22', 'Module for new noob ship for player', '8a8a60d9-2fbe-46db-8977-d127387b66da', 1, false);
    INSERT INTO public.items (id, itemtypeid, meta, created, createdby, createdreason, containerid, quantity, ispackaged) VALUES ('595044c4-bd5e-4c83-82a3-5d009e93f095', '7f25b73f-8ad8-4e87-bc76-241aaadcdd3b', '{"hp": 250, "rack": "c", "volume": 210, "energy_max_add": 9920, "industrialmarket": {"maxprice": 302550, "minprice": 215991, "silosize": 1000}}', '2022-10-10 21:44:15.364535-04', '682ec516-feb1-44ce-8bd6-97d55f34af22', 'Module for new noob ship for player', '8a8a60d9-2fbe-46db-8977-d127387b66da', 1, false);
    INSERT INTO public.items (id, itemtypeid, meta, created, createdby, createdreason, containerid, quantity, ispackaged) VALUES ('6c304358-4a9a-4538-b73d-194c76895474', '82227782-f5cd-4ba3-bd0e-99e5e17f6ece', '{"hp": 280, "rack": "c", "volume": 205, "heat_sink_add": 201.2, "industrialmarket": {"maxprice": 25000, "minprice": 18900, "silosize": 1000}}', '2022-10-10 21:44:15.366195-04', '682ec516-feb1-44ce-8bd6-97d55f34af22', 'Module for new noob ship for player', '8a8a60d9-2fbe-46db-8977-d127387b66da', 1, false);
    INSERT INTO public.items (id, itemtypeid, meta, created, createdby, createdreason, containerid, quantity, ispackaged) VALUES ('f7941de2-eb4c-4e76-bc31-5b296d95e3cc', '82227782-f5cd-4ba3-bd0e-99e5e17f6ece', '{"hp": 280, "rack": "c", "volume": 205, "heat_sink_add": 201.2, "industrialmarket": {"maxprice": 25000, "minprice": 18900, "silosize": 1000}}', '2022-10-10 21:44:15.367943-04', '682ec516-feb1-44ce-8bd6-97d55f34af22', 'Module for new noob ship for player', '8a8a60d9-2fbe-46db-8977-d127387b66da', 1, false);
    INSERT INTO public.items (id, itemtypeid, meta, created, createdby, createdreason, containerid, quantity, ispackaged) VALUES ('d657af44-2a60-4de7-82d2-9039734b4c21', '824b0caa-c9f7-491e-84b4-8a6beb86638e', '{"hp": 80, "rack": "c", "volume": 225, "industrialmarket": {"maxprice": 23856, "minprice": 19681, "silosize": 200}, "energy_regen_max_add": 260}', '2022-10-10 21:44:15.36963-04', '682ec516-feb1-44ce-8bd6-97d55f34af22', 'Module for new noob ship for player', '8a8a60d9-2fbe-46db-8977-d127387b66da', 1, false);
    INSERT INTO public.items (id, itemtypeid, meta, created, createdby, createdreason, containerid, quantity, ispackaged) VALUES ('e75e0b91-8264-48fb-81f0-1ece05b94e85', '824b0caa-c9f7-491e-84b4-8a6beb86638e', '{"hp": 80, "rack": "c", "volume": 225, "industrialmarket": {"maxprice": 23856, "minprice": 19681, "silosize": 200}, "energy_regen_max_add": 260}', '2022-10-10 21:44:15.371285-04', '682ec516-feb1-44ce-8bd6-97d55f34af22', 'Module for new noob ship for player', '8a8a60d9-2fbe-46db-8977-d127387b66da', 1, false);
    INSERT INTO public.items (id, itemtypeid, meta, created, createdby, createdreason, containerid, quantity, ispackaged) VALUES ('ed0386de-8f26-4e18-ac18-cbb3b950ac97', '39a3a402-7a6f-42c8-8cb3-33e4b4c16ae3', '{"hp": 85, "rack": "a", "range": 41955, "volume": 322, "falloff": "linear", "cooldown": 123.7, "tracking": 5.9, "hull_damage": 12672, "armor_damage": 11044, "needs_target": true, "shield_damage": 11987, "activation_heat": 6555, "industrialmarket": {"maxprice": 770937, "minprice": 519351, "silosize": 1000}, "activation_energy": 3520, "activation_gfx_effect": "xl_general_laser"}', '2022-10-10 21:44:15.385953-04', 'c7a2913f-708d-4d66-9b78-954c068ca8d1', 'Module for new noob ship for player', 'ec4c3118-d7f8-46e7-ad42-c48ef6bb19bb', 1, false);
    INSERT INTO public.items (id, itemtypeid, meta, created, createdby, createdreason, containerid, quantity, ispackaged) VALUES ('8e3359b0-305f-44f2-8b9c-f98fed87ddee', '39a3a402-7a6f-42c8-8cb3-33e4b4c16ae3', '{"hp": 85, "rack": "a", "range": 41955, "volume": 322, "falloff": "linear", "cooldown": 123.7, "tracking": 5.9, "hull_damage": 12672, "armor_damage": 11044, "needs_target": true, "shield_damage": 11987, "activation_heat": 6555, "industrialmarket": {"maxprice": 770937, "minprice": 519351, "silosize": 1000}, "activation_energy": 3520, "activation_gfx_effect": "xl_general_laser"}', '2022-10-10 21:44:15.387639-04', 'c7a2913f-708d-4d66-9b78-954c068ca8d1', 'Module for new noob ship for player', 'ec4c3118-d7f8-46e7-ad42-c48ef6bb19bb', 1, false);
    INSERT INTO public.items (id, itemtypeid, meta, created, createdby, createdreason, containerid, quantity, ispackaged) VALUES ('a436ac53-2650-42f0-a9dc-3586bea2736f', '74d1fa76-7870-42ac-b402-1e4087e12e4f', '{"hp": 25, "rack": "a", "volume": 300, "cooldown": 424, "activation_heat": 169, "industrialmarket": {"maxprice": 364995, "minprice": 459220, "silosize": 1000}, "activation_energy": 3680}', '2022-10-10 21:44:15.389339-04', 'c7a2913f-708d-4d66-9b78-954c068ca8d1', 'Module for new noob ship for player', 'ec4c3118-d7f8-46e7-ad42-c48ef6bb19bb', 1, false);
    INSERT INTO public.items (id, itemtypeid, meta, created, createdby, createdreason, containerid, quantity, ispackaged) VALUES ('c4d908bc-577f-4dcf-ad84-7f84736b6320', '74d1fa76-7870-42ac-b402-1e4087e12e4f', '{"hp": 25, "rack": "a", "volume": 300, "cooldown": 424, "activation_heat": 169, "industrialmarket": {"maxprice": 364995, "minprice": 459220, "silosize": 1000}, "activation_energy": 3680}', '2022-10-10 21:44:15.391139-04', 'c7a2913f-708d-4d66-9b78-954c068ca8d1', 'Module for new noob ship for player', 'ec4c3118-d7f8-46e7-ad42-c48ef6bb19bb', 1, false);
    INSERT INTO public.items (id, itemtypeid, meta, created, createdby, createdreason, containerid, quantity, ispackaged) VALUES ('285ed326-765a-454a-9b41-3f3eb0642b00', '76927c05-d018-4625-a963-f04c426854e3', '{"hp": 29, "rack": "b", "range": 32497, "volume": 268, "falloff": "linear", "cooldown": 329, "needs_target": true, "activation_heat": 2752, "drag_multiplier": 457, "industrialmarket": {"maxprice": 961996, "minprice": 774234, "silosize": 500}, "activation_energy": 6608, "activation_gfx_effect": "xl_aether_dragger"}', '2022-10-10 21:44:15.393799-04', 'c7a2913f-708d-4d66-9b78-954c068ca8d1', 'Module for new noob ship for player', 'ec4c3118-d7f8-46e7-ad42-c48ef6bb19bb', 1, false);
    INSERT INTO public.items (id, itemtypeid, meta, created, createdby, createdreason, containerid, quantity, ispackaged) VALUES ('fd631a6d-0165-4223-9a7f-5e48cdd849c7', '1376187c-d016-488a-9491-7735b5370ba2', '{"hp": 62, "rack": "b", "volume": 265, "cooldown": 146, "needs_target": false, "activation_heat": 2272, "industrialmarket": {"maxprice": 230456, "minprice": 175962, "silosize": 1000}, "activation_energy": 2816}', '2022-10-10 21:44:15.39597-04', 'c7a2913f-708d-4d66-9b78-954c068ca8d1', 'Module for new noob ship for player', 'ec4c3118-d7f8-46e7-ad42-c48ef6bb19bb', 1, false);
    INSERT INTO public.items (id, itemtypeid, meta, created, createdby, createdreason, containerid, quantity, ispackaged) VALUES ('88ea7c13-9a4f-44bb-b829-b7b53c988e24', '1376187c-d016-488a-9491-7735b5370ba2', '{"hp": 62, "rack": "b", "volume": 265, "cooldown": 146, "needs_target": false, "activation_heat": 2272, "industrialmarket": {"maxprice": 230456, "minprice": 175962, "silosize": 1000}, "activation_energy": 2816}', '2022-10-10 21:44:15.397804-04', 'c7a2913f-708d-4d66-9b78-954c068ca8d1', 'Module for new noob ship for player', 'ec4c3118-d7f8-46e7-ad42-c48ef6bb19bb', 1, false);
    INSERT INTO public.items (id, itemtypeid, meta, created, createdby, createdreason, containerid, quantity, ispackaged) VALUES ('53deedd2-af01-4918-a749-01f40d0d60e1', '7f25b73f-8ad8-4e87-bc76-241aaadcdd3b', '{"hp": 250, "rack": "c", "volume": 210, "energy_max_add": 9920, "industrialmarket": {"maxprice": 302550, "minprice": 215991, "silosize": 1000}}', '2022-10-10 21:44:15.399588-04', 'c7a2913f-708d-4d66-9b78-954c068ca8d1', 'Module for new noob ship for player', 'ec4c3118-d7f8-46e7-ad42-c48ef6bb19bb', 1, false);
    INSERT INTO public.items (id, itemtypeid, meta, created, createdby, createdreason, containerid, quantity, ispackaged) VALUES ('a83c07a8-0cfd-4d5c-b97f-97b659301f02', '7f25b73f-8ad8-4e87-bc76-241aaadcdd3b', '{"hp": 250, "rack": "c", "volume": 210, "energy_max_add": 9920, "industrialmarket": {"maxprice": 302550, "minprice": 215991, "silosize": 1000}}', '2022-10-10 21:44:15.401373-04', 'c7a2913f-708d-4d66-9b78-954c068ca8d1', 'Module for new noob ship for player', 'ec4c3118-d7f8-46e7-ad42-c48ef6bb19bb', 1, false);
    INSERT INTO public.items (id, itemtypeid, meta, created, createdby, createdreason, containerid, quantity, ispackaged) VALUES ('2908cf29-3a85-4b40-b7e0-40271b34296e', '82227782-f5cd-4ba3-bd0e-99e5e17f6ece', '{"hp": 280, "rack": "c", "volume": 205, "heat_sink_add": 201.2, "industrialmarket": {"maxprice": 25000, "minprice": 18900, "silosize": 1000}}', '2022-10-10 21:44:15.403234-04', 'c7a2913f-708d-4d66-9b78-954c068ca8d1', 'Module for new noob ship for player', 'ec4c3118-d7f8-46e7-ad42-c48ef6bb19bb', 1, false);
    INSERT INTO public.items (id, itemtypeid, meta, created, createdby, createdreason, containerid, quantity, ispackaged) VALUES ('0773bb21-1c28-40a1-be83-589472df6aba', '82227782-f5cd-4ba3-bd0e-99e5e17f6ece', '{"hp": 280, "rack": "c", "volume": 205, "heat_sink_add": 201.2, "industrialmarket": {"maxprice": 25000, "minprice": 18900, "silosize": 1000}}', '2022-10-10 21:44:15.405114-04', 'c7a2913f-708d-4d66-9b78-954c068ca8d1', 'Module for new noob ship for player', 'ec4c3118-d7f8-46e7-ad42-c48ef6bb19bb', 1, false);
    INSERT INTO public.items (id, itemtypeid, meta, created, createdby, createdreason, containerid, quantity, ispackaged) VALUES ('e3dd33dd-faa7-41f3-a048-793b638df37b', '824b0caa-c9f7-491e-84b4-8a6beb86638e', '{"hp": 80, "rack": "c", "volume": 225, "industrialmarket": {"maxprice": 23856, "minprice": 19681, "silosize": 200}, "energy_regen_max_add": 260}', '2022-10-10 21:44:15.406845-04', 'c7a2913f-708d-4d66-9b78-954c068ca8d1', 'Module for new noob ship for player', 'ec4c3118-d7f8-46e7-ad42-c48ef6bb19bb', 1, false);
    INSERT INTO public.items (id, itemtypeid, meta, created, createdby, createdreason, containerid, quantity, ispackaged) VALUES ('b5528316-9f4d-49e4-9f06-9a330c7cd4ea', '824b0caa-c9f7-491e-84b4-8a6beb86638e', '{"hp": 80, "rack": "c", "volume": 225, "industrialmarket": {"maxprice": 23856, "minprice": 19681, "silosize": 200}, "energy_regen_max_add": 260}', '2022-10-10 21:44:15.408625-04', 'c7a2913f-708d-4d66-9b78-954c068ca8d1', 'Module for new noob ship for player', 'ec4c3118-d7f8-46e7-ad42-c48ef6bb19bb', 1, false);

    -- fix current ship ids
    update users set current_shipid = '3a826abb-762d-4da4-8508-597b0ae0b22a' where id = 'c7a2913f-708d-4d66-9b78-954c068ca8d1';
    update users set current_shipid = '2dad2892-9008-458b-bc22-554599467b6e' where id = '9f04b1a0-01f0-41bf-beac-2a16d8494924';
    update users set current_shipid = 'bb48c997-7813-40d2-b296-86c94c75452f' where id = '9dedc6b1-9ac1-46b5-8d95-a27d0e6b5e7f';
    update users set current_shipid = 'ebc2685a-4aaa-4147-a1c9-d291b97e724c' where id = '42ec12e5-9211-4388-a680-8f9c582bd5b2';
    update users set current_shipid = 'bd602fdb-094f-4ee6-b9f8-3731a6eba0b1' where id = '682ec516-feb1-44ce-8bd6-97d55f34af22';
