-- interstar zebra trader
INSERT INTO public.starts (id, name, shiptemplateid, shipfitting, created, available, systemid, homestationid, wallet, factionid) VALUES ('4005f3d4-d8c5-4f62-b2f0-71e71dbca09f', 'Star. Sup Trader', 'ab6714d2-0574-492b-aeb9-6da2727faa06', '{"a_rack": [{"item_type_id": "27d43a76-5822-422b-94b7-65592eda9fec"}, {"item_type_id": "27d43a76-5822-422b-94b7-65592eda9fec"}, {"item_type_id": "74d1fa76-7870-42ac-b402-1e4087e12e4f"}, {"item_type_id": "74d1fa76-7870-42ac-b402-1e4087e12e4f"}, {"item_type_id": "a349ad48-9808-46e1-8f5e-bc4e4da46568"}, {"item_type_id": "a349ad48-9808-46e1-8f5e-bc4e4da46568"}], "b_rack": [{"item_type_id": "dbc59b6b-1989-46c5-9710-933415f9a263"}, {"item_type_id": "dbc59b6b-1989-46c5-9710-933415f9a263"}, {"item_type_id": "76927c05-d018-4625-a963-f04c426854e3"}, {"item_type_id": "76927c05-d018-4625-a963-f04c426854e3"}], "c_rack": [{"item_type_id": "824b0caa-c9f7-491e-84b4-8a6beb86638e"}, {"item_type_id": "82227782-f5cd-4ba3-bd0e-99e5e17f6ece"}, {"item_type_id": "82227782-f5cd-4ba3-bd0e-99e5e17f6ece"}, {"item_type_id": "7f25b73f-8ad8-4e87-bc76-241aaadcdd3b"}, {"item_type_id": "7f25b73f-8ad8-4e87-bc76-241aaadcdd3b"}]}', '2022-10-09 18:40:54.226472-04', false, '92a049fe-7de8-42a8-9f9c-55c1d2eb0012', 'c45015d5-09bc-486f-a166-93ae796c4052', 10000, '559d7fc1-5470-4ab4-8c66-fa2f0b89a523');

-- alvaca fetch trader
INSERT INTO public.starts (id, name, shiptemplateid, shipfitting, created, available, systemid, homestationid, wallet, factionid) VALUES ('e3e8173f-5c18-4d50-bf2c-9df33e07d7c9', 'Alv. Sup Trader', '11ae39d0-0b49-4276-971b-9655ee135b27', '{"a_rack": [{"item_type_id": "39a3a402-7a6f-42c8-8cb3-33e4b4c16ae3"}, {"item_type_id": "39a3a402-7a6f-42c8-8cb3-33e4b4c16ae3"}, {"item_type_id": "74d1fa76-7870-42ac-b402-1e4087e12e4f"}, {"item_type_id": "74d1fa76-7870-42ac-b402-1e4087e12e4f"}], "b_rack": [{"item_type_id": "76927c05-d018-4625-a963-f04c426854e3"}, {"item_type_id": "1376187c-d016-488a-9491-7735b5370ba2"}, {"item_type_id": "1376187c-d016-488a-9491-7735b5370ba2"}], "c_rack": [{"item_type_id": "7f25b73f-8ad8-4e87-bc76-241aaadcdd3b"}, {"item_type_id": "7f25b73f-8ad8-4e87-bc76-241aaadcdd3b"}, {"item_type_id": "82227782-f5cd-4ba3-bd0e-99e5e17f6ece"}, {"item_type_id": "82227782-f5cd-4ba3-bd0e-99e5e17f6ece"}, {"item_type_id": "824b0caa-c9f7-491e-84b4-8a6beb86638e"}, {"item_type_id": "824b0caa-c9f7-491e-84b4-8a6beb86638e"}]}', '2022-10-09 19:06:55.6278-04', false, 'ac98c1b6-404d-42d9-97f6-025e41258944', '3ca3cdb7-5900-4adf-bb10-01a881570c5f', 10000, '506286f5-6613-4481-ac26-caa9940fbe68');

-- interstar npcs

    -- containers
    INSERT INTO public.containers (id, meta, created) VALUES ('9bb9685b-9d1d-4fa0-b730-bee7940e8ff1', '{}', '2022-10-10 21:33:02.82478-04');
    INSERT INTO public.containers (id, meta, created) VALUES ('82faf93b-b78f-4517-88fb-0980f25ed6b9', '{}', '2022-10-10 21:33:02.832867-04');
    INSERT INTO public.containers (id, meta, created) VALUES ('67bc790c-5b39-4333-9aeb-3e1d7a16fa74', '{}', '2022-10-10 21:33:02.834723-04');
    INSERT INTO public.containers (id, meta, created) VALUES ('99251ade-7d67-46e2-8b74-6ef676037323', '{}', '2022-10-10 21:33:02.83676-04');
    INSERT INTO public.containers (id, meta, created) VALUES ('b9947bd6-7fb0-4f28-8f4a-502d7c46c5ea', '{}', '2022-10-10 21:33:02.885622-04');
    INSERT INTO public.containers (id, meta, created) VALUES ('1fa8a20c-32aa-48a6-83d0-225cbf49628c', '{}', '2022-10-10 21:33:02.89088-04');
    INSERT INTO public.containers (id, meta, created) VALUES ('e349d12f-04aa-4f7d-8971-0bac72038bcf', '{}', '2022-10-10 21:33:02.892867-04');
    INSERT INTO public.containers (id, meta, created) VALUES ('f447f194-ba7a-4c4b-975e-fb0c69f533c9', '{}', '2022-10-10 21:33:02.894686-04');
    INSERT INTO public.containers (id, meta, created) VALUES ('c6f8a767-8b4e-45fd-b391-739ca6b4ef7a', '{}', '2022-10-10 21:33:02.935483-04');
    INSERT INTO public.containers (id, meta, created) VALUES ('030c7e24-d8b9-4512-97be-24339ee6ce51', '{}', '2022-10-10 21:33:02.93987-04');
    INSERT INTO public.containers (id, meta, created) VALUES ('ea4e226f-e0bf-48d0-a9d5-e288427ddc2f', '{}', '2022-10-10 21:33:02.941409-04');
    INSERT INTO public.containers (id, meta, created) VALUES ('ed970509-e23f-49ad-aa4d-99a5519cfa2d', '{}', '2022-10-10 21:33:02.942993-04');
    INSERT INTO public.containers (id, meta, created) VALUES ('983a981f-ce29-44eb-8c7a-ef312c1318ec', '{}', '2022-10-10 21:33:02.979771-04');
    INSERT INTO public.containers (id, meta, created) VALUES ('bf6de3be-9b5d-4ab0-8972-4b5444feb4a0', '{}', '2022-10-10 21:33:02.983668-04');
    INSERT INTO public.containers (id, meta, created) VALUES ('fc2c9142-8cf4-48fd-ad96-7bec6be4e085', '{}', '2022-10-10 21:33:02.985281-04');
    INSERT INTO public.containers (id, meta, created) VALUES ('1aea3f84-6d3c-465a-8f5b-bfb585e62e79', '{}', '2022-10-10 21:33:02.986803-04');
    INSERT INTO public.containers (id, meta, created) VALUES ('31a0afd4-7b95-4fde-8b67-1925f78ca457', '{}', '2022-10-10 21:33:03.023903-04');
    INSERT INTO public.containers (id, meta, created) VALUES ('a3013d3f-1b2f-4fb7-adac-103fb661b087', '{}', '2022-10-10 21:33:03.028448-04');
    INSERT INTO public.containers (id, meta, created) VALUES ('5d3bc357-d9f1-4be1-b966-7f463276ad17', '{}', '2022-10-10 21:33:03.030904-04');
    INSERT INTO public.containers (id, meta, created) VALUES ('dc2e1215-feec-4325-a777-65bd9757ec3c', '{}', '2022-10-10 21:33:03.032656-04');

    -- users
    INSERT INTO public.users (id, charactername, hashpass, registered, banned, current_shipid, startid, escrow_containerid, current_factionid, reputationsheet, isnpc, behaviourmode, emailaddress, experiencesheet, registeredip, isdev) VALUES ('eac20615-d561-4384-b22b-ac495b9755d0', 'Dexter Knowles', '821b1d36dc3605b025ecce9df96813ecba54fad667c413d77da3af804a8086d5', '2022-10-10 21:33:02.827424-04', B'0', NULL, '4005f3d4-d8c5-4f62-b2f0-71e71dbca09f', '9bb9685b-9d1d-4fa0-b730-bee7940e8ff1', '559d7fc1-5470-4ab4-8c66-fa2f0b89a523', '{"factionEntries": {"27a53dfc-a321-4c12-bf7c-bb177955c95b": {"FactionID": "27a53dfc-a321-4c12-bf7c-bb177955c95b", "StandingValue": -0.5, "AreOpenlyHostile": false}, "30bc70eb-2692-47e6-a7e3-2772e131c3d7": {"FactionID": "30bc70eb-2692-47e6-a7e3-2772e131c3d7", "StandingValue": -5.5, "AreOpenlyHostile": true}, "506286f5-6613-4481-ac26-caa9940fbe68": {"FactionID": "506286f5-6613-4481-ac26-caa9940fbe68", "StandingValue": -7.5, "AreOpenlyHostile": true}, "559d7fc1-5470-4ab4-8c66-fa2f0b89a523": {"FactionID": "559d7fc1-5470-4ab4-8c66-fa2f0b89a523", "StandingValue": 10, "AreOpenlyHostile": false}, "5db2bec7-37c3-4f1c-ab88-21024c12d639": {"FactionID": "5db2bec7-37c3-4f1c-ab88-21024c12d639", "StandingValue": -0.5, "AreOpenlyHostile": false}, "7decfd86-9c82-4a17-af3b-5d4af8c4e2ad": {"FactionID": "7decfd86-9c82-4a17-af3b-5d4af8c4e2ad", "StandingValue": -3.5, "AreOpenlyHostile": true}, "a0152cbb-8a78-45a4-ae9b-2ad2b60b583b": {"FactionID": "a0152cbb-8a78-45a4-ae9b-2ad2b60b583b", "StandingValue": 0.5, "AreOpenlyHostile": false}, "b3d3fa9c-b21e-490f-b39e-128b3af12128": {"FactionID": "b3d3fa9c-b21e-490f-b39e-128b3af12128", "StandingValue": 0, "AreOpenlyHostile": false}, "bdeffd9a-3cab-408c-9cd7-32fce1124f7a": {"FactionID": "bdeffd9a-3cab-408c-9cd7-32fce1124f7a", "StandingValue": 0.5, "AreOpenlyHostile": false}}}', true, 3, NULL, '{}', '[::1]:44708', false);
    INSERT INTO public.users (id, charactername, hashpass, registered, banned, current_shipid, startid, escrow_containerid, current_factionid, reputationsheet, isnpc, behaviourmode, emailaddress, experiencesheet, registeredip, isdev) VALUES ('0474b979-01d3-4765-9587-059007e60823', 'Isaak Kozlov', 'd7505932154f433108641e407636695547aead1a3e30ea15017137232130b87b', '2022-10-10 21:33:02.88772-04', B'0', NULL, '4005f3d4-d8c5-4f62-b2f0-71e71dbca09f', 'b9947bd6-7fb0-4f28-8f4a-502d7c46c5ea', '559d7fc1-5470-4ab4-8c66-fa2f0b89a523', '{"factionEntries": {"27a53dfc-a321-4c12-bf7c-bb177955c95b": {"FactionID": "27a53dfc-a321-4c12-bf7c-bb177955c95b", "StandingValue": -0.5, "AreOpenlyHostile": false}, "30bc70eb-2692-47e6-a7e3-2772e131c3d7": {"FactionID": "30bc70eb-2692-47e6-a7e3-2772e131c3d7", "StandingValue": -5.5, "AreOpenlyHostile": true}, "506286f5-6613-4481-ac26-caa9940fbe68": {"FactionID": "506286f5-6613-4481-ac26-caa9940fbe68", "StandingValue": -7.5, "AreOpenlyHostile": true}, "559d7fc1-5470-4ab4-8c66-fa2f0b89a523": {"FactionID": "559d7fc1-5470-4ab4-8c66-fa2f0b89a523", "StandingValue": 10, "AreOpenlyHostile": false}, "5db2bec7-37c3-4f1c-ab88-21024c12d639": {"FactionID": "5db2bec7-37c3-4f1c-ab88-21024c12d639", "StandingValue": -0.5, "AreOpenlyHostile": false}, "7decfd86-9c82-4a17-af3b-5d4af8c4e2ad": {"FactionID": "7decfd86-9c82-4a17-af3b-5d4af8c4e2ad", "StandingValue": -3.5, "AreOpenlyHostile": true}, "a0152cbb-8a78-45a4-ae9b-2ad2b60b583b": {"FactionID": "a0152cbb-8a78-45a4-ae9b-2ad2b60b583b", "StandingValue": 0.5, "AreOpenlyHostile": false}, "b3d3fa9c-b21e-490f-b39e-128b3af12128": {"FactionID": "b3d3fa9c-b21e-490f-b39e-128b3af12128", "StandingValue": 0, "AreOpenlyHostile": false}, "bdeffd9a-3cab-408c-9cd7-32fce1124f7a": {"FactionID": "bdeffd9a-3cab-408c-9cd7-32fce1124f7a", "StandingValue": 0.5, "AreOpenlyHostile": false}}}', true, 3, NULL, '{}', '[::1]:44708', false);
    INSERT INTO public.users (id, charactername, hashpass, registered, banned, current_shipid, startid, escrow_containerid, current_factionid, reputationsheet, isnpc, behaviourmode, emailaddress, experiencesheet, registeredip, isdev) VALUES ('35f2a632-a621-4ad7-9df2-aaf2cf94ff16', 'Nia Jaja', 'fd528bbb12c9e13a79f2620059b36134ff36773bf9da62b9a38e3bf37256854a', '2022-10-10 21:33:02.937295-04', B'0', NULL, '4005f3d4-d8c5-4f62-b2f0-71e71dbca09f', 'c6f8a767-8b4e-45fd-b391-739ca6b4ef7a', '559d7fc1-5470-4ab4-8c66-fa2f0b89a523', '{"factionEntries": {"27a53dfc-a321-4c12-bf7c-bb177955c95b": {"FactionID": "27a53dfc-a321-4c12-bf7c-bb177955c95b", "StandingValue": -0.5, "AreOpenlyHostile": false}, "30bc70eb-2692-47e6-a7e3-2772e131c3d7": {"FactionID": "30bc70eb-2692-47e6-a7e3-2772e131c3d7", "StandingValue": -5.5, "AreOpenlyHostile": true}, "506286f5-6613-4481-ac26-caa9940fbe68": {"FactionID": "506286f5-6613-4481-ac26-caa9940fbe68", "StandingValue": -7.5, "AreOpenlyHostile": true}, "559d7fc1-5470-4ab4-8c66-fa2f0b89a523": {"FactionID": "559d7fc1-5470-4ab4-8c66-fa2f0b89a523", "StandingValue": 10, "AreOpenlyHostile": false}, "5db2bec7-37c3-4f1c-ab88-21024c12d639": {"FactionID": "5db2bec7-37c3-4f1c-ab88-21024c12d639", "StandingValue": -0.5, "AreOpenlyHostile": false}, "7decfd86-9c82-4a17-af3b-5d4af8c4e2ad": {"FactionID": "7decfd86-9c82-4a17-af3b-5d4af8c4e2ad", "StandingValue": -3.5, "AreOpenlyHostile": true}, "a0152cbb-8a78-45a4-ae9b-2ad2b60b583b": {"FactionID": "a0152cbb-8a78-45a4-ae9b-2ad2b60b583b", "StandingValue": 0.5, "AreOpenlyHostile": false}, "b3d3fa9c-b21e-490f-b39e-128b3af12128": {"FactionID": "b3d3fa9c-b21e-490f-b39e-128b3af12128", "StandingValue": 0, "AreOpenlyHostile": false}, "bdeffd9a-3cab-408c-9cd7-32fce1124f7a": {"FactionID": "bdeffd9a-3cab-408c-9cd7-32fce1124f7a", "StandingValue": 0.5, "AreOpenlyHostile": false}}}', true, 3, NULL, '{}', '[::1]:44708', false);
    INSERT INTO public.users (id, charactername, hashpass, registered, banned, current_shipid, startid, escrow_containerid, current_factionid, reputationsheet, isnpc, behaviourmode, emailaddress, experiencesheet, registeredip, isdev) VALUES ('e4eda6f0-d2d8-4887-84da-a6f9fa5bd1bf', 'Wendy Harding', 'd1dbc8ebbbb3c10bd5867c7fce11f8d7d764ad7be134052aa62e47cccc3159ec', '2022-10-10 21:33:02.981317-04', B'0', NULL, '4005f3d4-d8c5-4f62-b2f0-71e71dbca09f', '983a981f-ce29-44eb-8c7a-ef312c1318ec', '559d7fc1-5470-4ab4-8c66-fa2f0b89a523', '{"factionEntries": {"27a53dfc-a321-4c12-bf7c-bb177955c95b": {"FactionID": "27a53dfc-a321-4c12-bf7c-bb177955c95b", "StandingValue": -0.5, "AreOpenlyHostile": false}, "30bc70eb-2692-47e6-a7e3-2772e131c3d7": {"FactionID": "30bc70eb-2692-47e6-a7e3-2772e131c3d7", "StandingValue": -5.5, "AreOpenlyHostile": true}, "506286f5-6613-4481-ac26-caa9940fbe68": {"FactionID": "506286f5-6613-4481-ac26-caa9940fbe68", "StandingValue": -7.5, "AreOpenlyHostile": true}, "559d7fc1-5470-4ab4-8c66-fa2f0b89a523": {"FactionID": "559d7fc1-5470-4ab4-8c66-fa2f0b89a523", "StandingValue": 10, "AreOpenlyHostile": false}, "5db2bec7-37c3-4f1c-ab88-21024c12d639": {"FactionID": "5db2bec7-37c3-4f1c-ab88-21024c12d639", "StandingValue": -0.5, "AreOpenlyHostile": false}, "7decfd86-9c82-4a17-af3b-5d4af8c4e2ad": {"FactionID": "7decfd86-9c82-4a17-af3b-5d4af8c4e2ad", "StandingValue": -3.5, "AreOpenlyHostile": true}, "a0152cbb-8a78-45a4-ae9b-2ad2b60b583b": {"FactionID": "a0152cbb-8a78-45a4-ae9b-2ad2b60b583b", "StandingValue": 0.5, "AreOpenlyHostile": false}, "b3d3fa9c-b21e-490f-b39e-128b3af12128": {"FactionID": "b3d3fa9c-b21e-490f-b39e-128b3af12128", "StandingValue": 0, "AreOpenlyHostile": false}, "bdeffd9a-3cab-408c-9cd7-32fce1124f7a": {"FactionID": "bdeffd9a-3cab-408c-9cd7-32fce1124f7a", "StandingValue": 0.5, "AreOpenlyHostile": false}}}', true, 3, NULL, '{}', '[::1]:44708', false);
    INSERT INTO public.users (id, charactername, hashpass, registered, banned, current_shipid, startid, escrow_containerid, current_factionid, reputationsheet, isnpc, behaviourmode, emailaddress, experiencesheet, registeredip, isdev) VALUES ('2dd2a497-f884-4322-8fee-a4d4aa6a2cca', 'Ejder Dinç', 'c60870711331276c0341e5664b7189e6bb0fddcffb5f2cff4fba464c80fcde92', '2022-10-10 21:33:03.025554-04', B'0', NULL, '4005f3d4-d8c5-4f62-b2f0-71e71dbca09f', '31a0afd4-7b95-4fde-8b67-1925f78ca457', '559d7fc1-5470-4ab4-8c66-fa2f0b89a523', '{"factionEntries": {"27a53dfc-a321-4c12-bf7c-bb177955c95b": {"FactionID": "27a53dfc-a321-4c12-bf7c-bb177955c95b", "StandingValue": -0.5, "AreOpenlyHostile": false}, "30bc70eb-2692-47e6-a7e3-2772e131c3d7": {"FactionID": "30bc70eb-2692-47e6-a7e3-2772e131c3d7", "StandingValue": -5.5, "AreOpenlyHostile": true}, "506286f5-6613-4481-ac26-caa9940fbe68": {"FactionID": "506286f5-6613-4481-ac26-caa9940fbe68", "StandingValue": -7.5, "AreOpenlyHostile": true}, "559d7fc1-5470-4ab4-8c66-fa2f0b89a523": {"FactionID": "559d7fc1-5470-4ab4-8c66-fa2f0b89a523", "StandingValue": 10, "AreOpenlyHostile": false}, "5db2bec7-37c3-4f1c-ab88-21024c12d639": {"FactionID": "5db2bec7-37c3-4f1c-ab88-21024c12d639", "StandingValue": -0.5, "AreOpenlyHostile": false}, "7decfd86-9c82-4a17-af3b-5d4af8c4e2ad": {"FactionID": "7decfd86-9c82-4a17-af3b-5d4af8c4e2ad", "StandingValue": -3.5, "AreOpenlyHostile": true}, "a0152cbb-8a78-45a4-ae9b-2ad2b60b583b": {"FactionID": "a0152cbb-8a78-45a4-ae9b-2ad2b60b583b", "StandingValue": 0.5, "AreOpenlyHostile": false}, "b3d3fa9c-b21e-490f-b39e-128b3af12128": {"FactionID": "b3d3fa9c-b21e-490f-b39e-128b3af12128", "StandingValue": 0, "AreOpenlyHostile": false}, "bdeffd9a-3cab-408c-9cd7-32fce1124f7a": {"FactionID": "bdeffd9a-3cab-408c-9cd7-32fce1124f7a", "StandingValue": 0.5, "AreOpenlyHostile": false}}}', true, 3, NULL, '{}', '[::1]:44708', false);

    -- ships
    INSERT INTO public.ships (id, universe_systemid, userid, pos_x, pos_y, created, shipname, texture, theta, vel_x, vel_y, shield, armor, hull, fuel, heat, energy, shiptemplateid, dockedat_stationid, fitting, destroyed, destroyedat, cargobay_containerid, fittingbay_containerid, remaxdirty, trash_containerid, wallet, noload, flightexperiencemodifier) VALUES ('8af53ab7-fac5-4f47-b8b2-56ce06aa0cb2', '92a049fe-7de8-42a8-9f9c-55c1d2eb0012', 'eac20615-d561-4384-b22b-ac495b9755d0', 0, 0, '2022-10-10 21:33:02.877367-04', 'Dexter Knowles''s Starter Ship', 'Zebra', 0, 0, 0, 6900, 2200, 72415, 63471, 0, 1694, 'ab6714d2-0574-492b-aeb9-6da2727faa06', 'c45015d5-09bc-486f-a166-93ae796c4052', '{"a_rack": [{"item_id": "129f7860-f468-493c-ae2b-84006b28fdd2", "slot_idx": 0, "item_type_id": "27d43a76-5822-422b-94b7-65592eda9fec"}, {"item_id": "530e82f7-a30a-4ba3-8244-8e4d3d69c5d9", "slot_idx": 1, "item_type_id": "27d43a76-5822-422b-94b7-65592eda9fec"}, {"item_id": "4084397a-0bbb-4287-8a6b-24eadf660812", "slot_idx": 2, "item_type_id": "74d1fa76-7870-42ac-b402-1e4087e12e4f"}, {"item_id": "b2f443f7-9b31-450a-9ddb-b499f45d9745", "slot_idx": 3, "item_type_id": "74d1fa76-7870-42ac-b402-1e4087e12e4f"}, {"item_id": "a322789a-aafb-47e4-8648-516d2f712e9d", "slot_idx": 4, "item_type_id": "a349ad48-9808-46e1-8f5e-bc4e4da46568"}, {"item_id": "379ec420-bb77-4c75-8e44-b3b60bcf52cd", "slot_idx": 5, "item_type_id": "a349ad48-9808-46e1-8f5e-bc4e4da46568"}], "b_rack": [{"item_id": "ff175048-e787-4ec3-8cc7-644f303bf650", "slot_idx": 0, "item_type_id": "dbc59b6b-1989-46c5-9710-933415f9a263"}, {"item_id": "a60a1d5a-9650-4744-abde-a1d0d6007e66", "slot_idx": 1, "item_type_id": "dbc59b6b-1989-46c5-9710-933415f9a263"}, {"item_id": "77f9fa74-2bda-4e60-bcc7-c0761a689390", "slot_idx": 2, "item_type_id": "76927c05-d018-4625-a963-f04c426854e3"}, {"item_id": "b234b3fb-400a-43ef-a36f-453cd2b12296", "slot_idx": 3, "item_type_id": "76927c05-d018-4625-a963-f04c426854e3"}], "c_rack": [{"item_id": "3fcd53b4-7d00-41f1-aa88-d6d680ec1d23", "slot_idx": 0, "item_type_id": "824b0caa-c9f7-491e-84b4-8a6beb86638e"}, {"item_id": "25354ff7-0796-4ae8-87f3-40c9616afdfc", "slot_idx": 1, "item_type_id": "82227782-f5cd-4ba3-bd0e-99e5e17f6ece"}, {"item_id": "7e5657c7-9f08-40f1-87c5-7a67b2193eb2", "slot_idx": 2, "item_type_id": "82227782-f5cd-4ba3-bd0e-99e5e17f6ece"}, {"item_id": "f32e615b-568b-401e-b596-2fec6f27b2de", "slot_idx": 3, "item_type_id": "7f25b73f-8ad8-4e87-bc76-241aaadcdd3b"}, {"item_id": "a8c4650e-e041-4788-91ed-5b6a857faf7f", "slot_idx": 4, "item_type_id": "7f25b73f-8ad8-4e87-bc76-241aaadcdd3b"}]}', false, NULL, '67bc790c-5b39-4333-9aeb-3e1d7a16fa74', '99251ade-7d67-46e2-8b74-6ef676037323', true, '82faf93b-b78f-4517-88fb-0980f25ed6b9', 10000, false, 1);
    INSERT INTO public.ships (id, universe_systemid, userid, pos_x, pos_y, created, shipname, texture, theta, vel_x, vel_y, shield, armor, hull, fuel, heat, energy, shiptemplateid, dockedat_stationid, fitting, destroyed, destroyedat, cargobay_containerid, fittingbay_containerid, remaxdirty, trash_containerid, wallet, noload, flightexperiencemodifier) VALUES ('a4b9bd53-0e30-4e97-8a88-3b76d3e30d01', '92a049fe-7de8-42a8-9f9c-55c1d2eb0012', '0474b979-01d3-4765-9587-059007e60823', 0, 0, '2022-10-10 21:33:02.929669-04', 'Isaak Kozlov''s Starter Ship', 'Zebra', 0, 0, 0, 6900, 2200, 72415, 63471, 0, 1694, 'ab6714d2-0574-492b-aeb9-6da2727faa06', 'c45015d5-09bc-486f-a166-93ae796c4052', '{"a_rack": [{"item_id": "ec1a78a5-bb03-4de8-ab3b-bbe2065b792e", "slot_idx": 0, "item_type_id": "27d43a76-5822-422b-94b7-65592eda9fec"}, {"item_id": "69a570b4-6be7-4923-9d3a-36737f017cda", "slot_idx": 1, "item_type_id": "27d43a76-5822-422b-94b7-65592eda9fec"}, {"item_id": "344710a3-0f30-483d-a0f0-36bb55b17351", "slot_idx": 2, "item_type_id": "74d1fa76-7870-42ac-b402-1e4087e12e4f"}, {"item_id": "44bb3a4f-9b34-4aa6-83b5-242575837453", "slot_idx": 3, "item_type_id": "74d1fa76-7870-42ac-b402-1e4087e12e4f"}, {"item_id": "2b031e73-c1ab-4981-a8db-9260fe79da58", "slot_idx": 4, "item_type_id": "a349ad48-9808-46e1-8f5e-bc4e4da46568"}, {"item_id": "b6e849ff-d643-44f3-944e-887057731322", "slot_idx": 5, "item_type_id": "a349ad48-9808-46e1-8f5e-bc4e4da46568"}], "b_rack": [{"item_id": "f7aa0b30-1756-44fc-a20a-4a183c704286", "slot_idx": 0, "item_type_id": "dbc59b6b-1989-46c5-9710-933415f9a263"}, {"item_id": "4a4c3d9c-d515-4b7b-8272-d36149fb7e46", "slot_idx": 1, "item_type_id": "dbc59b6b-1989-46c5-9710-933415f9a263"}, {"item_id": "61ba4c9f-2dad-45f8-8926-620cb72b5df5", "slot_idx": 2, "item_type_id": "76927c05-d018-4625-a963-f04c426854e3"}, {"item_id": "8af8afe5-9725-4191-9cfe-a163607c3baa", "slot_idx": 3, "item_type_id": "76927c05-d018-4625-a963-f04c426854e3"}], "c_rack": [{"item_id": "408efd0d-9b62-47fb-b702-e1ad3e44f7b3", "slot_idx": 0, "item_type_id": "824b0caa-c9f7-491e-84b4-8a6beb86638e"}, {"item_id": "27e82d19-1daa-4ea8-af91-41a092eb3a40", "slot_idx": 1, "item_type_id": "82227782-f5cd-4ba3-bd0e-99e5e17f6ece"}, {"item_id": "090a807c-973b-47a9-a189-761bb10b2d93", "slot_idx": 2, "item_type_id": "82227782-f5cd-4ba3-bd0e-99e5e17f6ece"}, {"item_id": "bab5e658-942b-49ef-acd6-cedd5d6806a7", "slot_idx": 3, "item_type_id": "7f25b73f-8ad8-4e87-bc76-241aaadcdd3b"}, {"item_id": "ed34afbb-13e4-44b6-8c7a-24617f50459c", "slot_idx": 4, "item_type_id": "7f25b73f-8ad8-4e87-bc76-241aaadcdd3b"}]}', false, NULL, 'e349d12f-04aa-4f7d-8971-0bac72038bcf', 'f447f194-ba7a-4c4b-975e-fb0c69f533c9', true, '1fa8a20c-32aa-48a6-83d0-225cbf49628c', 10000, false, 1);
    INSERT INTO public.ships (id, universe_systemid, userid, pos_x, pos_y, created, shipname, texture, theta, vel_x, vel_y, shield, armor, hull, fuel, heat, energy, shiptemplateid, dockedat_stationid, fitting, destroyed, destroyedat, cargobay_containerid, fittingbay_containerid, remaxdirty, trash_containerid, wallet, noload, flightexperiencemodifier) VALUES ('bb50bc34-9896-4bd8-81ff-7384955e55b6', '92a049fe-7de8-42a8-9f9c-55c1d2eb0012', '35f2a632-a621-4ad7-9df2-aaf2cf94ff16', 0, 0, '2022-10-10 21:33:02.974239-04', 'Nia Jaja''s Starter Ship', 'Zebra', 0, 0, 0, 6900, 2200, 72415, 63471, 0, 1694, 'ab6714d2-0574-492b-aeb9-6da2727faa06', 'c45015d5-09bc-486f-a166-93ae796c4052', '{"a_rack": [{"item_id": "58262c85-1aa5-4696-917a-9298c3d92aec", "slot_idx": 0, "item_type_id": "27d43a76-5822-422b-94b7-65592eda9fec"}, {"item_id": "4603fc05-c374-49e1-b6ae-9e35b53a6e46", "slot_idx": 1, "item_type_id": "27d43a76-5822-422b-94b7-65592eda9fec"}, {"item_id": "2d15c4d5-26c5-43f5-bbc5-a741cf242871", "slot_idx": 2, "item_type_id": "74d1fa76-7870-42ac-b402-1e4087e12e4f"}, {"item_id": "27729006-b977-4c44-b836-d89c46b9cc51", "slot_idx": 3, "item_type_id": "74d1fa76-7870-42ac-b402-1e4087e12e4f"}, {"item_id": "93d0ce39-f691-4975-a232-b0d8f9fdca1d", "slot_idx": 4, "item_type_id": "a349ad48-9808-46e1-8f5e-bc4e4da46568"}, {"item_id": "ada85824-7aa8-4565-b522-f4ff6404eb54", "slot_idx": 5, "item_type_id": "a349ad48-9808-46e1-8f5e-bc4e4da46568"}], "b_rack": [{"item_id": "23a5d0f1-00f1-4b46-9827-3c5afa6374cd", "slot_idx": 0, "item_type_id": "dbc59b6b-1989-46c5-9710-933415f9a263"}, {"item_id": "a3a9acf6-3b5e-4080-8d9a-307b33733741", "slot_idx": 1, "item_type_id": "dbc59b6b-1989-46c5-9710-933415f9a263"}, {"item_id": "0b7cf15f-dbe0-479c-ada2-45300da231f7", "slot_idx": 2, "item_type_id": "76927c05-d018-4625-a963-f04c426854e3"}, {"item_id": "6ca90b28-cf6d-4e5b-b516-09d5af880588", "slot_idx": 3, "item_type_id": "76927c05-d018-4625-a963-f04c426854e3"}], "c_rack": [{"item_id": "d3fa76b8-4f97-4992-b86c-7b8e212a6dae", "slot_idx": 0, "item_type_id": "824b0caa-c9f7-491e-84b4-8a6beb86638e"}, {"item_id": "03c20895-58b8-4836-82df-abc89d0600de", "slot_idx": 1, "item_type_id": "82227782-f5cd-4ba3-bd0e-99e5e17f6ece"}, {"item_id": "441680f5-3388-4f18-827e-ea861a7e0bcc", "slot_idx": 2, "item_type_id": "82227782-f5cd-4ba3-bd0e-99e5e17f6ece"}, {"item_id": "f39c9f3f-cdd4-46d3-a7a8-13177cd6a967", "slot_idx": 3, "item_type_id": "7f25b73f-8ad8-4e87-bc76-241aaadcdd3b"}, {"item_id": "cc8b5e9e-7b02-4c68-992b-cc7e06f1fd6f", "slot_idx": 4, "item_type_id": "7f25b73f-8ad8-4e87-bc76-241aaadcdd3b"}]}', false, NULL, 'ea4e226f-e0bf-48d0-a9d5-e288427ddc2f', 'ed970509-e23f-49ad-aa4d-99a5519cfa2d', true, '030c7e24-d8b9-4512-97be-24339ee6ce51', 10000, false, 1);
    INSERT INTO public.ships (id, universe_systemid, userid, pos_x, pos_y, created, shipname, texture, theta, vel_x, vel_y, shield, armor, hull, fuel, heat, energy, shiptemplateid, dockedat_stationid, fitting, destroyed, destroyedat, cargobay_containerid, fittingbay_containerid, remaxdirty, trash_containerid, wallet, noload, flightexperiencemodifier) VALUES ('9e67895b-143d-43d6-b588-1ab725d63866', '92a049fe-7de8-42a8-9f9c-55c1d2eb0012', 'e4eda6f0-d2d8-4887-84da-a6f9fa5bd1bf', 0, 0, '2022-10-10 21:33:03.017942-04', 'Wendy Harding''s Starter Ship', 'Zebra', 0, 0, 0, 6900, 2200, 72415, 63471, 0, 1694, 'ab6714d2-0574-492b-aeb9-6da2727faa06', 'c45015d5-09bc-486f-a166-93ae796c4052', '{"a_rack": [{"item_id": "273927eb-c6c9-4a73-8186-03968962cd9b", "slot_idx": 0, "item_type_id": "27d43a76-5822-422b-94b7-65592eda9fec"}, {"item_id": "9e551987-521e-4c66-ac30-a236aa10c936", "slot_idx": 1, "item_type_id": "27d43a76-5822-422b-94b7-65592eda9fec"}, {"item_id": "c2add61e-4c38-4a39-b7c7-11b64a0b22f0", "slot_idx": 2, "item_type_id": "74d1fa76-7870-42ac-b402-1e4087e12e4f"}, {"item_id": "4301dadd-532a-48c3-92fc-b7fd9f14b5c8", "slot_idx": 3, "item_type_id": "74d1fa76-7870-42ac-b402-1e4087e12e4f"}, {"item_id": "60eb4246-2bc6-4421-97cf-9d0c8c1e70a9", "slot_idx": 4, "item_type_id": "a349ad48-9808-46e1-8f5e-bc4e4da46568"}, {"item_id": "4899a5c7-b32d-4761-b620-22436f645423", "slot_idx": 5, "item_type_id": "a349ad48-9808-46e1-8f5e-bc4e4da46568"}], "b_rack": [{"item_id": "4a965bbf-33b7-4f42-8b01-011e2a276077", "slot_idx": 0, "item_type_id": "dbc59b6b-1989-46c5-9710-933415f9a263"}, {"item_id": "3a28da1a-8de5-4b3f-9f11-de233663f942", "slot_idx": 1, "item_type_id": "dbc59b6b-1989-46c5-9710-933415f9a263"}, {"item_id": "0e4c2768-62d7-44b6-9725-2bf0d73e3ff4", "slot_idx": 2, "item_type_id": "76927c05-d018-4625-a963-f04c426854e3"}, {"item_id": "8b105759-6045-4169-847e-cb0f0ddbc9f4", "slot_idx": 3, "item_type_id": "76927c05-d018-4625-a963-f04c426854e3"}], "c_rack": [{"item_id": "23d9b836-aa4f-4e85-b563-4eb8922e84ad", "slot_idx": 0, "item_type_id": "824b0caa-c9f7-491e-84b4-8a6beb86638e"}, {"item_id": "97a4ee84-0876-434c-a866-10df76178916", "slot_idx": 1, "item_type_id": "82227782-f5cd-4ba3-bd0e-99e5e17f6ece"}, {"item_id": "c91bb2c7-98d5-4b3e-b541-c4e542c57325", "slot_idx": 2, "item_type_id": "82227782-f5cd-4ba3-bd0e-99e5e17f6ece"}, {"item_id": "a3a91c80-05fa-4980-aca7-8b43ea07b488", "slot_idx": 3, "item_type_id": "7f25b73f-8ad8-4e87-bc76-241aaadcdd3b"}, {"item_id": "e93c09f0-1dd1-410e-a8d3-a39ac18319b6", "slot_idx": 4, "item_type_id": "7f25b73f-8ad8-4e87-bc76-241aaadcdd3b"}]}', false, NULL, 'fc2c9142-8cf4-48fd-ad96-7bec6be4e085', '1aea3f84-6d3c-465a-8f5b-bfb585e62e79', true, 'bf6de3be-9b5d-4ab0-8972-4b5444feb4a0', 10000, false, 1);
    INSERT INTO public.ships (id, universe_systemid, userid, pos_x, pos_y, created, shipname, texture, theta, vel_x, vel_y, shield, armor, hull, fuel, heat, energy, shiptemplateid, dockedat_stationid, fitting, destroyed, destroyedat, cargobay_containerid, fittingbay_containerid, remaxdirty, trash_containerid, wallet, noload, flightexperiencemodifier) VALUES ('0c19701a-615e-46db-8c08-1933f7ebb538', '92a049fe-7de8-42a8-9f9c-55c1d2eb0012', '2dd2a497-f884-4322-8fee-a4d4aa6a2cca', 0, 0, '2022-10-10 21:33:03.065281-04', 'Ejder Dinç''s Starter Ship', 'Zebra', 0, 0, 0, 6900, 2200, 72415, 63471, 0, 1694, 'ab6714d2-0574-492b-aeb9-6da2727faa06', 'c45015d5-09bc-486f-a166-93ae796c4052', '{"a_rack": [{"item_id": "61af2b97-0763-4722-a2f9-da43179ad737", "slot_idx": 0, "item_type_id": "27d43a76-5822-422b-94b7-65592eda9fec"}, {"item_id": "398ba671-826c-438d-b03a-4094b9c96dd6", "slot_idx": 1, "item_type_id": "27d43a76-5822-422b-94b7-65592eda9fec"}, {"item_id": "36d5dac1-a3bb-40d1-9f6c-7c90313b9d5d", "slot_idx": 2, "item_type_id": "74d1fa76-7870-42ac-b402-1e4087e12e4f"}, {"item_id": "5bde3c43-b18a-47d4-87ed-fd37dec7677d", "slot_idx": 3, "item_type_id": "74d1fa76-7870-42ac-b402-1e4087e12e4f"}, {"item_id": "a15f0628-189c-4664-91ed-912b980144de", "slot_idx": 4, "item_type_id": "a349ad48-9808-46e1-8f5e-bc4e4da46568"}, {"item_id": "22a5ab58-8308-40ca-8382-009981b9daea", "slot_idx": 5, "item_type_id": "a349ad48-9808-46e1-8f5e-bc4e4da46568"}], "b_rack": [{"item_id": "c7d42198-5534-4e16-8fda-a1c61f149318", "slot_idx": 0, "item_type_id": "dbc59b6b-1989-46c5-9710-933415f9a263"}, {"item_id": "425c9797-39a7-4884-919c-d39d076deed7", "slot_idx": 1, "item_type_id": "dbc59b6b-1989-46c5-9710-933415f9a263"}, {"item_id": "1596b2c6-98be-4c15-b7bb-2057882f3ce3", "slot_idx": 2, "item_type_id": "76927c05-d018-4625-a963-f04c426854e3"}, {"item_id": "3052faee-8ffe-4f9f-a202-e385d3b54e41", "slot_idx": 3, "item_type_id": "76927c05-d018-4625-a963-f04c426854e3"}], "c_rack": [{"item_id": "2ee0cb4e-e3f9-48d0-86c5-6a2e755ed88e", "slot_idx": 0, "item_type_id": "824b0caa-c9f7-491e-84b4-8a6beb86638e"}, {"item_id": "23128bf2-90c8-49cf-8a6b-ec18ff029172", "slot_idx": 1, "item_type_id": "82227782-f5cd-4ba3-bd0e-99e5e17f6ece"}, {"item_id": "3dbefebd-f557-48f4-a00f-9513e955f702", "slot_idx": 2, "item_type_id": "82227782-f5cd-4ba3-bd0e-99e5e17f6ece"}, {"item_id": "51065141-f949-4f57-a998-ebb6e2f7a7fb", "slot_idx": 3, "item_type_id": "7f25b73f-8ad8-4e87-bc76-241aaadcdd3b"}, {"item_id": "4907367a-6a32-4a3a-b318-43efd58305d5", "slot_idx": 4, "item_type_id": "7f25b73f-8ad8-4e87-bc76-241aaadcdd3b"}]}', false, NULL, '5d3bc357-d9f1-4be1-b966-7f463276ad17', 'dc2e1215-feec-4325-a777-65bd9757ec3c', true, 'a3013d3f-1b2f-4fb7-adac-103fb661b087', 10000, false, 1);

    -- items
    INSERT INTO public.items (id, itemtypeid, meta, created, createdby, createdreason, containerid, quantity, ispackaged) VALUES ('129f7860-f468-493c-ae2b-84006b28fdd2', '27d43a76-5822-422b-94b7-65592eda9fec', '{"hp": 150, "rack": "a", "range": 5505, "volume": 275, "cooldown": 4.25, "flight_time": 11.6, "hull_damage": 809, "armor_damage": 792, "needs_target": true, "shield_damage": 793, "missile_radius": 2.5, "activation_heat": 60, "ammunition_name": "LGPM-4", "ammunition_type": "b9b274c4-d938-4155-8c69-ecb6c4df054f", "fault_tolerance": 0.82, "industrialmarket": {"maxprice": 72355, "minprice": 98199, "silosize": 1000}, "activation_energy": 16, "missile_gfx_effect": "lgpm-4", "missile_explosion_effect": "basic_explosion", "missile_explosion_radius": 5}', '2022-10-10 21:33:02.839175-04', 'eac20615-d561-4384-b22b-ac495b9755d0', 'Module for new noob ship for player', '99251ade-7d67-46e2-8b74-6ef676037323', 1, false);
    INSERT INTO public.items (id, itemtypeid, meta, created, createdby, createdreason, containerid, quantity, ispackaged) VALUES ('530e82f7-a30a-4ba3-8244-8e4d3d69c5d9', '27d43a76-5822-422b-94b7-65592eda9fec', '{"hp": 150, "rack": "a", "range": 5505, "volume": 275, "cooldown": 4.25, "flight_time": 11.6, "hull_damage": 809, "armor_damage": 792, "needs_target": true, "shield_damage": 793, "missile_radius": 2.5, "activation_heat": 60, "ammunition_name": "LGPM-4", "ammunition_type": "b9b274c4-d938-4155-8c69-ecb6c4df054f", "fault_tolerance": 0.82, "industrialmarket": {"maxprice": 72355, "minprice": 98199, "silosize": 1000}, "activation_energy": 16, "missile_gfx_effect": "lgpm-4", "missile_explosion_effect": "basic_explosion", "missile_explosion_radius": 5}', '2022-10-10 21:33:02.842646-04', 'eac20615-d561-4384-b22b-ac495b9755d0', 'Module for new noob ship for player', '99251ade-7d67-46e2-8b74-6ef676037323', 1, false);
    INSERT INTO public.items (id, itemtypeid, meta, created, createdby, createdreason, containerid, quantity, ispackaged) VALUES ('4084397a-0bbb-4287-8a6b-24eadf660812', '74d1fa76-7870-42ac-b402-1e4087e12e4f', '{"hp": 25, "rack": "a", "volume": 300, "cooldown": 424, "activation_heat": 169, "industrialmarket": {"maxprice": 364995, "minprice": 459220, "silosize": 1000}, "activation_energy": 3680}', '2022-10-10 21:33:02.845104-04', 'eac20615-d561-4384-b22b-ac495b9755d0', 'Module for new noob ship for player', '99251ade-7d67-46e2-8b74-6ef676037323', 1, false);
    INSERT INTO public.items (id, itemtypeid, meta, created, createdby, createdreason, containerid, quantity, ispackaged) VALUES ('b2f443f7-9b31-450a-9ddb-b499f45d9745', '74d1fa76-7870-42ac-b402-1e4087e12e4f', '{"hp": 25, "rack": "a", "volume": 300, "cooldown": 424, "activation_heat": 169, "industrialmarket": {"maxprice": 364995, "minprice": 459220, "silosize": 1000}, "activation_energy": 3680}', '2022-10-10 21:33:02.847591-04', 'eac20615-d561-4384-b22b-ac495b9755d0', 'Module for new noob ship for player', '99251ade-7d67-46e2-8b74-6ef676037323', 1, false);
    INSERT INTO public.items (id, itemtypeid, meta, created, createdby, createdreason, containerid, quantity, ispackaged) VALUES ('a322789a-aafb-47e4-8648-516d2f712e9d', 'a349ad48-9808-46e1-8f5e-bc4e4da46568', '{"hp": 55, "rack": "a", "range": 15253, "volume": 285, "falloff": "linear", "cooldown": 42, "tracking": 6.9, "needs_target": true, "activation_heat": 712, "industrialmarket": {"maxprice": 92811, "minprice": 35690, "silosize": 1000}, "activation_energy": 160, "energy_siphon_amount": 3562, "activation_gfx_effect": "xl_energy_siphon"}', '2022-10-10 21:33:02.849976-04', 'eac20615-d561-4384-b22b-ac495b9755d0', 'Module for new noob ship for player', '99251ade-7d67-46e2-8b74-6ef676037323', 1, false);
    INSERT INTO public.items (id, itemtypeid, meta, created, createdby, createdreason, containerid, quantity, ispackaged) VALUES ('379ec420-bb77-4c75-8e44-b3b60bcf52cd', 'a349ad48-9808-46e1-8f5e-bc4e4da46568', '{"hp": 55, "rack": "a", "range": 15253, "volume": 285, "falloff": "linear", "cooldown": 42, "tracking": 6.9, "needs_target": true, "activation_heat": 712, "industrialmarket": {"maxprice": 92811, "minprice": 35690, "silosize": 1000}, "activation_energy": 160, "energy_siphon_amount": 3562, "activation_gfx_effect": "xl_energy_siphon"}', '2022-10-10 21:33:02.852382-04', 'eac20615-d561-4384-b22b-ac495b9755d0', 'Module for new noob ship for player', '99251ade-7d67-46e2-8b74-6ef676037323', 1, false);
    INSERT INTO public.items (id, itemtypeid, meta, created, createdby, createdreason, containerid, quantity, ispackaged) VALUES ('ff175048-e787-4ec3-8cc7-644f303bf650', 'dbc59b6b-1989-46c5-9710-933415f9a263', '{"hp": 500, "rack": "b", "volume": 315, "cooldown": 45, "needs_target": false, "activation_heat": 2080, "industrialmarket": {"maxprice": 12178, "minprice": 43911, "silosize": 1000}, "activation_energy": 480, "shield_boost_amount": 3200, "activation_gfx_effect": "xl_shield_booster"}', '2022-10-10 21:33:02.854804-04', 'eac20615-d561-4384-b22b-ac495b9755d0', 'Module for new noob ship for player', '99251ade-7d67-46e2-8b74-6ef676037323', 1, false);
    INSERT INTO public.items (id, itemtypeid, meta, created, createdby, createdreason, containerid, quantity, ispackaged) VALUES ('a60a1d5a-9650-4744-abde-a1d0d6007e66', 'dbc59b6b-1989-46c5-9710-933415f9a263', '{"hp": 500, "rack": "b", "volume": 315, "cooldown": 45, "needs_target": false, "activation_heat": 2080, "industrialmarket": {"maxprice": 12178, "minprice": 43911, "silosize": 1000}, "activation_energy": 480, "shield_boost_amount": 3200, "activation_gfx_effect": "xl_shield_booster"}', '2022-10-10 21:33:02.857304-04', 'eac20615-d561-4384-b22b-ac495b9755d0', 'Module for new noob ship for player', '99251ade-7d67-46e2-8b74-6ef676037323', 1, false);
    INSERT INTO public.items (id, itemtypeid, meta, created, createdby, createdreason, containerid, quantity, ispackaged) VALUES ('77f9fa74-2bda-4e60-bcc7-c0761a689390', '76927c05-d018-4625-a963-f04c426854e3', '{"hp": 29, "rack": "b", "range": 32497, "volume": 268, "falloff": "linear", "cooldown": 329, "needs_target": true, "activation_heat": 2752, "drag_multiplier": 457, "industrialmarket": {"maxprice": 961996, "minprice": 774234, "silosize": 500}, "activation_energy": 6608, "activation_gfx_effect": "xl_aether_dragger"}', '2022-10-10 21:33:02.859861-04', 'eac20615-d561-4384-b22b-ac495b9755d0', 'Module for new noob ship for player', '99251ade-7d67-46e2-8b74-6ef676037323', 1, false);
    INSERT INTO public.items (id, itemtypeid, meta, created, createdby, createdreason, containerid, quantity, ispackaged) VALUES ('b234b3fb-400a-43ef-a36f-453cd2b12296', '76927c05-d018-4625-a963-f04c426854e3', '{"hp": 29, "rack": "b", "range": 32497, "volume": 268, "falloff": "linear", "cooldown": 329, "needs_target": true, "activation_heat": 2752, "drag_multiplier": 457, "industrialmarket": {"maxprice": 961996, "minprice": 774234, "silosize": 500}, "activation_energy": 6608, "activation_gfx_effect": "xl_aether_dragger"}', '2022-10-10 21:33:02.861968-04', 'eac20615-d561-4384-b22b-ac495b9755d0', 'Module for new noob ship for player', '99251ade-7d67-46e2-8b74-6ef676037323', 1, false);
    INSERT INTO public.items (id, itemtypeid, meta, created, createdby, createdreason, containerid, quantity, ispackaged) VALUES ('3fcd53b4-7d00-41f1-aa88-d6d680ec1d23', '824b0caa-c9f7-491e-84b4-8a6beb86638e', '{"hp": 80, "rack": "c", "volume": 225, "industrialmarket": {"maxprice": 23856, "minprice": 19681, "silosize": 200}, "energy_regen_max_add": 260}', '2022-10-10 21:33:02.864186-04', 'eac20615-d561-4384-b22b-ac495b9755d0', 'Module for new noob ship for player', '99251ade-7d67-46e2-8b74-6ef676037323', 1, false);
    INSERT INTO public.items (id, itemtypeid, meta, created, createdby, createdreason, containerid, quantity, ispackaged) VALUES ('25354ff7-0796-4ae8-87f3-40c9616afdfc', '82227782-f5cd-4ba3-bd0e-99e5e17f6ece', '{"hp": 280, "rack": "c", "volume": 205, "heat_sink_add": 201.2, "industrialmarket": {"maxprice": 25000, "minprice": 18900, "silosize": 1000}}', '2022-10-10 21:33:02.866368-04', 'eac20615-d561-4384-b22b-ac495b9755d0', 'Module for new noob ship for player', '99251ade-7d67-46e2-8b74-6ef676037323', 1, false);
    INSERT INTO public.items (id, itemtypeid, meta, created, createdby, createdreason, containerid, quantity, ispackaged) VALUES ('7e5657c7-9f08-40f1-87c5-7a67b2193eb2', '82227782-f5cd-4ba3-bd0e-99e5e17f6ece', '{"hp": 280, "rack": "c", "volume": 205, "heat_sink_add": 201.2, "industrialmarket": {"maxprice": 25000, "minprice": 18900, "silosize": 1000}}', '2022-10-10 21:33:02.868442-04', 'eac20615-d561-4384-b22b-ac495b9755d0', 'Module for new noob ship for player', '99251ade-7d67-46e2-8b74-6ef676037323', 1, false);
    INSERT INTO public.items (id, itemtypeid, meta, created, createdby, createdreason, containerid, quantity, ispackaged) VALUES ('f32e615b-568b-401e-b596-2fec6f27b2de', '7f25b73f-8ad8-4e87-bc76-241aaadcdd3b', '{"hp": 250, "rack": "c", "volume": 210, "energy_max_add": 9920, "industrialmarket": {"maxprice": 302550, "minprice": 215991, "silosize": 1000}}', '2022-10-10 21:33:02.871312-04', 'eac20615-d561-4384-b22b-ac495b9755d0', 'Module for new noob ship for player', '99251ade-7d67-46e2-8b74-6ef676037323', 1, false);
    INSERT INTO public.items (id, itemtypeid, meta, created, createdby, createdreason, containerid, quantity, ispackaged) VALUES ('a8c4650e-e041-4788-91ed-5b6a857faf7f', '7f25b73f-8ad8-4e87-bc76-241aaadcdd3b', '{"hp": 250, "rack": "c", "volume": 210, "energy_max_add": 9920, "industrialmarket": {"maxprice": 302550, "minprice": 215991, "silosize": 1000}}', '2022-10-10 21:33:02.874172-04', 'eac20615-d561-4384-b22b-ac495b9755d0', 'Module for new noob ship for player', '99251ade-7d67-46e2-8b74-6ef676037323', 1, false);
    INSERT INTO public.items (id, itemtypeid, meta, created, createdby, createdreason, containerid, quantity, ispackaged) VALUES ('ec1a78a5-bb03-4de8-ab3b-bbe2065b792e', '27d43a76-5822-422b-94b7-65592eda9fec', '{"hp": 150, "rack": "a", "range": 5505, "volume": 275, "cooldown": 4.25, "flight_time": 11.6, "hull_damage": 809, "armor_damage": 792, "needs_target": true, "shield_damage": 793, "missile_radius": 2.5, "activation_heat": 60, "ammunition_name": "LGPM-4", "ammunition_type": "b9b274c4-d938-4155-8c69-ecb6c4df054f", "fault_tolerance": 0.82, "industrialmarket": {"maxprice": 72355, "minprice": 98199, "silosize": 1000}, "activation_energy": 16, "missile_gfx_effect": "lgpm-4", "missile_explosion_effect": "basic_explosion", "missile_explosion_radius": 5}', '2022-10-10 21:33:02.896892-04', '0474b979-01d3-4765-9587-059007e60823', 'Module for new noob ship for player', 'f447f194-ba7a-4c4b-975e-fb0c69f533c9', 1, false);
    INSERT INTO public.items (id, itemtypeid, meta, created, createdby, createdreason, containerid, quantity, ispackaged) VALUES ('69a570b4-6be7-4923-9d3a-36737f017cda', '27d43a76-5822-422b-94b7-65592eda9fec', '{"hp": 150, "rack": "a", "range": 5505, "volume": 275, "cooldown": 4.25, "flight_time": 11.6, "hull_damage": 809, "armor_damage": 792, "needs_target": true, "shield_damage": 793, "missile_radius": 2.5, "activation_heat": 60, "ammunition_name": "LGPM-4", "ammunition_type": "b9b274c4-d938-4155-8c69-ecb6c4df054f", "fault_tolerance": 0.82, "industrialmarket": {"maxprice": 72355, "minprice": 98199, "silosize": 1000}, "activation_energy": 16, "missile_gfx_effect": "lgpm-4", "missile_explosion_effect": "basic_explosion", "missile_explosion_radius": 5}', '2022-10-10 21:33:02.899298-04', '0474b979-01d3-4765-9587-059007e60823', 'Module for new noob ship for player', 'f447f194-ba7a-4c4b-975e-fb0c69f533c9', 1, false);
    INSERT INTO public.items (id, itemtypeid, meta, created, createdby, createdreason, containerid, quantity, ispackaged) VALUES ('344710a3-0f30-483d-a0f0-36bb55b17351', '74d1fa76-7870-42ac-b402-1e4087e12e4f', '{"hp": 25, "rack": "a", "volume": 300, "cooldown": 424, "activation_heat": 169, "industrialmarket": {"maxprice": 364995, "minprice": 459220, "silosize": 1000}, "activation_energy": 3680}', '2022-10-10 21:33:02.901566-04', '0474b979-01d3-4765-9587-059007e60823', 'Module for new noob ship for player', 'f447f194-ba7a-4c4b-975e-fb0c69f533c9', 1, false);
    INSERT INTO public.items (id, itemtypeid, meta, created, createdby, createdreason, containerid, quantity, ispackaged) VALUES ('44bb3a4f-9b34-4aa6-83b5-242575837453', '74d1fa76-7870-42ac-b402-1e4087e12e4f', '{"hp": 25, "rack": "a", "volume": 300, "cooldown": 424, "activation_heat": 169, "industrialmarket": {"maxprice": 364995, "minprice": 459220, "silosize": 1000}, "activation_energy": 3680}', '2022-10-10 21:33:02.903818-04', '0474b979-01d3-4765-9587-059007e60823', 'Module for new noob ship for player', 'f447f194-ba7a-4c4b-975e-fb0c69f533c9', 1, false);
    INSERT INTO public.items (id, itemtypeid, meta, created, createdby, createdreason, containerid, quantity, ispackaged) VALUES ('2b031e73-c1ab-4981-a8db-9260fe79da58', 'a349ad48-9808-46e1-8f5e-bc4e4da46568', '{"hp": 55, "rack": "a", "range": 15253, "volume": 285, "falloff": "linear", "cooldown": 42, "tracking": 6.9, "needs_target": true, "activation_heat": 712, "industrialmarket": {"maxprice": 92811, "minprice": 35690, "silosize": 1000}, "activation_energy": 160, "energy_siphon_amount": 3562, "activation_gfx_effect": "xl_energy_siphon"}', '2022-10-10 21:33:02.906225-04', '0474b979-01d3-4765-9587-059007e60823', 'Module for new noob ship for player', 'f447f194-ba7a-4c4b-975e-fb0c69f533c9', 1, false);
    INSERT INTO public.items (id, itemtypeid, meta, created, createdby, createdreason, containerid, quantity, ispackaged) VALUES ('b6e849ff-d643-44f3-944e-887057731322', 'a349ad48-9808-46e1-8f5e-bc4e4da46568', '{"hp": 55, "rack": "a", "range": 15253, "volume": 285, "falloff": "linear", "cooldown": 42, "tracking": 6.9, "needs_target": true, "activation_heat": 712, "industrialmarket": {"maxprice": 92811, "minprice": 35690, "silosize": 1000}, "activation_energy": 160, "energy_siphon_amount": 3562, "activation_gfx_effect": "xl_energy_siphon"}', '2022-10-10 21:33:02.909557-04', '0474b979-01d3-4765-9587-059007e60823', 'Module for new noob ship for player', 'f447f194-ba7a-4c4b-975e-fb0c69f533c9', 1, false);
    INSERT INTO public.items (id, itemtypeid, meta, created, createdby, createdreason, containerid, quantity, ispackaged) VALUES ('f7aa0b30-1756-44fc-a20a-4a183c704286', 'dbc59b6b-1989-46c5-9710-933415f9a263', '{"hp": 500, "rack": "b", "volume": 315, "cooldown": 45, "needs_target": false, "activation_heat": 2080, "industrialmarket": {"maxprice": 12178, "minprice": 43911, "silosize": 1000}, "activation_energy": 480, "shield_boost_amount": 3200, "activation_gfx_effect": "xl_shield_booster"}', '2022-10-10 21:33:02.911564-04', '0474b979-01d3-4765-9587-059007e60823', 'Module for new noob ship for player', 'f447f194-ba7a-4c4b-975e-fb0c69f533c9', 1, false);
    INSERT INTO public.items (id, itemtypeid, meta, created, createdby, createdreason, containerid, quantity, ispackaged) VALUES ('4a4c3d9c-d515-4b7b-8272-d36149fb7e46', 'dbc59b6b-1989-46c5-9710-933415f9a263', '{"hp": 500, "rack": "b", "volume": 315, "cooldown": 45, "needs_target": false, "activation_heat": 2080, "industrialmarket": {"maxprice": 12178, "minprice": 43911, "silosize": 1000}, "activation_energy": 480, "shield_boost_amount": 3200, "activation_gfx_effect": "xl_shield_booster"}', '2022-10-10 21:33:02.913548-04', '0474b979-01d3-4765-9587-059007e60823', 'Module for new noob ship for player', 'f447f194-ba7a-4c4b-975e-fb0c69f533c9', 1, false);
    INSERT INTO public.items (id, itemtypeid, meta, created, createdby, createdreason, containerid, quantity, ispackaged) VALUES ('61ba4c9f-2dad-45f8-8926-620cb72b5df5', '76927c05-d018-4625-a963-f04c426854e3', '{"hp": 29, "rack": "b", "range": 32497, "volume": 268, "falloff": "linear", "cooldown": 329, "needs_target": true, "activation_heat": 2752, "drag_multiplier": 457, "industrialmarket": {"maxprice": 961996, "minprice": 774234, "silosize": 500}, "activation_energy": 6608, "activation_gfx_effect": "xl_aether_dragger"}', '2022-10-10 21:33:02.915458-04', '0474b979-01d3-4765-9587-059007e60823', 'Module for new noob ship for player', 'f447f194-ba7a-4c4b-975e-fb0c69f533c9', 1, false);
    INSERT INTO public.items (id, itemtypeid, meta, created, createdby, createdreason, containerid, quantity, ispackaged) VALUES ('8af8afe5-9725-4191-9cfe-a163607c3baa', '76927c05-d018-4625-a963-f04c426854e3', '{"hp": 29, "rack": "b", "range": 32497, "volume": 268, "falloff": "linear", "cooldown": 329, "needs_target": true, "activation_heat": 2752, "drag_multiplier": 457, "industrialmarket": {"maxprice": 961996, "minprice": 774234, "silosize": 500}, "activation_energy": 6608, "activation_gfx_effect": "xl_aether_dragger"}', '2022-10-10 21:33:02.917378-04', '0474b979-01d3-4765-9587-059007e60823', 'Module for new noob ship for player', 'f447f194-ba7a-4c4b-975e-fb0c69f533c9', 1, false);
    INSERT INTO public.items (id, itemtypeid, meta, created, createdby, createdreason, containerid, quantity, ispackaged) VALUES ('408efd0d-9b62-47fb-b702-e1ad3e44f7b3', '824b0caa-c9f7-491e-84b4-8a6beb86638e', '{"hp": 80, "rack": "c", "volume": 225, "industrialmarket": {"maxprice": 23856, "minprice": 19681, "silosize": 200}, "energy_regen_max_add": 260}', '2022-10-10 21:33:02.919334-04', '0474b979-01d3-4765-9587-059007e60823', 'Module for new noob ship for player', 'f447f194-ba7a-4c4b-975e-fb0c69f533c9', 1, false);
    INSERT INTO public.items (id, itemtypeid, meta, created, createdby, createdreason, containerid, quantity, ispackaged) VALUES ('27e82d19-1daa-4ea8-af91-41a092eb3a40', '82227782-f5cd-4ba3-bd0e-99e5e17f6ece', '{"hp": 280, "rack": "c", "volume": 205, "heat_sink_add": 201.2, "industrialmarket": {"maxprice": 25000, "minprice": 18900, "silosize": 1000}}', '2022-10-10 21:33:02.921499-04', '0474b979-01d3-4765-9587-059007e60823', 'Module for new noob ship for player', 'f447f194-ba7a-4c4b-975e-fb0c69f533c9', 1, false);
    INSERT INTO public.items (id, itemtypeid, meta, created, createdby, createdreason, containerid, quantity, ispackaged) VALUES ('090a807c-973b-47a9-a189-761bb10b2d93', '82227782-f5cd-4ba3-bd0e-99e5e17f6ece', '{"hp": 280, "rack": "c", "volume": 205, "heat_sink_add": 201.2, "industrialmarket": {"maxprice": 25000, "minprice": 18900, "silosize": 1000}}', '2022-10-10 21:33:02.923972-04', '0474b979-01d3-4765-9587-059007e60823', 'Module for new noob ship for player', 'f447f194-ba7a-4c4b-975e-fb0c69f533c9', 1, false);
    INSERT INTO public.items (id, itemtypeid, meta, created, createdby, createdreason, containerid, quantity, ispackaged) VALUES ('bab5e658-942b-49ef-acd6-cedd5d6806a7', '7f25b73f-8ad8-4e87-bc76-241aaadcdd3b', '{"hp": 250, "rack": "c", "volume": 210, "energy_max_add": 9920, "industrialmarket": {"maxprice": 302550, "minprice": 215991, "silosize": 1000}}', '2022-10-10 21:33:02.926087-04', '0474b979-01d3-4765-9587-059007e60823', 'Module for new noob ship for player', 'f447f194-ba7a-4c4b-975e-fb0c69f533c9', 1, false);
    INSERT INTO public.items (id, itemtypeid, meta, created, createdby, createdreason, containerid, quantity, ispackaged) VALUES ('ed34afbb-13e4-44b6-8c7a-24617f50459c', '7f25b73f-8ad8-4e87-bc76-241aaadcdd3b', '{"hp": 250, "rack": "c", "volume": 210, "energy_max_add": 9920, "industrialmarket": {"maxprice": 302550, "minprice": 215991, "silosize": 1000}}', '2022-10-10 21:33:02.927973-04', '0474b979-01d3-4765-9587-059007e60823', 'Module for new noob ship for player', 'f447f194-ba7a-4c4b-975e-fb0c69f533c9', 1, false);
    INSERT INTO public.items (id, itemtypeid, meta, created, createdby, createdreason, containerid, quantity, ispackaged) VALUES ('58262c85-1aa5-4696-917a-9298c3d92aec', '27d43a76-5822-422b-94b7-65592eda9fec', '{"hp": 150, "rack": "a", "range": 5505, "volume": 275, "cooldown": 4.25, "flight_time": 11.6, "hull_damage": 809, "armor_damage": 792, "needs_target": true, "shield_damage": 793, "missile_radius": 2.5, "activation_heat": 60, "ammunition_name": "LGPM-4", "ammunition_type": "b9b274c4-d938-4155-8c69-ecb6c4df054f", "fault_tolerance": 0.82, "industrialmarket": {"maxprice": 72355, "minprice": 98199, "silosize": 1000}, "activation_energy": 16, "missile_gfx_effect": "lgpm-4", "missile_explosion_effect": "basic_explosion", "missile_explosion_radius": 5}', '2022-10-10 21:33:02.944851-04', '35f2a632-a621-4ad7-9df2-aaf2cf94ff16', 'Module for new noob ship for player', 'ed970509-e23f-49ad-aa4d-99a5519cfa2d', 1, false);
    INSERT INTO public.items (id, itemtypeid, meta, created, createdby, createdreason, containerid, quantity, ispackaged) VALUES ('4603fc05-c374-49e1-b6ae-9e35b53a6e46', '27d43a76-5822-422b-94b7-65592eda9fec', '{"hp": 150, "rack": "a", "range": 5505, "volume": 275, "cooldown": 4.25, "flight_time": 11.6, "hull_damage": 809, "armor_damage": 792, "needs_target": true, "shield_damage": 793, "missile_radius": 2.5, "activation_heat": 60, "ammunition_name": "LGPM-4", "ammunition_type": "b9b274c4-d938-4155-8c69-ecb6c4df054f", "fault_tolerance": 0.82, "industrialmarket": {"maxprice": 72355, "minprice": 98199, "silosize": 1000}, "activation_energy": 16, "missile_gfx_effect": "lgpm-4", "missile_explosion_effect": "basic_explosion", "missile_explosion_radius": 5}', '2022-10-10 21:33:02.946911-04', '35f2a632-a621-4ad7-9df2-aaf2cf94ff16', 'Module for new noob ship for player', 'ed970509-e23f-49ad-aa4d-99a5519cfa2d', 1, false);
    INSERT INTO public.items (id, itemtypeid, meta, created, createdby, createdreason, containerid, quantity, ispackaged) VALUES ('2d15c4d5-26c5-43f5-bbc5-a741cf242871', '74d1fa76-7870-42ac-b402-1e4087e12e4f', '{"hp": 25, "rack": "a", "volume": 300, "cooldown": 424, "activation_heat": 169, "industrialmarket": {"maxprice": 364995, "minprice": 459220, "silosize": 1000}, "activation_energy": 3680}', '2022-10-10 21:33:02.949089-04', '35f2a632-a621-4ad7-9df2-aaf2cf94ff16', 'Module for new noob ship for player', 'ed970509-e23f-49ad-aa4d-99a5519cfa2d', 1, false);
    INSERT INTO public.items (id, itemtypeid, meta, created, createdby, createdreason, containerid, quantity, ispackaged) VALUES ('27729006-b977-4c44-b836-d89c46b9cc51', '74d1fa76-7870-42ac-b402-1e4087e12e4f', '{"hp": 25, "rack": "a", "volume": 300, "cooldown": 424, "activation_heat": 169, "industrialmarket": {"maxprice": 364995, "minprice": 459220, "silosize": 1000}, "activation_energy": 3680}', '2022-10-10 21:33:02.951148-04', '35f2a632-a621-4ad7-9df2-aaf2cf94ff16', 'Module for new noob ship for player', 'ed970509-e23f-49ad-aa4d-99a5519cfa2d', 1, false);
    INSERT INTO public.items (id, itemtypeid, meta, created, createdby, createdreason, containerid, quantity, ispackaged) VALUES ('93d0ce39-f691-4975-a232-b0d8f9fdca1d', 'a349ad48-9808-46e1-8f5e-bc4e4da46568', '{"hp": 55, "rack": "a", "range": 15253, "volume": 285, "falloff": "linear", "cooldown": 42, "tracking": 6.9, "needs_target": true, "activation_heat": 712, "industrialmarket": {"maxprice": 92811, "minprice": 35690, "silosize": 1000}, "activation_energy": 160, "energy_siphon_amount": 3562, "activation_gfx_effect": "xl_energy_siphon"}', '2022-10-10 21:33:02.953229-04', '35f2a632-a621-4ad7-9df2-aaf2cf94ff16', 'Module for new noob ship for player', 'ed970509-e23f-49ad-aa4d-99a5519cfa2d', 1, false);
    INSERT INTO public.items (id, itemtypeid, meta, created, createdby, createdreason, containerid, quantity, ispackaged) VALUES ('ada85824-7aa8-4565-b522-f4ff6404eb54', 'a349ad48-9808-46e1-8f5e-bc4e4da46568', '{"hp": 55, "rack": "a", "range": 15253, "volume": 285, "falloff": "linear", "cooldown": 42, "tracking": 6.9, "needs_target": true, "activation_heat": 712, "industrialmarket": {"maxprice": 92811, "minprice": 35690, "silosize": 1000}, "activation_energy": 160, "energy_siphon_amount": 3562, "activation_gfx_effect": "xl_energy_siphon"}', '2022-10-10 21:33:02.955258-04', '35f2a632-a621-4ad7-9df2-aaf2cf94ff16', 'Module for new noob ship for player', 'ed970509-e23f-49ad-aa4d-99a5519cfa2d', 1, false);
    INSERT INTO public.items (id, itemtypeid, meta, created, createdby, createdreason, containerid, quantity, ispackaged) VALUES ('23a5d0f1-00f1-4b46-9827-3c5afa6374cd', 'dbc59b6b-1989-46c5-9710-933415f9a263', '{"hp": 500, "rack": "b", "volume": 315, "cooldown": 45, "needs_target": false, "activation_heat": 2080, "industrialmarket": {"maxprice": 12178, "minprice": 43911, "silosize": 1000}, "activation_energy": 480, "shield_boost_amount": 3200, "activation_gfx_effect": "xl_shield_booster"}', '2022-10-10 21:33:02.957166-04', '35f2a632-a621-4ad7-9df2-aaf2cf94ff16', 'Module for new noob ship for player', 'ed970509-e23f-49ad-aa4d-99a5519cfa2d', 1, false);
    INSERT INTO public.items (id, itemtypeid, meta, created, createdby, createdreason, containerid, quantity, ispackaged) VALUES ('a3a9acf6-3b5e-4080-8d9a-307b33733741', 'dbc59b6b-1989-46c5-9710-933415f9a263', '{"hp": 500, "rack": "b", "volume": 315, "cooldown": 45, "needs_target": false, "activation_heat": 2080, "industrialmarket": {"maxprice": 12178, "minprice": 43911, "silosize": 1000}, "activation_energy": 480, "shield_boost_amount": 3200, "activation_gfx_effect": "xl_shield_booster"}', '2022-10-10 21:33:02.95899-04', '35f2a632-a621-4ad7-9df2-aaf2cf94ff16', 'Module for new noob ship for player', 'ed970509-e23f-49ad-aa4d-99a5519cfa2d', 1, false);
    INSERT INTO public.items (id, itemtypeid, meta, created, createdby, createdreason, containerid, quantity, ispackaged) VALUES ('0b7cf15f-dbe0-479c-ada2-45300da231f7', '76927c05-d018-4625-a963-f04c426854e3', '{"hp": 29, "rack": "b", "range": 32497, "volume": 268, "falloff": "linear", "cooldown": 329, "needs_target": true, "activation_heat": 2752, "drag_multiplier": 457, "industrialmarket": {"maxprice": 961996, "minprice": 774234, "silosize": 500}, "activation_energy": 6608, "activation_gfx_effect": "xl_aether_dragger"}', '2022-10-10 21:33:02.960853-04', '35f2a632-a621-4ad7-9df2-aaf2cf94ff16', 'Module for new noob ship for player', 'ed970509-e23f-49ad-aa4d-99a5519cfa2d', 1, false);
    INSERT INTO public.items (id, itemtypeid, meta, created, createdby, createdreason, containerid, quantity, ispackaged) VALUES ('6ca90b28-cf6d-4e5b-b516-09d5af880588', '76927c05-d018-4625-a963-f04c426854e3', '{"hp": 29, "rack": "b", "range": 32497, "volume": 268, "falloff": "linear", "cooldown": 329, "needs_target": true, "activation_heat": 2752, "drag_multiplier": 457, "industrialmarket": {"maxprice": 961996, "minprice": 774234, "silosize": 500}, "activation_energy": 6608, "activation_gfx_effect": "xl_aether_dragger"}', '2022-10-10 21:33:02.962762-04', '35f2a632-a621-4ad7-9df2-aaf2cf94ff16', 'Module for new noob ship for player', 'ed970509-e23f-49ad-aa4d-99a5519cfa2d', 1, false);
    INSERT INTO public.items (id, itemtypeid, meta, created, createdby, createdreason, containerid, quantity, ispackaged) VALUES ('d3fa76b8-4f97-4992-b86c-7b8e212a6dae', '824b0caa-c9f7-491e-84b4-8a6beb86638e', '{"hp": 80, "rack": "c", "volume": 225, "industrialmarket": {"maxprice": 23856, "minprice": 19681, "silosize": 200}, "energy_regen_max_add": 260}', '2022-10-10 21:33:02.964589-04', '35f2a632-a621-4ad7-9df2-aaf2cf94ff16', 'Module for new noob ship for player', 'ed970509-e23f-49ad-aa4d-99a5519cfa2d', 1, false);
    INSERT INTO public.items (id, itemtypeid, meta, created, createdby, createdreason, containerid, quantity, ispackaged) VALUES ('03c20895-58b8-4836-82df-abc89d0600de', '82227782-f5cd-4ba3-bd0e-99e5e17f6ece', '{"hp": 280, "rack": "c", "volume": 205, "heat_sink_add": 201.2, "industrialmarket": {"maxprice": 25000, "minprice": 18900, "silosize": 1000}}', '2022-10-10 21:33:02.966375-04', '35f2a632-a621-4ad7-9df2-aaf2cf94ff16', 'Module for new noob ship for player', 'ed970509-e23f-49ad-aa4d-99a5519cfa2d', 1, false);
    INSERT INTO public.items (id, itemtypeid, meta, created, createdby, createdreason, containerid, quantity, ispackaged) VALUES ('441680f5-3388-4f18-827e-ea861a7e0bcc', '82227782-f5cd-4ba3-bd0e-99e5e17f6ece', '{"hp": 280, "rack": "c", "volume": 205, "heat_sink_add": 201.2, "industrialmarket": {"maxprice": 25000, "minprice": 18900, "silosize": 1000}}', '2022-10-10 21:33:02.968323-04', '35f2a632-a621-4ad7-9df2-aaf2cf94ff16', 'Module for new noob ship for player', 'ed970509-e23f-49ad-aa4d-99a5519cfa2d', 1, false);
    INSERT INTO public.items (id, itemtypeid, meta, created, createdby, createdreason, containerid, quantity, ispackaged) VALUES ('f39c9f3f-cdd4-46d3-a7a8-13177cd6a967', '7f25b73f-8ad8-4e87-bc76-241aaadcdd3b', '{"hp": 250, "rack": "c", "volume": 210, "energy_max_add": 9920, "industrialmarket": {"maxprice": 302550, "minprice": 215991, "silosize": 1000}}', '2022-10-10 21:33:02.970788-04', '35f2a632-a621-4ad7-9df2-aaf2cf94ff16', 'Module for new noob ship for player', 'ed970509-e23f-49ad-aa4d-99a5519cfa2d', 1, false);
    INSERT INTO public.items (id, itemtypeid, meta, created, createdby, createdreason, containerid, quantity, ispackaged) VALUES ('cc8b5e9e-7b02-4c68-992b-cc7e06f1fd6f', '7f25b73f-8ad8-4e87-bc76-241aaadcdd3b', '{"hp": 250, "rack": "c", "volume": 210, "energy_max_add": 9920, "industrialmarket": {"maxprice": 302550, "minprice": 215991, "silosize": 1000}}', '2022-10-10 21:33:02.972689-04', '35f2a632-a621-4ad7-9df2-aaf2cf94ff16', 'Module for new noob ship for player', 'ed970509-e23f-49ad-aa4d-99a5519cfa2d', 1, false);
    INSERT INTO public.items (id, itemtypeid, meta, created, createdby, createdreason, containerid, quantity, ispackaged) VALUES ('273927eb-c6c9-4a73-8186-03968962cd9b', '27d43a76-5822-422b-94b7-65592eda9fec', '{"hp": 150, "rack": "a", "range": 5505, "volume": 275, "cooldown": 4.25, "flight_time": 11.6, "hull_damage": 809, "armor_damage": 792, "needs_target": true, "shield_damage": 793, "missile_radius": 2.5, "activation_heat": 60, "ammunition_name": "LGPM-4", "ammunition_type": "b9b274c4-d938-4155-8c69-ecb6c4df054f", "fault_tolerance": 0.82, "industrialmarket": {"maxprice": 72355, "minprice": 98199, "silosize": 1000}, "activation_energy": 16, "missile_gfx_effect": "lgpm-4", "missile_explosion_effect": "basic_explosion", "missile_explosion_radius": 5}', '2022-10-10 21:33:02.988693-04', 'e4eda6f0-d2d8-4887-84da-a6f9fa5bd1bf', 'Module for new noob ship for player', '1aea3f84-6d3c-465a-8f5b-bfb585e62e79', 1, false);
    INSERT INTO public.items (id, itemtypeid, meta, created, createdby, createdreason, containerid, quantity, ispackaged) VALUES ('9e551987-521e-4c66-ac30-a236aa10c936', '27d43a76-5822-422b-94b7-65592eda9fec', '{"hp": 150, "rack": "a", "range": 5505, "volume": 275, "cooldown": 4.25, "flight_time": 11.6, "hull_damage": 809, "armor_damage": 792, "needs_target": true, "shield_damage": 793, "missile_radius": 2.5, "activation_heat": 60, "ammunition_name": "LGPM-4", "ammunition_type": "b9b274c4-d938-4155-8c69-ecb6c4df054f", "fault_tolerance": 0.82, "industrialmarket": {"maxprice": 72355, "minprice": 98199, "silosize": 1000}, "activation_energy": 16, "missile_gfx_effect": "lgpm-4", "missile_explosion_effect": "basic_explosion", "missile_explosion_radius": 5}', '2022-10-10 21:33:02.990608-04', 'e4eda6f0-d2d8-4887-84da-a6f9fa5bd1bf', 'Module for new noob ship for player', '1aea3f84-6d3c-465a-8f5b-bfb585e62e79', 1, false);
    INSERT INTO public.items (id, itemtypeid, meta, created, createdby, createdreason, containerid, quantity, ispackaged) VALUES ('c2add61e-4c38-4a39-b7c7-11b64a0b22f0', '74d1fa76-7870-42ac-b402-1e4087e12e4f', '{"hp": 25, "rack": "a", "volume": 300, "cooldown": 424, "activation_heat": 169, "industrialmarket": {"maxprice": 364995, "minprice": 459220, "silosize": 1000}, "activation_energy": 3680}', '2022-10-10 21:33:02.992723-04', 'e4eda6f0-d2d8-4887-84da-a6f9fa5bd1bf', 'Module for new noob ship for player', '1aea3f84-6d3c-465a-8f5b-bfb585e62e79', 1, false);
    INSERT INTO public.items (id, itemtypeid, meta, created, createdby, createdreason, containerid, quantity, ispackaged) VALUES ('4301dadd-532a-48c3-92fc-b7fd9f14b5c8', '74d1fa76-7870-42ac-b402-1e4087e12e4f', '{"hp": 25, "rack": "a", "volume": 300, "cooldown": 424, "activation_heat": 169, "industrialmarket": {"maxprice": 364995, "minprice": 459220, "silosize": 1000}, "activation_energy": 3680}', '2022-10-10 21:33:02.994644-04', 'e4eda6f0-d2d8-4887-84da-a6f9fa5bd1bf', 'Module for new noob ship for player', '1aea3f84-6d3c-465a-8f5b-bfb585e62e79', 1, false);
    INSERT INTO public.items (id, itemtypeid, meta, created, createdby, createdreason, containerid, quantity, ispackaged) VALUES ('60eb4246-2bc6-4421-97cf-9d0c8c1e70a9', 'a349ad48-9808-46e1-8f5e-bc4e4da46568', '{"hp": 55, "rack": "a", "range": 15253, "volume": 285, "falloff": "linear", "cooldown": 42, "tracking": 6.9, "needs_target": true, "activation_heat": 712, "industrialmarket": {"maxprice": 92811, "minprice": 35690, "silosize": 1000}, "activation_energy": 160, "energy_siphon_amount": 3562, "activation_gfx_effect": "xl_energy_siphon"}', '2022-10-10 21:33:02.996447-04', 'e4eda6f0-d2d8-4887-84da-a6f9fa5bd1bf', 'Module for new noob ship for player', '1aea3f84-6d3c-465a-8f5b-bfb585e62e79', 1, false);
    INSERT INTO public.items (id, itemtypeid, meta, created, createdby, createdreason, containerid, quantity, ispackaged) VALUES ('4899a5c7-b32d-4761-b620-22436f645423', 'a349ad48-9808-46e1-8f5e-bc4e4da46568', '{"hp": 55, "rack": "a", "range": 15253, "volume": 285, "falloff": "linear", "cooldown": 42, "tracking": 6.9, "needs_target": true, "activation_heat": 712, "industrialmarket": {"maxprice": 92811, "minprice": 35690, "silosize": 1000}, "activation_energy": 160, "energy_siphon_amount": 3562, "activation_gfx_effect": "xl_energy_siphon"}', '2022-10-10 21:33:02.998253-04', 'e4eda6f0-d2d8-4887-84da-a6f9fa5bd1bf', 'Module for new noob ship for player', '1aea3f84-6d3c-465a-8f5b-bfb585e62e79', 1, false);
    INSERT INTO public.items (id, itemtypeid, meta, created, createdby, createdreason, containerid, quantity, ispackaged) VALUES ('4a965bbf-33b7-4f42-8b01-011e2a276077', 'dbc59b6b-1989-46c5-9710-933415f9a263', '{"hp": 500, "rack": "b", "volume": 315, "cooldown": 45, "needs_target": false, "activation_heat": 2080, "industrialmarket": {"maxprice": 12178, "minprice": 43911, "silosize": 1000}, "activation_energy": 480, "shield_boost_amount": 3200, "activation_gfx_effect": "xl_shield_booster"}', '2022-10-10 21:33:03.000262-04', 'e4eda6f0-d2d8-4887-84da-a6f9fa5bd1bf', 'Module for new noob ship for player', '1aea3f84-6d3c-465a-8f5b-bfb585e62e79', 1, false);
    INSERT INTO public.items (id, itemtypeid, meta, created, createdby, createdreason, containerid, quantity, ispackaged) VALUES ('3a28da1a-8de5-4b3f-9f11-de233663f942', 'dbc59b6b-1989-46c5-9710-933415f9a263', '{"hp": 500, "rack": "b", "volume": 315, "cooldown": 45, "needs_target": false, "activation_heat": 2080, "industrialmarket": {"maxprice": 12178, "minprice": 43911, "silosize": 1000}, "activation_energy": 480, "shield_boost_amount": 3200, "activation_gfx_effect": "xl_shield_booster"}', '2022-10-10 21:33:03.00214-04', 'e4eda6f0-d2d8-4887-84da-a6f9fa5bd1bf', 'Module for new noob ship for player', '1aea3f84-6d3c-465a-8f5b-bfb585e62e79', 1, false);
    INSERT INTO public.items (id, itemtypeid, meta, created, createdby, createdreason, containerid, quantity, ispackaged) VALUES ('0e4c2768-62d7-44b6-9725-2bf0d73e3ff4', '76927c05-d018-4625-a963-f04c426854e3', '{"hp": 29, "rack": "b", "range": 32497, "volume": 268, "falloff": "linear", "cooldown": 329, "needs_target": true, "activation_heat": 2752, "drag_multiplier": 457, "industrialmarket": {"maxprice": 961996, "minprice": 774234, "silosize": 500}, "activation_energy": 6608, "activation_gfx_effect": "xl_aether_dragger"}', '2022-10-10 21:33:03.004125-04', 'e4eda6f0-d2d8-4887-84da-a6f9fa5bd1bf', 'Module for new noob ship for player', '1aea3f84-6d3c-465a-8f5b-bfb585e62e79', 1, false);
    INSERT INTO public.items (id, itemtypeid, meta, created, createdby, createdreason, containerid, quantity, ispackaged) VALUES ('8b105759-6045-4169-847e-cb0f0ddbc9f4', '76927c05-d018-4625-a963-f04c426854e3', '{"hp": 29, "rack": "b", "range": 32497, "volume": 268, "falloff": "linear", "cooldown": 329, "needs_target": true, "activation_heat": 2752, "drag_multiplier": 457, "industrialmarket": {"maxprice": 961996, "minprice": 774234, "silosize": 500}, "activation_energy": 6608, "activation_gfx_effect": "xl_aether_dragger"}', '2022-10-10 21:33:03.006139-04', 'e4eda6f0-d2d8-4887-84da-a6f9fa5bd1bf', 'Module for new noob ship for player', '1aea3f84-6d3c-465a-8f5b-bfb585e62e79', 1, false);
    INSERT INTO public.items (id, itemtypeid, meta, created, createdby, createdreason, containerid, quantity, ispackaged) VALUES ('23d9b836-aa4f-4e85-b563-4eb8922e84ad', '824b0caa-c9f7-491e-84b4-8a6beb86638e', '{"hp": 80, "rack": "c", "volume": 225, "industrialmarket": {"maxprice": 23856, "minprice": 19681, "silosize": 200}, "energy_regen_max_add": 260}', '2022-10-10 21:33:03.008049-04', 'e4eda6f0-d2d8-4887-84da-a6f9fa5bd1bf', 'Module for new noob ship for player', '1aea3f84-6d3c-465a-8f5b-bfb585e62e79', 1, false);
    INSERT INTO public.items (id, itemtypeid, meta, created, createdby, createdreason, containerid, quantity, ispackaged) VALUES ('97a4ee84-0876-434c-a866-10df76178916', '82227782-f5cd-4ba3-bd0e-99e5e17f6ece', '{"hp": 280, "rack": "c", "volume": 205, "heat_sink_add": 201.2, "industrialmarket": {"maxprice": 25000, "minprice": 18900, "silosize": 1000}}', '2022-10-10 21:33:03.010206-04', 'e4eda6f0-d2d8-4887-84da-a6f9fa5bd1bf', 'Module for new noob ship for player', '1aea3f84-6d3c-465a-8f5b-bfb585e62e79', 1, false);
    INSERT INTO public.items (id, itemtypeid, meta, created, createdby, createdreason, containerid, quantity, ispackaged) VALUES ('c91bb2c7-98d5-4b3e-b541-c4e542c57325', '82227782-f5cd-4ba3-bd0e-99e5e17f6ece', '{"hp": 280, "rack": "c", "volume": 205, "heat_sink_add": 201.2, "industrialmarket": {"maxprice": 25000, "minprice": 18900, "silosize": 1000}}', '2022-10-10 21:33:03.012211-04', 'e4eda6f0-d2d8-4887-84da-a6f9fa5bd1bf', 'Module for new noob ship for player', '1aea3f84-6d3c-465a-8f5b-bfb585e62e79', 1, false);
    INSERT INTO public.items (id, itemtypeid, meta, created, createdby, createdreason, containerid, quantity, ispackaged) VALUES ('a3a91c80-05fa-4980-aca7-8b43ea07b488', '7f25b73f-8ad8-4e87-bc76-241aaadcdd3b', '{"hp": 250, "rack": "c", "volume": 210, "energy_max_add": 9920, "industrialmarket": {"maxprice": 302550, "minprice": 215991, "silosize": 1000}}', '2022-10-10 21:33:03.014243-04', 'e4eda6f0-d2d8-4887-84da-a6f9fa5bd1bf', 'Module for new noob ship for player', '1aea3f84-6d3c-465a-8f5b-bfb585e62e79', 1, false);
    INSERT INTO public.items (id, itemtypeid, meta, created, createdby, createdreason, containerid, quantity, ispackaged) VALUES ('e93c09f0-1dd1-410e-a8d3-a39ac18319b6', '7f25b73f-8ad8-4e87-bc76-241aaadcdd3b', '{"hp": 250, "rack": "c", "volume": 210, "energy_max_add": 9920, "industrialmarket": {"maxprice": 302550, "minprice": 215991, "silosize": 1000}}', '2022-10-10 21:33:03.016265-04', 'e4eda6f0-d2d8-4887-84da-a6f9fa5bd1bf', 'Module for new noob ship for player', '1aea3f84-6d3c-465a-8f5b-bfb585e62e79', 1, false);
    INSERT INTO public.items (id, itemtypeid, meta, created, createdby, createdreason, containerid, quantity, ispackaged) VALUES ('61af2b97-0763-4722-a2f9-da43179ad737', '27d43a76-5822-422b-94b7-65592eda9fec', '{"hp": 150, "rack": "a", "range": 5505, "volume": 275, "cooldown": 4.25, "flight_time": 11.6, "hull_damage": 809, "armor_damage": 792, "needs_target": true, "shield_damage": 793, "missile_radius": 2.5, "activation_heat": 60, "ammunition_name": "LGPM-4", "ammunition_type": "b9b274c4-d938-4155-8c69-ecb6c4df054f", "fault_tolerance": 0.82, "industrialmarket": {"maxprice": 72355, "minprice": 98199, "silosize": 1000}, "activation_energy": 16, "missile_gfx_effect": "lgpm-4", "missile_explosion_effect": "basic_explosion", "missile_explosion_radius": 5}', '2022-10-10 21:33:03.034584-04', '2dd2a497-f884-4322-8fee-a4d4aa6a2cca', 'Module for new noob ship for player', 'dc2e1215-feec-4325-a777-65bd9757ec3c', 1, false);
    INSERT INTO public.items (id, itemtypeid, meta, created, createdby, createdreason, containerid, quantity, ispackaged) VALUES ('398ba671-826c-438d-b03a-4094b9c96dd6', '27d43a76-5822-422b-94b7-65592eda9fec', '{"hp": 150, "rack": "a", "range": 5505, "volume": 275, "cooldown": 4.25, "flight_time": 11.6, "hull_damage": 809, "armor_damage": 792, "needs_target": true, "shield_damage": 793, "missile_radius": 2.5, "activation_heat": 60, "ammunition_name": "LGPM-4", "ammunition_type": "b9b274c4-d938-4155-8c69-ecb6c4df054f", "fault_tolerance": 0.82, "industrialmarket": {"maxprice": 72355, "minprice": 98199, "silosize": 1000}, "activation_energy": 16, "missile_gfx_effect": "lgpm-4", "missile_explosion_effect": "basic_explosion", "missile_explosion_radius": 5}', '2022-10-10 21:33:03.037192-04', '2dd2a497-f884-4322-8fee-a4d4aa6a2cca', 'Module for new noob ship for player', 'dc2e1215-feec-4325-a777-65bd9757ec3c', 1, false);
    INSERT INTO public.items (id, itemtypeid, meta, created, createdby, createdreason, containerid, quantity, ispackaged) VALUES ('36d5dac1-a3bb-40d1-9f6c-7c90313b9d5d', '74d1fa76-7870-42ac-b402-1e4087e12e4f', '{"hp": 25, "rack": "a", "volume": 300, "cooldown": 424, "activation_heat": 169, "industrialmarket": {"maxprice": 364995, "minprice": 459220, "silosize": 1000}, "activation_energy": 3680}', '2022-10-10 21:33:03.039482-04', '2dd2a497-f884-4322-8fee-a4d4aa6a2cca', 'Module for new noob ship for player', 'dc2e1215-feec-4325-a777-65bd9757ec3c', 1, false);
    INSERT INTO public.items (id, itemtypeid, meta, created, createdby, createdreason, containerid, quantity, ispackaged) VALUES ('5bde3c43-b18a-47d4-87ed-fd37dec7677d', '74d1fa76-7870-42ac-b402-1e4087e12e4f', '{"hp": 25, "rack": "a", "volume": 300, "cooldown": 424, "activation_heat": 169, "industrialmarket": {"maxprice": 364995, "minprice": 459220, "silosize": 1000}, "activation_energy": 3680}', '2022-10-10 21:33:03.041394-04', '2dd2a497-f884-4322-8fee-a4d4aa6a2cca', 'Module for new noob ship for player', 'dc2e1215-feec-4325-a777-65bd9757ec3c', 1, false);
    INSERT INTO public.items (id, itemtypeid, meta, created, createdby, createdreason, containerid, quantity, ispackaged) VALUES ('a15f0628-189c-4664-91ed-912b980144de', 'a349ad48-9808-46e1-8f5e-bc4e4da46568', '{"hp": 55, "rack": "a", "range": 15253, "volume": 285, "falloff": "linear", "cooldown": 42, "tracking": 6.9, "needs_target": true, "activation_heat": 712, "industrialmarket": {"maxprice": 92811, "minprice": 35690, "silosize": 1000}, "activation_energy": 160, "energy_siphon_amount": 3562, "activation_gfx_effect": "xl_energy_siphon"}', '2022-10-10 21:33:03.043295-04', '2dd2a497-f884-4322-8fee-a4d4aa6a2cca', 'Module for new noob ship for player', 'dc2e1215-feec-4325-a777-65bd9757ec3c', 1, false);
    INSERT INTO public.items (id, itemtypeid, meta, created, createdby, createdreason, containerid, quantity, ispackaged) VALUES ('22a5ab58-8308-40ca-8382-009981b9daea', 'a349ad48-9808-46e1-8f5e-bc4e4da46568', '{"hp": 55, "rack": "a", "range": 15253, "volume": 285, "falloff": "linear", "cooldown": 42, "tracking": 6.9, "needs_target": true, "activation_heat": 712, "industrialmarket": {"maxprice": 92811, "minprice": 35690, "silosize": 1000}, "activation_energy": 160, "energy_siphon_amount": 3562, "activation_gfx_effect": "xl_energy_siphon"}', '2022-10-10 21:33:03.045258-04', '2dd2a497-f884-4322-8fee-a4d4aa6a2cca', 'Module for new noob ship for player', 'dc2e1215-feec-4325-a777-65bd9757ec3c', 1, false);
    INSERT INTO public.items (id, itemtypeid, meta, created, createdby, createdreason, containerid, quantity, ispackaged) VALUES ('c7d42198-5534-4e16-8fda-a1c61f149318', 'dbc59b6b-1989-46c5-9710-933415f9a263', '{"hp": 500, "rack": "b", "volume": 315, "cooldown": 45, "needs_target": false, "activation_heat": 2080, "industrialmarket": {"maxprice": 12178, "minprice": 43911, "silosize": 1000}, "activation_energy": 480, "shield_boost_amount": 3200, "activation_gfx_effect": "xl_shield_booster"}', '2022-10-10 21:33:03.047228-04', '2dd2a497-f884-4322-8fee-a4d4aa6a2cca', 'Module for new noob ship for player', 'dc2e1215-feec-4325-a777-65bd9757ec3c', 1, false);
    INSERT INTO public.items (id, itemtypeid, meta, created, createdby, createdreason, containerid, quantity, ispackaged) VALUES ('425c9797-39a7-4884-919c-d39d076deed7', 'dbc59b6b-1989-46c5-9710-933415f9a263', '{"hp": 500, "rack": "b", "volume": 315, "cooldown": 45, "needs_target": false, "activation_heat": 2080, "industrialmarket": {"maxprice": 12178, "minprice": 43911, "silosize": 1000}, "activation_energy": 480, "shield_boost_amount": 3200, "activation_gfx_effect": "xl_shield_booster"}', '2022-10-10 21:33:03.049163-04', '2dd2a497-f884-4322-8fee-a4d4aa6a2cca', 'Module for new noob ship for player', 'dc2e1215-feec-4325-a777-65bd9757ec3c', 1, false);
    INSERT INTO public.items (id, itemtypeid, meta, created, createdby, createdreason, containerid, quantity, ispackaged) VALUES ('1596b2c6-98be-4c15-b7bb-2057882f3ce3', '76927c05-d018-4625-a963-f04c426854e3', '{"hp": 29, "rack": "b", "range": 32497, "volume": 268, "falloff": "linear", "cooldown": 329, "needs_target": true, "activation_heat": 2752, "drag_multiplier": 457, "industrialmarket": {"maxprice": 961996, "minprice": 774234, "silosize": 500}, "activation_energy": 6608, "activation_gfx_effect": "xl_aether_dragger"}', '2022-10-10 21:33:03.051085-04', '2dd2a497-f884-4322-8fee-a4d4aa6a2cca', 'Module for new noob ship for player', 'dc2e1215-feec-4325-a777-65bd9757ec3c', 1, false);
    INSERT INTO public.items (id, itemtypeid, meta, created, createdby, createdreason, containerid, quantity, ispackaged) VALUES ('3052faee-8ffe-4f9f-a202-e385d3b54e41', '76927c05-d018-4625-a963-f04c426854e3', '{"hp": 29, "rack": "b", "range": 32497, "volume": 268, "falloff": "linear", "cooldown": 329, "needs_target": true, "activation_heat": 2752, "drag_multiplier": 457, "industrialmarket": {"maxprice": 961996, "minprice": 774234, "silosize": 500}, "activation_energy": 6608, "activation_gfx_effect": "xl_aether_dragger"}', '2022-10-10 21:33:03.05332-04', '2dd2a497-f884-4322-8fee-a4d4aa6a2cca', 'Module for new noob ship for player', 'dc2e1215-feec-4325-a777-65bd9757ec3c', 1, false);
    INSERT INTO public.items (id, itemtypeid, meta, created, createdby, createdreason, containerid, quantity, ispackaged) VALUES ('2ee0cb4e-e3f9-48d0-86c5-6a2e755ed88e', '824b0caa-c9f7-491e-84b4-8a6beb86638e', '{"hp": 80, "rack": "c", "volume": 225, "industrialmarket": {"maxprice": 23856, "minprice": 19681, "silosize": 200}, "energy_regen_max_add": 260}', '2022-10-10 21:33:03.055452-04', '2dd2a497-f884-4322-8fee-a4d4aa6a2cca', 'Module for new noob ship for player', 'dc2e1215-feec-4325-a777-65bd9757ec3c', 1, false);
    INSERT INTO public.items (id, itemtypeid, meta, created, createdby, createdreason, containerid, quantity, ispackaged) VALUES ('23128bf2-90c8-49cf-8a6b-ec18ff029172', '82227782-f5cd-4ba3-bd0e-99e5e17f6ece', '{"hp": 280, "rack": "c", "volume": 205, "heat_sink_add": 201.2, "industrialmarket": {"maxprice": 25000, "minprice": 18900, "silosize": 1000}}', '2022-10-10 21:33:03.057549-04', '2dd2a497-f884-4322-8fee-a4d4aa6a2cca', 'Module for new noob ship for player', 'dc2e1215-feec-4325-a777-65bd9757ec3c', 1, false);
    INSERT INTO public.items (id, itemtypeid, meta, created, createdby, createdreason, containerid, quantity, ispackaged) VALUES ('3dbefebd-f557-48f4-a00f-9513e955f702', '82227782-f5cd-4ba3-bd0e-99e5e17f6ece', '{"hp": 280, "rack": "c", "volume": 205, "heat_sink_add": 201.2, "industrialmarket": {"maxprice": 25000, "minprice": 18900, "silosize": 1000}}', '2022-10-10 21:33:03.059564-04', '2dd2a497-f884-4322-8fee-a4d4aa6a2cca', 'Module for new noob ship for player', 'dc2e1215-feec-4325-a777-65bd9757ec3c', 1, false);
    INSERT INTO public.items (id, itemtypeid, meta, created, createdby, createdreason, containerid, quantity, ispackaged) VALUES ('51065141-f949-4f57-a998-ebb6e2f7a7fb', '7f25b73f-8ad8-4e87-bc76-241aaadcdd3b', '{"hp": 250, "rack": "c", "volume": 210, "energy_max_add": 9920, "industrialmarket": {"maxprice": 302550, "minprice": 215991, "silosize": 1000}}', '2022-10-10 21:33:03.061541-04', '2dd2a497-f884-4322-8fee-a4d4aa6a2cca', 'Module for new noob ship for player', 'dc2e1215-feec-4325-a777-65bd9757ec3c', 1, false);
    INSERT INTO public.items (id, itemtypeid, meta, created, createdby, createdreason, containerid, quantity, ispackaged) VALUES ('4907367a-6a32-4a3a-b318-43efd58305d5', '7f25b73f-8ad8-4e87-bc76-241aaadcdd3b', '{"hp": 250, "rack": "c", "volume": 210, "energy_max_add": 9920, "industrialmarket": {"maxprice": 302550, "minprice": 215991, "silosize": 1000}}', '2022-10-10 21:33:03.063606-04', '2dd2a497-f884-4322-8fee-a4d4aa6a2cca', 'Module for new noob ship for player', 'dc2e1215-feec-4325-a777-65bd9757ec3c', 1, false);

    -- fix current ship ids
    update users set current_shipid = '8af53ab7-fac5-4f47-b8b2-56ce06aa0cb2' where id = 'eac20615-d561-4384-b22b-ac495b9755d0';
    update users set current_shipid = 'a4b9bd53-0e30-4e97-8a88-3b76d3e30d01' where id = '0474b979-01d3-4765-9587-059007e60823';
    update users set current_shipid = 'bb50bc34-9896-4bd8-81ff-7384955e55b6' where id = '35f2a632-a621-4ad7-9df2-aaf2cf94ff16';
    update users set current_shipid = '9e67895b-143d-43d6-b588-1ab725d63866' where id = 'e4eda6f0-d2d8-4887-84da-a6f9fa5bd1bf';
    update users set current_shipid = '0c19701a-615e-46db-8c08-1933f7ebb538' where id = '2dd2a497-f884-4322-8fee-a4d4aa6a2cca';
