-- empire meta
INSERT INTO public.itemtypes (id, family, name, meta) VALUES ('e4ead7fe-0606-4c28-912e-61b50db2f296', 'utility_siphon', '`Leslie` Energy Siphon', '{"hp": 32, "rack": "a", "range": 4598, "volume": 29, "falloff": "linear", "cooldown": 10.4, "tracking": 177, "needs_target": true, "activation_heat": 56, "industrialmarket": {"maxprice": 13572, "minprice": 9253, "silosize": 200}, "activation_energy": 48, "energy_siphon_amount": 195, "activation_gfx_effect": "basic_energy_siphon"}');
INSERT INTO public.itemtypes (id, family, name, meta) VALUES ('7faae7c5-669e-4c50-90fe-f424b0b63acc', 'aux_generator', '`Meerkat` APU', '{"hp": 24, "rack": "c", "volume": 28, "industrialmarket": {"maxprice": 34388, "minprice": 21009, "silosize": 200}, "energy_regen_max_add": 16}');
INSERT INTO public.itemtypes (id, family, name, meta) VALUES ('7ce15993-1030-4134-9e3e-3f5dfe4fb969', 'active_sink', '`Fredo` Active Radiator', '{"hp": 19, "rack": "b", "volume": 30, "cooldown": 32.1, "needs_target": false, "activation_heat": 468, "industrialmarket": {"maxprice": 49319, "minprice": 38840, "silosize": 200}, "activation_energy": 320}');

-- empire starts
INSERT INTO public.starts (id, name, shiptemplateid, shipfitting, created, available, systemid, homestationid, wallet, factionid) VALUES ('e2980080-452a-4861-ac62-719bed89b5e7', 'Acc. Frig.', '62100eb8-a7fb-4241-a157-c6d783cb15d9', '{"a_rack": [{"item_type_id": "ba48329e-0ae5-499f-ad0f-abd609ee04b9"}, {"item_type_id": "ba48329e-0ae5-499f-ad0f-abd609ee04b9"}, {"item_type_id": "ba48329e-0ae5-499f-ad0f-abd609ee04b9"}, {"item_type_id": "37f6f712-427d-4951-a311-c2557f994290"}, {"item_type_id": "30928542-bd58-404a-ba1c-3286424f17b3"}], "b_rack": [{"item_type_id": "fef05ee8-1cf9-42d0-97e8-4feadf94a852"}, {"item_type_id": "aab8ec7b-6031-4f54-9ab4-434ab5e7b47c"}, {"item_type_id": "643b06f8-3df2-40d4-abfe-37d55287d628"}], "c_rack": [{"item_type_id": "7a187110-ae8d-47d0-ab7d-1e318424284e"}, {"item_type_id": "7a187110-ae8d-47d0-ab7d-1e318424284e"}, {"item_type_id": "0d0d134c-2b7d-4888-839a-d043d6aedca6"}]}', '2022-07-04 21:37:42.327497-04', false, '5aa036f7-14ed-4273-a5ac-e7457ecabdaa', '3efc7fb3-6f61-4b06-b2f1-ea7c4529449f', 10000, 'bdeffd9a-3cab-408c-9cd7-32fce1124f7a');
INSERT INTO public.starts (id, name, shiptemplateid, shipfitting, created, available, systemid, homestationid, wallet, factionid) VALUES ('40976829-d172-46e9-9abb-b83a07a39733', 'Col. Frig.', '046e606f-89c1-4f23-9137-d3fe2d55503a', '{"a_rack": [{"item_type_id": "5152cbb2-5c36-4935-bba3-14046c01eece"}, {"item_type_id": "837dbdf3-8af8-47c1-9c81-f8088695e6a7"}, {"item_type_id": "837dbdf3-8af8-47c1-9c81-f8088695e6a7"}, {"item_type_id": "e4ead7fe-0606-4c28-912e-61b50db2f296"}, {"item_type_id": "4ae3ee82-70be-47a7-9e7a-c7b45ea58718"}], "b_rack": [{"item_type_id": "70f816b8-e3c5-4e5f-bd0c-f8125519b168"}, {"item_type_id": "70f816b8-e3c5-4e5f-bd0c-f8125519b168"}, {"item_type_id": "aab8ec7b-6031-4f54-9ab4-434ab5e7b47c"}, {"item_type_id": "643b06f8-3df2-40d4-abfe-37d55287d628"}], "c_rack": [{"item_type_id": "7faae7c5-669e-4c50-90fe-f424b0b63acc"}, {"item_type_id": "a3ff4095-2511-412f-89df-abe7b8516192"}]}', '2022-07-04 21:43:57.75348-04', false, '5e829d81-6d7a-4f4e-827c-2f57d7e8311b', '92edfcf5-b348-4cdf-b8b6-4fe41acc6f75', 10000, '5db2bec7-37c3-4f1c-ab88-21024c12d639');
INSERT INTO public.starts (id, name, shiptemplateid, shipfitting, created, available, systemid, homestationid, wallet, factionid) VALUES ('80ca3159-b21e-48bb-8c09-0344bbedba7b', 'King. Frig.', 'd68817c6-2448-4126-8ae5-766669f34cf5', '{"a_rack": [{"item_type_id": "85fc1069-22b1-44ed-838b-64ed38d1e0b4"}, {"item_type_id": "85fc1069-22b1-44ed-838b-64ed38d1e0b4"}, {"item_type_id": "85fc1069-22b1-44ed-838b-64ed38d1e0b4"}, {"item_type_id": "69d118ea-617d-477b-bb30-67f5da3c812e"}, {"item_type_id": "c59844a1-25c7-4f29-a851-ae25077781ca"}], "b_rack": [{"item_type_id": "70f816b8-e3c5-4e5f-bd0c-f8125519b168"}, {"item_type_id": "aab8ec7b-6031-4f54-9ab4-434ab5e7b47c"}, {"item_type_id": "643b06f8-3df2-40d4-abfe-37d55287d628"}], "c_rack": [{"item_type_id": "a3ff4095-2511-412f-89df-abe7b8516192"}, {"item_type_id": "a3ff4095-2511-412f-89df-abe7b8516192"}, {"item_type_id": "0d0d134c-2b7d-4888-839a-d043d6aedca6"}]}', '2022-07-04 21:25:01.419454-04', false, '0074f593-df14-47c4-8971-336b81a86fb8', 'ab91015b-fb32-47fd-bf38-d15af5933bab', 10000, 'a0152cbb-8a78-45a4-ae9b-2ad2b60b583b');
INSERT INTO public.starts (id, name, shiptemplateid, shipfitting, created, available, systemid, homestationid, wallet, factionid) VALUES ('49cfc062-64ff-40ac-bc44-04887896da3a', 'Fed. Frig.', '9982af33-2a17-4ec9-87b8-85eb6cd857d2', '{"a_rack": [{"item_type_id": "5152cbb2-5c36-4935-bba3-14046c01eece"}, {"item_type_id": "5152cbb2-5c36-4935-bba3-14046c01eece"}, {"item_type_id": "837dbdf3-8af8-47c1-9c81-f8088695e6a7"}, {"item_type_id": "465fe6dc-513a-48e7-9960-94dd383b0387"}, {"item_type_id": "a4c0f0cd-d8be-42eb-b80c-0ebc11f0c64d"}], "b_rack": [{"item_type_id": "7ce15993-1030-4134-9e3e-3f5dfe4fb969"}, {"item_type_id": "fef05ee8-1cf9-42d0-97e8-4feadf94a852"}], "c_rack": [{"item_type_id": "a7298b27-bca0-40f8-8c68-427ae19a1620"}, {"item_type_id": "a7298b27-bca0-40f8-8c68-427ae19a1620"}, {"item_type_id": "f9e2d3d2-d7da-4573-a3b9-424dc34d882e"}, {"item_type_id": "f9e2d3d2-d7da-4573-a3b9-424dc34d882e"}]}', '2022-07-04 21:55:56.655418-04', false, '0078c73f-1b40-4b22-bdf0-f4927d8bd7bd', '306c0fcd-cf01-43fc-850f-172191fe1582', 10000, '27a53dfc-a321-4c12-bf7c-bb177955c95b');

-- kingdom npcs

--   containers
INSERT INTO public.containers (id, meta, created) VALUES ('183dee08-6673-4059-be61-3e9e5dafb146', '{}', '2022-07-04 22:49:58.806006-04');
INSERT INTO public.containers (id, meta, created) VALUES ('4b407aaa-040e-45e8-81be-71a55d28baeb', '{}', '2022-07-04 22:49:58.820493-04');
INSERT INTO public.containers (id, meta, created) VALUES ('cb1d17f6-af52-418a-8461-d1159b0a74cb', '{}', '2022-07-04 22:49:58.821541-04');
INSERT INTO public.containers (id, meta, created) VALUES ('6f413b2c-b565-4b37-8698-76267ba397e9', '{}', '2022-07-04 22:49:58.822514-04');
INSERT INTO public.containers (id, meta, created) VALUES ('efb0c8dc-2351-4c7f-afc9-54ea5dd74539', '{}', '2022-07-04 22:49:58.843669-04');
INSERT INTO public.containers (id, meta, created) VALUES ('83aba5b0-2511-4721-869a-195c80586a43', '{}', '2022-07-04 22:49:58.8466-04');
INSERT INTO public.containers (id, meta, created) VALUES ('62116450-6e42-423a-b22b-f55e926b207b', '{}', '2022-07-04 22:49:58.847659-04');
INSERT INTO public.containers (id, meta, created) VALUES ('7ca3e1cb-ab4f-4949-ada5-528260f77e5c', '{}', '2022-07-04 22:49:58.848662-04');
INSERT INTO public.containers (id, meta, created) VALUES ('b2788b78-a80f-4104-99e5-a44c232e1ed0', '{}', '2022-07-04 22:49:58.869236-04');
INSERT INTO public.containers (id, meta, created) VALUES ('86a81393-a6e2-48e9-b4c8-a6b40fa92321', '{}', '2022-07-04 22:49:58.87196-04');
INSERT INTO public.containers (id, meta, created) VALUES ('289f6ec4-d9cf-44ad-8108-77c0290b2c71', '{}', '2022-07-04 22:49:58.872999-04');
INSERT INTO public.containers (id, meta, created) VALUES ('819892d7-9f4b-4a52-8683-78f239d25330', '{}', '2022-07-04 22:49:58.874028-04');
INSERT INTO public.containers (id, meta, created) VALUES ('c5268584-bb8e-448b-b45a-7a44e70835b6', '{}', '2022-07-04 22:49:58.89479-04');
INSERT INTO public.containers (id, meta, created) VALUES ('2e807aeb-95e8-488f-86f1-80347929fa5b', '{}', '2022-07-04 22:49:58.897788-04');
INSERT INTO public.containers (id, meta, created) VALUES ('92136af0-9984-450a-8cff-b58d0f02d085', '{}', '2022-07-04 22:49:58.898836-04');
INSERT INTO public.containers (id, meta, created) VALUES ('3a68406d-3377-4a68-8520-03e699fa4c48', '{}', '2022-07-04 22:49:58.899879-04');
INSERT INTO public.containers (id, meta, created) VALUES ('05df0746-a843-4859-b314-04945019c068', '{}', '2022-07-04 22:49:58.920214-04');
INSERT INTO public.containers (id, meta, created) VALUES ('4ce19fa6-2ac2-45cb-85b1-be5c12894522', '{}', '2022-07-04 22:49:58.923069-04');
INSERT INTO public.containers (id, meta, created) VALUES ('8f37a3ac-610a-426e-b91f-eb8dfbf534d7', '{}', '2022-07-04 22:49:58.924459-04');
INSERT INTO public.containers (id, meta, created) VALUES ('7f932042-6ad8-4b2d-a2f8-85a6b5f24554', '{}', '2022-07-04 22:49:58.925466-04');
INSERT INTO public.containers (id, meta, created) VALUES ('923b6d7d-7171-46ac-b5ff-5a1936ebc28c', '{}', '2022-07-04 22:49:58.945344-04');
INSERT INTO public.containers (id, meta, created) VALUES ('b7fa473c-07fc-4eb2-ba99-2d1d0a779415', '{}', '2022-07-04 22:49:58.948204-04');
INSERT INTO public.containers (id, meta, created) VALUES ('23936453-af97-45f5-a914-28350b0b911c', '{}', '2022-07-04 22:49:58.94926-04');
INSERT INTO public.containers (id, meta, created) VALUES ('bb8bf50e-9761-4bd7-bd19-a40a76836558', '{}', '2022-07-04 22:49:58.950344-04');
INSERT INTO public.containers (id, meta, created) VALUES ('1e49bc0f-dd7b-4d20-82ec-02a3c12aaa5d', '{}', '2022-07-04 22:49:58.971086-04');
INSERT INTO public.containers (id, meta, created) VALUES ('e2c073f0-62e6-4e67-97be-68d086859b06', '{}', '2022-07-04 22:49:58.973819-04');
INSERT INTO public.containers (id, meta, created) VALUES ('820a8cbe-598f-4b44-b498-a563363906f4', '{}', '2022-07-04 22:49:58.974889-04');
INSERT INTO public.containers (id, meta, created) VALUES ('dcd23c12-8ab6-480f-b288-effb071afdd4', '{}', '2022-07-04 22:49:58.975944-04');
INSERT INTO public.containers (id, meta, created) VALUES ('4ea51e39-962e-47c5-8c39-2c6b51149c90', '{}', '2022-07-04 22:49:58.996582-04');
INSERT INTO public.containers (id, meta, created) VALUES ('f70518ac-f05b-41cc-982a-7ce602e76c14', '{}', '2022-07-04 22:49:58.999615-04');
INSERT INTO public.containers (id, meta, created) VALUES ('53273c66-5ad8-43ff-8e02-230221be3129', '{}', '2022-07-04 22:49:59.000701-04');
INSERT INTO public.containers (id, meta, created) VALUES ('aa9f5ae4-a942-421e-926e-b977e6b5fcfc', '{}', '2022-07-04 22:49:59.001803-04');

--   users
INSERT INTO public.users (id, charactername, hashpass, registered, banned, current_shipid, startid, escrow_containerid, current_factionid, reputationsheet, isnpc, behaviourmode, emailaddress, experiencesheet, registeredip, isdev) VALUES ('7f150ec8-9246-41f9-a483-4f017a154575', 'Callie Nguyen', '1a858c989f0b05ff4d0be52782f863ef2eebfefe5189bab9d8c657f6e1479a79', '2022-07-04 22:49:58.817914-04', B'0', null, '80ca3159-b21e-48bb-8c09-0344bbedba7b', '183dee08-6673-4059-be61-3e9e5dafb146', 'a0152cbb-8a78-45a4-ae9b-2ad2b60b583b', '{"factionEntries": {"27a53dfc-a321-4c12-bf7c-bb177955c95b": {"FactionID": "27a53dfc-a321-4c12-bf7c-bb177955c95b", "StandingValue": 5, "AreOpenlyHostile": false}, "30bc70eb-2692-47e6-a7e3-2772e131c3d7": {"FactionID": "30bc70eb-2692-47e6-a7e3-2772e131c3d7", "StandingValue": -3, "AreOpenlyHostile": true}, "506286f5-6613-4481-ac26-caa9940fbe68": {"FactionID": "506286f5-6613-4481-ac26-caa9940fbe68", "StandingValue": -0.5, "AreOpenlyHostile": false}, "559d7fc1-5470-4ab4-8c66-fa2f0b89a523": {"FactionID": "559d7fc1-5470-4ab4-8c66-fa2f0b89a523", "StandingValue": 0.5, "AreOpenlyHostile": false}, "5db2bec7-37c3-4f1c-ab88-21024c12d639": {"FactionID": "5db2bec7-37c3-4f1c-ab88-21024c12d639", "StandingValue": -4, "AreOpenlyHostile": true}, "7decfd86-9c82-4a17-af3b-5d4af8c4e2ad": {"FactionID": "7decfd86-9c82-4a17-af3b-5d4af8c4e2ad", "StandingValue": -0.5, "AreOpenlyHostile": false}, "a0152cbb-8a78-45a4-ae9b-2ad2b60b583b": {"FactionID": "a0152cbb-8a78-45a4-ae9b-2ad2b60b583b", "StandingValue": 10, "AreOpenlyHostile": false}, "b3d3fa9c-b21e-490f-b39e-128b3af12128": {"FactionID": "b3d3fa9c-b21e-490f-b39e-128b3af12128", "StandingValue": 0, "AreOpenlyHostile": false}, "bdeffd9a-3cab-408c-9cd7-32fce1124f7a": {"FactionID": "bdeffd9a-3cab-408c-9cd7-32fce1124f7a", "StandingValue": -5, "AreOpenlyHostile": true}}}', true, 2, NULL, '{}', '[::1]:52944', false);
INSERT INTO public.users (id, charactername, hashpass, registered, banned, current_shipid, startid, escrow_containerid, current_factionid, reputationsheet, isnpc, behaviourmode, emailaddress, experiencesheet, registeredip, isdev) VALUES ('0cb18760-17c1-40d4-949c-27aac1d680cc', 'Neville Ferguson', 'fbdda709fdead5fabf73a6b7265e084235918f373564a2955aa5a7ef1d9f0b06', '2022-07-04 22:49:58.844702-04', B'0', null, '80ca3159-b21e-48bb-8c09-0344bbedba7b', 'efb0c8dc-2351-4c7f-afc9-54ea5dd74539', 'a0152cbb-8a78-45a4-ae9b-2ad2b60b583b', '{"factionEntries": {"27a53dfc-a321-4c12-bf7c-bb177955c95b": {"FactionID": "27a53dfc-a321-4c12-bf7c-bb177955c95b", "StandingValue": 5, "AreOpenlyHostile": false}, "30bc70eb-2692-47e6-a7e3-2772e131c3d7": {"FactionID": "30bc70eb-2692-47e6-a7e3-2772e131c3d7", "StandingValue": -3, "AreOpenlyHostile": true}, "506286f5-6613-4481-ac26-caa9940fbe68": {"FactionID": "506286f5-6613-4481-ac26-caa9940fbe68", "StandingValue": -0.5, "AreOpenlyHostile": false}, "559d7fc1-5470-4ab4-8c66-fa2f0b89a523": {"FactionID": "559d7fc1-5470-4ab4-8c66-fa2f0b89a523", "StandingValue": 0.5, "AreOpenlyHostile": false}, "5db2bec7-37c3-4f1c-ab88-21024c12d639": {"FactionID": "5db2bec7-37c3-4f1c-ab88-21024c12d639", "StandingValue": -4, "AreOpenlyHostile": true}, "7decfd86-9c82-4a17-af3b-5d4af8c4e2ad": {"FactionID": "7decfd86-9c82-4a17-af3b-5d4af8c4e2ad", "StandingValue": -0.5, "AreOpenlyHostile": false}, "a0152cbb-8a78-45a4-ae9b-2ad2b60b583b": {"FactionID": "a0152cbb-8a78-45a4-ae9b-2ad2b60b583b", "StandingValue": 10, "AreOpenlyHostile": false}, "b3d3fa9c-b21e-490f-b39e-128b3af12128": {"FactionID": "b3d3fa9c-b21e-490f-b39e-128b3af12128", "StandingValue": 0, "AreOpenlyHostile": false}, "bdeffd9a-3cab-408c-9cd7-32fce1124f7a": {"FactionID": "bdeffd9a-3cab-408c-9cd7-32fce1124f7a", "StandingValue": -5, "AreOpenlyHostile": true}}}', true, 2, NULL, '{}', '[::1]:52944', false);
INSERT INTO public.users (id, charactername, hashpass, registered, banned, current_shipid, startid, escrow_containerid, current_factionid, reputationsheet, isnpc, behaviourmode, emailaddress, experiencesheet, registeredip, isdev) VALUES ('d75b8035-fcfe-40c9-add8-bd520e77a8c6', 'Aurélie D’Armitz', 'b966f4702f8894850576b0191c74b8c4f1c60ba2375f81dbdbd09b2439243328', '2022-07-04 22:49:58.870228-04', B'0', null, '80ca3159-b21e-48bb-8c09-0344bbedba7b', 'b2788b78-a80f-4104-99e5-a44c232e1ed0', 'a0152cbb-8a78-45a4-ae9b-2ad2b60b583b', '{"factionEntries": {"27a53dfc-a321-4c12-bf7c-bb177955c95b": {"FactionID": "27a53dfc-a321-4c12-bf7c-bb177955c95b", "StandingValue": 5, "AreOpenlyHostile": false}, "30bc70eb-2692-47e6-a7e3-2772e131c3d7": {"FactionID": "30bc70eb-2692-47e6-a7e3-2772e131c3d7", "StandingValue": -3, "AreOpenlyHostile": true}, "506286f5-6613-4481-ac26-caa9940fbe68": {"FactionID": "506286f5-6613-4481-ac26-caa9940fbe68", "StandingValue": -0.5, "AreOpenlyHostile": false}, "559d7fc1-5470-4ab4-8c66-fa2f0b89a523": {"FactionID": "559d7fc1-5470-4ab4-8c66-fa2f0b89a523", "StandingValue": 0.5, "AreOpenlyHostile": false}, "5db2bec7-37c3-4f1c-ab88-21024c12d639": {"FactionID": "5db2bec7-37c3-4f1c-ab88-21024c12d639", "StandingValue": -4, "AreOpenlyHostile": true}, "7decfd86-9c82-4a17-af3b-5d4af8c4e2ad": {"FactionID": "7decfd86-9c82-4a17-af3b-5d4af8c4e2ad", "StandingValue": -0.5, "AreOpenlyHostile": false}, "a0152cbb-8a78-45a4-ae9b-2ad2b60b583b": {"FactionID": "a0152cbb-8a78-45a4-ae9b-2ad2b60b583b", "StandingValue": 10, "AreOpenlyHostile": false}, "b3d3fa9c-b21e-490f-b39e-128b3af12128": {"FactionID": "b3d3fa9c-b21e-490f-b39e-128b3af12128", "StandingValue": 0, "AreOpenlyHostile": false}, "bdeffd9a-3cab-408c-9cd7-32fce1124f7a": {"FactionID": "bdeffd9a-3cab-408c-9cd7-32fce1124f7a", "StandingValue": -5, "AreOpenlyHostile": true}}}', true, 2, NULL, '{}', '[::1]:52944', false);
INSERT INTO public.users (id, charactername, hashpass, registered, banned, current_shipid, startid, escrow_containerid, current_factionid, reputationsheet, isnpc, behaviourmode, emailaddress, experiencesheet, registeredip, isdev) VALUES ('3119eaa7-418f-46e2-8d15-68ea964aaa2d', 'Llŷr Caddell', '72e81bdc1b96f5d3533c85fdde9fc96a8a87bef1e3c6da2d5c004746fd6cc05e', '2022-07-04 22:49:58.997718-04', B'0', null, '80ca3159-b21e-48bb-8c09-0344bbedba7b', '4ea51e39-962e-47c5-8c39-2c6b51149c90', 'a0152cbb-8a78-45a4-ae9b-2ad2b60b583b', '{"factionEntries": {"27a53dfc-a321-4c12-bf7c-bb177955c95b": {"FactionID": "27a53dfc-a321-4c12-bf7c-bb177955c95b", "StandingValue": 5, "AreOpenlyHostile": false}, "30bc70eb-2692-47e6-a7e3-2772e131c3d7": {"FactionID": "30bc70eb-2692-47e6-a7e3-2772e131c3d7", "StandingValue": -3, "AreOpenlyHostile": true}, "506286f5-6613-4481-ac26-caa9940fbe68": {"FactionID": "506286f5-6613-4481-ac26-caa9940fbe68", "StandingValue": -0.5, "AreOpenlyHostile": false}, "559d7fc1-5470-4ab4-8c66-fa2f0b89a523": {"FactionID": "559d7fc1-5470-4ab4-8c66-fa2f0b89a523", "StandingValue": 0.5, "AreOpenlyHostile": false}, "5db2bec7-37c3-4f1c-ab88-21024c12d639": {"FactionID": "5db2bec7-37c3-4f1c-ab88-21024c12d639", "StandingValue": -4, "AreOpenlyHostile": true}, "7decfd86-9c82-4a17-af3b-5d4af8c4e2ad": {"FactionID": "7decfd86-9c82-4a17-af3b-5d4af8c4e2ad", "StandingValue": -0.5, "AreOpenlyHostile": false}, "a0152cbb-8a78-45a4-ae9b-2ad2b60b583b": {"FactionID": "a0152cbb-8a78-45a4-ae9b-2ad2b60b583b", "StandingValue": 10, "AreOpenlyHostile": false}, "b3d3fa9c-b21e-490f-b39e-128b3af12128": {"FactionID": "b3d3fa9c-b21e-490f-b39e-128b3af12128", "StandingValue": 0, "AreOpenlyHostile": false}, "bdeffd9a-3cab-408c-9cd7-32fce1124f7a": {"FactionID": "bdeffd9a-3cab-408c-9cd7-32fce1124f7a", "StandingValue": -5, "AreOpenlyHostile": true}}}', true, 2, NULL, '{}', '[::1]:52944', false);
INSERT INTO public.users (id, charactername, hashpass, registered, banned, current_shipid, startid, escrow_containerid, current_factionid, reputationsheet, isnpc, behaviourmode, emailaddress, experiencesheet, registeredip, isdev) VALUES ('f1d9887a-6f00-4cab-b12d-06e5f5c86bf9', 'Virginie Caron', 'a91abb5e97c220640101b1b0341fddd69489dfabca61a40aea368d2b9fb61b0c', '2022-07-04 22:49:58.895919-04', B'0', null, '80ca3159-b21e-48bb-8c09-0344bbedba7b', 'c5268584-bb8e-448b-b45a-7a44e70835b6', 'a0152cbb-8a78-45a4-ae9b-2ad2b60b583b', '{"factionEntries": {"27a53dfc-a321-4c12-bf7c-bb177955c95b": {"FactionID": "27a53dfc-a321-4c12-bf7c-bb177955c95b", "StandingValue": 5, "AreOpenlyHostile": false}, "30bc70eb-2692-47e6-a7e3-2772e131c3d7": {"FactionID": "30bc70eb-2692-47e6-a7e3-2772e131c3d7", "StandingValue": -3, "AreOpenlyHostile": true}, "506286f5-6613-4481-ac26-caa9940fbe68": {"FactionID": "506286f5-6613-4481-ac26-caa9940fbe68", "StandingValue": -0.5, "AreOpenlyHostile": false}, "559d7fc1-5470-4ab4-8c66-fa2f0b89a523": {"FactionID": "559d7fc1-5470-4ab4-8c66-fa2f0b89a523", "StandingValue": 0.5, "AreOpenlyHostile": false}, "5db2bec7-37c3-4f1c-ab88-21024c12d639": {"FactionID": "5db2bec7-37c3-4f1c-ab88-21024c12d639", "StandingValue": -4, "AreOpenlyHostile": true}, "7decfd86-9c82-4a17-af3b-5d4af8c4e2ad": {"FactionID": "7decfd86-9c82-4a17-af3b-5d4af8c4e2ad", "StandingValue": -0.5, "AreOpenlyHostile": false}, "a0152cbb-8a78-45a4-ae9b-2ad2b60b583b": {"FactionID": "a0152cbb-8a78-45a4-ae9b-2ad2b60b583b", "StandingValue": 10, "AreOpenlyHostile": false}, "b3d3fa9c-b21e-490f-b39e-128b3af12128": {"FactionID": "b3d3fa9c-b21e-490f-b39e-128b3af12128", "StandingValue": 0, "AreOpenlyHostile": false}, "bdeffd9a-3cab-408c-9cd7-32fce1124f7a": {"FactionID": "bdeffd9a-3cab-408c-9cd7-32fce1124f7a", "StandingValue": -5, "AreOpenlyHostile": true}}}', true, 2, NULL, '{}', '[::1]:52944', false);
INSERT INTO public.users (id, charactername, hashpass, registered, banned, current_shipid, startid, escrow_containerid, current_factionid, reputationsheet, isnpc, behaviourmode, emailaddress, experiencesheet, registeredip, isdev) VALUES ('f5d6177c-dd55-4636-b3bb-3f6069d60334', 'So Seulgi', '2054c9efdafa5238a53f0961da94b529b9f1fbb721712bc69afc47b72dfa3d95', '2022-07-04 22:49:58.921272-04', B'0', null, '80ca3159-b21e-48bb-8c09-0344bbedba7b', '05df0746-a843-4859-b314-04945019c068', 'a0152cbb-8a78-45a4-ae9b-2ad2b60b583b', '{"factionEntries": {"27a53dfc-a321-4c12-bf7c-bb177955c95b": {"FactionID": "27a53dfc-a321-4c12-bf7c-bb177955c95b", "StandingValue": 5, "AreOpenlyHostile": false}, "30bc70eb-2692-47e6-a7e3-2772e131c3d7": {"FactionID": "30bc70eb-2692-47e6-a7e3-2772e131c3d7", "StandingValue": -3, "AreOpenlyHostile": true}, "506286f5-6613-4481-ac26-caa9940fbe68": {"FactionID": "506286f5-6613-4481-ac26-caa9940fbe68", "StandingValue": -0.5, "AreOpenlyHostile": false}, "559d7fc1-5470-4ab4-8c66-fa2f0b89a523": {"FactionID": "559d7fc1-5470-4ab4-8c66-fa2f0b89a523", "StandingValue": 0.5, "AreOpenlyHostile": false}, "5db2bec7-37c3-4f1c-ab88-21024c12d639": {"FactionID": "5db2bec7-37c3-4f1c-ab88-21024c12d639", "StandingValue": -4, "AreOpenlyHostile": true}, "7decfd86-9c82-4a17-af3b-5d4af8c4e2ad": {"FactionID": "7decfd86-9c82-4a17-af3b-5d4af8c4e2ad", "StandingValue": -0.5, "AreOpenlyHostile": false}, "a0152cbb-8a78-45a4-ae9b-2ad2b60b583b": {"FactionID": "a0152cbb-8a78-45a4-ae9b-2ad2b60b583b", "StandingValue": 10, "AreOpenlyHostile": false}, "b3d3fa9c-b21e-490f-b39e-128b3af12128": {"FactionID": "b3d3fa9c-b21e-490f-b39e-128b3af12128", "StandingValue": 0, "AreOpenlyHostile": false}, "bdeffd9a-3cab-408c-9cd7-32fce1124f7a": {"FactionID": "bdeffd9a-3cab-408c-9cd7-32fce1124f7a", "StandingValue": -5, "AreOpenlyHostile": true}}}', true, 2, NULL, '{}', '[::1]:52944', false);
INSERT INTO public.users (id, charactername, hashpass, registered, banned, current_shipid, startid, escrow_containerid, current_factionid, reputationsheet, isnpc, behaviourmode, emailaddress, experiencesheet, registeredip, isdev) VALUES ('a392c2cf-db80-4788-a362-bb3ef8bb719d', 'Mo Dong-Min', 'fa0471a84b4756bce674d52c8e7b805c6ab3615b34cb5c31003780e231989b2f', '2022-07-04 22:49:58.946428-04', B'0', null, '80ca3159-b21e-48bb-8c09-0344bbedba7b', '923b6d7d-7171-46ac-b5ff-5a1936ebc28c', 'a0152cbb-8a78-45a4-ae9b-2ad2b60b583b', '{"factionEntries": {"27a53dfc-a321-4c12-bf7c-bb177955c95b": {"FactionID": "27a53dfc-a321-4c12-bf7c-bb177955c95b", "StandingValue": 5, "AreOpenlyHostile": false}, "30bc70eb-2692-47e6-a7e3-2772e131c3d7": {"FactionID": "30bc70eb-2692-47e6-a7e3-2772e131c3d7", "StandingValue": -3, "AreOpenlyHostile": true}, "506286f5-6613-4481-ac26-caa9940fbe68": {"FactionID": "506286f5-6613-4481-ac26-caa9940fbe68", "StandingValue": -0.5, "AreOpenlyHostile": false}, "559d7fc1-5470-4ab4-8c66-fa2f0b89a523": {"FactionID": "559d7fc1-5470-4ab4-8c66-fa2f0b89a523", "StandingValue": 0.5, "AreOpenlyHostile": false}, "5db2bec7-37c3-4f1c-ab88-21024c12d639": {"FactionID": "5db2bec7-37c3-4f1c-ab88-21024c12d639", "StandingValue": -4, "AreOpenlyHostile": true}, "7decfd86-9c82-4a17-af3b-5d4af8c4e2ad": {"FactionID": "7decfd86-9c82-4a17-af3b-5d4af8c4e2ad", "StandingValue": -0.5, "AreOpenlyHostile": false}, "a0152cbb-8a78-45a4-ae9b-2ad2b60b583b": {"FactionID": "a0152cbb-8a78-45a4-ae9b-2ad2b60b583b", "StandingValue": 10, "AreOpenlyHostile": false}, "b3d3fa9c-b21e-490f-b39e-128b3af12128": {"FactionID": "b3d3fa9c-b21e-490f-b39e-128b3af12128", "StandingValue": 0, "AreOpenlyHostile": false}, "bdeffd9a-3cab-408c-9cd7-32fce1124f7a": {"FactionID": "bdeffd9a-3cab-408c-9cd7-32fce1124f7a", "StandingValue": -5, "AreOpenlyHostile": true}}}', true, 2, NULL, '{}', '[::1]:52944', false);
INSERT INTO public.users (id, charactername, hashpass, registered, banned, current_shipid, startid, escrow_containerid, current_factionid, reputationsheet, isnpc, behaviourmode, emailaddress, experiencesheet, registeredip, isdev) VALUES ('7ef4858b-604c-4e85-9b25-5a43ee9407e7', 'Zain Okeke', 'a991be9c5c1bb1e12004498c9ee3010cc0745f75010716571d57d1d1b5bdd1e4', '2022-07-04 22:49:58.97215-04', B'0', null, '80ca3159-b21e-48bb-8c09-0344bbedba7b', '1e49bc0f-dd7b-4d20-82ec-02a3c12aaa5d', 'a0152cbb-8a78-45a4-ae9b-2ad2b60b583b', '{"factionEntries": {"27a53dfc-a321-4c12-bf7c-bb177955c95b": {"FactionID": "27a53dfc-a321-4c12-bf7c-bb177955c95b", "StandingValue": 5, "AreOpenlyHostile": false}, "30bc70eb-2692-47e6-a7e3-2772e131c3d7": {"FactionID": "30bc70eb-2692-47e6-a7e3-2772e131c3d7", "StandingValue": -3, "AreOpenlyHostile": true}, "506286f5-6613-4481-ac26-caa9940fbe68": {"FactionID": "506286f5-6613-4481-ac26-caa9940fbe68", "StandingValue": -0.5, "AreOpenlyHostile": false}, "559d7fc1-5470-4ab4-8c66-fa2f0b89a523": {"FactionID": "559d7fc1-5470-4ab4-8c66-fa2f0b89a523", "StandingValue": 0.5, "AreOpenlyHostile": false}, "5db2bec7-37c3-4f1c-ab88-21024c12d639": {"FactionID": "5db2bec7-37c3-4f1c-ab88-21024c12d639", "StandingValue": -4, "AreOpenlyHostile": true}, "7decfd86-9c82-4a17-af3b-5d4af8c4e2ad": {"FactionID": "7decfd86-9c82-4a17-af3b-5d4af8c4e2ad", "StandingValue": -0.5, "AreOpenlyHostile": false}, "a0152cbb-8a78-45a4-ae9b-2ad2b60b583b": {"FactionID": "a0152cbb-8a78-45a4-ae9b-2ad2b60b583b", "StandingValue": 10, "AreOpenlyHostile": false}, "b3d3fa9c-b21e-490f-b39e-128b3af12128": {"FactionID": "b3d3fa9c-b21e-490f-b39e-128b3af12128", "StandingValue": 0, "AreOpenlyHostile": false}, "bdeffd9a-3cab-408c-9cd7-32fce1124f7a": {"FactionID": "bdeffd9a-3cab-408c-9cd7-32fce1124f7a", "StandingValue": -5, "AreOpenlyHostile": true}}}', true, 2, NULL, '{}', '[::1]:52944', false);

--   ships
INSERT INTO public.ships (id, universe_systemid, userid, pos_x, pos_y, created, shipname, texture, theta, vel_x, vel_y, shield, armor, hull, fuel, heat, energy, shiptemplateid, dockedat_stationid, fitting, destroyed, destroyedat, cargobay_containerid, fittingbay_containerid, remaxdirty, trash_containerid, wallet, noload, flightexperiencemodifier) VALUES ('3a48b214-7a3f-4d06-87b2-b3e8eb4c376c', '0074f593-df14-47c4-8971-336b81a86fb8', '7f150ec8-9246-41f9-a483-4f017a154575', 0, 0, '2022-07-04 22:49:58.839344-04', 'Callie Nguyen''s Starter Ship', 'Robin', 0, 0, 0, 836, 676, 540, 1060, 0, 553, 'd68817c6-2448-4126-8ae5-766669f34cf5', 'ab91015b-fb32-47fd-bf38-d15af5933bab', '{"a_rack": [{"item_id": "9461aca8-a3bf-4c69-b654-b17aa200edc5", "slot_idx": 0, "item_type_id": "85fc1069-22b1-44ed-838b-64ed38d1e0b4"}, {"item_id": "a70e9571-5113-46c8-99f9-0f35da2a4c6d", "slot_idx": 1, "item_type_id": "85fc1069-22b1-44ed-838b-64ed38d1e0b4"}, {"item_id": "edd5bcc2-d08f-4cac-b8c4-8cc7adff4499", "slot_idx": 2, "item_type_id": "85fc1069-22b1-44ed-838b-64ed38d1e0b4"}, {"item_id": "aae02612-1765-44f2-8b33-410e0d9153a9", "slot_idx": 3, "item_type_id": "69d118ea-617d-477b-bb30-67f5da3c812e"}, {"item_id": "d20c8b46-226d-4ab7-a78f-0a0806003d29", "slot_idx": 4, "item_type_id": "c59844a1-25c7-4f29-a851-ae25077781ca"}], "b_rack": [{"item_id": "08ed6d8c-4136-402a-b208-26b301bf2f6f", "slot_idx": 0, "item_type_id": "70f816b8-e3c5-4e5f-bd0c-f8125519b168"}, {"item_id": "f687729e-6729-4a60-9a24-81492b51f8f7", "slot_idx": 1, "item_type_id": "aab8ec7b-6031-4f54-9ab4-434ab5e7b47c"}, {"item_id": "8431c3ee-a295-4ef4-b13f-40d3e1ed8e25", "slot_idx": 2, "item_type_id": "643b06f8-3df2-40d4-abfe-37d55287d628"}], "c_rack": [{"item_id": "b03aa980-83ab-4d5d-bccf-38ee3ab9c9fa", "slot_idx": 0, "item_type_id": "a3ff4095-2511-412f-89df-abe7b8516192"}, {"item_id": "9339bf8e-05e1-4007-9285-6b71f83010df", "slot_idx": 1, "item_type_id": "a3ff4095-2511-412f-89df-abe7b8516192"}, {"item_id": "5f42eec0-6e2f-4269-a5b4-94be92c346c9", "slot_idx": 2, "item_type_id": "0d0d134c-2b7d-4888-839a-d043d6aedca6"}]}', false, NULL, 'cb1d17f6-af52-418a-8461-d1159b0a74cb', '6f413b2c-b565-4b37-8698-76267ba397e9', true, '4b407aaa-040e-45e8-81be-71a55d28baeb', 10000, false, 1);
INSERT INTO public.ships (id, universe_systemid, userid, pos_x, pos_y, created, shipname, texture, theta, vel_x, vel_y, shield, armor, hull, fuel, heat, energy, shiptemplateid, dockedat_stationid, fitting, destroyed, destroyedat, cargobay_containerid, fittingbay_containerid, remaxdirty, trash_containerid, wallet, noload, flightexperiencemodifier) VALUES ('ae6981ed-24bd-4fb5-af39-d0dcfc87cc75', '0074f593-df14-47c4-8971-336b81a86fb8', '0cb18760-17c1-40d4-949c-27aac1d680cc', 0, 0, '2022-07-04 22:49:58.865478-04', 'Neville Ferguson''s Starter Ship', 'Robin', 0, 0, 0, 836, 676, 540, 1060, 0, 553, 'd68817c6-2448-4126-8ae5-766669f34cf5', 'ab91015b-fb32-47fd-bf38-d15af5933bab', '{"a_rack": [{"item_id": "13dbfbef-b4fc-4a02-acc4-720d7a202cca", "slot_idx": 0, "item_type_id": "85fc1069-22b1-44ed-838b-64ed38d1e0b4"}, {"item_id": "43f966d6-70f8-4b16-a60e-e81b2d4a3cbf", "slot_idx": 1, "item_type_id": "85fc1069-22b1-44ed-838b-64ed38d1e0b4"}, {"item_id": "c4f78c36-70b0-4a4f-aa84-bee47fe28719", "slot_idx": 2, "item_type_id": "85fc1069-22b1-44ed-838b-64ed38d1e0b4"}, {"item_id": "0c218c60-55a2-41dc-ae78-58752cff7363", "slot_idx": 3, "item_type_id": "69d118ea-617d-477b-bb30-67f5da3c812e"}, {"item_id": "7a346b52-0a0c-4fbe-8c68-8f44ca74b372", "slot_idx": 4, "item_type_id": "c59844a1-25c7-4f29-a851-ae25077781ca"}], "b_rack": [{"item_id": "5c3f578a-41b0-46fc-9152-3358851431ef", "slot_idx": 0, "item_type_id": "70f816b8-e3c5-4e5f-bd0c-f8125519b168"}, {"item_id": "b048658c-f594-4840-9b16-5674f63fabdf", "slot_idx": 1, "item_type_id": "aab8ec7b-6031-4f54-9ab4-434ab5e7b47c"}, {"item_id": "b5a9caa5-a641-4e81-9062-c0f8fd2a9b76", "slot_idx": 2, "item_type_id": "643b06f8-3df2-40d4-abfe-37d55287d628"}], "c_rack": [{"item_id": "6c373cd2-f788-4f7d-afd5-a4d74e4f262b", "slot_idx": 0, "item_type_id": "a3ff4095-2511-412f-89df-abe7b8516192"}, {"item_id": "29a87668-809a-4029-acbf-c8bcfbae1b7d", "slot_idx": 1, "item_type_id": "a3ff4095-2511-412f-89df-abe7b8516192"}, {"item_id": "5fcb0358-da8c-49c3-b82d-41a5b1820248", "slot_idx": 2, "item_type_id": "0d0d134c-2b7d-4888-839a-d043d6aedca6"}]}', false, NULL, '62116450-6e42-423a-b22b-f55e926b207b', '7ca3e1cb-ab4f-4949-ada5-528260f77e5c', true, '83aba5b0-2511-4721-869a-195c80586a43', 10000, false, 1);
INSERT INTO public.ships (id, universe_systemid, userid, pos_x, pos_y, created, shipname, texture, theta, vel_x, vel_y, shield, armor, hull, fuel, heat, energy, shiptemplateid, dockedat_stationid, fitting, destroyed, destroyedat, cargobay_containerid, fittingbay_containerid, remaxdirty, trash_containerid, wallet, noload, flightexperiencemodifier) VALUES ('245fe385-7faf-4ecd-bdfb-7ca8ce34383f', '0074f593-df14-47c4-8971-336b81a86fb8', 'd75b8035-fcfe-40c9-add8-bd520e77a8c6', 0, 0, '2022-07-04 22:49:58.88995-04', 'Aurélie D’Armitz''s Starter Sh', 'Robin', 0, 0, 0, 836, 676, 540, 1060, 0, 553, 'd68817c6-2448-4126-8ae5-766669f34cf5', 'ab91015b-fb32-47fd-bf38-d15af5933bab', '{"a_rack": [{"item_id": "737ef083-55ee-4068-8a20-95733511d1d8", "slot_idx": 0, "item_type_id": "85fc1069-22b1-44ed-838b-64ed38d1e0b4"}, {"item_id": "ed0795bc-299f-4976-be6f-bcc104c46bd8", "slot_idx": 1, "item_type_id": "85fc1069-22b1-44ed-838b-64ed38d1e0b4"}, {"item_id": "ab8b69ca-063e-4e70-983a-18633280bac7", "slot_idx": 2, "item_type_id": "85fc1069-22b1-44ed-838b-64ed38d1e0b4"}, {"item_id": "df78ba5b-643e-4c8b-8a67-04e0eea94e74", "slot_idx": 3, "item_type_id": "69d118ea-617d-477b-bb30-67f5da3c812e"}, {"item_id": "0f726f13-fa04-4042-bb01-9c97bdffd060", "slot_idx": 4, "item_type_id": "c59844a1-25c7-4f29-a851-ae25077781ca"}], "b_rack": [{"item_id": "635060fa-6080-4f47-8a36-283f7460600f", "slot_idx": 0, "item_type_id": "70f816b8-e3c5-4e5f-bd0c-f8125519b168"}, {"item_id": "229ed4ee-5a6a-4118-bbef-61a7da0cda1c", "slot_idx": 1, "item_type_id": "aab8ec7b-6031-4f54-9ab4-434ab5e7b47c"}, {"item_id": "4347033c-9f82-4492-ad30-d882e7867592", "slot_idx": 2, "item_type_id": "643b06f8-3df2-40d4-abfe-37d55287d628"}], "c_rack": [{"item_id": "8e14393f-c05b-4846-b10e-3f9e6b76bcd3", "slot_idx": 0, "item_type_id": "a3ff4095-2511-412f-89df-abe7b8516192"}, {"item_id": "2b2401ac-d233-4ec3-95be-edae6478b8b3", "slot_idx": 1, "item_type_id": "a3ff4095-2511-412f-89df-abe7b8516192"}, {"item_id": "741d7a59-5fd3-4d63-8c15-1c850185bba6", "slot_idx": 2, "item_type_id": "0d0d134c-2b7d-4888-839a-d043d6aedca6"}]}', false, NULL, '289f6ec4-d9cf-44ad-8108-77c0290b2c71', '819892d7-9f4b-4a52-8683-78f239d25330', true, '86a81393-a6e2-48e9-b4c8-a6b40fa92321', 10000, false, 1);
INSERT INTO public.ships (id, universe_systemid, userid, pos_x, pos_y, created, shipname, texture, theta, vel_x, vel_y, shield, armor, hull, fuel, heat, energy, shiptemplateid, dockedat_stationid, fitting, destroyed, destroyedat, cargobay_containerid, fittingbay_containerid, remaxdirty, trash_containerid, wallet, noload, flightexperiencemodifier) VALUES ('79ba968e-3f9a-4a01-922a-ed8163d0cada', '0074f593-df14-47c4-8971-336b81a86fb8', 'f1d9887a-6f00-4cab-b12d-06e5f5c86bf9', 0, 0, '2022-07-04 22:49:58.916275-04', 'Virginie Caron''s Starter Ship', 'Robin', 0, 0, 0, 836, 676, 540, 1060, 0, 553, 'd68817c6-2448-4126-8ae5-766669f34cf5', 'ab91015b-fb32-47fd-bf38-d15af5933bab', '{"a_rack": [{"item_id": "16aa6c14-d1c1-47ba-afd5-d18c622e3d87", "slot_idx": 0, "item_type_id": "85fc1069-22b1-44ed-838b-64ed38d1e0b4"}, {"item_id": "b2a1e8da-461f-4ab2-a9de-dd3c4a10e587", "slot_idx": 1, "item_type_id": "85fc1069-22b1-44ed-838b-64ed38d1e0b4"}, {"item_id": "e841eced-a0cf-4e35-9aa4-190489761c56", "slot_idx": 2, "item_type_id": "85fc1069-22b1-44ed-838b-64ed38d1e0b4"}, {"item_id": "bbadec83-18c1-4adc-ae0e-1e0e8cfcabae", "slot_idx": 3, "item_type_id": "69d118ea-617d-477b-bb30-67f5da3c812e"}, {"item_id": "9709d5fd-3d83-4cdc-a95d-a37a61068344", "slot_idx": 4, "item_type_id": "c59844a1-25c7-4f29-a851-ae25077781ca"}], "b_rack": [{"item_id": "484cf431-a624-4bd5-a8ab-40b5a4357ba3", "slot_idx": 0, "item_type_id": "70f816b8-e3c5-4e5f-bd0c-f8125519b168"}, {"item_id": "02efa6dd-c086-42c4-9dca-465b44b95c25", "slot_idx": 1, "item_type_id": "aab8ec7b-6031-4f54-9ab4-434ab5e7b47c"}, {"item_id": "0a50db9d-5d66-41c5-8790-8c960793caf2", "slot_idx": 2, "item_type_id": "643b06f8-3df2-40d4-abfe-37d55287d628"}], "c_rack": [{"item_id": "8282cab2-da58-46c2-b79c-d46995c847cf", "slot_idx": 0, "item_type_id": "a3ff4095-2511-412f-89df-abe7b8516192"}, {"item_id": "4ebef967-d932-449d-93e6-3ecc1231b118", "slot_idx": 1, "item_type_id": "a3ff4095-2511-412f-89df-abe7b8516192"}, {"item_id": "43e770f7-9ef5-44e0-a1a3-4c39e7814293", "slot_idx": 2, "item_type_id": "0d0d134c-2b7d-4888-839a-d043d6aedca6"}]}', false, NULL, '92136af0-9984-450a-8cff-b58d0f02d085', '3a68406d-3377-4a68-8520-03e699fa4c48', true, '2e807aeb-95e8-488f-86f1-80347929fa5b', 10000, false, 1);
INSERT INTO public.ships (id, universe_systemid, userid, pos_x, pos_y, created, shipname, texture, theta, vel_x, vel_y, shield, armor, hull, fuel, heat, energy, shiptemplateid, dockedat_stationid, fitting, destroyed, destroyedat, cargobay_containerid, fittingbay_containerid, remaxdirty, trash_containerid, wallet, noload, flightexperiencemodifier) VALUES ('27cae1bd-d621-4eb4-9c99-a71bf89e2fb6', '0074f593-df14-47c4-8971-336b81a86fb8', 'f5d6177c-dd55-4636-b3bb-3f6069d60334', 0, 0, '2022-07-04 22:49:58.941329-04', 'So Seulgi''s Starter Ship', 'Robin', 0, 0, 0, 836, 676, 540, 1060, 0, 553, 'd68817c6-2448-4126-8ae5-766669f34cf5', 'ab91015b-fb32-47fd-bf38-d15af5933bab', '{"a_rack": [{"item_id": "e4b7ede1-96ea-42fc-b3e0-2a756f18865a", "slot_idx": 0, "item_type_id": "85fc1069-22b1-44ed-838b-64ed38d1e0b4"}, {"item_id": "d83915b1-52a5-42b2-b3b5-3194e998be98", "slot_idx": 1, "item_type_id": "85fc1069-22b1-44ed-838b-64ed38d1e0b4"}, {"item_id": "03a44251-356e-49e7-8f3f-9728e1bcb68b", "slot_idx": 2, "item_type_id": "85fc1069-22b1-44ed-838b-64ed38d1e0b4"}, {"item_id": "51db9e83-e494-41b6-bbc7-739b46937e90", "slot_idx": 3, "item_type_id": "69d118ea-617d-477b-bb30-67f5da3c812e"}, {"item_id": "7fa6be2a-ee1a-46f1-a91d-10ca03b493e3", "slot_idx": 4, "item_type_id": "c59844a1-25c7-4f29-a851-ae25077781ca"}], "b_rack": [{"item_id": "f465b32d-d246-4098-a0a4-88b2de975350", "slot_idx": 0, "item_type_id": "70f816b8-e3c5-4e5f-bd0c-f8125519b168"}, {"item_id": "fbec712f-437b-497e-96a2-ff78d21114cd", "slot_idx": 1, "item_type_id": "aab8ec7b-6031-4f54-9ab4-434ab5e7b47c"}, {"item_id": "2856ffc0-e092-4d8e-a291-de6b567bcae9", "slot_idx": 2, "item_type_id": "643b06f8-3df2-40d4-abfe-37d55287d628"}], "c_rack": [{"item_id": "26869362-239c-42d7-9994-7b957834e766", "slot_idx": 0, "item_type_id": "a3ff4095-2511-412f-89df-abe7b8516192"}, {"item_id": "19c59a37-4a2a-4aa8-8f91-8e99a3466307", "slot_idx": 1, "item_type_id": "a3ff4095-2511-412f-89df-abe7b8516192"}, {"item_id": "8f049025-5bae-4e65-9a5b-3760031e5d4e", "slot_idx": 2, "item_type_id": "0d0d134c-2b7d-4888-839a-d043d6aedca6"}]}', false, NULL, '8f37a3ac-610a-426e-b91f-eb8dfbf534d7', '7f932042-6ad8-4b2d-a2f8-85a6b5f24554', true, '4ce19fa6-2ac2-45cb-85b1-be5c12894522', 10000, false, 1);
INSERT INTO public.ships (id, universe_systemid, userid, pos_x, pos_y, created, shipname, texture, theta, vel_x, vel_y, shield, armor, hull, fuel, heat, energy, shiptemplateid, dockedat_stationid, fitting, destroyed, destroyedat, cargobay_containerid, fittingbay_containerid, remaxdirty, trash_containerid, wallet, noload, flightexperiencemodifier) VALUES ('ca498c11-fdf5-465a-8d30-ee6967a19af1', '0074f593-df14-47c4-8971-336b81a86fb8', 'a392c2cf-db80-4788-a362-bb3ef8bb719d', 0, 0, '2022-07-04 22:49:58.967035-04', 'Mo Dong-Min''s Starter Ship', 'Robin', 0, 0, 0, 836, 676, 540, 1060, 0, 553, 'd68817c6-2448-4126-8ae5-766669f34cf5', 'ab91015b-fb32-47fd-bf38-d15af5933bab', '{"a_rack": [{"item_id": "124de03c-79f5-4321-bec1-2ed965257030", "slot_idx": 0, "item_type_id": "85fc1069-22b1-44ed-838b-64ed38d1e0b4"}, {"item_id": "3b209e13-3355-49c8-9349-b37d5fae1d20", "slot_idx": 1, "item_type_id": "85fc1069-22b1-44ed-838b-64ed38d1e0b4"}, {"item_id": "a6b450bb-61c3-4abc-ae8c-66406c19df2f", "slot_idx": 2, "item_type_id": "85fc1069-22b1-44ed-838b-64ed38d1e0b4"}, {"item_id": "fe25a57e-0695-400f-a211-9d41b1ab8d5f", "slot_idx": 3, "item_type_id": "69d118ea-617d-477b-bb30-67f5da3c812e"}, {"item_id": "c645a34a-dd5e-4d9b-a06d-0ec0666ef2f0", "slot_idx": 4, "item_type_id": "c59844a1-25c7-4f29-a851-ae25077781ca"}], "b_rack": [{"item_id": "a539bcfe-5d87-4d30-b6f9-7f4c5b698aa3", "slot_idx": 0, "item_type_id": "70f816b8-e3c5-4e5f-bd0c-f8125519b168"}, {"item_id": "4514dc52-9504-474b-8db4-3f49157a2ab2", "slot_idx": 1, "item_type_id": "aab8ec7b-6031-4f54-9ab4-434ab5e7b47c"}, {"item_id": "8e0ebfd3-ac6e-45b8-b9bc-f5007f6febf3", "slot_idx": 2, "item_type_id": "643b06f8-3df2-40d4-abfe-37d55287d628"}], "c_rack": [{"item_id": "fbd412e4-a33c-4768-b1f5-b6279f042bc8", "slot_idx": 0, "item_type_id": "a3ff4095-2511-412f-89df-abe7b8516192"}, {"item_id": "3637a027-4aed-4d9e-9b74-3e3cd486d31a", "slot_idx": 1, "item_type_id": "a3ff4095-2511-412f-89df-abe7b8516192"}, {"item_id": "efe12d4d-b57c-4df2-be7c-293bae6ec4d1", "slot_idx": 2, "item_type_id": "0d0d134c-2b7d-4888-839a-d043d6aedca6"}]}', false, NULL, '23936453-af97-45f5-a914-28350b0b911c', 'bb8bf50e-9761-4bd7-bd19-a40a76836558', true, 'b7fa473c-07fc-4eb2-ba99-2d1d0a779415', 10000, false, 1);
INSERT INTO public.ships (id, universe_systemid, userid, pos_x, pos_y, created, shipname, texture, theta, vel_x, vel_y, shield, armor, hull, fuel, heat, energy, shiptemplateid, dockedat_stationid, fitting, destroyed, destroyedat, cargobay_containerid, fittingbay_containerid, remaxdirty, trash_containerid, wallet, noload, flightexperiencemodifier) VALUES ('0665164e-c8d1-4c4c-a038-ba0a9450f4f6', '0074f593-df14-47c4-8971-336b81a86fb8', '7ef4858b-604c-4e85-9b25-5a43ee9407e7', 0, 0, '2022-07-04 22:49:58.992589-04', 'Zain Okeke''s Starter Ship', 'Robin', 0, 0, 0, 836, 676, 540, 1060, 0, 553, 'd68817c6-2448-4126-8ae5-766669f34cf5', 'ab91015b-fb32-47fd-bf38-d15af5933bab', '{"a_rack": [{"item_id": "25160684-0697-43b2-9888-342f1eaa15c2", "slot_idx": 0, "item_type_id": "85fc1069-22b1-44ed-838b-64ed38d1e0b4"}, {"item_id": "3d413905-75d0-40e5-9889-bdae68c777a9", "slot_idx": 1, "item_type_id": "85fc1069-22b1-44ed-838b-64ed38d1e0b4"}, {"item_id": "68be0b4d-21df-4349-963b-b8e60fdce002", "slot_idx": 2, "item_type_id": "85fc1069-22b1-44ed-838b-64ed38d1e0b4"}, {"item_id": "e37a83e9-d344-4fe6-afef-3eb0c595cab0", "slot_idx": 3, "item_type_id": "69d118ea-617d-477b-bb30-67f5da3c812e"}, {"item_id": "8d29d9db-cc09-4eeb-ac44-f5a333b04d20", "slot_idx": 4, "item_type_id": "c59844a1-25c7-4f29-a851-ae25077781ca"}], "b_rack": [{"item_id": "20cd106a-a5a2-4db5-8795-d92a09cf1ffa", "slot_idx": 0, "item_type_id": "70f816b8-e3c5-4e5f-bd0c-f8125519b168"}, {"item_id": "226fbf27-70c6-45d5-b525-9cd2092a23bb", "slot_idx": 1, "item_type_id": "aab8ec7b-6031-4f54-9ab4-434ab5e7b47c"}, {"item_id": "b9bc4511-ac86-4e35-becc-eee5363547a5", "slot_idx": 2, "item_type_id": "643b06f8-3df2-40d4-abfe-37d55287d628"}], "c_rack": [{"item_id": "780a17d5-3f5d-4f59-99c7-1a6a17fba081", "slot_idx": 0, "item_type_id": "a3ff4095-2511-412f-89df-abe7b8516192"}, {"item_id": "a864d9d4-6c8a-416e-9e21-4648e2a6be03", "slot_idx": 1, "item_type_id": "a3ff4095-2511-412f-89df-abe7b8516192"}, {"item_id": "57a1db42-48a3-49f1-b51d-f27975ff501f", "slot_idx": 2, "item_type_id": "0d0d134c-2b7d-4888-839a-d043d6aedca6"}]}', false, NULL, '820a8cbe-598f-4b44-b498-a563363906f4', 'dcd23c12-8ab6-480f-b288-effb071afdd4', true, 'e2c073f0-62e6-4e67-97be-68d086859b06', 10000, false, 1);
INSERT INTO public.ships (id, universe_systemid, userid, pos_x, pos_y, created, shipname, texture, theta, vel_x, vel_y, shield, armor, hull, fuel, heat, energy, shiptemplateid, dockedat_stationid, fitting, destroyed, destroyedat, cargobay_containerid, fittingbay_containerid, remaxdirty, trash_containerid, wallet, noload, flightexperiencemodifier) VALUES ('0f624347-5304-41f2-831a-6bd6140c27a6', '0074f593-df14-47c4-8971-336b81a86fb8', '3119eaa7-418f-46e2-8d15-68ea964aaa2d', 0, 0, '2022-07-04 22:49:59.018339-04', 'Llŷr Caddell''s Starter Ship', 'Robin', 0, 0, 0, 836, 676, 540, 1060, 0, 553, 'd68817c6-2448-4126-8ae5-766669f34cf5', 'ab91015b-fb32-47fd-bf38-d15af5933bab', '{"a_rack": [{"item_id": "2a5e751f-d665-40a8-a2a5-640d40140f5c", "slot_idx": 0, "item_type_id": "85fc1069-22b1-44ed-838b-64ed38d1e0b4"}, {"item_id": "1f9cb5fe-4eee-4427-b09f-72731f43d638", "slot_idx": 1, "item_type_id": "85fc1069-22b1-44ed-838b-64ed38d1e0b4"}, {"item_id": "52764a38-e349-48d3-92cf-a74208db32d6", "slot_idx": 2, "item_type_id": "85fc1069-22b1-44ed-838b-64ed38d1e0b4"}, {"item_id": "5c70206a-388a-405a-b2ad-918c2ed66a1e", "slot_idx": 3, "item_type_id": "69d118ea-617d-477b-bb30-67f5da3c812e"}, {"item_id": "63b95da9-46b6-433e-ada2-df8fdb504f2e", "slot_idx": 4, "item_type_id": "c59844a1-25c7-4f29-a851-ae25077781ca"}], "b_rack": [{"item_id": "9e528c59-2290-49a4-9753-8fdf6a38a412", "slot_idx": 0, "item_type_id": "70f816b8-e3c5-4e5f-bd0c-f8125519b168"}, {"item_id": "ab1c2efb-0520-43b5-9d32-bf81fab158f5", "slot_idx": 1, "item_type_id": "aab8ec7b-6031-4f54-9ab4-434ab5e7b47c"}, {"item_id": "fa078de2-bcc4-4913-aeec-66e56c07a884", "slot_idx": 2, "item_type_id": "643b06f8-3df2-40d4-abfe-37d55287d628"}], "c_rack": [{"item_id": "32ed5971-46e4-4b14-b388-2820259f355b", "slot_idx": 0, "item_type_id": "a3ff4095-2511-412f-89df-abe7b8516192"}, {"item_id": "2a8a81dc-eeb2-4369-9b39-25e4e6c77b90", "slot_idx": 1, "item_type_id": "a3ff4095-2511-412f-89df-abe7b8516192"}, {"item_id": "0b157393-0ed6-42f0-bac8-ab7be8483d50", "slot_idx": 2, "item_type_id": "0d0d134c-2b7d-4888-839a-d043d6aedca6"}]}', false, NULL, '53273c66-5ad8-43ff-8e02-230221be3129', 'aa9f5ae4-a942-421e-926e-b977e6b5fcfc', true, 'f70518ac-f05b-41cc-982a-7ce602e76c14', 10000, false, 1);

--   items
INSERT INTO public.items (id, itemtypeid, meta, created, createdby, createdreason, containerid, quantity, ispackaged) VALUES ('9461aca8-a3bf-4c69-b654-b17aa200edc5', '85fc1069-22b1-44ed-838b-64ed38d1e0b4', '{"hp": 21, "rack": "a", "range": 7173, "volume": 37, "falloff": "linear", "cooldown": 18.4, "tracking": 48.7, "hull_damage": 2520, "armor_damage": 1840, "can_mine_gas": false, "can_mine_ice": false, "can_mine_ore": false, "needs_target": true, "shield_damage": 1240, "activation_heat": 91.3, "ammunition_name": "Light Gauss Shell", "ammunition_type": "33f86ee2-4c16-400e-82ad-38796bea0017", "industrialmarket": {"maxprice": 9658, "minprice": 5219, "silosize": 1000}, "activation_energy": 27, "ore_mining_volume": 0, "activation_gfx_effect": "small_gauss_rifle"}', '2022-07-04 22:49:58.823749-04', '7f150ec8-9246-41f9-a483-4f017a154575', 'Module for new noob ship for player', '6f413b2c-b565-4b37-8698-76267ba397e9', 1, false);
INSERT INTO public.items (id, itemtypeid, meta, created, createdby, createdreason, containerid, quantity, ispackaged) VALUES ('a70e9571-5113-46c8-99f9-0f35da2a4c6d', '85fc1069-22b1-44ed-838b-64ed38d1e0b4', '{"hp": 21, "rack": "a", "range": 7173, "volume": 37, "falloff": "linear", "cooldown": 18.4, "tracking": 48.7, "hull_damage": 2520, "armor_damage": 1840, "can_mine_gas": false, "can_mine_ice": false, "can_mine_ore": false, "needs_target": true, "shield_damage": 1240, "activation_heat": 91.3, "ammunition_name": "Light Gauss Shell", "ammunition_type": "33f86ee2-4c16-400e-82ad-38796bea0017", "industrialmarket": {"maxprice": 9658, "minprice": 5219, "silosize": 1000}, "activation_energy": 27, "ore_mining_volume": 0, "activation_gfx_effect": "small_gauss_rifle"}', '2022-07-04 22:49:58.825358-04', '7f150ec8-9246-41f9-a483-4f017a154575', 'Module for new noob ship for player', '6f413b2c-b565-4b37-8698-76267ba397e9', 1, false);
INSERT INTO public.items (id, itemtypeid, meta, created, createdby, createdreason, containerid, quantity, ispackaged) VALUES ('edd5bcc2-d08f-4cac-b8c4-8cc7adff4499', '85fc1069-22b1-44ed-838b-64ed38d1e0b4', '{"hp": 21, "rack": "a", "range": 7173, "volume": 37, "falloff": "linear", "cooldown": 18.4, "tracking": 48.7, "hull_damage": 2520, "armor_damage": 1840, "can_mine_gas": false, "can_mine_ice": false, "can_mine_ore": false, "needs_target": true, "shield_damage": 1240, "activation_heat": 91.3, "ammunition_name": "Light Gauss Shell", "ammunition_type": "33f86ee2-4c16-400e-82ad-38796bea0017", "industrialmarket": {"maxprice": 9658, "minprice": 5219, "silosize": 1000}, "activation_energy": 27, "ore_mining_volume": 0, "activation_gfx_effect": "small_gauss_rifle"}', '2022-07-04 22:49:58.826748-04', '7f150ec8-9246-41f9-a483-4f017a154575', 'Module for new noob ship for player', '6f413b2c-b565-4b37-8698-76267ba397e9', 1, false);
INSERT INTO public.items (id, itemtypeid, meta, created, createdby, createdreason, containerid, quantity, ispackaged) VALUES ('aae02612-1765-44f2-8b33-410e0d9153a9', '69d118ea-617d-477b-bb30-67f5da3c812e', '{"hp": 20, "rack": "a", "range": 1431, "volume": 39, "falloff": "linear", "cooldown": 17.5, "tracking": 110, "needs_target": true, "activation_heat": 177, "industrialmarket": {"maxprice": 16890, "minprice": 10988, "silosize": 1000}, "activation_energy": 43, "energy_siphon_amount": 858, "activation_gfx_effect": "small_energy_siphon"}', '2022-07-04 22:49:58.828194-04', '7f150ec8-9246-41f9-a483-4f017a154575', 'Module for new noob ship for player', '6f413b2c-b565-4b37-8698-76267ba397e9', 1, false);
INSERT INTO public.items (id, itemtypeid, meta, created, createdby, createdreason, containerid, quantity, ispackaged) VALUES ('d20c8b46-226d-4ab7-a78f-0a0806003d29', 'c59844a1-25c7-4f29-a851-ae25077781ca', '{"hp": 38, "rack": "a", "range": 1975, "volume": 32, "falloff": "linear", "cooldown": 5.7, "hull_damage": 1.5, "armor_damage": 0.9, "needs_target": false, "shield_damage": 35.3, "activation_heat": 212, "industrialmarket": {"maxprice": 37978, "minprice": 19450, "silosize": 1000}, "activation_energy": 205, "energy_siphon_amount": 213, "activation_gfx_effect": "small_add_negative", "missile_destruction_chance": 0.19}', '2022-07-04 22:49:58.829913-04', '7f150ec8-9246-41f9-a483-4f017a154575', 'Module for new noob ship for player', '6f413b2c-b565-4b37-8698-76267ba397e9', 1, false);
INSERT INTO public.items (id, itemtypeid, meta, created, createdby, createdreason, containerid, quantity, ispackaged) VALUES ('08ed6d8c-4136-402a-b208-26b301bf2f6f', '70f816b8-e3c5-4e5f-bd0c-f8125519b168', '{"hp": 10, "rack": "b", "volume": 32, "cooldown": 13.5, "needs_target": false, "activation_heat": 511, "industrialmarket": {"maxprice": 1723, "minprice": 630, "silosize": 1000}, "activation_energy": 120, "shield_boost_amount": 175, "activation_gfx_effect": "small_shield_booster"}', '2022-07-04 22:49:58.831468-04', '7f150ec8-9246-41f9-a483-4f017a154575', 'Module for new noob ship for player', '6f413b2c-b565-4b37-8698-76267ba397e9', 1, false);
INSERT INTO public.items (id, itemtypeid, meta, created, createdby, createdreason, containerid, quantity, ispackaged) VALUES ('f687729e-6729-4a60-9a24-81492b51f8f7', 'aab8ec7b-6031-4f54-9ab4-434ab5e7b47c', '{"hp": 35, "rack": "b", "volume": 35, "cooldown": 27.5, "needs_target": false, "activation_heat": 490, "industrialmarket": {"maxprice": 7319, "minprice": 4250, "silosize": 1000}, "activation_energy": 385}', '2022-07-04 22:49:58.832908-04', '7f150ec8-9246-41f9-a483-4f017a154575', 'Module for new noob ship for player', '6f413b2c-b565-4b37-8698-76267ba397e9', 1, false);
INSERT INTO public.items (id, itemtypeid, meta, created, createdby, createdreason, containerid, quantity, ispackaged) VALUES ('8431c3ee-a295-4ef4-b13f-40d3e1ed8e25', '643b06f8-3df2-40d4-abfe-37d55287d628', '{"hp": 13, "rack": "b", "range": 5487, "volume": 33, "falloff": "linear", "cooldown": 21.2, "needs_target": true, "activation_heat": 687, "drag_multiplier": 29.5, "industrialmarket": {"maxprice": 14075, "minprice": 10233, "silosize": 500}, "activation_energy": 760, "activation_gfx_effect": "small_aether_dragger"}', '2022-07-04 22:49:58.834305-04', '7f150ec8-9246-41f9-a483-4f017a154575', 'Module for new noob ship for player', '6f413b2c-b565-4b37-8698-76267ba397e9', 1, false);
INSERT INTO public.items (id, itemtypeid, meta, created, createdby, createdreason, containerid, quantity, ispackaged) VALUES ('b03aa980-83ab-4d5d-bccf-38ee3ab9c9fa', 'a3ff4095-2511-412f-89df-abe7b8516192', '{"hp": 72, "rack": "c", "volume": 25, "heat_sink_add": 25, "industrialmarket": {"maxprice": 1660, "minprice": 995, "silosize": 1000}}', '2022-07-04 22:49:58.835626-04', '7f150ec8-9246-41f9-a483-4f017a154575', 'Module for new noob ship for player', '6f413b2c-b565-4b37-8698-76267ba397e9', 1, false);
INSERT INTO public.items (id, itemtypeid, meta, created, createdby, createdreason, containerid, quantity, ispackaged) VALUES ('9339bf8e-05e1-4007-9285-6b71f83010df', 'a3ff4095-2511-412f-89df-abe7b8516192', '{"hp": 72, "rack": "c", "volume": 25, "heat_sink_add": 25, "industrialmarket": {"maxprice": 1660, "minprice": 995, "silosize": 1000}}', '2022-07-04 22:49:58.836858-04', '7f150ec8-9246-41f9-a483-4f017a154575', 'Module for new noob ship for player', '6f413b2c-b565-4b37-8698-76267ba397e9', 1, false);
INSERT INTO public.items (id, itemtypeid, meta, created, createdby, createdreason, containerid, quantity, ispackaged) VALUES ('5f42eec0-6e2f-4269-a5b4-94be92c346c9', '0d0d134c-2b7d-4888-839a-d043d6aedca6', '{"hp": 30, "rack": "c", "volume": 22, "fuel_max_add": 850, "industrialmarket": {"maxprice": 712, "minprice": 314, "silosize": 1000}}', '2022-07-04 22:49:58.838159-04', '7f150ec8-9246-41f9-a483-4f017a154575', 'Module for new noob ship for player', '6f413b2c-b565-4b37-8698-76267ba397e9', 1, false);
INSERT INTO public.items (id, itemtypeid, meta, created, createdby, createdreason, containerid, quantity, ispackaged) VALUES ('13dbfbef-b4fc-4a02-acc4-720d7a202cca', '85fc1069-22b1-44ed-838b-64ed38d1e0b4', '{"hp": 21, "rack": "a", "range": 7173, "volume": 37, "falloff": "linear", "cooldown": 18.4, "tracking": 48.7, "hull_damage": 2520, "armor_damage": 1840, "can_mine_gas": false, "can_mine_ice": false, "can_mine_ore": false, "needs_target": true, "shield_damage": 1240, "activation_heat": 91.3, "ammunition_name": "Light Gauss Shell", "ammunition_type": "33f86ee2-4c16-400e-82ad-38796bea0017", "industrialmarket": {"maxprice": 9658, "minprice": 5219, "silosize": 1000}, "activation_energy": 27, "ore_mining_volume": 0, "activation_gfx_effect": "small_gauss_rifle"}', '2022-07-04 22:49:58.849878-04', '0cb18760-17c1-40d4-949c-27aac1d680cc', 'Module for new noob ship for player', '7ca3e1cb-ab4f-4949-ada5-528260f77e5c', 1, false);
INSERT INTO public.items (id, itemtypeid, meta, created, createdby, createdreason, containerid, quantity, ispackaged) VALUES ('43f966d6-70f8-4b16-a60e-e81b2d4a3cbf', '85fc1069-22b1-44ed-838b-64ed38d1e0b4', '{"hp": 21, "rack": "a", "range": 7173, "volume": 37, "falloff": "linear", "cooldown": 18.4, "tracking": 48.7, "hull_damage": 2520, "armor_damage": 1840, "can_mine_gas": false, "can_mine_ice": false, "can_mine_ore": false, "needs_target": true, "shield_damage": 1240, "activation_heat": 91.3, "ammunition_name": "Light Gauss Shell", "ammunition_type": "33f86ee2-4c16-400e-82ad-38796bea0017", "industrialmarket": {"maxprice": 9658, "minprice": 5219, "silosize": 1000}, "activation_energy": 27, "ore_mining_volume": 0, "activation_gfx_effect": "small_gauss_rifle"}', '2022-07-04 22:49:58.851365-04', '0cb18760-17c1-40d4-949c-27aac1d680cc', 'Module for new noob ship for player', '7ca3e1cb-ab4f-4949-ada5-528260f77e5c', 1, false);
INSERT INTO public.items (id, itemtypeid, meta, created, createdby, createdreason, containerid, quantity, ispackaged) VALUES ('c4f78c36-70b0-4a4f-aa84-bee47fe28719', '85fc1069-22b1-44ed-838b-64ed38d1e0b4', '{"hp": 21, "rack": "a", "range": 7173, "volume": 37, "falloff": "linear", "cooldown": 18.4, "tracking": 48.7, "hull_damage": 2520, "armor_damage": 1840, "can_mine_gas": false, "can_mine_ice": false, "can_mine_ore": false, "needs_target": true, "shield_damage": 1240, "activation_heat": 91.3, "ammunition_name": "Light Gauss Shell", "ammunition_type": "33f86ee2-4c16-400e-82ad-38796bea0017", "industrialmarket": {"maxprice": 9658, "minprice": 5219, "silosize": 1000}, "activation_energy": 27, "ore_mining_volume": 0, "activation_gfx_effect": "small_gauss_rifle"}', '2022-07-04 22:49:58.852773-04', '0cb18760-17c1-40d4-949c-27aac1d680cc', 'Module for new noob ship for player', '7ca3e1cb-ab4f-4949-ada5-528260f77e5c', 1, false);
INSERT INTO public.items (id, itemtypeid, meta, created, createdby, createdreason, containerid, quantity, ispackaged) VALUES ('0c218c60-55a2-41dc-ae78-58752cff7363', '69d118ea-617d-477b-bb30-67f5da3c812e', '{"hp": 20, "rack": "a", "range": 1431, "volume": 39, "falloff": "linear", "cooldown": 17.5, "tracking": 110, "needs_target": true, "activation_heat": 177, "industrialmarket": {"maxprice": 16890, "minprice": 10988, "silosize": 1000}, "activation_energy": 43, "energy_siphon_amount": 858, "activation_gfx_effect": "small_energy_siphon"}', '2022-07-04 22:49:58.854126-04', '0cb18760-17c1-40d4-949c-27aac1d680cc', 'Module for new noob ship for player', '7ca3e1cb-ab4f-4949-ada5-528260f77e5c', 1, false);
INSERT INTO public.items (id, itemtypeid, meta, created, createdby, createdreason, containerid, quantity, ispackaged) VALUES ('7a346b52-0a0c-4fbe-8c68-8f44ca74b372', 'c59844a1-25c7-4f29-a851-ae25077781ca', '{"hp": 38, "rack": "a", "range": 1975, "volume": 32, "falloff": "linear", "cooldown": 5.7, "hull_damage": 1.5, "armor_damage": 0.9, "needs_target": false, "shield_damage": 35.3, "activation_heat": 212, "industrialmarket": {"maxprice": 37978, "minprice": 19450, "silosize": 1000}, "activation_energy": 205, "energy_siphon_amount": 213, "activation_gfx_effect": "small_add_negative", "missile_destruction_chance": 0.19}', '2022-07-04 22:49:58.85563-04', '0cb18760-17c1-40d4-949c-27aac1d680cc', 'Module for new noob ship for player', '7ca3e1cb-ab4f-4949-ada5-528260f77e5c', 1, false);
INSERT INTO public.items (id, itemtypeid, meta, created, createdby, createdreason, containerid, quantity, ispackaged) VALUES ('5c3f578a-41b0-46fc-9152-3358851431ef', '70f816b8-e3c5-4e5f-bd0c-f8125519b168', '{"hp": 10, "rack": "b", "volume": 32, "cooldown": 13.5, "needs_target": false, "activation_heat": 511, "industrialmarket": {"maxprice": 1723, "minprice": 630, "silosize": 1000}, "activation_energy": 120, "shield_boost_amount": 175, "activation_gfx_effect": "small_shield_booster"}', '2022-07-04 22:49:58.856963-04', '0cb18760-17c1-40d4-949c-27aac1d680cc', 'Module for new noob ship for player', '7ca3e1cb-ab4f-4949-ada5-528260f77e5c', 1, false);
INSERT INTO public.items (id, itemtypeid, meta, created, createdby, createdreason, containerid, quantity, ispackaged) VALUES ('b048658c-f594-4840-9b16-5674f63fabdf', 'aab8ec7b-6031-4f54-9ab4-434ab5e7b47c', '{"hp": 35, "rack": "b", "volume": 35, "cooldown": 27.5, "needs_target": false, "activation_heat": 490, "industrialmarket": {"maxprice": 7319, "minprice": 4250, "silosize": 1000}, "activation_energy": 385}', '2022-07-04 22:49:58.858491-04', '0cb18760-17c1-40d4-949c-27aac1d680cc', 'Module for new noob ship for player', '7ca3e1cb-ab4f-4949-ada5-528260f77e5c', 1, false);
INSERT INTO public.items (id, itemtypeid, meta, created, createdby, createdreason, containerid, quantity, ispackaged) VALUES ('b5a9caa5-a641-4e81-9062-c0f8fd2a9b76', '643b06f8-3df2-40d4-abfe-37d55287d628', '{"hp": 13, "rack": "b", "range": 5487, "volume": 33, "falloff": "linear", "cooldown": 21.2, "needs_target": true, "activation_heat": 687, "drag_multiplier": 29.5, "industrialmarket": {"maxprice": 14075, "minprice": 10233, "silosize": 500}, "activation_energy": 760, "activation_gfx_effect": "small_aether_dragger"}', '2022-07-04 22:49:58.859821-04', '0cb18760-17c1-40d4-949c-27aac1d680cc', 'Module for new noob ship for player', '7ca3e1cb-ab4f-4949-ada5-528260f77e5c', 1, false);
INSERT INTO public.items (id, itemtypeid, meta, created, createdby, createdreason, containerid, quantity, ispackaged) VALUES ('6c373cd2-f788-4f7d-afd5-a4d74e4f262b', 'a3ff4095-2511-412f-89df-abe7b8516192', '{"hp": 72, "rack": "c", "volume": 25, "heat_sink_add": 25, "industrialmarket": {"maxprice": 1660, "minprice": 995, "silosize": 1000}}', '2022-07-04 22:49:58.861069-04', '0cb18760-17c1-40d4-949c-27aac1d680cc', 'Module for new noob ship for player', '7ca3e1cb-ab4f-4949-ada5-528260f77e5c', 1, false);
INSERT INTO public.items (id, itemtypeid, meta, created, createdby, createdreason, containerid, quantity, ispackaged) VALUES ('29a87668-809a-4029-acbf-c8bcfbae1b7d', 'a3ff4095-2511-412f-89df-abe7b8516192', '{"hp": 72, "rack": "c", "volume": 25, "heat_sink_add": 25, "industrialmarket": {"maxprice": 1660, "minprice": 995, "silosize": 1000}}', '2022-07-04 22:49:58.862809-04', '0cb18760-17c1-40d4-949c-27aac1d680cc', 'Module for new noob ship for player', '7ca3e1cb-ab4f-4949-ada5-528260f77e5c', 1, false);
INSERT INTO public.items (id, itemtypeid, meta, created, createdby, createdreason, containerid, quantity, ispackaged) VALUES ('5fcb0358-da8c-49c3-b82d-41a5b1820248', '0d0d134c-2b7d-4888-839a-d043d6aedca6', '{"hp": 30, "rack": "c", "volume": 22, "fuel_max_add": 850, "industrialmarket": {"maxprice": 712, "minprice": 314, "silosize": 1000}}', '2022-07-04 22:49:58.864371-04', '0cb18760-17c1-40d4-949c-27aac1d680cc', 'Module for new noob ship for player', '7ca3e1cb-ab4f-4949-ada5-528260f77e5c', 1, false);
INSERT INTO public.items (id, itemtypeid, meta, created, createdby, createdreason, containerid, quantity, ispackaged) VALUES ('737ef083-55ee-4068-8a20-95733511d1d8', '85fc1069-22b1-44ed-838b-64ed38d1e0b4', '{"hp": 21, "rack": "a", "range": 7173, "volume": 37, "falloff": "linear", "cooldown": 18.4, "tracking": 48.7, "hull_damage": 2520, "armor_damage": 1840, "can_mine_gas": false, "can_mine_ice": false, "can_mine_ore": false, "needs_target": true, "shield_damage": 1240, "activation_heat": 91.3, "ammunition_name": "Light Gauss Shell", "ammunition_type": "33f86ee2-4c16-400e-82ad-38796bea0017", "industrialmarket": {"maxprice": 9658, "minprice": 5219, "silosize": 1000}, "activation_energy": 27, "ore_mining_volume": 0, "activation_gfx_effect": "small_gauss_rifle"}', '2022-07-04 22:49:58.875225-04', 'd75b8035-fcfe-40c9-add8-bd520e77a8c6', 'Module for new noob ship for player', '819892d7-9f4b-4a52-8683-78f239d25330', 1, false);
INSERT INTO public.items (id, itemtypeid, meta, created, createdby, createdreason, containerid, quantity, ispackaged) VALUES ('ed0795bc-299f-4976-be6f-bcc104c46bd8', '85fc1069-22b1-44ed-838b-64ed38d1e0b4', '{"hp": 21, "rack": "a", "range": 7173, "volume": 37, "falloff": "linear", "cooldown": 18.4, "tracking": 48.7, "hull_damage": 2520, "armor_damage": 1840, "can_mine_gas": false, "can_mine_ice": false, "can_mine_ore": false, "needs_target": true, "shield_damage": 1240, "activation_heat": 91.3, "ammunition_name": "Light Gauss Shell", "ammunition_type": "33f86ee2-4c16-400e-82ad-38796bea0017", "industrialmarket": {"maxprice": 9658, "minprice": 5219, "silosize": 1000}, "activation_energy": 27, "ore_mining_volume": 0, "activation_gfx_effect": "small_gauss_rifle"}', '2022-07-04 22:49:58.876628-04', 'd75b8035-fcfe-40c9-add8-bd520e77a8c6', 'Module for new noob ship for player', '819892d7-9f4b-4a52-8683-78f239d25330', 1, false);
INSERT INTO public.items (id, itemtypeid, meta, created, createdby, createdreason, containerid, quantity, ispackaged) VALUES ('ab8b69ca-063e-4e70-983a-18633280bac7', '85fc1069-22b1-44ed-838b-64ed38d1e0b4', '{"hp": 21, "rack": "a", "range": 7173, "volume": 37, "falloff": "linear", "cooldown": 18.4, "tracking": 48.7, "hull_damage": 2520, "armor_damage": 1840, "can_mine_gas": false, "can_mine_ice": false, "can_mine_ore": false, "needs_target": true, "shield_damage": 1240, "activation_heat": 91.3, "ammunition_name": "Light Gauss Shell", "ammunition_type": "33f86ee2-4c16-400e-82ad-38796bea0017", "industrialmarket": {"maxprice": 9658, "minprice": 5219, "silosize": 1000}, "activation_energy": 27, "ore_mining_volume": 0, "activation_gfx_effect": "small_gauss_rifle"}', '2022-07-04 22:49:58.878006-04', 'd75b8035-fcfe-40c9-add8-bd520e77a8c6', 'Module for new noob ship for player', '819892d7-9f4b-4a52-8683-78f239d25330', 1, false);
INSERT INTO public.items (id, itemtypeid, meta, created, createdby, createdreason, containerid, quantity, ispackaged) VALUES ('df78ba5b-643e-4c8b-8a67-04e0eea94e74', '69d118ea-617d-477b-bb30-67f5da3c812e', '{"hp": 20, "rack": "a", "range": 1431, "volume": 39, "falloff": "linear", "cooldown": 17.5, "tracking": 110, "needs_target": true, "activation_heat": 177, "industrialmarket": {"maxprice": 16890, "minprice": 10988, "silosize": 1000}, "activation_energy": 43, "energy_siphon_amount": 858, "activation_gfx_effect": "small_energy_siphon"}', '2022-07-04 22:49:58.879512-04', 'd75b8035-fcfe-40c9-add8-bd520e77a8c6', 'Module for new noob ship for player', '819892d7-9f4b-4a52-8683-78f239d25330', 1, false);
INSERT INTO public.items (id, itemtypeid, meta, created, createdby, createdreason, containerid, quantity, ispackaged) VALUES ('0f726f13-fa04-4042-bb01-9c97bdffd060', 'c59844a1-25c7-4f29-a851-ae25077781ca', '{"hp": 38, "rack": "a", "range": 1975, "volume": 32, "falloff": "linear", "cooldown": 5.7, "hull_damage": 1.5, "armor_damage": 0.9, "needs_target": false, "shield_damage": 35.3, "activation_heat": 212, "industrialmarket": {"maxprice": 37978, "minprice": 19450, "silosize": 1000}, "activation_energy": 205, "energy_siphon_amount": 213, "activation_gfx_effect": "small_add_negative", "missile_destruction_chance": 0.19}', '2022-07-04 22:49:58.880902-04', 'd75b8035-fcfe-40c9-add8-bd520e77a8c6', 'Module for new noob ship for player', '819892d7-9f4b-4a52-8683-78f239d25330', 1, false);
INSERT INTO public.items (id, itemtypeid, meta, created, createdby, createdreason, containerid, quantity, ispackaged) VALUES ('635060fa-6080-4f47-8a36-283f7460600f', '70f816b8-e3c5-4e5f-bd0c-f8125519b168', '{"hp": 10, "rack": "b", "volume": 32, "cooldown": 13.5, "needs_target": false, "activation_heat": 511, "industrialmarket": {"maxprice": 1723, "minprice": 630, "silosize": 1000}, "activation_energy": 120, "shield_boost_amount": 175, "activation_gfx_effect": "small_shield_booster"}', '2022-07-04 22:49:58.882269-04', 'd75b8035-fcfe-40c9-add8-bd520e77a8c6', 'Module for new noob ship for player', '819892d7-9f4b-4a52-8683-78f239d25330', 1, false);
INSERT INTO public.items (id, itemtypeid, meta, created, createdby, createdreason, containerid, quantity, ispackaged) VALUES ('229ed4ee-5a6a-4118-bbef-61a7da0cda1c', 'aab8ec7b-6031-4f54-9ab4-434ab5e7b47c', '{"hp": 35, "rack": "b", "volume": 35, "cooldown": 27.5, "needs_target": false, "activation_heat": 490, "industrialmarket": {"maxprice": 7319, "minprice": 4250, "silosize": 1000}, "activation_energy": 385}', '2022-07-04 22:49:58.883651-04', 'd75b8035-fcfe-40c9-add8-bd520e77a8c6', 'Module for new noob ship for player', '819892d7-9f4b-4a52-8683-78f239d25330', 1, false);
INSERT INTO public.items (id, itemtypeid, meta, created, createdby, createdreason, containerid, quantity, ispackaged) VALUES ('4347033c-9f82-4492-ad30-d882e7867592', '643b06f8-3df2-40d4-abfe-37d55287d628', '{"hp": 13, "rack": "b", "range": 5487, "volume": 33, "falloff": "linear", "cooldown": 21.2, "needs_target": true, "activation_heat": 687, "drag_multiplier": 29.5, "industrialmarket": {"maxprice": 14075, "minprice": 10233, "silosize": 500}, "activation_energy": 760, "activation_gfx_effect": "small_aether_dragger"}', '2022-07-04 22:49:58.884972-04', 'd75b8035-fcfe-40c9-add8-bd520e77a8c6', 'Module for new noob ship for player', '819892d7-9f4b-4a52-8683-78f239d25330', 1, false);
INSERT INTO public.items (id, itemtypeid, meta, created, createdby, createdreason, containerid, quantity, ispackaged) VALUES ('8e14393f-c05b-4846-b10e-3f9e6b76bcd3', 'a3ff4095-2511-412f-89df-abe7b8516192', '{"hp": 72, "rack": "c", "volume": 25, "heat_sink_add": 25, "industrialmarket": {"maxprice": 1660, "minprice": 995, "silosize": 1000}}', '2022-07-04 22:49:58.886276-04', 'd75b8035-fcfe-40c9-add8-bd520e77a8c6', 'Module for new noob ship for player', '819892d7-9f4b-4a52-8683-78f239d25330', 1, false);
INSERT INTO public.items (id, itemtypeid, meta, created, createdby, createdreason, containerid, quantity, ispackaged) VALUES ('2b2401ac-d233-4ec3-95be-edae6478b8b3', 'a3ff4095-2511-412f-89df-abe7b8516192', '{"hp": 72, "rack": "c", "volume": 25, "heat_sink_add": 25, "industrialmarket": {"maxprice": 1660, "minprice": 995, "silosize": 1000}}', '2022-07-04 22:49:58.88758-04', 'd75b8035-fcfe-40c9-add8-bd520e77a8c6', 'Module for new noob ship for player', '819892d7-9f4b-4a52-8683-78f239d25330', 1, false);
INSERT INTO public.items (id, itemtypeid, meta, created, createdby, createdreason, containerid, quantity, ispackaged) VALUES ('741d7a59-5fd3-4d63-8c15-1c850185bba6', '0d0d134c-2b7d-4888-839a-d043d6aedca6', '{"hp": 30, "rack": "c", "volume": 22, "fuel_max_add": 850, "industrialmarket": {"maxprice": 712, "minprice": 314, "silosize": 1000}}', '2022-07-04 22:49:58.888851-04', 'd75b8035-fcfe-40c9-add8-bd520e77a8c6', 'Module for new noob ship for player', '819892d7-9f4b-4a52-8683-78f239d25330', 1, false);
INSERT INTO public.items (id, itemtypeid, meta, created, createdby, createdreason, containerid, quantity, ispackaged) VALUES ('16aa6c14-d1c1-47ba-afd5-d18c622e3d87', '85fc1069-22b1-44ed-838b-64ed38d1e0b4', '{"hp": 21, "rack": "a", "range": 7173, "volume": 37, "falloff": "linear", "cooldown": 18.4, "tracking": 48.7, "hull_damage": 2520, "armor_damage": 1840, "can_mine_gas": false, "can_mine_ice": false, "can_mine_ore": false, "needs_target": true, "shield_damage": 1240, "activation_heat": 91.3, "ammunition_name": "Light Gauss Shell", "ammunition_type": "33f86ee2-4c16-400e-82ad-38796bea0017", "industrialmarket": {"maxprice": 9658, "minprice": 5219, "silosize": 1000}, "activation_energy": 27, "ore_mining_volume": 0, "activation_gfx_effect": "small_gauss_rifle"}', '2022-07-04 22:49:58.901165-04', 'f1d9887a-6f00-4cab-b12d-06e5f5c86bf9', 'Module for new noob ship for player', '3a68406d-3377-4a68-8520-03e699fa4c48', 1, false);
INSERT INTO public.items (id, itemtypeid, meta, created, createdby, createdreason, containerid, quantity, ispackaged) VALUES ('b2a1e8da-461f-4ab2-a9de-dd3c4a10e587', '85fc1069-22b1-44ed-838b-64ed38d1e0b4', '{"hp": 21, "rack": "a", "range": 7173, "volume": 37, "falloff": "linear", "cooldown": 18.4, "tracking": 48.7, "hull_damage": 2520, "armor_damage": 1840, "can_mine_gas": false, "can_mine_ice": false, "can_mine_ore": false, "needs_target": true, "shield_damage": 1240, "activation_heat": 91.3, "ammunition_name": "Light Gauss Shell", "ammunition_type": "33f86ee2-4c16-400e-82ad-38796bea0017", "industrialmarket": {"maxprice": 9658, "minprice": 5219, "silosize": 1000}, "activation_energy": 27, "ore_mining_volume": 0, "activation_gfx_effect": "small_gauss_rifle"}', '2022-07-04 22:49:58.902622-04', 'f1d9887a-6f00-4cab-b12d-06e5f5c86bf9', 'Module for new noob ship for player', '3a68406d-3377-4a68-8520-03e699fa4c48', 1, false);
INSERT INTO public.items (id, itemtypeid, meta, created, createdby, createdreason, containerid, quantity, ispackaged) VALUES ('e841eced-a0cf-4e35-9aa4-190489761c56', '85fc1069-22b1-44ed-838b-64ed38d1e0b4', '{"hp": 21, "rack": "a", "range": 7173, "volume": 37, "falloff": "linear", "cooldown": 18.4, "tracking": 48.7, "hull_damage": 2520, "armor_damage": 1840, "can_mine_gas": false, "can_mine_ice": false, "can_mine_ore": false, "needs_target": true, "shield_damage": 1240, "activation_heat": 91.3, "ammunition_name": "Light Gauss Shell", "ammunition_type": "33f86ee2-4c16-400e-82ad-38796bea0017", "industrialmarket": {"maxprice": 9658, "minprice": 5219, "silosize": 1000}, "activation_energy": 27, "ore_mining_volume": 0, "activation_gfx_effect": "small_gauss_rifle"}', '2022-07-04 22:49:58.903942-04', 'f1d9887a-6f00-4cab-b12d-06e5f5c86bf9', 'Module for new noob ship for player', '3a68406d-3377-4a68-8520-03e699fa4c48', 1, false);
INSERT INTO public.items (id, itemtypeid, meta, created, createdby, createdreason, containerid, quantity, ispackaged) VALUES ('bbadec83-18c1-4adc-ae0e-1e0e8cfcabae', '69d118ea-617d-477b-bb30-67f5da3c812e', '{"hp": 20, "rack": "a", "range": 1431, "volume": 39, "falloff": "linear", "cooldown": 17.5, "tracking": 110, "needs_target": true, "activation_heat": 177, "industrialmarket": {"maxprice": 16890, "minprice": 10988, "silosize": 1000}, "activation_energy": 43, "energy_siphon_amount": 858, "activation_gfx_effect": "small_energy_siphon"}', '2022-07-04 22:49:58.905386-04', 'f1d9887a-6f00-4cab-b12d-06e5f5c86bf9', 'Module for new noob ship for player', '3a68406d-3377-4a68-8520-03e699fa4c48', 1, false);
INSERT INTO public.items (id, itemtypeid, meta, created, createdby, createdreason, containerid, quantity, ispackaged) VALUES ('9709d5fd-3d83-4cdc-a95d-a37a61068344', 'c59844a1-25c7-4f29-a851-ae25077781ca', '{"hp": 38, "rack": "a", "range": 1975, "volume": 32, "falloff": "linear", "cooldown": 5.7, "hull_damage": 1.5, "armor_damage": 0.9, "needs_target": false, "shield_damage": 35.3, "activation_heat": 212, "industrialmarket": {"maxprice": 37978, "minprice": 19450, "silosize": 1000}, "activation_energy": 205, "energy_siphon_amount": 213, "activation_gfx_effect": "small_add_negative", "missile_destruction_chance": 0.19}', '2022-07-04 22:49:58.906741-04', 'f1d9887a-6f00-4cab-b12d-06e5f5c86bf9', 'Module for new noob ship for player', '3a68406d-3377-4a68-8520-03e699fa4c48', 1, false);
INSERT INTO public.items (id, itemtypeid, meta, created, createdby, createdreason, containerid, quantity, ispackaged) VALUES ('484cf431-a624-4bd5-a8ab-40b5a4357ba3', '70f816b8-e3c5-4e5f-bd0c-f8125519b168', '{"hp": 10, "rack": "b", "volume": 32, "cooldown": 13.5, "needs_target": false, "activation_heat": 511, "industrialmarket": {"maxprice": 1723, "minprice": 630, "silosize": 1000}, "activation_energy": 120, "shield_boost_amount": 175, "activation_gfx_effect": "small_shield_booster"}', '2022-07-04 22:49:58.908087-04', 'f1d9887a-6f00-4cab-b12d-06e5f5c86bf9', 'Module for new noob ship for player', '3a68406d-3377-4a68-8520-03e699fa4c48', 1, false);
INSERT INTO public.items (id, itemtypeid, meta, created, createdby, createdreason, containerid, quantity, ispackaged) VALUES ('02efa6dd-c086-42c4-9dca-465b44b95c25', 'aab8ec7b-6031-4f54-9ab4-434ab5e7b47c', '{"hp": 35, "rack": "b", "volume": 35, "cooldown": 27.5, "needs_target": false, "activation_heat": 490, "industrialmarket": {"maxprice": 7319, "minprice": 4250, "silosize": 1000}, "activation_energy": 385}', '2022-07-04 22:49:58.909465-04', 'f1d9887a-6f00-4cab-b12d-06e5f5c86bf9', 'Module for new noob ship for player', '3a68406d-3377-4a68-8520-03e699fa4c48', 1, false);
INSERT INTO public.items (id, itemtypeid, meta, created, createdby, createdreason, containerid, quantity, ispackaged) VALUES ('0a50db9d-5d66-41c5-8790-8c960793caf2', '643b06f8-3df2-40d4-abfe-37d55287d628', '{"hp": 13, "rack": "b", "range": 5487, "volume": 33, "falloff": "linear", "cooldown": 21.2, "needs_target": true, "activation_heat": 687, "drag_multiplier": 29.5, "industrialmarket": {"maxprice": 14075, "minprice": 10233, "silosize": 500}, "activation_energy": 760, "activation_gfx_effect": "small_aether_dragger"}', '2022-07-04 22:49:58.910887-04', 'f1d9887a-6f00-4cab-b12d-06e5f5c86bf9', 'Module for new noob ship for player', '3a68406d-3377-4a68-8520-03e699fa4c48', 1, false);
INSERT INTO public.items (id, itemtypeid, meta, created, createdby, createdreason, containerid, quantity, ispackaged) VALUES ('8282cab2-da58-46c2-b79c-d46995c847cf', 'a3ff4095-2511-412f-89df-abe7b8516192', '{"hp": 72, "rack": "c", "volume": 25, "heat_sink_add": 25, "industrialmarket": {"maxprice": 1660, "minprice": 995, "silosize": 1000}}', '2022-07-04 22:49:58.912307-04', 'f1d9887a-6f00-4cab-b12d-06e5f5c86bf9', 'Module for new noob ship for player', '3a68406d-3377-4a68-8520-03e699fa4c48', 1, false);
INSERT INTO public.items (id, itemtypeid, meta, created, createdby, createdreason, containerid, quantity, ispackaged) VALUES ('4ebef967-d932-449d-93e6-3ecc1231b118', 'a3ff4095-2511-412f-89df-abe7b8516192', '{"hp": 72, "rack": "c", "volume": 25, "heat_sink_add": 25, "industrialmarket": {"maxprice": 1660, "minprice": 995, "silosize": 1000}}', '2022-07-04 22:49:58.913813-04', 'f1d9887a-6f00-4cab-b12d-06e5f5c86bf9', 'Module for new noob ship for player', '3a68406d-3377-4a68-8520-03e699fa4c48', 1, false);
INSERT INTO public.items (id, itemtypeid, meta, created, createdby, createdreason, containerid, quantity, ispackaged) VALUES ('43e770f7-9ef5-44e0-a1a3-4c39e7814293', '0d0d134c-2b7d-4888-839a-d043d6aedca6', '{"hp": 30, "rack": "c", "volume": 22, "fuel_max_add": 850, "industrialmarket": {"maxprice": 712, "minprice": 314, "silosize": 1000}}', '2022-07-04 22:49:58.915172-04', 'f1d9887a-6f00-4cab-b12d-06e5f5c86bf9', 'Module for new noob ship for player', '3a68406d-3377-4a68-8520-03e699fa4c48', 1, false);
INSERT INTO public.items (id, itemtypeid, meta, created, createdby, createdreason, containerid, quantity, ispackaged) VALUES ('e4b7ede1-96ea-42fc-b3e0-2a756f18865a', '85fc1069-22b1-44ed-838b-64ed38d1e0b4', '{"hp": 21, "rack": "a", "range": 7173, "volume": 37, "falloff": "linear", "cooldown": 18.4, "tracking": 48.7, "hull_damage": 2520, "armor_damage": 1840, "can_mine_gas": false, "can_mine_ice": false, "can_mine_ore": false, "needs_target": true, "shield_damage": 1240, "activation_heat": 91.3, "ammunition_name": "Light Gauss Shell", "ammunition_type": "33f86ee2-4c16-400e-82ad-38796bea0017", "industrialmarket": {"maxprice": 9658, "minprice": 5219, "silosize": 1000}, "activation_energy": 27, "ore_mining_volume": 0, "activation_gfx_effect": "small_gauss_rifle"}', '2022-07-04 22:49:58.926736-04', 'f5d6177c-dd55-4636-b3bb-3f6069d60334', 'Module for new noob ship for player', '7f932042-6ad8-4b2d-a2f8-85a6b5f24554', 1, false);
INSERT INTO public.items (id, itemtypeid, meta, created, createdby, createdreason, containerid, quantity, ispackaged) VALUES ('d83915b1-52a5-42b2-b3b5-3194e998be98', '85fc1069-22b1-44ed-838b-64ed38d1e0b4', '{"hp": 21, "rack": "a", "range": 7173, "volume": 37, "falloff": "linear", "cooldown": 18.4, "tracking": 48.7, "hull_damage": 2520, "armor_damage": 1840, "can_mine_gas": false, "can_mine_ice": false, "can_mine_ore": false, "needs_target": true, "shield_damage": 1240, "activation_heat": 91.3, "ammunition_name": "Light Gauss Shell", "ammunition_type": "33f86ee2-4c16-400e-82ad-38796bea0017", "industrialmarket": {"maxprice": 9658, "minprice": 5219, "silosize": 1000}, "activation_energy": 27, "ore_mining_volume": 0, "activation_gfx_effect": "small_gauss_rifle"}', '2022-07-04 22:49:58.928101-04', 'f5d6177c-dd55-4636-b3bb-3f6069d60334', 'Module for new noob ship for player', '7f932042-6ad8-4b2d-a2f8-85a6b5f24554', 1, false);
INSERT INTO public.items (id, itemtypeid, meta, created, createdby, createdreason, containerid, quantity, ispackaged) VALUES ('03a44251-356e-49e7-8f3f-9728e1bcb68b', '85fc1069-22b1-44ed-838b-64ed38d1e0b4', '{"hp": 21, "rack": "a", "range": 7173, "volume": 37, "falloff": "linear", "cooldown": 18.4, "tracking": 48.7, "hull_damage": 2520, "armor_damage": 1840, "can_mine_gas": false, "can_mine_ice": false, "can_mine_ore": false, "needs_target": true, "shield_damage": 1240, "activation_heat": 91.3, "ammunition_name": "Light Gauss Shell", "ammunition_type": "33f86ee2-4c16-400e-82ad-38796bea0017", "industrialmarket": {"maxprice": 9658, "minprice": 5219, "silosize": 1000}, "activation_energy": 27, "ore_mining_volume": 0, "activation_gfx_effect": "small_gauss_rifle"}', '2022-07-04 22:49:58.929633-04', 'f5d6177c-dd55-4636-b3bb-3f6069d60334', 'Module for new noob ship for player', '7f932042-6ad8-4b2d-a2f8-85a6b5f24554', 1, false);
INSERT INTO public.items (id, itemtypeid, meta, created, createdby, createdreason, containerid, quantity, ispackaged) VALUES ('51db9e83-e494-41b6-bbc7-739b46937e90', '69d118ea-617d-477b-bb30-67f5da3c812e', '{"hp": 20, "rack": "a", "range": 1431, "volume": 39, "falloff": "linear", "cooldown": 17.5, "tracking": 110, "needs_target": true, "activation_heat": 177, "industrialmarket": {"maxprice": 16890, "minprice": 10988, "silosize": 1000}, "activation_energy": 43, "energy_siphon_amount": 858, "activation_gfx_effect": "small_energy_siphon"}', '2022-07-04 22:49:58.93105-04', 'f5d6177c-dd55-4636-b3bb-3f6069d60334', 'Module for new noob ship for player', '7f932042-6ad8-4b2d-a2f8-85a6b5f24554', 1, false);
INSERT INTO public.items (id, itemtypeid, meta, created, createdby, createdreason, containerid, quantity, ispackaged) VALUES ('7fa6be2a-ee1a-46f1-a91d-10ca03b493e3', 'c59844a1-25c7-4f29-a851-ae25077781ca', '{"hp": 38, "rack": "a", "range": 1975, "volume": 32, "falloff": "linear", "cooldown": 5.7, "hull_damage": 1.5, "armor_damage": 0.9, "needs_target": false, "shield_damage": 35.3, "activation_heat": 212, "industrialmarket": {"maxprice": 37978, "minprice": 19450, "silosize": 1000}, "activation_energy": 205, "energy_siphon_amount": 213, "activation_gfx_effect": "small_add_negative", "missile_destruction_chance": 0.19}', '2022-07-04 22:49:58.93241-04', 'f5d6177c-dd55-4636-b3bb-3f6069d60334', 'Module for new noob ship for player', '7f932042-6ad8-4b2d-a2f8-85a6b5f24554', 1, false);
INSERT INTO public.items (id, itemtypeid, meta, created, createdby, createdreason, containerid, quantity, ispackaged) VALUES ('f465b32d-d246-4098-a0a4-88b2de975350', '70f816b8-e3c5-4e5f-bd0c-f8125519b168', '{"hp": 10, "rack": "b", "volume": 32, "cooldown": 13.5, "needs_target": false, "activation_heat": 511, "industrialmarket": {"maxprice": 1723, "minprice": 630, "silosize": 1000}, "activation_energy": 120, "shield_boost_amount": 175, "activation_gfx_effect": "small_shield_booster"}', '2022-07-04 22:49:58.933772-04', 'f5d6177c-dd55-4636-b3bb-3f6069d60334', 'Module for new noob ship for player', '7f932042-6ad8-4b2d-a2f8-85a6b5f24554', 1, false);
INSERT INTO public.items (id, itemtypeid, meta, created, createdby, createdreason, containerid, quantity, ispackaged) VALUES ('fbec712f-437b-497e-96a2-ff78d21114cd', 'aab8ec7b-6031-4f54-9ab4-434ab5e7b47c', '{"hp": 35, "rack": "b", "volume": 35, "cooldown": 27.5, "needs_target": false, "activation_heat": 490, "industrialmarket": {"maxprice": 7319, "minprice": 4250, "silosize": 1000}, "activation_energy": 385}', '2022-07-04 22:49:58.935158-04', 'f5d6177c-dd55-4636-b3bb-3f6069d60334', 'Module for new noob ship for player', '7f932042-6ad8-4b2d-a2f8-85a6b5f24554', 1, false);
INSERT INTO public.items (id, itemtypeid, meta, created, createdby, createdreason, containerid, quantity, ispackaged) VALUES ('2856ffc0-e092-4d8e-a291-de6b567bcae9', '643b06f8-3df2-40d4-abfe-37d55287d628', '{"hp": 13, "rack": "b", "range": 5487, "volume": 33, "falloff": "linear", "cooldown": 21.2, "needs_target": true, "activation_heat": 687, "drag_multiplier": 29.5, "industrialmarket": {"maxprice": 14075, "minprice": 10233, "silosize": 500}, "activation_energy": 760, "activation_gfx_effect": "small_aether_dragger"}', '2022-07-04 22:49:58.936495-04', 'f5d6177c-dd55-4636-b3bb-3f6069d60334', 'Module for new noob ship for player', '7f932042-6ad8-4b2d-a2f8-85a6b5f24554', 1, false);
INSERT INTO public.items (id, itemtypeid, meta, created, createdby, createdreason, containerid, quantity, ispackaged) VALUES ('26869362-239c-42d7-9994-7b957834e766', 'a3ff4095-2511-412f-89df-abe7b8516192', '{"hp": 72, "rack": "c", "volume": 25, "heat_sink_add": 25, "industrialmarket": {"maxprice": 1660, "minprice": 995, "silosize": 1000}}', '2022-07-04 22:49:58.937758-04', 'f5d6177c-dd55-4636-b3bb-3f6069d60334', 'Module for new noob ship for player', '7f932042-6ad8-4b2d-a2f8-85a6b5f24554', 1, false);
INSERT INTO public.items (id, itemtypeid, meta, created, createdby, createdreason, containerid, quantity, ispackaged) VALUES ('19c59a37-4a2a-4aa8-8f91-8e99a3466307', 'a3ff4095-2511-412f-89df-abe7b8516192', '{"hp": 72, "rack": "c", "volume": 25, "heat_sink_add": 25, "industrialmarket": {"maxprice": 1660, "minprice": 995, "silosize": 1000}}', '2022-07-04 22:49:58.939009-04', 'f5d6177c-dd55-4636-b3bb-3f6069d60334', 'Module for new noob ship for player', '7f932042-6ad8-4b2d-a2f8-85a6b5f24554', 1, false);
INSERT INTO public.items (id, itemtypeid, meta, created, createdby, createdreason, containerid, quantity, ispackaged) VALUES ('8f049025-5bae-4e65-9a5b-3760031e5d4e', '0d0d134c-2b7d-4888-839a-d043d6aedca6', '{"hp": 30, "rack": "c", "volume": 22, "fuel_max_add": 850, "industrialmarket": {"maxprice": 712, "minprice": 314, "silosize": 1000}}', '2022-07-04 22:49:58.940264-04', 'f5d6177c-dd55-4636-b3bb-3f6069d60334', 'Module for new noob ship for player', '7f932042-6ad8-4b2d-a2f8-85a6b5f24554', 1, false);
INSERT INTO public.items (id, itemtypeid, meta, created, createdby, createdreason, containerid, quantity, ispackaged) VALUES ('124de03c-79f5-4321-bec1-2ed965257030', '85fc1069-22b1-44ed-838b-64ed38d1e0b4', '{"hp": 21, "rack": "a", "range": 7173, "volume": 37, "falloff": "linear", "cooldown": 18.4, "tracking": 48.7, "hull_damage": 2520, "armor_damage": 1840, "can_mine_gas": false, "can_mine_ice": false, "can_mine_ore": false, "needs_target": true, "shield_damage": 1240, "activation_heat": 91.3, "ammunition_name": "Light Gauss Shell", "ammunition_type": "33f86ee2-4c16-400e-82ad-38796bea0017", "industrialmarket": {"maxprice": 9658, "minprice": 5219, "silosize": 1000}, "activation_energy": 27, "ore_mining_volume": 0, "activation_gfx_effect": "small_gauss_rifle"}', '2022-07-04 22:49:58.951684-04', 'a392c2cf-db80-4788-a362-bb3ef8bb719d', 'Module for new noob ship for player', 'bb8bf50e-9761-4bd7-bd19-a40a76836558', 1, false);
INSERT INTO public.items (id, itemtypeid, meta, created, createdby, createdreason, containerid, quantity, ispackaged) VALUES ('3b209e13-3355-49c8-9349-b37d5fae1d20', '85fc1069-22b1-44ed-838b-64ed38d1e0b4', '{"hp": 21, "rack": "a", "range": 7173, "volume": 37, "falloff": "linear", "cooldown": 18.4, "tracking": 48.7, "hull_damage": 2520, "armor_damage": 1840, "can_mine_gas": false, "can_mine_ice": false, "can_mine_ore": false, "needs_target": true, "shield_damage": 1240, "activation_heat": 91.3, "ammunition_name": "Light Gauss Shell", "ammunition_type": "33f86ee2-4c16-400e-82ad-38796bea0017", "industrialmarket": {"maxprice": 9658, "minprice": 5219, "silosize": 1000}, "activation_energy": 27, "ore_mining_volume": 0, "activation_gfx_effect": "small_gauss_rifle"}', '2022-07-04 22:49:58.953111-04', 'a392c2cf-db80-4788-a362-bb3ef8bb719d', 'Module for new noob ship for player', 'bb8bf50e-9761-4bd7-bd19-a40a76836558', 1, false);
INSERT INTO public.items (id, itemtypeid, meta, created, createdby, createdreason, containerid, quantity, ispackaged) VALUES ('a6b450bb-61c3-4abc-ae8c-66406c19df2f', '85fc1069-22b1-44ed-838b-64ed38d1e0b4', '{"hp": 21, "rack": "a", "range": 7173, "volume": 37, "falloff": "linear", "cooldown": 18.4, "tracking": 48.7, "hull_damage": 2520, "armor_damage": 1840, "can_mine_gas": false, "can_mine_ice": false, "can_mine_ore": false, "needs_target": true, "shield_damage": 1240, "activation_heat": 91.3, "ammunition_name": "Light Gauss Shell", "ammunition_type": "33f86ee2-4c16-400e-82ad-38796bea0017", "industrialmarket": {"maxprice": 9658, "minprice": 5219, "silosize": 1000}, "activation_energy": 27, "ore_mining_volume": 0, "activation_gfx_effect": "small_gauss_rifle"}', '2022-07-04 22:49:58.95461-04', 'a392c2cf-db80-4788-a362-bb3ef8bb719d', 'Module for new noob ship for player', 'bb8bf50e-9761-4bd7-bd19-a40a76836558', 1, false);
INSERT INTO public.items (id, itemtypeid, meta, created, createdby, createdreason, containerid, quantity, ispackaged) VALUES ('fe25a57e-0695-400f-a211-9d41b1ab8d5f', '69d118ea-617d-477b-bb30-67f5da3c812e', '{"hp": 20, "rack": "a", "range": 1431, "volume": 39, "falloff": "linear", "cooldown": 17.5, "tracking": 110, "needs_target": true, "activation_heat": 177, "industrialmarket": {"maxprice": 16890, "minprice": 10988, "silosize": 1000}, "activation_energy": 43, "energy_siphon_amount": 858, "activation_gfx_effect": "small_energy_siphon"}', '2022-07-04 22:49:58.955926-04', 'a392c2cf-db80-4788-a362-bb3ef8bb719d', 'Module for new noob ship for player', 'bb8bf50e-9761-4bd7-bd19-a40a76836558', 1, false);
INSERT INTO public.items (id, itemtypeid, meta, created, createdby, createdreason, containerid, quantity, ispackaged) VALUES ('c645a34a-dd5e-4d9b-a06d-0ec0666ef2f0', 'c59844a1-25c7-4f29-a851-ae25077781ca', '{"hp": 38, "rack": "a", "range": 1975, "volume": 32, "falloff": "linear", "cooldown": 5.7, "hull_damage": 1.5, "armor_damage": 0.9, "needs_target": false, "shield_damage": 35.3, "activation_heat": 212, "industrialmarket": {"maxprice": 37978, "minprice": 19450, "silosize": 1000}, "activation_energy": 205, "energy_siphon_amount": 213, "activation_gfx_effect": "small_add_negative", "missile_destruction_chance": 0.19}', '2022-07-04 22:49:58.957302-04', 'a392c2cf-db80-4788-a362-bb3ef8bb719d', 'Module for new noob ship for player', 'bb8bf50e-9761-4bd7-bd19-a40a76836558', 1, false);
INSERT INTO public.items (id, itemtypeid, meta, created, createdby, createdreason, containerid, quantity, ispackaged) VALUES ('a539bcfe-5d87-4d30-b6f9-7f4c5b698aa3', '70f816b8-e3c5-4e5f-bd0c-f8125519b168', '{"hp": 10, "rack": "b", "volume": 32, "cooldown": 13.5, "needs_target": false, "activation_heat": 511, "industrialmarket": {"maxprice": 1723, "minprice": 630, "silosize": 1000}, "activation_energy": 120, "shield_boost_amount": 175, "activation_gfx_effect": "small_shield_booster"}', '2022-07-04 22:49:58.958683-04', 'a392c2cf-db80-4788-a362-bb3ef8bb719d', 'Module for new noob ship for player', 'bb8bf50e-9761-4bd7-bd19-a40a76836558', 1, false);
INSERT INTO public.items (id, itemtypeid, meta, created, createdby, createdreason, containerid, quantity, ispackaged) VALUES ('4514dc52-9504-474b-8db4-3f49157a2ab2', 'aab8ec7b-6031-4f54-9ab4-434ab5e7b47c', '{"hp": 35, "rack": "b", "volume": 35, "cooldown": 27.5, "needs_target": false, "activation_heat": 490, "industrialmarket": {"maxprice": 7319, "minprice": 4250, "silosize": 1000}, "activation_energy": 385}', '2022-07-04 22:49:58.959999-04', 'a392c2cf-db80-4788-a362-bb3ef8bb719d', 'Module for new noob ship for player', 'bb8bf50e-9761-4bd7-bd19-a40a76836558', 1, false);
INSERT INTO public.items (id, itemtypeid, meta, created, createdby, createdreason, containerid, quantity, ispackaged) VALUES ('8e0ebfd3-ac6e-45b8-b9bc-f5007f6febf3', '643b06f8-3df2-40d4-abfe-37d55287d628', '{"hp": 13, "rack": "b", "range": 5487, "volume": 33, "falloff": "linear", "cooldown": 21.2, "needs_target": true, "activation_heat": 687, "drag_multiplier": 29.5, "industrialmarket": {"maxprice": 14075, "minprice": 10233, "silosize": 500}, "activation_energy": 760, "activation_gfx_effect": "small_aether_dragger"}', '2022-07-04 22:49:58.961596-04', 'a392c2cf-db80-4788-a362-bb3ef8bb719d', 'Module for new noob ship for player', 'bb8bf50e-9761-4bd7-bd19-a40a76836558', 1, false);
INSERT INTO public.items (id, itemtypeid, meta, created, createdby, createdreason, containerid, quantity, ispackaged) VALUES ('fbd412e4-a33c-4768-b1f5-b6279f042bc8', 'a3ff4095-2511-412f-89df-abe7b8516192', '{"hp": 72, "rack": "c", "volume": 25, "heat_sink_add": 25, "industrialmarket": {"maxprice": 1660, "minprice": 995, "silosize": 1000}}', '2022-07-04 22:49:58.963054-04', 'a392c2cf-db80-4788-a362-bb3ef8bb719d', 'Module for new noob ship for player', 'bb8bf50e-9761-4bd7-bd19-a40a76836558', 1, false);
INSERT INTO public.items (id, itemtypeid, meta, created, createdby, createdreason, containerid, quantity, ispackaged) VALUES ('3637a027-4aed-4d9e-9b74-3e3cd486d31a', 'a3ff4095-2511-412f-89df-abe7b8516192', '{"hp": 72, "rack": "c", "volume": 25, "heat_sink_add": 25, "industrialmarket": {"maxprice": 1660, "minprice": 995, "silosize": 1000}}', '2022-07-04 22:49:58.96451-04', 'a392c2cf-db80-4788-a362-bb3ef8bb719d', 'Module for new noob ship for player', 'bb8bf50e-9761-4bd7-bd19-a40a76836558', 1, false);
INSERT INTO public.items (id, itemtypeid, meta, created, createdby, createdreason, containerid, quantity, ispackaged) VALUES ('efe12d4d-b57c-4df2-be7c-293bae6ec4d1', '0d0d134c-2b7d-4888-839a-d043d6aedca6', '{"hp": 30, "rack": "c", "volume": 22, "fuel_max_add": 850, "industrialmarket": {"maxprice": 712, "minprice": 314, "silosize": 1000}}', '2022-07-04 22:49:58.965896-04', 'a392c2cf-db80-4788-a362-bb3ef8bb719d', 'Module for new noob ship for player', 'bb8bf50e-9761-4bd7-bd19-a40a76836558', 1, false);
INSERT INTO public.items (id, itemtypeid, meta, created, createdby, createdreason, containerid, quantity, ispackaged) VALUES ('25160684-0697-43b2-9888-342f1eaa15c2', '85fc1069-22b1-44ed-838b-64ed38d1e0b4', '{"hp": 21, "rack": "a", "range": 7173, "volume": 37, "falloff": "linear", "cooldown": 18.4, "tracking": 48.7, "hull_damage": 2520, "armor_damage": 1840, "can_mine_gas": false, "can_mine_ice": false, "can_mine_ore": false, "needs_target": true, "shield_damage": 1240, "activation_heat": 91.3, "ammunition_name": "Light Gauss Shell", "ammunition_type": "33f86ee2-4c16-400e-82ad-38796bea0017", "industrialmarket": {"maxprice": 9658, "minprice": 5219, "silosize": 1000}, "activation_energy": 27, "ore_mining_volume": 0, "activation_gfx_effect": "small_gauss_rifle"}', '2022-07-04 22:49:58.977239-04', '7ef4858b-604c-4e85-9b25-5a43ee9407e7', 'Module for new noob ship for player', 'dcd23c12-8ab6-480f-b288-effb071afdd4', 1, false);
INSERT INTO public.items (id, itemtypeid, meta, created, createdby, createdreason, containerid, quantity, ispackaged) VALUES ('3d413905-75d0-40e5-9889-bdae68c777a9', '85fc1069-22b1-44ed-838b-64ed38d1e0b4', '{"hp": 21, "rack": "a", "range": 7173, "volume": 37, "falloff": "linear", "cooldown": 18.4, "tracking": 48.7, "hull_damage": 2520, "armor_damage": 1840, "can_mine_gas": false, "can_mine_ice": false, "can_mine_ore": false, "needs_target": true, "shield_damage": 1240, "activation_heat": 91.3, "ammunition_name": "Light Gauss Shell", "ammunition_type": "33f86ee2-4c16-400e-82ad-38796bea0017", "industrialmarket": {"maxprice": 9658, "minprice": 5219, "silosize": 1000}, "activation_energy": 27, "ore_mining_volume": 0, "activation_gfx_effect": "small_gauss_rifle"}', '2022-07-04 22:49:58.978615-04', '7ef4858b-604c-4e85-9b25-5a43ee9407e7', 'Module for new noob ship for player', 'dcd23c12-8ab6-480f-b288-effb071afdd4', 1, false);
INSERT INTO public.items (id, itemtypeid, meta, created, createdby, createdreason, containerid, quantity, ispackaged) VALUES ('68be0b4d-21df-4349-963b-b8e60fdce002', '85fc1069-22b1-44ed-838b-64ed38d1e0b4', '{"hp": 21, "rack": "a", "range": 7173, "volume": 37, "falloff": "linear", "cooldown": 18.4, "tracking": 48.7, "hull_damage": 2520, "armor_damage": 1840, "can_mine_gas": false, "can_mine_ice": false, "can_mine_ore": false, "needs_target": true, "shield_damage": 1240, "activation_heat": 91.3, "ammunition_name": "Light Gauss Shell", "ammunition_type": "33f86ee2-4c16-400e-82ad-38796bea0017", "industrialmarket": {"maxprice": 9658, "minprice": 5219, "silosize": 1000}, "activation_energy": 27, "ore_mining_volume": 0, "activation_gfx_effect": "small_gauss_rifle"}', '2022-07-04 22:49:58.980329-04', '7ef4858b-604c-4e85-9b25-5a43ee9407e7', 'Module for new noob ship for player', 'dcd23c12-8ab6-480f-b288-effb071afdd4', 1, false);
INSERT INTO public.items (id, itemtypeid, meta, created, createdby, createdreason, containerid, quantity, ispackaged) VALUES ('e37a83e9-d344-4fe6-afef-3eb0c595cab0', '69d118ea-617d-477b-bb30-67f5da3c812e', '{"hp": 20, "rack": "a", "range": 1431, "volume": 39, "falloff": "linear", "cooldown": 17.5, "tracking": 110, "needs_target": true, "activation_heat": 177, "industrialmarket": {"maxprice": 16890, "minprice": 10988, "silosize": 1000}, "activation_energy": 43, "energy_siphon_amount": 858, "activation_gfx_effect": "small_energy_siphon"}', '2022-07-04 22:49:58.981849-04', '7ef4858b-604c-4e85-9b25-5a43ee9407e7', 'Module for new noob ship for player', 'dcd23c12-8ab6-480f-b288-effb071afdd4', 1, false);
INSERT INTO public.items (id, itemtypeid, meta, created, createdby, createdreason, containerid, quantity, ispackaged) VALUES ('8d29d9db-cc09-4eeb-ac44-f5a333b04d20', 'c59844a1-25c7-4f29-a851-ae25077781ca', '{"hp": 38, "rack": "a", "range": 1975, "volume": 32, "falloff": "linear", "cooldown": 5.7, "hull_damage": 1.5, "armor_damage": 0.9, "needs_target": false, "shield_damage": 35.3, "activation_heat": 212, "industrialmarket": {"maxprice": 37978, "minprice": 19450, "silosize": 1000}, "activation_energy": 205, "energy_siphon_amount": 213, "activation_gfx_effect": "small_add_negative", "missile_destruction_chance": 0.19}', '2022-07-04 22:49:58.983347-04', '7ef4858b-604c-4e85-9b25-5a43ee9407e7', 'Module for new noob ship for player', 'dcd23c12-8ab6-480f-b288-effb071afdd4', 1, false);
INSERT INTO public.items (id, itemtypeid, meta, created, createdby, createdreason, containerid, quantity, ispackaged) VALUES ('20cd106a-a5a2-4db5-8795-d92a09cf1ffa', '70f816b8-e3c5-4e5f-bd0c-f8125519b168', '{"hp": 10, "rack": "b", "volume": 32, "cooldown": 13.5, "needs_target": false, "activation_heat": 511, "industrialmarket": {"maxprice": 1723, "minprice": 630, "silosize": 1000}, "activation_energy": 120, "shield_boost_amount": 175, "activation_gfx_effect": "small_shield_booster"}', '2022-07-04 22:49:58.984778-04', '7ef4858b-604c-4e85-9b25-5a43ee9407e7', 'Module for new noob ship for player', 'dcd23c12-8ab6-480f-b288-effb071afdd4', 1, false);
INSERT INTO public.items (id, itemtypeid, meta, created, createdby, createdreason, containerid, quantity, ispackaged) VALUES ('226fbf27-70c6-45d5-b525-9cd2092a23bb', 'aab8ec7b-6031-4f54-9ab4-434ab5e7b47c', '{"hp": 35, "rack": "b", "volume": 35, "cooldown": 27.5, "needs_target": false, "activation_heat": 490, "industrialmarket": {"maxprice": 7319, "minprice": 4250, "silosize": 1000}, "activation_energy": 385}', '2022-07-04 22:49:58.986162-04', '7ef4858b-604c-4e85-9b25-5a43ee9407e7', 'Module for new noob ship for player', 'dcd23c12-8ab6-480f-b288-effb071afdd4', 1, false);
INSERT INTO public.items (id, itemtypeid, meta, created, createdby, createdreason, containerid, quantity, ispackaged) VALUES ('b9bc4511-ac86-4e35-becc-eee5363547a5', '643b06f8-3df2-40d4-abfe-37d55287d628', '{"hp": 13, "rack": "b", "range": 5487, "volume": 33, "falloff": "linear", "cooldown": 21.2, "needs_target": true, "activation_heat": 687, "drag_multiplier": 29.5, "industrialmarket": {"maxprice": 14075, "minprice": 10233, "silosize": 500}, "activation_energy": 760, "activation_gfx_effect": "small_aether_dragger"}', '2022-07-04 22:49:58.987524-04', '7ef4858b-604c-4e85-9b25-5a43ee9407e7', 'Module for new noob ship for player', 'dcd23c12-8ab6-480f-b288-effb071afdd4', 1, false);
INSERT INTO public.items (id, itemtypeid, meta, created, createdby, createdreason, containerid, quantity, ispackaged) VALUES ('780a17d5-3f5d-4f59-99c7-1a6a17fba081', 'a3ff4095-2511-412f-89df-abe7b8516192', '{"hp": 72, "rack": "c", "volume": 25, "heat_sink_add": 25, "industrialmarket": {"maxprice": 1660, "minprice": 995, "silosize": 1000}}', '2022-07-04 22:49:58.988872-04', '7ef4858b-604c-4e85-9b25-5a43ee9407e7', 'Module for new noob ship for player', 'dcd23c12-8ab6-480f-b288-effb071afdd4', 1, false);
INSERT INTO public.items (id, itemtypeid, meta, created, createdby, createdreason, containerid, quantity, ispackaged) VALUES ('a864d9d4-6c8a-416e-9e21-4648e2a6be03', 'a3ff4095-2511-412f-89df-abe7b8516192', '{"hp": 72, "rack": "c", "volume": 25, "heat_sink_add": 25, "industrialmarket": {"maxprice": 1660, "minprice": 995, "silosize": 1000}}', '2022-07-04 22:49:58.990206-04', '7ef4858b-604c-4e85-9b25-5a43ee9407e7', 'Module for new noob ship for player', 'dcd23c12-8ab6-480f-b288-effb071afdd4', 1, false);
INSERT INTO public.items (id, itemtypeid, meta, created, createdby, createdreason, containerid, quantity, ispackaged) VALUES ('57a1db42-48a3-49f1-b51d-f27975ff501f', '0d0d134c-2b7d-4888-839a-d043d6aedca6', '{"hp": 30, "rack": "c", "volume": 22, "fuel_max_add": 850, "industrialmarket": {"maxprice": 712, "minprice": 314, "silosize": 1000}}', '2022-07-04 22:49:58.991502-04', '7ef4858b-604c-4e85-9b25-5a43ee9407e7', 'Module for new noob ship for player', 'dcd23c12-8ab6-480f-b288-effb071afdd4', 1, false);
INSERT INTO public.items (id, itemtypeid, meta, created, createdby, createdreason, containerid, quantity, ispackaged) VALUES ('2a5e751f-d665-40a8-a2a5-640d40140f5c', '85fc1069-22b1-44ed-838b-64ed38d1e0b4', '{"hp": 21, "rack": "a", "range": 7173, "volume": 37, "falloff": "linear", "cooldown": 18.4, "tracking": 48.7, "hull_damage": 2520, "armor_damage": 1840, "can_mine_gas": false, "can_mine_ice": false, "can_mine_ore": false, "needs_target": true, "shield_damage": 1240, "activation_heat": 91.3, "ammunition_name": "Light Gauss Shell", "ammunition_type": "33f86ee2-4c16-400e-82ad-38796bea0017", "industrialmarket": {"maxprice": 9658, "minprice": 5219, "silosize": 1000}, "activation_energy": 27, "ore_mining_volume": 0, "activation_gfx_effect": "small_gauss_rifle"}', '2022-07-04 22:49:59.003074-04', '3119eaa7-418f-46e2-8d15-68ea964aaa2d', 'Module for new noob ship for player', 'aa9f5ae4-a942-421e-926e-b977e6b5fcfc', 1, false);
INSERT INTO public.items (id, itemtypeid, meta, created, createdby, createdreason, containerid, quantity, ispackaged) VALUES ('1f9cb5fe-4eee-4427-b09f-72731f43d638', '85fc1069-22b1-44ed-838b-64ed38d1e0b4', '{"hp": 21, "rack": "a", "range": 7173, "volume": 37, "falloff": "linear", "cooldown": 18.4, "tracking": 48.7, "hull_damage": 2520, "armor_damage": 1840, "can_mine_gas": false, "can_mine_ice": false, "can_mine_ore": false, "needs_target": true, "shield_damage": 1240, "activation_heat": 91.3, "ammunition_name": "Light Gauss Shell", "ammunition_type": "33f86ee2-4c16-400e-82ad-38796bea0017", "industrialmarket": {"maxprice": 9658, "minprice": 5219, "silosize": 1000}, "activation_energy": 27, "ore_mining_volume": 0, "activation_gfx_effect": "small_gauss_rifle"}', '2022-07-04 22:49:59.004672-04', '3119eaa7-418f-46e2-8d15-68ea964aaa2d', 'Module for new noob ship for player', 'aa9f5ae4-a942-421e-926e-b977e6b5fcfc', 1, false);
INSERT INTO public.items (id, itemtypeid, meta, created, createdby, createdreason, containerid, quantity, ispackaged) VALUES ('52764a38-e349-48d3-92cf-a74208db32d6', '85fc1069-22b1-44ed-838b-64ed38d1e0b4', '{"hp": 21, "rack": "a", "range": 7173, "volume": 37, "falloff": "linear", "cooldown": 18.4, "tracking": 48.7, "hull_damage": 2520, "armor_damage": 1840, "can_mine_gas": false, "can_mine_ice": false, "can_mine_ore": false, "needs_target": true, "shield_damage": 1240, "activation_heat": 91.3, "ammunition_name": "Light Gauss Shell", "ammunition_type": "33f86ee2-4c16-400e-82ad-38796bea0017", "industrialmarket": {"maxprice": 9658, "minprice": 5219, "silosize": 1000}, "activation_energy": 27, "ore_mining_volume": 0, "activation_gfx_effect": "small_gauss_rifle"}', '2022-07-04 22:49:59.006065-04', '3119eaa7-418f-46e2-8d15-68ea964aaa2d', 'Module for new noob ship for player', 'aa9f5ae4-a942-421e-926e-b977e6b5fcfc', 1, false);
INSERT INTO public.items (id, itemtypeid, meta, created, createdby, createdreason, containerid, quantity, ispackaged) VALUES ('5c70206a-388a-405a-b2ad-918c2ed66a1e', '69d118ea-617d-477b-bb30-67f5da3c812e', '{"hp": 20, "rack": "a", "range": 1431, "volume": 39, "falloff": "linear", "cooldown": 17.5, "tracking": 110, "needs_target": true, "activation_heat": 177, "industrialmarket": {"maxprice": 16890, "minprice": 10988, "silosize": 1000}, "activation_energy": 43, "energy_siphon_amount": 858, "activation_gfx_effect": "small_energy_siphon"}', '2022-07-04 22:49:59.007452-04', '3119eaa7-418f-46e2-8d15-68ea964aaa2d', 'Module for new noob ship for player', 'aa9f5ae4-a942-421e-926e-b977e6b5fcfc', 1, false);
INSERT INTO public.items (id, itemtypeid, meta, created, createdby, createdreason, containerid, quantity, ispackaged) VALUES ('63b95da9-46b6-433e-ada2-df8fdb504f2e', 'c59844a1-25c7-4f29-a851-ae25077781ca', '{"hp": 38, "rack": "a", "range": 1975, "volume": 32, "falloff": "linear", "cooldown": 5.7, "hull_damage": 1.5, "armor_damage": 0.9, "needs_target": false, "shield_damage": 35.3, "activation_heat": 212, "industrialmarket": {"maxprice": 37978, "minprice": 19450, "silosize": 1000}, "activation_energy": 205, "energy_siphon_amount": 213, "activation_gfx_effect": "small_add_negative", "missile_destruction_chance": 0.19}', '2022-07-04 22:49:59.008836-04', '3119eaa7-418f-46e2-8d15-68ea964aaa2d', 'Module for new noob ship for player', 'aa9f5ae4-a942-421e-926e-b977e6b5fcfc', 1, false);
INSERT INTO public.items (id, itemtypeid, meta, created, createdby, createdreason, containerid, quantity, ispackaged) VALUES ('9e528c59-2290-49a4-9753-8fdf6a38a412', '70f816b8-e3c5-4e5f-bd0c-f8125519b168', '{"hp": 10, "rack": "b", "volume": 32, "cooldown": 13.5, "needs_target": false, "activation_heat": 511, "industrialmarket": {"maxprice": 1723, "minprice": 630, "silosize": 1000}, "activation_energy": 120, "shield_boost_amount": 175, "activation_gfx_effect": "small_shield_booster"}', '2022-07-04 22:49:59.010196-04', '3119eaa7-418f-46e2-8d15-68ea964aaa2d', 'Module for new noob ship for player', 'aa9f5ae4-a942-421e-926e-b977e6b5fcfc', 1, false);
INSERT INTO public.items (id, itemtypeid, meta, created, createdby, createdreason, containerid, quantity, ispackaged) VALUES ('ab1c2efb-0520-43b5-9d32-bf81fab158f5', 'aab8ec7b-6031-4f54-9ab4-434ab5e7b47c', '{"hp": 35, "rack": "b", "volume": 35, "cooldown": 27.5, "needs_target": false, "activation_heat": 490, "industrialmarket": {"maxprice": 7319, "minprice": 4250, "silosize": 1000}, "activation_energy": 385}', '2022-07-04 22:49:59.011578-04', '3119eaa7-418f-46e2-8d15-68ea964aaa2d', 'Module for new noob ship for player', 'aa9f5ae4-a942-421e-926e-b977e6b5fcfc', 1, false);
INSERT INTO public.items (id, itemtypeid, meta, created, createdby, createdreason, containerid, quantity, ispackaged) VALUES ('fa078de2-bcc4-4913-aeec-66e56c07a884', '643b06f8-3df2-40d4-abfe-37d55287d628', '{"hp": 13, "rack": "b", "range": 5487, "volume": 33, "falloff": "linear", "cooldown": 21.2, "needs_target": true, "activation_heat": 687, "drag_multiplier": 29.5, "industrialmarket": {"maxprice": 14075, "minprice": 10233, "silosize": 500}, "activation_energy": 760, "activation_gfx_effect": "small_aether_dragger"}', '2022-07-04 22:49:59.013053-04', '3119eaa7-418f-46e2-8d15-68ea964aaa2d', 'Module for new noob ship for player', 'aa9f5ae4-a942-421e-926e-b977e6b5fcfc', 1, false);
INSERT INTO public.items (id, itemtypeid, meta, created, createdby, createdreason, containerid, quantity, ispackaged) VALUES ('32ed5971-46e4-4b14-b388-2820259f355b', 'a3ff4095-2511-412f-89df-abe7b8516192', '{"hp": 72, "rack": "c", "volume": 25, "heat_sink_add": 25, "industrialmarket": {"maxprice": 1660, "minprice": 995, "silosize": 1000}}', '2022-07-04 22:49:59.014485-04', '3119eaa7-418f-46e2-8d15-68ea964aaa2d', 'Module for new noob ship for player', 'aa9f5ae4-a942-421e-926e-b977e6b5fcfc', 1, false);
INSERT INTO public.items (id, itemtypeid, meta, created, createdby, createdreason, containerid, quantity, ispackaged) VALUES ('2a8a81dc-eeb2-4369-9b39-25e4e6c77b90', 'a3ff4095-2511-412f-89df-abe7b8516192', '{"hp": 72, "rack": "c", "volume": 25, "heat_sink_add": 25, "industrialmarket": {"maxprice": 1660, "minprice": 995, "silosize": 1000}}', '2022-07-04 22:49:59.015841-04', '3119eaa7-418f-46e2-8d15-68ea964aaa2d', 'Module for new noob ship for player', 'aa9f5ae4-a942-421e-926e-b977e6b5fcfc', 1, false);
INSERT INTO public.items (id, itemtypeid, meta, created, createdby, createdreason, containerid, quantity, ispackaged) VALUES ('0b157393-0ed6-42f0-bac8-ab7be8483d50', '0d0d134c-2b7d-4888-839a-d043d6aedca6', '{"hp": 30, "rack": "c", "volume": 22, "fuel_max_add": 850, "industrialmarket": {"maxprice": 712, "minprice": 314, "silosize": 1000}}', '2022-07-04 22:49:59.017166-04', '3119eaa7-418f-46e2-8d15-68ea964aaa2d', 'Module for new noob ship for player', 'aa9f5ae4-a942-421e-926e-b977e6b5fcfc', 1, false);

--    fix current ship ids
update public.users set current_shipid = '3a48b214-7a3f-4d06-87b2-b3e8eb4c376c' where id = '7f150ec8-9246-41f9-a483-4f017a154575';
update public.users set current_shipid = 'ae6981ed-24bd-4fb5-af39-d0dcfc87cc75' where id = '0cb18760-17c1-40d4-949c-27aac1d680cc';
update public.users set current_shipid = '245fe385-7faf-4ecd-bdfb-7ca8ce34383f' where id = 'd75b8035-fcfe-40c9-add8-bd520e77a8c6';
update public.users set current_shipid = '0f624347-5304-41f2-831a-6bd6140c27a6' where id = '3119eaa7-418f-46e2-8d15-68ea964aaa2d';
update public.users set current_shipid = '79ba968e-3f9a-4a01-922a-ed8163d0cada' where id = 'f1d9887a-6f00-4cab-b12d-06e5f5c86bf9';
update public.users set current_shipid = '27cae1bd-d621-4eb4-9c99-a71bf89e2fb6' where id = 'f5d6177c-dd55-4636-b3bb-3f6069d60334';
update public.users set current_shipid = 'ca498c11-fdf5-465a-8d30-ee6967a19af1' where id = 'a392c2cf-db80-4788-a362-bb3ef8bb719d';
update public.users set current_shipid = '0665164e-c8d1-4c4c-a038-ba0a9450f4f6' where id = '7ef4858b-604c-4e85-9b25-5a43ee9407e7';
