-- meta modules
INSERT INTO public.itemtypes (id, family, name, meta) VALUES ('15291fcb-6edf-43d4-85e1-6cabc958251b', 'battery_pack', '`Hayday` Battery Pack', '{"hp": 17, "rack": "c", "volume": 45, "energy_max_add": 363, "industrialmarket": {"maxprice": 19284, "minprice": 8763, "silosize": 200}}');
INSERT INTO public.itemtypes (id, family, name, meta) VALUES ('eeac9bfc-70f1-45da-965c-fa9101bede4e', 'aux_generator', '`Jolt` APU', '{"hp": 19, "rack": "c", "volume": 47, "industrialmarket": {"maxprice": 67923, "minprice": 38444, "silosize": 200}, "energy_regen_max_add": 48}');
INSERT INTO public.itemtypes (id, family, name, meta) VALUES ('9bcc7d45-b70f-4b99-a01e-c1768c264f76', 'utility_siphon', '`Waltz` Energy Siphon', '{"hp": 23, "rack": "a", "range": 8274, "volume": 87, "falloff": "linear", "cooldown": 42.3, "tracking": 47, "needs_target": true, "activation_heat": 519, "industrialmarket": {"maxprice": 89247, "minprice": 67809, "silosize": 200}, "activation_energy": 167, "energy_siphon_amount": 989, "activation_gfx_effect": "medium_energy_siphon"}');
INSERT INTO public.itemtypes (id, family, name, meta) VALUES ('b637a000-684d-4864-a700-d19f11fe5d6a', 'utility_siphon', '`Underdog` Energy Siphon', '{"hp": 16, "rack": "a", "range": 1273, "volume": 70, "falloff": "linear", "cooldown": 16.5, "tracking": 75, "needs_target": true, "activation_heat": 235, "industrialmarket": {"maxprice": 92603, "minprice": 77832, "silosize": 200}, "activation_energy": 62, "energy_siphon_amount": 1001, "activation_gfx_effect": "medium_energy_siphon"}');
INSERT INTO public.itemtypes (id, family, name, meta) VALUES ('ed1c23cd-50fc-4fb1-9b61-945e7178081c', 'utility_veil', '`Rooster` Hardening Veil', '{"hp": 13, "rack": "a", "volume": 70, "cooldown": 104.5, "activation_heat": 255.7, "industrialmarket": {"maxprice": 67903, "minprice": 42950, "silosize": 200}, "activation_energy": 862}');
INSERT INTO public.itemtypes (id, family, name, meta) VALUES ('35183be9-e4b0-40dd-8b05-a6e1b97f66f6', 'drag_amp', '`Longshot` Aether Dragger', '{"hp": 11, "rack": "b", "range": 11376, "volume": 80, "falloff": "linear", "cooldown": 54.2, "needs_target": true, "activation_heat": 1780, "drag_multiplier": 9.5, "industrialmarket": {"maxprice": 60677, "minprice": 58800, "silosize": 200}, "activation_energy": 1665, "activation_gfx_effect": "medium_aether_dragger"}');
INSERT INTO public.itemtypes (id, family, name, meta) VALUES ('e465105a-30fd-480c-97fa-74659532b6dc', 'aux_generator', '`Mush` APU', '{"hp": 21, "rack": "c", "volume": 59, "industrialmarket": {"maxprice": 44798, "minprice": 28901, "silosize": 200}, "energy_regen_max_add": 37}');

-- loadouts
INSERT INTO public.starts (id, name, shiptemplateid, shipfitting, created, available, systemid, homestationid, wallet, factionid) VALUES ('53b5a455-ed12-4d65-81bf-6deea0606f33', 'King. Crus.', '211646ef-a445-4e5d-b3e1-708b7a1d4817', '{"a_rack": [{"item_type_id": "c1fab418-79aa-44e0-9f0b-70375171af25"}, {"item_type_id": "c1fab418-79aa-44e0-9f0b-70375171af25"}, {"item_type_id": "c1fab418-79aa-44e0-9f0b-70375171af25"}, {"item_type_id": "c1fab418-79aa-44e0-9f0b-70375171af25"}, {"item_type_id": "fe071049-81a6-4d51-8660-e0a3c32b3853"}, {"item_type_id": "06afcde3-3c8a-4d9f-9e31-7e4a6c75bbd8"}], "b_rack": [{"item_type_id": "434d961e-09a3-4ba7-90d5-aa702c4e5fdf"}, {"item_type_id": "434d961e-09a3-4ba7-90d5-aa702c4e5fdf"}, {"item_type_id": "aab8ec7b-6031-4f54-9ab4-434ab5e7b47c"}, {"item_type_id": "643b06f8-3df2-40d4-abfe-37d55287d628"}], "c_rack": [{"item_type_id": "15291fcb-6edf-43d4-85e1-6cabc958251b"}, {"item_type_id": "15291fcb-6edf-43d4-85e1-6cabc958251b"}, {"item_type_id": "dd980070-1f58-4e2e-a997-5aed73a38c80"}, {"item_type_id": "eeac9bfc-70f1-45da-965c-fa9101bede4e"}]}', '2022-12-05 18:57:51.936699-05', false, '0074f593-df14-47c4-8971-336b81a86fb8', 'ab91015b-fb32-47fd-bf38-d15af5933bab', 10000, 'a0152cbb-8a78-45a4-ae9b-2ad2b60b583b');
INSERT INTO public.starts (id, name, shiptemplateid, shipfitting, created, available, systemid, homestationid, wallet, factionid) VALUES ('2c6cdef1-351b-4eb3-b664-8c8fc113aaa9', 'Fed. Crus.', '754743cf-d534-4d6f-a46a-6d0e94d62d69', '{"a_rack": [{"item_type_id": "5e19ae7f-4725-45f3-b95b-eb849bb59416"}, {"item_type_id": "5e19ae7f-4725-45f3-b95b-eb849bb59416"}, {"item_type_id": "a8403283-b4c4-4735-9c68-5ca4fb895266"}, {"item_type_id": "a8403283-b4c4-4735-9c68-5ca4fb895266"}, {"item_type_id": "9bcc7d45-b70f-4b99-a01e-c1768c264f76"}, {"item_type_id": "9bcc7d45-b70f-4b99-a01e-c1768c264f76"}], "b_rack": [{"item_type_id": "242b4af2-1384-4976-a8c2-3b0561398341"}, {"item_type_id": "6789f483-7a7c-49a1-a5a1-4509ecdeea5d"}, {"item_type_id": "caa1322a-0c9e-4d8a-9a3b-00dc2e41cc76"}], "c_rack": [{"item_type_id": "fab39b1f-bab3-4cd2-9b80-e7e48f35fe9d"}, {"item_type_id": "fab39b1f-bab3-4cd2-9b80-e7e48f35fe9d"}, {"item_type_id": "fab39b1f-bab3-4cd2-9b80-e7e48f35fe9d"}, {"item_type_id": "9777cd84-0f16-4b65-8ab3-e139a44b8fbc"}, {"item_type_id": "a033c394-10ae-4a50-8eec-7ee7ea43b321"}]}', '2022-12-05 19:59:26.766781-05', false, '0078c73f-1b40-4b22-bdf0-f4927d8bd7bd', '306c0fcd-cf01-43fc-850f-172191fe1582', 10000, '27a53dfc-a321-4c12-bf7c-bb177955c95b');
INSERT INTO public.starts (id, name, shiptemplateid, shipfitting, created, available, systemid, homestationid, wallet, factionid) VALUES ('7c33813c-1c5e-4067-8dc6-e02a735f1ced', 'Col. Crus.', 'baa7d3dd-4261-43d7-94b5-d9e058e03b5d', '{"a_rack": [{"item_type_id": "5e19ae7f-4725-45f3-b95b-eb849bb59416"}, {"item_type_id": "5e19ae7f-4725-45f3-b95b-eb849bb59416"}, {"item_type_id": "a8403283-b4c4-4735-9c68-5ca4fb895266"}, {"item_type_id": "a8403283-b4c4-4735-9c68-5ca4fb895266"}, {"item_type_id": "ed1c23cd-50fc-4fb1-9b61-945e7178081c"}, {"item_type_id": "b637a000-684d-4864-a700-d19f11fe5d6a"}], "b_rack": [{"item_type_id": "434d961e-09a3-4ba7-90d5-aa702c4e5fdf"}, {"item_type_id": "434d961e-09a3-4ba7-90d5-aa702c4e5fdf"}, {"item_type_id": "242b4af2-1384-4976-a8c2-3b0561398341"}, {"item_type_id": "caa1322a-0c9e-4d8a-9a3b-00dc2e41cc76"}, {"item_type_id": "643b06f8-3df2-40d4-abfe-37d55287d628"}], "c_rack": [{"item_type_id": "eeac9bfc-70f1-45da-965c-fa9101bede4e"}, {"item_type_id": "eeac9bfc-70f1-45da-965c-fa9101bede4e"}, {"item_type_id": "15291fcb-6edf-43d4-85e1-6cabc958251b"}]}', '2022-12-05 20:11:38.098907-05', false, '5e829d81-6d7a-4f4e-827c-2f57d7e8311b', '92edfcf5-b348-4cdf-b8b6-4fe41acc6f75', 10000, '5db2bec7-37c3-4f1c-ab88-21024c12d639');
INSERT INTO public.starts (id, name, shiptemplateid, shipfitting, created, available, systemid, homestationid, wallet, factionid) VALUES ('450469af-4c7c-4746-8b47-803158211bbc', 'Acc. Crus.', '472151e7-7a53-47af-a16f-7eb4f4d7776d', '{"a_rack": [{"item_type_id": "7527672b-3b02-4aca-8d48-1f104da5ce77"}, {"item_type_id": "7527672b-3b02-4aca-8d48-1f104da5ce77"}, {"item_type_id": "7527672b-3b02-4aca-8d48-1f104da5ce77"}, {"item_type_id": "7527672b-3b02-4aca-8d48-1f104da5ce77"}, {"item_type_id": "fe071049-81a6-4d51-8660-e0a3c32b3853"}, {"item_type_id": "fe071049-81a6-4d51-8660-e0a3c32b3853"}], "b_rack": [{"item_type_id": "35183be9-e4b0-40dd-8b05-a6e1b97f66f6"}, {"item_type_id": "6789f483-7a7c-49a1-a5a1-4509ecdeea5d"}, {"item_type_id": "caa1322a-0c9e-4d8a-9a3b-00dc2e41cc76"}, {"item_type_id": "242b4af2-1384-4976-a8c2-3b0561398341"}], "c_rack": [{"item_type_id": "e465105a-30fd-480c-97fa-74659532b6dc"}, {"item_type_id": "e465105a-30fd-480c-97fa-74659532b6dc"}, {"item_type_id": "a033c394-10ae-4a50-8eec-7ee7ea43b321"}, {"item_type_id": "a033c394-10ae-4a50-8eec-7ee7ea43b321"}]}', '2022-12-05 20:43:04.802986-05', false, '5aa036f7-14ed-4273-a5ac-e7457ecabdaa', '3efc7fb3-6f61-4b06-b2f1-ea7c4529449f', 10000, 'bdeffd9a-3cab-408c-9cd7-32fce1124f7a');

-- kingdom

    -- containers
    INSERT INTO public.containers (id, meta, created) VALUES ('9fdd6c3e-8689-4d4c-9f64-b75f16143a75', '{}', '2022-12-06 16:36:45.898915-05');
    INSERT INTO public.containers (id, meta, created) VALUES ('ee76cb33-ba84-4859-8a95-cc21a0a7b793', '{}', '2022-12-06 16:36:45.905162-05');
    INSERT INTO public.containers (id, meta, created) VALUES ('571befde-48c5-4480-af64-b7d8eccacc3b', '{}', '2022-12-06 16:36:45.906493-05');
    INSERT INTO public.containers (id, meta, created) VALUES ('4be2640e-0f28-4e1d-b6ad-2d6222dd64e5', '{}', '2022-12-06 16:36:45.907896-05');
    INSERT INTO public.containers (id, meta, created) VALUES ('4adb2380-618a-4a78-bd52-87ba7cdd80de', '{}', '2022-12-06 16:36:45.946148-05');
    INSERT INTO public.containers (id, meta, created) VALUES ('df6d903d-1829-4002-a6cf-81fe9e51b6c1', '{}', '2022-12-06 16:36:45.949638-05');
    INSERT INTO public.containers (id, meta, created) VALUES ('b8ac5df5-4396-4400-959a-2dbb0d92f0b9', '{}', '2022-12-06 16:36:45.951108-05');
    INSERT INTO public.containers (id, meta, created) VALUES ('cf85965f-7984-4402-b35a-3565805731d4', '{}', '2022-12-06 16:36:45.952436-05');
    INSERT INTO public.containers (id, meta, created) VALUES ('8d5fb43a-7b9e-455d-9a53-0d486f0448cc', '{}', '2022-12-06 16:36:45.981748-05');
    INSERT INTO public.containers (id, meta, created) VALUES ('203dacd6-4bab-4745-9f09-a8ac5a9c7e5e', '{}', '2022-12-06 16:36:45.985162-05');
    INSERT INTO public.containers (id, meta, created) VALUES ('32575210-1b50-4fdc-abb9-049fe23ca759', '{}', '2022-12-06 16:36:45.986519-05');
    INSERT INTO public.containers (id, meta, created) VALUES ('98182cbc-3167-42b9-a710-5db8728f9927', '{}', '2022-12-06 16:36:45.987976-05');
    INSERT INTO public.containers (id, meta, created) VALUES ('405d1f27-a6f7-4e01-a93f-eeaeb8229c9b', '{}', '2022-12-06 16:36:46.01904-05');
    INSERT INTO public.containers (id, meta, created) VALUES ('dc9cdc9d-0cd5-4e2e-99f6-70fb54bf824b', '{}', '2022-12-06 16:36:46.022716-05');
    INSERT INTO public.containers (id, meta, created) VALUES ('9c2459a7-ae75-40c7-b841-a2d7bc208e0a', '{}', '2022-12-06 16:36:46.024143-05');
    INSERT INTO public.containers (id, meta, created) VALUES ('18ba825f-7618-4669-adb1-f11481b86ac9', '{}', '2022-12-06 16:36:46.025508-05');

    -- users
    INSERT INTO public.users (id, charactername, hashpass, registered, banned, current_shipid, startid, escrow_containerid, current_factionid, reputationsheet, isnpc, behaviourmode, emailaddress, experiencesheet, registeredip, isdev, resettoken) VALUES ('57af0455-964a-45c8-9fe4-9f90e5678860', 'Trix Jenkins', '1256183c5a2e3cecb33cacbf7606de2edfdccc29bffd06346e2db2122fb8fa63', '2022-12-06 16:36:45.90176-05', B'0', NULL, '53b5a455-ed12-4d65-81bf-6deea0606f33', '9fdd6c3e-8689-4d4c-9f64-b75f16143a75', 'a0152cbb-8a78-45a4-ae9b-2ad2b60b583b', '{"factionEntries": {"27a53dfc-a321-4c12-bf7c-bb177955c95b": {"FactionID": "27a53dfc-a321-4c12-bf7c-bb177955c95b", "StandingValue": 5, "AreOpenlyHostile": false}, "30bc70eb-2692-47e6-a7e3-2772e131c3d7": {"FactionID": "30bc70eb-2692-47e6-a7e3-2772e131c3d7", "StandingValue": -3, "AreOpenlyHostile": true}, "506286f5-6613-4481-ac26-caa9940fbe68": {"FactionID": "506286f5-6613-4481-ac26-caa9940fbe68", "StandingValue": -0.5, "AreOpenlyHostile": false}, "559d7fc1-5470-4ab4-8c66-fa2f0b89a523": {"FactionID": "559d7fc1-5470-4ab4-8c66-fa2f0b89a523", "StandingValue": 0.5, "AreOpenlyHostile": false}, "5db2bec7-37c3-4f1c-ab88-21024c12d639": {"FactionID": "5db2bec7-37c3-4f1c-ab88-21024c12d639", "StandingValue": -4, "AreOpenlyHostile": true}, "7decfd86-9c82-4a17-af3b-5d4af8c4e2ad": {"FactionID": "7decfd86-9c82-4a17-af3b-5d4af8c4e2ad", "StandingValue": -0.5, "AreOpenlyHostile": false}, "a0152cbb-8a78-45a4-ae9b-2ad2b60b583b": {"FactionID": "a0152cbb-8a78-45a4-ae9b-2ad2b60b583b", "StandingValue": 10, "AreOpenlyHostile": false}, "b3d3fa9c-b21e-490f-b39e-128b3af12128": {"FactionID": "b3d3fa9c-b21e-490f-b39e-128b3af12128", "StandingValue": 0, "AreOpenlyHostile": false}, "bdeffd9a-3cab-408c-9cd7-32fce1124f7a": {"FactionID": "bdeffd9a-3cab-408c-9cd7-32fce1124f7a", "StandingValue": -5, "AreOpenlyHostile": true}}}', true, 2, NULL, '{}', '[::1]:39706', false, NULL);
    INSERT INTO public.users (id, charactername, hashpass, registered, banned, current_shipid, startid, escrow_containerid, current_factionid, reputationsheet, isnpc, behaviourmode, emailaddress, experiencesheet, registeredip, isdev, resettoken) VALUES ('79890293-3e1a-4ee0-a988-5222d251452c', 'Rosaire Petit', '54d22f143034bb7b3a545c884353f4a1887a1a9235d51931595e0ce9d91b7f41', '2022-12-06 16:36:45.947474-05', B'0', NULL, '53b5a455-ed12-4d65-81bf-6deea0606f33', '4adb2380-618a-4a78-bd52-87ba7cdd80de', 'a0152cbb-8a78-45a4-ae9b-2ad2b60b583b', '{"factionEntries": {"27a53dfc-a321-4c12-bf7c-bb177955c95b": {"FactionID": "27a53dfc-a321-4c12-bf7c-bb177955c95b", "StandingValue": 5, "AreOpenlyHostile": false}, "30bc70eb-2692-47e6-a7e3-2772e131c3d7": {"FactionID": "30bc70eb-2692-47e6-a7e3-2772e131c3d7", "StandingValue": -3, "AreOpenlyHostile": true}, "506286f5-6613-4481-ac26-caa9940fbe68": {"FactionID": "506286f5-6613-4481-ac26-caa9940fbe68", "StandingValue": -0.5, "AreOpenlyHostile": false}, "559d7fc1-5470-4ab4-8c66-fa2f0b89a523": {"FactionID": "559d7fc1-5470-4ab4-8c66-fa2f0b89a523", "StandingValue": 0.5, "AreOpenlyHostile": false}, "5db2bec7-37c3-4f1c-ab88-21024c12d639": {"FactionID": "5db2bec7-37c3-4f1c-ab88-21024c12d639", "StandingValue": -4, "AreOpenlyHostile": true}, "7decfd86-9c82-4a17-af3b-5d4af8c4e2ad": {"FactionID": "7decfd86-9c82-4a17-af3b-5d4af8c4e2ad", "StandingValue": -0.5, "AreOpenlyHostile": false}, "a0152cbb-8a78-45a4-ae9b-2ad2b60b583b": {"FactionID": "a0152cbb-8a78-45a4-ae9b-2ad2b60b583b", "StandingValue": 10, "AreOpenlyHostile": false}, "b3d3fa9c-b21e-490f-b39e-128b3af12128": {"FactionID": "b3d3fa9c-b21e-490f-b39e-128b3af12128", "StandingValue": 0, "AreOpenlyHostile": false}, "bdeffd9a-3cab-408c-9cd7-32fce1124f7a": {"FactionID": "bdeffd9a-3cab-408c-9cd7-32fce1124f7a", "StandingValue": -5, "AreOpenlyHostile": true}}}', true, 2, NULL, '{}', '[::1]:39706', false, NULL);
    INSERT INTO public.users (id, charactername, hashpass, registered, banned, current_shipid, startid, escrow_containerid, current_factionid, reputationsheet, isnpc, behaviourmode, emailaddress, experiencesheet, registeredip, isdev, resettoken) VALUES ('d7b814c9-9755-4b46-bdb1-edbaa4551193', 'Je In', '9f1c1bd8475883ba5cc8ce8e18a10ffb8e78c6b6ecf59d53d33896beaad24e72', '2022-12-06 16:36:45.983187-05', B'0', NULL, '53b5a455-ed12-4d65-81bf-6deea0606f33', '8d5fb43a-7b9e-455d-9a53-0d486f0448cc', 'a0152cbb-8a78-45a4-ae9b-2ad2b60b583b', '{"factionEntries": {"27a53dfc-a321-4c12-bf7c-bb177955c95b": {"FactionID": "27a53dfc-a321-4c12-bf7c-bb177955c95b", "StandingValue": 5, "AreOpenlyHostile": false}, "30bc70eb-2692-47e6-a7e3-2772e131c3d7": {"FactionID": "30bc70eb-2692-47e6-a7e3-2772e131c3d7", "StandingValue": -3, "AreOpenlyHostile": true}, "506286f5-6613-4481-ac26-caa9940fbe68": {"FactionID": "506286f5-6613-4481-ac26-caa9940fbe68", "StandingValue": -0.5, "AreOpenlyHostile": false}, "559d7fc1-5470-4ab4-8c66-fa2f0b89a523": {"FactionID": "559d7fc1-5470-4ab4-8c66-fa2f0b89a523", "StandingValue": 0.5, "AreOpenlyHostile": false}, "5db2bec7-37c3-4f1c-ab88-21024c12d639": {"FactionID": "5db2bec7-37c3-4f1c-ab88-21024c12d639", "StandingValue": -4, "AreOpenlyHostile": true}, "7decfd86-9c82-4a17-af3b-5d4af8c4e2ad": {"FactionID": "7decfd86-9c82-4a17-af3b-5d4af8c4e2ad", "StandingValue": -0.5, "AreOpenlyHostile": false}, "a0152cbb-8a78-45a4-ae9b-2ad2b60b583b": {"FactionID": "a0152cbb-8a78-45a4-ae9b-2ad2b60b583b", "StandingValue": 10, "AreOpenlyHostile": false}, "b3d3fa9c-b21e-490f-b39e-128b3af12128": {"FactionID": "b3d3fa9c-b21e-490f-b39e-128b3af12128", "StandingValue": 0, "AreOpenlyHostile": false}, "bdeffd9a-3cab-408c-9cd7-32fce1124f7a": {"FactionID": "bdeffd9a-3cab-408c-9cd7-32fce1124f7a", "StandingValue": -5, "AreOpenlyHostile": true}}}', true, 2, NULL, '{}', '[::1]:39706', false, NULL);
    INSERT INTO public.users (id, charactername, hashpass, registered, banned, current_shipid, startid, escrow_containerid, current_factionid, reputationsheet, isnpc, behaviourmode, emailaddress, experiencesheet, registeredip, isdev, resettoken) VALUES ('f2fddab4-2044-4b5a-9397-78263329563b', 'Joshi Akiloye', '058ffb24b421dd666ea8a09ade6382893b1e4808299d01dfbe61882011b66768', '2022-12-06 16:36:46.020473-05', B'0', NULL, '53b5a455-ed12-4d65-81bf-6deea0606f33', '405d1f27-a6f7-4e01-a93f-eeaeb8229c9b', 'a0152cbb-8a78-45a4-ae9b-2ad2b60b583b', '{"factionEntries": {"27a53dfc-a321-4c12-bf7c-bb177955c95b": {"FactionID": "27a53dfc-a321-4c12-bf7c-bb177955c95b", "StandingValue": 5, "AreOpenlyHostile": false}, "30bc70eb-2692-47e6-a7e3-2772e131c3d7": {"FactionID": "30bc70eb-2692-47e6-a7e3-2772e131c3d7", "StandingValue": -3, "AreOpenlyHostile": true}, "506286f5-6613-4481-ac26-caa9940fbe68": {"FactionID": "506286f5-6613-4481-ac26-caa9940fbe68", "StandingValue": -0.5, "AreOpenlyHostile": false}, "559d7fc1-5470-4ab4-8c66-fa2f0b89a523": {"FactionID": "559d7fc1-5470-4ab4-8c66-fa2f0b89a523", "StandingValue": 0.5, "AreOpenlyHostile": false}, "5db2bec7-37c3-4f1c-ab88-21024c12d639": {"FactionID": "5db2bec7-37c3-4f1c-ab88-21024c12d639", "StandingValue": -4, "AreOpenlyHostile": true}, "7decfd86-9c82-4a17-af3b-5d4af8c4e2ad": {"FactionID": "7decfd86-9c82-4a17-af3b-5d4af8c4e2ad", "StandingValue": -0.5, "AreOpenlyHostile": false}, "a0152cbb-8a78-45a4-ae9b-2ad2b60b583b": {"FactionID": "a0152cbb-8a78-45a4-ae9b-2ad2b60b583b", "StandingValue": 10, "AreOpenlyHostile": false}, "b3d3fa9c-b21e-490f-b39e-128b3af12128": {"FactionID": "b3d3fa9c-b21e-490f-b39e-128b3af12128", "StandingValue": 0, "AreOpenlyHostile": false}, "bdeffd9a-3cab-408c-9cd7-32fce1124f7a": {"FactionID": "bdeffd9a-3cab-408c-9cd7-32fce1124f7a", "StandingValue": -5, "AreOpenlyHostile": true}}}', true, 2, NULL, '{}', '[::1]:39706', false, NULL);

    -- ships
    INSERT INTO public.ships (id, universe_systemid, userid, pos_x, pos_y, created, shipname, texture, theta, vel_x, vel_y, shield, armor, hull, fuel, heat, energy, shiptemplateid, dockedat_stationid, fitting, destroyed, destroyedat, cargobay_containerid, fittingbay_containerid, remaxdirty, trash_containerid, wallet, noload, flightexperiencemodifier) VALUES ('c0140d01-a0ac-4475-a423-095cfe5f739f', '0074f593-df14-47c4-8971-336b81a86fb8', '57af0455-964a-45c8-9fe4-9f90e5678860', 0, 0, '2022-12-06 16:36:45.938591-05', 'Trix Jenkins''s Starter Ship', 'Kea', 0, 0, 0, 3375, 2713, 2165, 4166, 0, 1439, '211646ef-a445-4e5d-b3e1-708b7a1d4817', 'ab91015b-fb32-47fd-bf38-d15af5933bab', '{"a_rack": [{"item_id": "6c78b8ba-2e7a-45d7-bfbc-399a74197ebd", "slot_idx": 0, "item_type_id": "c1fab418-79aa-44e0-9f0b-70375171af25"}, {"item_id": "47123aa7-eeb8-4d85-86ba-200f6ca54e4d", "slot_idx": 1, "item_type_id": "c1fab418-79aa-44e0-9f0b-70375171af25"}, {"item_id": "e59fc628-684f-45b1-a82c-81454e2edd8f", "slot_idx": 2, "item_type_id": "c1fab418-79aa-44e0-9f0b-70375171af25"}, {"item_id": "2bafc43e-dd96-49a6-b9cc-ba1734f1ae49", "slot_idx": 3, "item_type_id": "c1fab418-79aa-44e0-9f0b-70375171af25"}, {"item_id": "e7ee4cee-44f2-4314-91df-23fe7e46f82f", "slot_idx": 4, "item_type_id": "fe071049-81a6-4d51-8660-e0a3c32b3853"}, {"item_id": "defa0b41-f144-4b7f-bc89-7d53f1d4be24", "slot_idx": 5, "item_type_id": "06afcde3-3c8a-4d9f-9e31-7e4a6c75bbd8"}], "b_rack": [{"item_id": "a9277a08-cfb4-4bec-95e5-2d5214c7fbce", "slot_idx": 0, "item_type_id": "434d961e-09a3-4ba7-90d5-aa702c4e5fdf"}, {"item_id": "61cbe617-b1ba-415b-b254-bc50acb0f441", "slot_idx": 1, "item_type_id": "434d961e-09a3-4ba7-90d5-aa702c4e5fdf"}, {"item_id": "ed3564d1-ea0a-4c5c-83f1-5582ee456ce3", "slot_idx": 2, "item_type_id": "aab8ec7b-6031-4f54-9ab4-434ab5e7b47c"}, {"item_id": "559dc0fa-0c89-4220-bcc5-4bcc7c1e03f9", "slot_idx": 3, "item_type_id": "643b06f8-3df2-40d4-abfe-37d55287d628"}], "c_rack": [{"item_id": "866b355f-2782-43c0-8cb6-9ff44c266ed5", "slot_idx": 0, "item_type_id": "15291fcb-6edf-43d4-85e1-6cabc958251b"}, {"item_id": "77a5e0ea-7c80-4a65-b4d8-1d2acc70d3b8", "slot_idx": 1, "item_type_id": "15291fcb-6edf-43d4-85e1-6cabc958251b"}, {"item_id": "7c1056c3-f9bc-4889-b403-b377f3308757", "slot_idx": 2, "item_type_id": "dd980070-1f58-4e2e-a997-5aed73a38c80"}, {"item_id": "7bd15625-1dd0-4928-87f8-37b3fd78deb2", "slot_idx": 3, "item_type_id": "eeac9bfc-70f1-45da-965c-fa9101bede4e"}]}', false, NULL, '571befde-48c5-4480-af64-b7d8eccacc3b', '4be2640e-0f28-4e1d-b6ad-2d6222dd64e5', true, 'ee76cb33-ba84-4859-8a95-cc21a0a7b793', 10000, false, 1);
    INSERT INTO public.ships (id, universe_systemid, userid, pos_x, pos_y, created, shipname, texture, theta, vel_x, vel_y, shield, armor, hull, fuel, heat, energy, shiptemplateid, dockedat_stationid, fitting, destroyed, destroyedat, cargobay_containerid, fittingbay_containerid, remaxdirty, trash_containerid, wallet, noload, flightexperiencemodifier) VALUES ('c27f3004-1653-4b87-82ca-ca2d692f9067', '0074f593-df14-47c4-8971-336b81a86fb8', '79890293-3e1a-4ee0-a988-5222d251452c', 0, 0, '2022-12-06 16:36:45.976842-05', 'Rosaire Petit''s Starter Ship', 'Kea', 0, 0, 0, 3375, 2713, 2165, 4166, 0, 1439, '211646ef-a445-4e5d-b3e1-708b7a1d4817', 'ab91015b-fb32-47fd-bf38-d15af5933bab', '{"a_rack": [{"item_id": "f4a7054e-4a2c-4b28-8c9c-f20014726570", "slot_idx": 0, "item_type_id": "c1fab418-79aa-44e0-9f0b-70375171af25"}, {"item_id": "88fcefd9-e2bd-432b-8819-74156e0afcf9", "slot_idx": 1, "item_type_id": "c1fab418-79aa-44e0-9f0b-70375171af25"}, {"item_id": "dee5d140-803b-4d0b-af56-803761e03e3d", "slot_idx": 2, "item_type_id": "c1fab418-79aa-44e0-9f0b-70375171af25"}, {"item_id": "efb3e726-4cf3-4f9b-9093-47ae37182e39", "slot_idx": 3, "item_type_id": "c1fab418-79aa-44e0-9f0b-70375171af25"}, {"item_id": "698be293-3e0d-45de-9322-149b37014ee9", "slot_idx": 4, "item_type_id": "fe071049-81a6-4d51-8660-e0a3c32b3853"}, {"item_id": "7ff08c14-1238-4743-9b23-3fbd1b4be0e1", "slot_idx": 5, "item_type_id": "06afcde3-3c8a-4d9f-9e31-7e4a6c75bbd8"}], "b_rack": [{"item_id": "0d9ab2a9-4f3a-4fb8-8f54-decec21c86bc", "slot_idx": 0, "item_type_id": "434d961e-09a3-4ba7-90d5-aa702c4e5fdf"}, {"item_id": "5460cdb5-5788-4718-8ef2-1a71648b78e0", "slot_idx": 1, "item_type_id": "434d961e-09a3-4ba7-90d5-aa702c4e5fdf"}, {"item_id": "b0da7e8a-f52e-4dd5-aeac-06549c2c4b14", "slot_idx": 2, "item_type_id": "aab8ec7b-6031-4f54-9ab4-434ab5e7b47c"}, {"item_id": "b4c63509-4164-4312-a9e4-fc88c0767902", "slot_idx": 3, "item_type_id": "643b06f8-3df2-40d4-abfe-37d55287d628"}], "c_rack": [{"item_id": "8e8a3c98-cf7e-4a52-ac7d-465084eec875", "slot_idx": 0, "item_type_id": "15291fcb-6edf-43d4-85e1-6cabc958251b"}, {"item_id": "e8b994ee-2656-4875-8c94-3e9ce5e3493d", "slot_idx": 1, "item_type_id": "15291fcb-6edf-43d4-85e1-6cabc958251b"}, {"item_id": "22e81ade-9736-4788-97a4-8d0e9ba90453", "slot_idx": 2, "item_type_id": "dd980070-1f58-4e2e-a997-5aed73a38c80"}, {"item_id": "3cd9da3c-5efc-453e-a186-d4d31e091a06", "slot_idx": 3, "item_type_id": "eeac9bfc-70f1-45da-965c-fa9101bede4e"}]}', false, NULL, 'b8ac5df5-4396-4400-959a-2dbb0d92f0b9', 'cf85965f-7984-4402-b35a-3565805731d4', true, 'df6d903d-1829-4002-a6cf-81fe9e51b6c1', 10000, false, 1);
    INSERT INTO public.ships (id, universe_systemid, userid, pos_x, pos_y, created, shipname, texture, theta, vel_x, vel_y, shield, armor, hull, fuel, heat, energy, shiptemplateid, dockedat_stationid, fitting, destroyed, destroyedat, cargobay_containerid, fittingbay_containerid, remaxdirty, trash_containerid, wallet, noload, flightexperiencemodifier) VALUES ('ffc9f760-50f3-40b1-b214-57f9b5e5bbde', '0074f593-df14-47c4-8971-336b81a86fb8', 'd7b814c9-9755-4b46-bdb1-edbaa4551193', 0, 0, '2022-12-06 16:36:46.014102-05', 'Je In''s Starter Ship', 'Kea', 0, 0, 0, 3375, 2713, 2165, 4166, 0, 1439, '211646ef-a445-4e5d-b3e1-708b7a1d4817', 'ab91015b-fb32-47fd-bf38-d15af5933bab', '{"a_rack": [{"item_id": "110f80f3-509d-465b-81b0-b8613f369078", "slot_idx": 0, "item_type_id": "c1fab418-79aa-44e0-9f0b-70375171af25"}, {"item_id": "f41e81f0-205b-49ec-9adc-82c27c419d01", "slot_idx": 1, "item_type_id": "c1fab418-79aa-44e0-9f0b-70375171af25"}, {"item_id": "605e78f6-f63b-4686-a840-730a6de0970c", "slot_idx": 2, "item_type_id": "c1fab418-79aa-44e0-9f0b-70375171af25"}, {"item_id": "317f4ced-45b5-4974-b521-9aebc9eaac3b", "slot_idx": 3, "item_type_id": "c1fab418-79aa-44e0-9f0b-70375171af25"}, {"item_id": "5361e5f4-3758-4696-bc76-6b49159b238b", "slot_idx": 4, "item_type_id": "fe071049-81a6-4d51-8660-e0a3c32b3853"}, {"item_id": "a119a52e-00ff-442c-a3b4-8ccad0c95e62", "slot_idx": 5, "item_type_id": "06afcde3-3c8a-4d9f-9e31-7e4a6c75bbd8"}], "b_rack": [{"item_id": "76c9f511-b8dd-4e4b-9eb7-86752b480bfe", "slot_idx": 0, "item_type_id": "434d961e-09a3-4ba7-90d5-aa702c4e5fdf"}, {"item_id": "92bcd94c-2f68-4320-ba9e-8d08e857fa84", "slot_idx": 1, "item_type_id": "434d961e-09a3-4ba7-90d5-aa702c4e5fdf"}, {"item_id": "89d9d69e-9c6e-42f2-a588-867f6d3975da", "slot_idx": 2, "item_type_id": "aab8ec7b-6031-4f54-9ab4-434ab5e7b47c"}, {"item_id": "968b929d-2f43-4177-9c3a-82cea5a9ec66", "slot_idx": 3, "item_type_id": "643b06f8-3df2-40d4-abfe-37d55287d628"}], "c_rack": [{"item_id": "ce2c973a-82e6-4c5c-a42a-34953400a59f", "slot_idx": 0, "item_type_id": "15291fcb-6edf-43d4-85e1-6cabc958251b"}, {"item_id": "98eafef0-aec3-47d6-a771-0e547f043023", "slot_idx": 1, "item_type_id": "15291fcb-6edf-43d4-85e1-6cabc958251b"}, {"item_id": "1b8d8e95-c257-4c78-be50-747b75276b40", "slot_idx": 2, "item_type_id": "dd980070-1f58-4e2e-a997-5aed73a38c80"}, {"item_id": "3a32e1c5-2439-4739-b1a0-d3986da6c854", "slot_idx": 3, "item_type_id": "eeac9bfc-70f1-45da-965c-fa9101bede4e"}]}', false, NULL, '32575210-1b50-4fdc-abb9-049fe23ca759', '98182cbc-3167-42b9-a710-5db8728f9927', true, '203dacd6-4bab-4745-9f09-a8ac5a9c7e5e', 10000, false, 1);
    INSERT INTO public.ships (id, universe_systemid, userid, pos_x, pos_y, created, shipname, texture, theta, vel_x, vel_y, shield, armor, hull, fuel, heat, energy, shiptemplateid, dockedat_stationid, fitting, destroyed, destroyedat, cargobay_containerid, fittingbay_containerid, remaxdirty, trash_containerid, wallet, noload, flightexperiencemodifier) VALUES ('13a8ab5b-5660-46ef-867c-57b3b7de8661', '0074f593-df14-47c4-8971-336b81a86fb8', 'f2fddab4-2044-4b5a-9397-78263329563b', 0, 0, '2022-12-06 16:36:46.050688-05', 'Joshi Akiloye''s Starter Ship', 'Kea', 0, 0, 0, 3375, 2713, 2165, 4166, 0, 1439, '211646ef-a445-4e5d-b3e1-708b7a1d4817', 'ab91015b-fb32-47fd-bf38-d15af5933bab', '{"a_rack": [{"item_id": "1d083e3f-ebe3-47b2-b79f-feef4983a14f", "slot_idx": 0, "item_type_id": "c1fab418-79aa-44e0-9f0b-70375171af25"}, {"item_id": "54b7cd74-b6fe-4720-be04-4f8381d9e079", "slot_idx": 1, "item_type_id": "c1fab418-79aa-44e0-9f0b-70375171af25"}, {"item_id": "50db02d0-c04d-4d34-98f4-d5ab25bcd634", "slot_idx": 2, "item_type_id": "c1fab418-79aa-44e0-9f0b-70375171af25"}, {"item_id": "add472f7-a5e2-44b8-8795-009439d5554c", "slot_idx": 3, "item_type_id": "c1fab418-79aa-44e0-9f0b-70375171af25"}, {"item_id": "c9fff1c8-0602-4e55-9476-50c5970615ef", "slot_idx": 4, "item_type_id": "fe071049-81a6-4d51-8660-e0a3c32b3853"}, {"item_id": "31499592-2a6e-473c-8377-e3505a4b1e9a", "slot_idx": 5, "item_type_id": "06afcde3-3c8a-4d9f-9e31-7e4a6c75bbd8"}], "b_rack": [{"item_id": "95d33866-e585-4c05-b4ab-63a81282dc97", "slot_idx": 0, "item_type_id": "434d961e-09a3-4ba7-90d5-aa702c4e5fdf"}, {"item_id": "468de1c7-f6dd-40ad-9d59-2f683a9553b9", "slot_idx": 1, "item_type_id": "434d961e-09a3-4ba7-90d5-aa702c4e5fdf"}, {"item_id": "717134a2-17c4-4009-8687-03bd32edd7c4", "slot_idx": 2, "item_type_id": "aab8ec7b-6031-4f54-9ab4-434ab5e7b47c"}, {"item_id": "af819ac3-4867-4495-8ff0-8548a942f14c", "slot_idx": 3, "item_type_id": "643b06f8-3df2-40d4-abfe-37d55287d628"}], "c_rack": [{"item_id": "425ac771-01f1-4f5c-acd1-316ceda2e6d9", "slot_idx": 0, "item_type_id": "15291fcb-6edf-43d4-85e1-6cabc958251b"}, {"item_id": "5b0e189a-24ae-475b-9541-2d81dcfaa3f5", "slot_idx": 1, "item_type_id": "15291fcb-6edf-43d4-85e1-6cabc958251b"}, {"item_id": "904a65fa-3ecc-4dfc-8ae1-ba6d563ef0c4", "slot_idx": 2, "item_type_id": "dd980070-1f58-4e2e-a997-5aed73a38c80"}, {"item_id": "01803d9b-75ab-404b-b1be-c23cbeaa38c4", "slot_idx": 3, "item_type_id": "eeac9bfc-70f1-45da-965c-fa9101bede4e"}]}', false, NULL, '9c2459a7-ae75-40c7-b841-a2d7bc208e0a', '18ba825f-7618-4669-adb1-f11481b86ac9', true, 'dc9cdc9d-0cd5-4e2e-99f6-70fb54bf824b', 10000, false, 1);

    -- items
    INSERT INTO public.items (id, itemtypeid, meta, created, createdby, createdreason, containerid, quantity, ispackaged) VALUES ('6c78b8ba-2e7a-45d7-bfbc-399a74197ebd', 'c1fab418-79aa-44e0-9f0b-70375171af25', '{"hp": 38, "rack": "a", "range": 15226, "volume": 76, "falloff": "linear", "cooldown": 22.7, "tracking": 25.8, "hull_damage": 5035, "armor_damage": 3677, "can_mine_gas": false, "can_mine_ice": false, "can_mine_ore": false, "needs_target": true, "shield_damage": 2495, "activation_heat": 188.6, "ammunition_name": "Medium Gauss Shell", "ammunition_type": "81fc758a-9a44-41b6-8265-9649332957b9", "industrialmarket": {"maxprice": 37725, "minprice": 17233, "silosize": 1000}, "activation_energy": 81, "ore_mining_volume": 0, "activation_gfx_effect": "medium_gauss_rifle"}', '2022-12-06 16:36:45.909826-05', '57af0455-964a-45c8-9fe4-9f90e5678860', 'Module for new noob ship for player', '4be2640e-0f28-4e1d-b6ad-2d6222dd64e5', 1, false);
    INSERT INTO public.items (id, itemtypeid, meta, created, createdby, createdreason, containerid, quantity, ispackaged) VALUES ('47123aa7-eeb8-4d85-86ba-200f6ca54e4d', 'c1fab418-79aa-44e0-9f0b-70375171af25', '{"hp": 38, "rack": "a", "range": 15226, "volume": 76, "falloff": "linear", "cooldown": 22.7, "tracking": 25.8, "hull_damage": 5035, "armor_damage": 3677, "can_mine_gas": false, "can_mine_ice": false, "can_mine_ore": false, "needs_target": true, "shield_damage": 2495, "activation_heat": 188.6, "ammunition_name": "Medium Gauss Shell", "ammunition_type": "81fc758a-9a44-41b6-8265-9649332957b9", "industrialmarket": {"maxprice": 37725, "minprice": 17233, "silosize": 1000}, "activation_energy": 81, "ore_mining_volume": 0, "activation_gfx_effect": "medium_gauss_rifle"}', '2022-12-06 16:36:45.911779-05', '57af0455-964a-45c8-9fe4-9f90e5678860', 'Module for new noob ship for player', '4be2640e-0f28-4e1d-b6ad-2d6222dd64e5', 1, false);
    INSERT INTO public.items (id, itemtypeid, meta, created, createdby, createdreason, containerid, quantity, ispackaged) VALUES ('e59fc628-684f-45b1-a82c-81454e2edd8f', 'c1fab418-79aa-44e0-9f0b-70375171af25', '{"hp": 38, "rack": "a", "range": 15226, "volume": 76, "falloff": "linear", "cooldown": 22.7, "tracking": 25.8, "hull_damage": 5035, "armor_damage": 3677, "can_mine_gas": false, "can_mine_ice": false, "can_mine_ore": false, "needs_target": true, "shield_damage": 2495, "activation_heat": 188.6, "ammunition_name": "Medium Gauss Shell", "ammunition_type": "81fc758a-9a44-41b6-8265-9649332957b9", "industrialmarket": {"maxprice": 37725, "minprice": 17233, "silosize": 1000}, "activation_energy": 81, "ore_mining_volume": 0, "activation_gfx_effect": "medium_gauss_rifle"}', '2022-12-06 16:36:45.913488-05', '57af0455-964a-45c8-9fe4-9f90e5678860', 'Module for new noob ship for player', '4be2640e-0f28-4e1d-b6ad-2d6222dd64e5', 1, false);
    INSERT INTO public.items (id, itemtypeid, meta, created, createdby, createdreason, containerid, quantity, ispackaged) VALUES ('2bafc43e-dd96-49a6-b9cc-ba1734f1ae49', 'c1fab418-79aa-44e0-9f0b-70375171af25', '{"hp": 38, "rack": "a", "range": 15226, "volume": 76, "falloff": "linear", "cooldown": 22.7, "tracking": 25.8, "hull_damage": 5035, "armor_damage": 3677, "can_mine_gas": false, "can_mine_ice": false, "can_mine_ore": false, "needs_target": true, "shield_damage": 2495, "activation_heat": 188.6, "ammunition_name": "Medium Gauss Shell", "ammunition_type": "81fc758a-9a44-41b6-8265-9649332957b9", "industrialmarket": {"maxprice": 37725, "minprice": 17233, "silosize": 1000}, "activation_energy": 81, "ore_mining_volume": 0, "activation_gfx_effect": "medium_gauss_rifle"}', '2022-12-06 16:36:45.915337-05', '57af0455-964a-45c8-9fe4-9f90e5678860', 'Module for new noob ship for player', '4be2640e-0f28-4e1d-b6ad-2d6222dd64e5', 1, false);
    INSERT INTO public.items (id, itemtypeid, meta, created, createdby, createdreason, containerid, quantity, ispackaged) VALUES ('e7ee4cee-44f2-4314-91df-23fe7e46f82f', 'fe071049-81a6-4d51-8660-e0a3c32b3853', '{"hp": 20, "rack": "a", "volume": 80, "cooldown": 125.4, "activation_heat": 214.3, "industrialmarket": {"maxprice": 34503, "minprice": 16849, "silosize": 1000}, "activation_energy": 1825}', '2022-12-06 16:36:45.917319-05', '57af0455-964a-45c8-9fe4-9f90e5678860', 'Module for new noob ship for player', '4be2640e-0f28-4e1d-b6ad-2d6222dd64e5', 1, false);
    INSERT INTO public.items (id, itemtypeid, meta, created, createdby, createdreason, containerid, quantity, ispackaged) VALUES ('defa0b41-f144-4b7f-bc89-7d53f1d4be24', '06afcde3-3c8a-4d9f-9e31-7e4a6c75bbd8', '{"hp": 42, "rack": "a", "range": 2799, "volume": 77, "falloff": "linear", "cooldown": 38.5, "tracking": 55, "needs_target": true, "activation_heat": 360, "industrialmarket": {"maxprice": 34677, "minprice": 23904, "silosize": 1000}, "activation_energy": 98, "energy_siphon_amount": 1785, "activation_gfx_effect": "medium_energy_siphon"}', '2022-12-06 16:36:45.919213-05', '57af0455-964a-45c8-9fe4-9f90e5678860', 'Module for new noob ship for player', '4be2640e-0f28-4e1d-b6ad-2d6222dd64e5', 1, false);
    INSERT INTO public.items (id, itemtypeid, meta, created, createdby, createdreason, containerid, quantity, ispackaged) VALUES ('a9277a08-cfb4-4bec-95e5-2d5214c7fbce', '434d961e-09a3-4ba7-90d5-aa702c4e5fdf', '{"hp": 21, "rack": "b", "volume": 63, "cooldown": 27.8, "needs_target": false, "activation_heat": 1134, "industrialmarket": {"maxprice": 5680, "minprice": 1755, "silosize": 1000}, "activation_energy": 225, "shield_boost_amount": 400, "activation_gfx_effect": "medium_shield_booster"}', '2022-12-06 16:36:45.922472-05', '57af0455-964a-45c8-9fe4-9f90e5678860', 'Module for new noob ship for player', '4be2640e-0f28-4e1d-b6ad-2d6222dd64e5', 1, false);
    INSERT INTO public.items (id, itemtypeid, meta, created, createdby, createdreason, containerid, quantity, ispackaged) VALUES ('61cbe617-b1ba-415b-b254-bc50acb0f441', '434d961e-09a3-4ba7-90d5-aa702c4e5fdf', '{"hp": 21, "rack": "b", "volume": 63, "cooldown": 27.8, "needs_target": false, "activation_heat": 1134, "industrialmarket": {"maxprice": 5680, "minprice": 1755, "silosize": 1000}, "activation_energy": 225, "shield_boost_amount": 400, "activation_gfx_effect": "medium_shield_booster"}', '2022-12-06 16:36:45.924551-05', '57af0455-964a-45c8-9fe4-9f90e5678860', 'Module for new noob ship for player', '4be2640e-0f28-4e1d-b6ad-2d6222dd64e5', 1, false);
    INSERT INTO public.items (id, itemtypeid, meta, created, createdby, createdreason, containerid, quantity, ispackaged) VALUES ('ed3564d1-ea0a-4c5c-83f1-5582ee456ce3', 'aab8ec7b-6031-4f54-9ab4-434ab5e7b47c', '{"hp": 35, "rack": "b", "volume": 35, "cooldown": 27.5, "needs_target": false, "activation_heat": 490, "industrialmarket": {"maxprice": 7319, "minprice": 4250, "silosize": 1000}, "activation_energy": 385}', '2022-12-06 16:36:45.926526-05', '57af0455-964a-45c8-9fe4-9f90e5678860', 'Module for new noob ship for player', '4be2640e-0f28-4e1d-b6ad-2d6222dd64e5', 1, false);
    INSERT INTO public.items (id, itemtypeid, meta, created, createdby, createdreason, containerid, quantity, ispackaged) VALUES ('559dc0fa-0c89-4220-bcc5-4bcc7c1e03f9', '643b06f8-3df2-40d4-abfe-37d55287d628', '{"hp": 13, "rack": "b", "range": 5487, "volume": 33, "falloff": "linear", "cooldown": 21.2, "needs_target": true, "activation_heat": 687, "drag_multiplier": 29.5, "industrialmarket": {"maxprice": 14075, "minprice": 10233, "silosize": 500}, "activation_energy": 760, "activation_gfx_effect": "small_aether_dragger"}', '2022-12-06 16:36:45.928307-05', '57af0455-964a-45c8-9fe4-9f90e5678860', 'Module for new noob ship for player', '4be2640e-0f28-4e1d-b6ad-2d6222dd64e5', 1, false);
    INSERT INTO public.items (id, itemtypeid, meta, created, createdby, createdreason, containerid, quantity, ispackaged) VALUES ('866b355f-2782-43c0-8cb6-9ff44c266ed5', '15291fcb-6edf-43d4-85e1-6cabc958251b', '{"hp": 17, "rack": "c", "volume": 45, "energy_max_add": 363, "industrialmarket": {"maxprice": 19284, "minprice": 8763, "silosize": 200}}', '2022-12-06 16:36:45.930261-05', '57af0455-964a-45c8-9fe4-9f90e5678860', 'Module for new noob ship for player', '4be2640e-0f28-4e1d-b6ad-2d6222dd64e5', 1, false);
    INSERT INTO public.items (id, itemtypeid, meta, created, createdby, createdreason, containerid, quantity, ispackaged) VALUES ('77a5e0ea-7c80-4a65-b4d8-1d2acc70d3b8', '15291fcb-6edf-43d4-85e1-6cabc958251b', '{"hp": 17, "rack": "c", "volume": 45, "energy_max_add": 363, "industrialmarket": {"maxprice": 19284, "minprice": 8763, "silosize": 200}}', '2022-12-06 16:36:45.932449-05', '57af0455-964a-45c8-9fe4-9f90e5678860', 'Module for new noob ship for player', '4be2640e-0f28-4e1d-b6ad-2d6222dd64e5', 1, false);
    INSERT INTO public.items (id, itemtypeid, meta, created, createdby, createdreason, containerid, quantity, ispackaged) VALUES ('7c1056c3-f9bc-4889-b403-b377f3308757', 'dd980070-1f58-4e2e-a997-5aed73a38c80', '{"hp": 95, "rack": "c", "volume": 40, "heat_cap_max_add": 925, "industrialmarket": {"maxprice": 7745, "minprice": 4412, "silosize": 1000}}', '2022-12-06 16:36:45.934596-05', '57af0455-964a-45c8-9fe4-9f90e5678860', 'Module for new noob ship for player', '4be2640e-0f28-4e1d-b6ad-2d6222dd64e5', 1, false);
    INSERT INTO public.items (id, itemtypeid, meta, created, createdby, createdreason, containerid, quantity, ispackaged) VALUES ('7bd15625-1dd0-4928-87f8-37b3fd78deb2', 'eeac9bfc-70f1-45da-965c-fa9101bede4e', '{"hp": 19, "rack": "c", "volume": 47, "industrialmarket": {"maxprice": 67923, "minprice": 38444, "silosize": 200}, "energy_regen_max_add": 48}', '2022-12-06 16:36:45.936696-05', '57af0455-964a-45c8-9fe4-9f90e5678860', 'Module for new noob ship for player', '4be2640e-0f28-4e1d-b6ad-2d6222dd64e5', 1, false);
    INSERT INTO public.items (id, itemtypeid, meta, created, createdby, createdreason, containerid, quantity, ispackaged) VALUES ('f4a7054e-4a2c-4b28-8c9c-f20014726570', 'c1fab418-79aa-44e0-9f0b-70375171af25', '{"hp": 38, "rack": "a", "range": 15226, "volume": 76, "falloff": "linear", "cooldown": 22.7, "tracking": 25.8, "hull_damage": 5035, "armor_damage": 3677, "can_mine_gas": false, "can_mine_ice": false, "can_mine_ore": false, "needs_target": true, "shield_damage": 2495, "activation_heat": 188.6, "ammunition_name": "Medium Gauss Shell", "ammunition_type": "81fc758a-9a44-41b6-8265-9649332957b9", "industrialmarket": {"maxprice": 37725, "minprice": 17233, "silosize": 1000}, "activation_energy": 81, "ore_mining_volume": 0, "activation_gfx_effect": "medium_gauss_rifle"}', '2022-12-06 16:36:45.954023-05', '79890293-3e1a-4ee0-a988-5222d251452c', 'Module for new noob ship for player', 'cf85965f-7984-4402-b35a-3565805731d4', 1, false);
    INSERT INTO public.items (id, itemtypeid, meta, created, createdby, createdreason, containerid, quantity, ispackaged) VALUES ('88fcefd9-e2bd-432b-8819-74156e0afcf9', 'c1fab418-79aa-44e0-9f0b-70375171af25', '{"hp": 38, "rack": "a", "range": 15226, "volume": 76, "falloff": "linear", "cooldown": 22.7, "tracking": 25.8, "hull_damage": 5035, "armor_damage": 3677, "can_mine_gas": false, "can_mine_ice": false, "can_mine_ore": false, "needs_target": true, "shield_damage": 2495, "activation_heat": 188.6, "ammunition_name": "Medium Gauss Shell", "ammunition_type": "81fc758a-9a44-41b6-8265-9649332957b9", "industrialmarket": {"maxprice": 37725, "minprice": 17233, "silosize": 1000}, "activation_energy": 81, "ore_mining_volume": 0, "activation_gfx_effect": "medium_gauss_rifle"}', '2022-12-06 16:36:45.955769-05', '79890293-3e1a-4ee0-a988-5222d251452c', 'Module for new noob ship for player', 'cf85965f-7984-4402-b35a-3565805731d4', 1, false);
    INSERT INTO public.items (id, itemtypeid, meta, created, createdby, createdreason, containerid, quantity, ispackaged) VALUES ('dee5d140-803b-4d0b-af56-803761e03e3d', 'c1fab418-79aa-44e0-9f0b-70375171af25', '{"hp": 38, "rack": "a", "range": 15226, "volume": 76, "falloff": "linear", "cooldown": 22.7, "tracking": 25.8, "hull_damage": 5035, "armor_damage": 3677, "can_mine_gas": false, "can_mine_ice": false, "can_mine_ore": false, "needs_target": true, "shield_damage": 2495, "activation_heat": 188.6, "ammunition_name": "Medium Gauss Shell", "ammunition_type": "81fc758a-9a44-41b6-8265-9649332957b9", "industrialmarket": {"maxprice": 37725, "minprice": 17233, "silosize": 1000}, "activation_energy": 81, "ore_mining_volume": 0, "activation_gfx_effect": "medium_gauss_rifle"}', '2022-12-06 16:36:45.957446-05', '79890293-3e1a-4ee0-a988-5222d251452c', 'Module for new noob ship for player', 'cf85965f-7984-4402-b35a-3565805731d4', 1, false);
    INSERT INTO public.items (id, itemtypeid, meta, created, createdby, createdreason, containerid, quantity, ispackaged) VALUES ('efb3e726-4cf3-4f9b-9093-47ae37182e39', 'c1fab418-79aa-44e0-9f0b-70375171af25', '{"hp": 38, "rack": "a", "range": 15226, "volume": 76, "falloff": "linear", "cooldown": 22.7, "tracking": 25.8, "hull_damage": 5035, "armor_damage": 3677, "can_mine_gas": false, "can_mine_ice": false, "can_mine_ore": false, "needs_target": true, "shield_damage": 2495, "activation_heat": 188.6, "ammunition_name": "Medium Gauss Shell", "ammunition_type": "81fc758a-9a44-41b6-8265-9649332957b9", "industrialmarket": {"maxprice": 37725, "minprice": 17233, "silosize": 1000}, "activation_energy": 81, "ore_mining_volume": 0, "activation_gfx_effect": "medium_gauss_rifle"}', '2022-12-06 16:36:45.959166-05', '79890293-3e1a-4ee0-a988-5222d251452c', 'Module for new noob ship for player', 'cf85965f-7984-4402-b35a-3565805731d4', 1, false);
    INSERT INTO public.items (id, itemtypeid, meta, created, createdby, createdreason, containerid, quantity, ispackaged) VALUES ('698be293-3e0d-45de-9322-149b37014ee9', 'fe071049-81a6-4d51-8660-e0a3c32b3853', '{"hp": 20, "rack": "a", "volume": 80, "cooldown": 125.4, "activation_heat": 214.3, "industrialmarket": {"maxprice": 34503, "minprice": 16849, "silosize": 1000}, "activation_energy": 1825}', '2022-12-06 16:36:45.960878-05', '79890293-3e1a-4ee0-a988-5222d251452c', 'Module for new noob ship for player', 'cf85965f-7984-4402-b35a-3565805731d4', 1, false);
    INSERT INTO public.items (id, itemtypeid, meta, created, createdby, createdreason, containerid, quantity, ispackaged) VALUES ('7ff08c14-1238-4743-9b23-3fbd1b4be0e1', '06afcde3-3c8a-4d9f-9e31-7e4a6c75bbd8', '{"hp": 42, "rack": "a", "range": 2799, "volume": 77, "falloff": "linear", "cooldown": 38.5, "tracking": 55, "needs_target": true, "activation_heat": 360, "industrialmarket": {"maxprice": 34677, "minprice": 23904, "silosize": 1000}, "activation_energy": 98, "energy_siphon_amount": 1785, "activation_gfx_effect": "medium_energy_siphon"}', '2022-12-06 16:36:45.962512-05', '79890293-3e1a-4ee0-a988-5222d251452c', 'Module for new noob ship for player', 'cf85965f-7984-4402-b35a-3565805731d4', 1, false);
    INSERT INTO public.items (id, itemtypeid, meta, created, createdby, createdreason, containerid, quantity, ispackaged) VALUES ('0d9ab2a9-4f3a-4fb8-8f54-decec21c86bc', '434d961e-09a3-4ba7-90d5-aa702c4e5fdf', '{"hp": 21, "rack": "b", "volume": 63, "cooldown": 27.8, "needs_target": false, "activation_heat": 1134, "industrialmarket": {"maxprice": 5680, "minprice": 1755, "silosize": 1000}, "activation_energy": 225, "shield_boost_amount": 400, "activation_gfx_effect": "medium_shield_booster"}', '2022-12-06 16:36:45.964157-05', '79890293-3e1a-4ee0-a988-5222d251452c', 'Module for new noob ship for player', 'cf85965f-7984-4402-b35a-3565805731d4', 1, false);
    INSERT INTO public.items (id, itemtypeid, meta, created, createdby, createdreason, containerid, quantity, ispackaged) VALUES ('5460cdb5-5788-4718-8ef2-1a71648b78e0', '434d961e-09a3-4ba7-90d5-aa702c4e5fdf', '{"hp": 21, "rack": "b", "volume": 63, "cooldown": 27.8, "needs_target": false, "activation_heat": 1134, "industrialmarket": {"maxprice": 5680, "minprice": 1755, "silosize": 1000}, "activation_energy": 225, "shield_boost_amount": 400, "activation_gfx_effect": "medium_shield_booster"}', '2022-12-06 16:36:45.965746-05', '79890293-3e1a-4ee0-a988-5222d251452c', 'Module for new noob ship for player', 'cf85965f-7984-4402-b35a-3565805731d4', 1, false);
    INSERT INTO public.items (id, itemtypeid, meta, created, createdby, createdreason, containerid, quantity, ispackaged) VALUES ('b0da7e8a-f52e-4dd5-aeac-06549c2c4b14', 'aab8ec7b-6031-4f54-9ab4-434ab5e7b47c', '{"hp": 35, "rack": "b", "volume": 35, "cooldown": 27.5, "needs_target": false, "activation_heat": 490, "industrialmarket": {"maxprice": 7319, "minprice": 4250, "silosize": 1000}, "activation_energy": 385}', '2022-12-06 16:36:45.967364-05', '79890293-3e1a-4ee0-a988-5222d251452c', 'Module for new noob ship for player', 'cf85965f-7984-4402-b35a-3565805731d4', 1, false);
    INSERT INTO public.items (id, itemtypeid, meta, created, createdby, createdreason, containerid, quantity, ispackaged) VALUES ('b4c63509-4164-4312-a9e4-fc88c0767902', '643b06f8-3df2-40d4-abfe-37d55287d628', '{"hp": 13, "rack": "b", "range": 5487, "volume": 33, "falloff": "linear", "cooldown": 21.2, "needs_target": true, "activation_heat": 687, "drag_multiplier": 29.5, "industrialmarket": {"maxprice": 14075, "minprice": 10233, "silosize": 500}, "activation_energy": 760, "activation_gfx_effect": "small_aether_dragger"}', '2022-12-06 16:36:45.968937-05', '79890293-3e1a-4ee0-a988-5222d251452c', 'Module for new noob ship for player', 'cf85965f-7984-4402-b35a-3565805731d4', 1, false);
    INSERT INTO public.items (id, itemtypeid, meta, created, createdby, createdreason, containerid, quantity, ispackaged) VALUES ('8e8a3c98-cf7e-4a52-ac7d-465084eec875', '15291fcb-6edf-43d4-85e1-6cabc958251b', '{"hp": 17, "rack": "c", "volume": 45, "energy_max_add": 363, "industrialmarket": {"maxprice": 19284, "minprice": 8763, "silosize": 200}}', '2022-12-06 16:36:45.970519-05', '79890293-3e1a-4ee0-a988-5222d251452c', 'Module for new noob ship for player', 'cf85965f-7984-4402-b35a-3565805731d4', 1, false);
    INSERT INTO public.items (id, itemtypeid, meta, created, createdby, createdreason, containerid, quantity, ispackaged) VALUES ('e8b994ee-2656-4875-8c94-3e9ce5e3493d', '15291fcb-6edf-43d4-85e1-6cabc958251b', '{"hp": 17, "rack": "c", "volume": 45, "energy_max_add": 363, "industrialmarket": {"maxprice": 19284, "minprice": 8763, "silosize": 200}}', '2022-12-06 16:36:45.972195-05', '79890293-3e1a-4ee0-a988-5222d251452c', 'Module for new noob ship for player', 'cf85965f-7984-4402-b35a-3565805731d4', 1, false);
    INSERT INTO public.items (id, itemtypeid, meta, created, createdby, createdreason, containerid, quantity, ispackaged) VALUES ('22e81ade-9736-4788-97a4-8d0e9ba90453', 'dd980070-1f58-4e2e-a997-5aed73a38c80', '{"hp": 95, "rack": "c", "volume": 40, "heat_cap_max_add": 925, "industrialmarket": {"maxprice": 7745, "minprice": 4412, "silosize": 1000}}', '2022-12-06 16:36:45.973775-05', '79890293-3e1a-4ee0-a988-5222d251452c', 'Module for new noob ship for player', 'cf85965f-7984-4402-b35a-3565805731d4', 1, false);
    INSERT INTO public.items (id, itemtypeid, meta, created, createdby, createdreason, containerid, quantity, ispackaged) VALUES ('3cd9da3c-5efc-453e-a186-d4d31e091a06', 'eeac9bfc-70f1-45da-965c-fa9101bede4e', '{"hp": 19, "rack": "c", "volume": 47, "industrialmarket": {"maxprice": 67923, "minprice": 38444, "silosize": 200}, "energy_regen_max_add": 48}', '2022-12-06 16:36:45.975369-05', '79890293-3e1a-4ee0-a988-5222d251452c', 'Module for new noob ship for player', 'cf85965f-7984-4402-b35a-3565805731d4', 1, false);
    INSERT INTO public.items (id, itemtypeid, meta, created, createdby, createdreason, containerid, quantity, ispackaged) VALUES ('110f80f3-509d-465b-81b0-b8613f369078', 'c1fab418-79aa-44e0-9f0b-70375171af25', '{"hp": 38, "rack": "a", "range": 15226, "volume": 76, "falloff": "linear", "cooldown": 22.7, "tracking": 25.8, "hull_damage": 5035, "armor_damage": 3677, "can_mine_gas": false, "can_mine_ice": false, "can_mine_ore": false, "needs_target": true, "shield_damage": 2495, "activation_heat": 188.6, "ammunition_name": "Medium Gauss Shell", "ammunition_type": "81fc758a-9a44-41b6-8265-9649332957b9", "industrialmarket": {"maxprice": 37725, "minprice": 17233, "silosize": 1000}, "activation_energy": 81, "ore_mining_volume": 0, "activation_gfx_effect": "medium_gauss_rifle"}', '2022-12-06 16:36:45.989554-05', 'd7b814c9-9755-4b46-bdb1-edbaa4551193', 'Module for new noob ship for player', '98182cbc-3167-42b9-a710-5db8728f9927', 1, false);
    INSERT INTO public.items (id, itemtypeid, meta, created, createdby, createdreason, containerid, quantity, ispackaged) VALUES ('f41e81f0-205b-49ec-9adc-82c27c419d01', 'c1fab418-79aa-44e0-9f0b-70375171af25', '{"hp": 38, "rack": "a", "range": 15226, "volume": 76, "falloff": "linear", "cooldown": 22.7, "tracking": 25.8, "hull_damage": 5035, "armor_damage": 3677, "can_mine_gas": false, "can_mine_ice": false, "can_mine_ore": false, "needs_target": true, "shield_damage": 2495, "activation_heat": 188.6, "ammunition_name": "Medium Gauss Shell", "ammunition_type": "81fc758a-9a44-41b6-8265-9649332957b9", "industrialmarket": {"maxprice": 37725, "minprice": 17233, "silosize": 1000}, "activation_energy": 81, "ore_mining_volume": 0, "activation_gfx_effect": "medium_gauss_rifle"}', '2022-12-06 16:36:45.991245-05', 'd7b814c9-9755-4b46-bdb1-edbaa4551193', 'Module for new noob ship for player', '98182cbc-3167-42b9-a710-5db8728f9927', 1, false);
    INSERT INTO public.items (id, itemtypeid, meta, created, createdby, createdreason, containerid, quantity, ispackaged) VALUES ('605e78f6-f63b-4686-a840-730a6de0970c', 'c1fab418-79aa-44e0-9f0b-70375171af25', '{"hp": 38, "rack": "a", "range": 15226, "volume": 76, "falloff": "linear", "cooldown": 22.7, "tracking": 25.8, "hull_damage": 5035, "armor_damage": 3677, "can_mine_gas": false, "can_mine_ice": false, "can_mine_ore": false, "needs_target": true, "shield_damage": 2495, "activation_heat": 188.6, "ammunition_name": "Medium Gauss Shell", "ammunition_type": "81fc758a-9a44-41b6-8265-9649332957b9", "industrialmarket": {"maxprice": 37725, "minprice": 17233, "silosize": 1000}, "activation_energy": 81, "ore_mining_volume": 0, "activation_gfx_effect": "medium_gauss_rifle"}', '2022-12-06 16:36:45.992961-05', 'd7b814c9-9755-4b46-bdb1-edbaa4551193', 'Module for new noob ship for player', '98182cbc-3167-42b9-a710-5db8728f9927', 1, false);
    INSERT INTO public.items (id, itemtypeid, meta, created, createdby, createdreason, containerid, quantity, ispackaged) VALUES ('317f4ced-45b5-4974-b521-9aebc9eaac3b', 'c1fab418-79aa-44e0-9f0b-70375171af25', '{"hp": 38, "rack": "a", "range": 15226, "volume": 76, "falloff": "linear", "cooldown": 22.7, "tracking": 25.8, "hull_damage": 5035, "armor_damage": 3677, "can_mine_gas": false, "can_mine_ice": false, "can_mine_ore": false, "needs_target": true, "shield_damage": 2495, "activation_heat": 188.6, "ammunition_name": "Medium Gauss Shell", "ammunition_type": "81fc758a-9a44-41b6-8265-9649332957b9", "industrialmarket": {"maxprice": 37725, "minprice": 17233, "silosize": 1000}, "activation_energy": 81, "ore_mining_volume": 0, "activation_gfx_effect": "medium_gauss_rifle"}', '2022-12-06 16:36:45.994725-05', 'd7b814c9-9755-4b46-bdb1-edbaa4551193', 'Module for new noob ship for player', '98182cbc-3167-42b9-a710-5db8728f9927', 1, false);
    INSERT INTO public.items (id, itemtypeid, meta, created, createdby, createdreason, containerid, quantity, ispackaged) VALUES ('5361e5f4-3758-4696-bc76-6b49159b238b', 'fe071049-81a6-4d51-8660-e0a3c32b3853', '{"hp": 20, "rack": "a", "volume": 80, "cooldown": 125.4, "activation_heat": 214.3, "industrialmarket": {"maxprice": 34503, "minprice": 16849, "silosize": 1000}, "activation_energy": 1825}', '2022-12-06 16:36:45.996518-05', 'd7b814c9-9755-4b46-bdb1-edbaa4551193', 'Module for new noob ship for player', '98182cbc-3167-42b9-a710-5db8728f9927', 1, false);
    INSERT INTO public.items (id, itemtypeid, meta, created, createdby, createdreason, containerid, quantity, ispackaged) VALUES ('a119a52e-00ff-442c-a3b4-8ccad0c95e62', '06afcde3-3c8a-4d9f-9e31-7e4a6c75bbd8', '{"hp": 42, "rack": "a", "range": 2799, "volume": 77, "falloff": "linear", "cooldown": 38.5, "tracking": 55, "needs_target": true, "activation_heat": 360, "industrialmarket": {"maxprice": 34677, "minprice": 23904, "silosize": 1000}, "activation_energy": 98, "energy_siphon_amount": 1785, "activation_gfx_effect": "medium_energy_siphon"}', '2022-12-06 16:36:45.998273-05', 'd7b814c9-9755-4b46-bdb1-edbaa4551193', 'Module for new noob ship for player', '98182cbc-3167-42b9-a710-5db8728f9927', 1, false);
    INSERT INTO public.items (id, itemtypeid, meta, created, createdby, createdreason, containerid, quantity, ispackaged) VALUES ('76c9f511-b8dd-4e4b-9eb7-86752b480bfe', '434d961e-09a3-4ba7-90d5-aa702c4e5fdf', '{"hp": 21, "rack": "b", "volume": 63, "cooldown": 27.8, "needs_target": false, "activation_heat": 1134, "industrialmarket": {"maxprice": 5680, "minprice": 1755, "silosize": 1000}, "activation_energy": 225, "shield_boost_amount": 400, "activation_gfx_effect": "medium_shield_booster"}', '2022-12-06 16:36:45.999986-05', 'd7b814c9-9755-4b46-bdb1-edbaa4551193', 'Module for new noob ship for player', '98182cbc-3167-42b9-a710-5db8728f9927', 1, false);
    INSERT INTO public.items (id, itemtypeid, meta, created, createdby, createdreason, containerid, quantity, ispackaged) VALUES ('92bcd94c-2f68-4320-ba9e-8d08e857fa84', '434d961e-09a3-4ba7-90d5-aa702c4e5fdf', '{"hp": 21, "rack": "b", "volume": 63, "cooldown": 27.8, "needs_target": false, "activation_heat": 1134, "industrialmarket": {"maxprice": 5680, "minprice": 1755, "silosize": 1000}, "activation_energy": 225, "shield_boost_amount": 400, "activation_gfx_effect": "medium_shield_booster"}', '2022-12-06 16:36:46.001598-05', 'd7b814c9-9755-4b46-bdb1-edbaa4551193', 'Module for new noob ship for player', '98182cbc-3167-42b9-a710-5db8728f9927', 1, false);
    INSERT INTO public.items (id, itemtypeid, meta, created, createdby, createdreason, containerid, quantity, ispackaged) VALUES ('89d9d69e-9c6e-42f2-a588-867f6d3975da', 'aab8ec7b-6031-4f54-9ab4-434ab5e7b47c', '{"hp": 35, "rack": "b", "volume": 35, "cooldown": 27.5, "needs_target": false, "activation_heat": 490, "industrialmarket": {"maxprice": 7319, "minprice": 4250, "silosize": 1000}, "activation_energy": 385}', '2022-12-06 16:36:46.003288-05', 'd7b814c9-9755-4b46-bdb1-edbaa4551193', 'Module for new noob ship for player', '98182cbc-3167-42b9-a710-5db8728f9927', 1, false);
    INSERT INTO public.items (id, itemtypeid, meta, created, createdby, createdreason, containerid, quantity, ispackaged) VALUES ('968b929d-2f43-4177-9c3a-82cea5a9ec66', '643b06f8-3df2-40d4-abfe-37d55287d628', '{"hp": 13, "rack": "b", "range": 5487, "volume": 33, "falloff": "linear", "cooldown": 21.2, "needs_target": true, "activation_heat": 687, "drag_multiplier": 29.5, "industrialmarket": {"maxprice": 14075, "minprice": 10233, "silosize": 500}, "activation_energy": 760, "activation_gfx_effect": "small_aether_dragger"}', '2022-12-06 16:36:46.004991-05', 'd7b814c9-9755-4b46-bdb1-edbaa4551193', 'Module for new noob ship for player', '98182cbc-3167-42b9-a710-5db8728f9927', 1, false);
    INSERT INTO public.items (id, itemtypeid, meta, created, createdby, createdreason, containerid, quantity, ispackaged) VALUES ('ce2c973a-82e6-4c5c-a42a-34953400a59f', '15291fcb-6edf-43d4-85e1-6cabc958251b', '{"hp": 17, "rack": "c", "volume": 45, "energy_max_add": 363, "industrialmarket": {"maxprice": 19284, "minprice": 8763, "silosize": 200}}', '2022-12-06 16:36:46.006767-05', 'd7b814c9-9755-4b46-bdb1-edbaa4551193', 'Module for new noob ship for player', '98182cbc-3167-42b9-a710-5db8728f9927', 1, false);
    INSERT INTO public.items (id, itemtypeid, meta, created, createdby, createdreason, containerid, quantity, ispackaged) VALUES ('98eafef0-aec3-47d6-a771-0e547f043023', '15291fcb-6edf-43d4-85e1-6cabc958251b', '{"hp": 17, "rack": "c", "volume": 45, "energy_max_add": 363, "industrialmarket": {"maxprice": 19284, "minprice": 8763, "silosize": 200}}', '2022-12-06 16:36:46.008614-05', 'd7b814c9-9755-4b46-bdb1-edbaa4551193', 'Module for new noob ship for player', '98182cbc-3167-42b9-a710-5db8728f9927', 1, false);
    INSERT INTO public.items (id, itemtypeid, meta, created, createdby, createdreason, containerid, quantity, ispackaged) VALUES ('1b8d8e95-c257-4c78-be50-747b75276b40', 'dd980070-1f58-4e2e-a997-5aed73a38c80', '{"hp": 95, "rack": "c", "volume": 40, "heat_cap_max_add": 925, "industrialmarket": {"maxprice": 7745, "minprice": 4412, "silosize": 1000}}', '2022-12-06 16:36:46.010803-05', 'd7b814c9-9755-4b46-bdb1-edbaa4551193', 'Module for new noob ship for player', '98182cbc-3167-42b9-a710-5db8728f9927', 1, false);
    INSERT INTO public.items (id, itemtypeid, meta, created, createdby, createdreason, containerid, quantity, ispackaged) VALUES ('3a32e1c5-2439-4739-b1a0-d3986da6c854', 'eeac9bfc-70f1-45da-965c-fa9101bede4e', '{"hp": 19, "rack": "c", "volume": 47, "industrialmarket": {"maxprice": 67923, "minprice": 38444, "silosize": 200}, "energy_regen_max_add": 48}', '2022-12-06 16:36:46.012604-05', 'd7b814c9-9755-4b46-bdb1-edbaa4551193', 'Module for new noob ship for player', '98182cbc-3167-42b9-a710-5db8728f9927', 1, false);
    INSERT INTO public.items (id, itemtypeid, meta, created, createdby, createdreason, containerid, quantity, ispackaged) VALUES ('1d083e3f-ebe3-47b2-b79f-feef4983a14f', 'c1fab418-79aa-44e0-9f0b-70375171af25', '{"hp": 38, "rack": "a", "range": 15226, "volume": 76, "falloff": "linear", "cooldown": 22.7, "tracking": 25.8, "hull_damage": 5035, "armor_damage": 3677, "can_mine_gas": false, "can_mine_ice": false, "can_mine_ore": false, "needs_target": true, "shield_damage": 2495, "activation_heat": 188.6, "ammunition_name": "Medium Gauss Shell", "ammunition_type": "81fc758a-9a44-41b6-8265-9649332957b9", "industrialmarket": {"maxprice": 37725, "minprice": 17233, "silosize": 1000}, "activation_energy": 81, "ore_mining_volume": 0, "activation_gfx_effect": "medium_gauss_rifle"}', '2022-12-06 16:36:46.027151-05', 'f2fddab4-2044-4b5a-9397-78263329563b', 'Module for new noob ship for player', '18ba825f-7618-4669-adb1-f11481b86ac9', 1, false);
    INSERT INTO public.items (id, itemtypeid, meta, created, createdby, createdreason, containerid, quantity, ispackaged) VALUES ('54b7cd74-b6fe-4720-be04-4f8381d9e079', 'c1fab418-79aa-44e0-9f0b-70375171af25', '{"hp": 38, "rack": "a", "range": 15226, "volume": 76, "falloff": "linear", "cooldown": 22.7, "tracking": 25.8, "hull_damage": 5035, "armor_damage": 3677, "can_mine_gas": false, "can_mine_ice": false, "can_mine_ore": false, "needs_target": true, "shield_damage": 2495, "activation_heat": 188.6, "ammunition_name": "Medium Gauss Shell", "ammunition_type": "81fc758a-9a44-41b6-8265-9649332957b9", "industrialmarket": {"maxprice": 37725, "minprice": 17233, "silosize": 1000}, "activation_energy": 81, "ore_mining_volume": 0, "activation_gfx_effect": "medium_gauss_rifle"}', '2022-12-06 16:36:46.02889-05', 'f2fddab4-2044-4b5a-9397-78263329563b', 'Module for new noob ship for player', '18ba825f-7618-4669-adb1-f11481b86ac9', 1, false);
    INSERT INTO public.items (id, itemtypeid, meta, created, createdby, createdreason, containerid, quantity, ispackaged) VALUES ('50db02d0-c04d-4d34-98f4-d5ab25bcd634', 'c1fab418-79aa-44e0-9f0b-70375171af25', '{"hp": 38, "rack": "a", "range": 15226, "volume": 76, "falloff": "linear", "cooldown": 22.7, "tracking": 25.8, "hull_damage": 5035, "armor_damage": 3677, "can_mine_gas": false, "can_mine_ice": false, "can_mine_ore": false, "needs_target": true, "shield_damage": 2495, "activation_heat": 188.6, "ammunition_name": "Medium Gauss Shell", "ammunition_type": "81fc758a-9a44-41b6-8265-9649332957b9", "industrialmarket": {"maxprice": 37725, "minprice": 17233, "silosize": 1000}, "activation_energy": 81, "ore_mining_volume": 0, "activation_gfx_effect": "medium_gauss_rifle"}', '2022-12-06 16:36:46.030578-05', 'f2fddab4-2044-4b5a-9397-78263329563b', 'Module for new noob ship for player', '18ba825f-7618-4669-adb1-f11481b86ac9', 1, false);
    INSERT INTO public.items (id, itemtypeid, meta, created, createdby, createdreason, containerid, quantity, ispackaged) VALUES ('add472f7-a5e2-44b8-8795-009439d5554c', 'c1fab418-79aa-44e0-9f0b-70375171af25', '{"hp": 38, "rack": "a", "range": 15226, "volume": 76, "falloff": "linear", "cooldown": 22.7, "tracking": 25.8, "hull_damage": 5035, "armor_damage": 3677, "can_mine_gas": false, "can_mine_ice": false, "can_mine_ore": false, "needs_target": true, "shield_damage": 2495, "activation_heat": 188.6, "ammunition_name": "Medium Gauss Shell", "ammunition_type": "81fc758a-9a44-41b6-8265-9649332957b9", "industrialmarket": {"maxprice": 37725, "minprice": 17233, "silosize": 1000}, "activation_energy": 81, "ore_mining_volume": 0, "activation_gfx_effect": "medium_gauss_rifle"}', '2022-12-06 16:36:46.032427-05', 'f2fddab4-2044-4b5a-9397-78263329563b', 'Module for new noob ship for player', '18ba825f-7618-4669-adb1-f11481b86ac9', 1, false);
    INSERT INTO public.items (id, itemtypeid, meta, created, createdby, createdreason, containerid, quantity, ispackaged) VALUES ('c9fff1c8-0602-4e55-9476-50c5970615ef', 'fe071049-81a6-4d51-8660-e0a3c32b3853', '{"hp": 20, "rack": "a", "volume": 80, "cooldown": 125.4, "activation_heat": 214.3, "industrialmarket": {"maxprice": 34503, "minprice": 16849, "silosize": 1000}, "activation_energy": 1825}', '2022-12-06 16:36:46.034151-05', 'f2fddab4-2044-4b5a-9397-78263329563b', 'Module for new noob ship for player', '18ba825f-7618-4669-adb1-f11481b86ac9', 1, false);
    INSERT INTO public.items (id, itemtypeid, meta, created, createdby, createdreason, containerid, quantity, ispackaged) VALUES ('31499592-2a6e-473c-8377-e3505a4b1e9a', '06afcde3-3c8a-4d9f-9e31-7e4a6c75bbd8', '{"hp": 42, "rack": "a", "range": 2799, "volume": 77, "falloff": "linear", "cooldown": 38.5, "tracking": 55, "needs_target": true, "activation_heat": 360, "industrialmarket": {"maxprice": 34677, "minprice": 23904, "silosize": 1000}, "activation_energy": 98, "energy_siphon_amount": 1785, "activation_gfx_effect": "medium_energy_siphon"}', '2022-12-06 16:36:46.035812-05', 'f2fddab4-2044-4b5a-9397-78263329563b', 'Module for new noob ship for player', '18ba825f-7618-4669-adb1-f11481b86ac9', 1, false);
    INSERT INTO public.items (id, itemtypeid, meta, created, createdby, createdreason, containerid, quantity, ispackaged) VALUES ('95d33866-e585-4c05-b4ab-63a81282dc97', '434d961e-09a3-4ba7-90d5-aa702c4e5fdf', '{"hp": 21, "rack": "b", "volume": 63, "cooldown": 27.8, "needs_target": false, "activation_heat": 1134, "industrialmarket": {"maxprice": 5680, "minprice": 1755, "silosize": 1000}, "activation_energy": 225, "shield_boost_amount": 400, "activation_gfx_effect": "medium_shield_booster"}', '2022-12-06 16:36:46.037533-05', 'f2fddab4-2044-4b5a-9397-78263329563b', 'Module for new noob ship for player', '18ba825f-7618-4669-adb1-f11481b86ac9', 1, false);
    INSERT INTO public.items (id, itemtypeid, meta, created, createdby, createdreason, containerid, quantity, ispackaged) VALUES ('468de1c7-f6dd-40ad-9d59-2f683a9553b9', '434d961e-09a3-4ba7-90d5-aa702c4e5fdf', '{"hp": 21, "rack": "b", "volume": 63, "cooldown": 27.8, "needs_target": false, "activation_heat": 1134, "industrialmarket": {"maxprice": 5680, "minprice": 1755, "silosize": 1000}, "activation_energy": 225, "shield_boost_amount": 400, "activation_gfx_effect": "medium_shield_booster"}', '2022-12-06 16:36:46.039165-05', 'f2fddab4-2044-4b5a-9397-78263329563b', 'Module for new noob ship for player', '18ba825f-7618-4669-adb1-f11481b86ac9', 1, false);
    INSERT INTO public.items (id, itemtypeid, meta, created, createdby, createdreason, containerid, quantity, ispackaged) VALUES ('717134a2-17c4-4009-8687-03bd32edd7c4', 'aab8ec7b-6031-4f54-9ab4-434ab5e7b47c', '{"hp": 35, "rack": "b", "volume": 35, "cooldown": 27.5, "needs_target": false, "activation_heat": 490, "industrialmarket": {"maxprice": 7319, "minprice": 4250, "silosize": 1000}, "activation_energy": 385}', '2022-12-06 16:36:46.040844-05', 'f2fddab4-2044-4b5a-9397-78263329563b', 'Module for new noob ship for player', '18ba825f-7618-4669-adb1-f11481b86ac9', 1, false);
    INSERT INTO public.items (id, itemtypeid, meta, created, createdby, createdreason, containerid, quantity, ispackaged) VALUES ('af819ac3-4867-4495-8ff0-8548a942f14c', '643b06f8-3df2-40d4-abfe-37d55287d628', '{"hp": 13, "rack": "b", "range": 5487, "volume": 33, "falloff": "linear", "cooldown": 21.2, "needs_target": true, "activation_heat": 687, "drag_multiplier": 29.5, "industrialmarket": {"maxprice": 14075, "minprice": 10233, "silosize": 500}, "activation_energy": 760, "activation_gfx_effect": "small_aether_dragger"}', '2022-12-06 16:36:46.042575-05', 'f2fddab4-2044-4b5a-9397-78263329563b', 'Module for new noob ship for player', '18ba825f-7618-4669-adb1-f11481b86ac9', 1, false);
    INSERT INTO public.items (id, itemtypeid, meta, created, createdby, createdreason, containerid, quantity, ispackaged) VALUES ('425ac771-01f1-4f5c-acd1-316ceda2e6d9', '15291fcb-6edf-43d4-85e1-6cabc958251b', '{"hp": 17, "rack": "c", "volume": 45, "energy_max_add": 363, "industrialmarket": {"maxprice": 19284, "minprice": 8763, "silosize": 200}}', '2022-12-06 16:36:46.044203-05', 'f2fddab4-2044-4b5a-9397-78263329563b', 'Module for new noob ship for player', '18ba825f-7618-4669-adb1-f11481b86ac9', 1, false);
    INSERT INTO public.items (id, itemtypeid, meta, created, createdby, createdreason, containerid, quantity, ispackaged) VALUES ('5b0e189a-24ae-475b-9541-2d81dcfaa3f5', '15291fcb-6edf-43d4-85e1-6cabc958251b', '{"hp": 17, "rack": "c", "volume": 45, "energy_max_add": 363, "industrialmarket": {"maxprice": 19284, "minprice": 8763, "silosize": 200}}', '2022-12-06 16:36:46.045774-05', 'f2fddab4-2044-4b5a-9397-78263329563b', 'Module for new noob ship for player', '18ba825f-7618-4669-adb1-f11481b86ac9', 1, false);
    INSERT INTO public.items (id, itemtypeid, meta, created, createdby, createdreason, containerid, quantity, ispackaged) VALUES ('904a65fa-3ecc-4dfc-8ae1-ba6d563ef0c4', 'dd980070-1f58-4e2e-a997-5aed73a38c80', '{"hp": 95, "rack": "c", "volume": 40, "heat_cap_max_add": 925, "industrialmarket": {"maxprice": 7745, "minprice": 4412, "silosize": 1000}}', '2022-12-06 16:36:46.047414-05', 'f2fddab4-2044-4b5a-9397-78263329563b', 'Module for new noob ship for player', '18ba825f-7618-4669-adb1-f11481b86ac9', 1, false);
    INSERT INTO public.items (id, itemtypeid, meta, created, createdby, createdreason, containerid, quantity, ispackaged) VALUES ('01803d9b-75ab-404b-b1be-c23cbeaa38c4', 'eeac9bfc-70f1-45da-965c-fa9101bede4e', '{"hp": 19, "rack": "c", "volume": 47, "industrialmarket": {"maxprice": 67923, "minprice": 38444, "silosize": 200}, "energy_regen_max_add": 48}', '2022-12-06 16:36:46.04925-05', 'f2fddab4-2044-4b5a-9397-78263329563b', 'Module for new noob ship for player', '18ba825f-7618-4669-adb1-f11481b86ac9', 1, false);

    -- fix current ship ids
    update users set current_shipid = 'c0140d01-a0ac-4475-a423-095cfe5f739f' where id = '57af0455-964a-45c8-9fe4-9f90e5678860';
    update users set current_shipid = 'c27f3004-1653-4b87-82ca-ca2d692f9067' where id = '79890293-3e1a-4ee0-a988-5222d251452c';
    update users set current_shipid = 'ffc9f760-50f3-40b1-b214-57f9b5e5bbde' where id = 'd7b814c9-9755-4b46-bdb1-edbaa4551193';
    update users set current_shipid = '13a8ab5b-5660-46ef-867c-57b3b7de8661' where id = 'f2fddab4-2044-4b5a-9397-78263329563b';

-- federation

    -- containers
    INSERT INTO public.containers (id, meta, created) VALUES ('172fac80-eaf3-4698-b258-9218c261283b', '{}', '2022-12-06 16:44:30.043515-05');
    INSERT INTO public.containers (id, meta, created) VALUES ('a61870fc-8d96-46ca-9b1d-eedb09dd3010', '{}', '2022-12-06 16:44:30.060465-05');
    INSERT INTO public.containers (id, meta, created) VALUES ('24876d78-8a5f-4980-b181-be074b71b599', '{}', '2022-12-06 16:44:30.061859-05');
    INSERT INTO public.containers (id, meta, created) VALUES ('b48feca6-1e62-4468-8b57-73d11e7b952a', '{}', '2022-12-06 16:44:30.063303-05');
    INSERT INTO public.containers (id, meta, created) VALUES ('d5272423-2e7d-4734-99b6-9298c56a4f6e', '{}', '2022-12-06 16:44:30.099966-05');
    INSERT INTO public.containers (id, meta, created) VALUES ('4ad59997-5058-47a1-9124-d57c5d474abb', '{}', '2022-12-06 16:44:30.104557-05');
    INSERT INTO public.containers (id, meta, created) VALUES ('925b6351-405b-4356-bfb3-e411e499200c', '{}', '2022-12-06 16:44:30.106405-05');
    INSERT INTO public.containers (id, meta, created) VALUES ('839ac194-f81c-4f93-9e30-d64f51e70938', '{}', '2022-12-06 16:44:30.10816-05');
    INSERT INTO public.containers (id, meta, created) VALUES ('20d3e905-21a3-48d6-aa19-6394c301ae24', '{}', '2022-12-06 16:44:30.1405-05');
    INSERT INTO public.containers (id, meta, created) VALUES ('10838d28-2ec4-4eea-bc3a-cfb8c23db2c0', '{}', '2022-12-06 16:44:30.145607-05');
    INSERT INTO public.containers (id, meta, created) VALUES ('42ca6fc7-5c75-40d1-97ca-5e799bcd1f60', '{}', '2022-12-06 16:44:30.147247-05');
    INSERT INTO public.containers (id, meta, created) VALUES ('b83e0683-0c16-4718-9ab9-7a3efcc572f5', '{}', '2022-12-06 16:44:30.148979-05');
    INSERT INTO public.containers (id, meta, created) VALUES ('da137403-9b00-45d3-b54d-d4e2f395fd03', '{}', '2022-12-06 16:44:30.183347-05');
    INSERT INTO public.containers (id, meta, created) VALUES ('aae1ee01-fe8a-4ba9-88ae-25477aea6259', '{}', '2022-12-06 16:44:30.187338-05');
    INSERT INTO public.containers (id, meta, created) VALUES ('a7626cb6-1fa4-42c6-a191-6222e76efbce', '{}', '2022-12-06 16:44:30.188892-05');
    INSERT INTO public.containers (id, meta, created) VALUES ('a1c2c0ba-f492-4fe8-b1ab-442c6f94f2bd', '{}', '2022-12-06 16:44:30.190377-05');

    -- users
    INSERT INTO public.users (id, charactername, hashpass, registered, banned, current_shipid, startid, escrow_containerid, current_factionid, reputationsheet, isnpc, behaviourmode, emailaddress, experiencesheet, registeredip, isdev, resettoken) VALUES ('8f75e9a3-9bfd-433d-bd63-fac9d44590e5', 'Nria Fallas', '54d22f143034bb7b3a545c884353f4a1887a1a9235d51931595e0ce9d91b7f41', '2022-12-06 16:44:30.101872-05', B'0', NULL, '2c6cdef1-351b-4eb3-b664-8c8fc113aaa9', 'd5272423-2e7d-4734-99b6-9298c56a4f6e', '27a53dfc-a321-4c12-bf7c-bb177955c95b', '{"factionEntries": {"27a53dfc-a321-4c12-bf7c-bb177955c95b": {"FactionID": "27a53dfc-a321-4c12-bf7c-bb177955c95b", "StandingValue": 10, "AreOpenlyHostile": false}, "30bc70eb-2692-47e6-a7e3-2772e131c3d7": {"FactionID": "30bc70eb-2692-47e6-a7e3-2772e131c3d7", "StandingValue": -3, "AreOpenlyHostile": true}, "506286f5-6613-4481-ac26-caa9940fbe68": {"FactionID": "506286f5-6613-4481-ac26-caa9940fbe68", "StandingValue": 0.5, "AreOpenlyHostile": false}, "559d7fc1-5470-4ab4-8c66-fa2f0b89a523": {"FactionID": "559d7fc1-5470-4ab4-8c66-fa2f0b89a523", "StandingValue": -0.5, "AreOpenlyHostile": false}, "5db2bec7-37c3-4f1c-ab88-21024c12d639": {"FactionID": "5db2bec7-37c3-4f1c-ab88-21024c12d639", "StandingValue": -3, "AreOpenlyHostile": true}, "7decfd86-9c82-4a17-af3b-5d4af8c4e2ad": {"FactionID": "7decfd86-9c82-4a17-af3b-5d4af8c4e2ad", "StandingValue": -0.5, "AreOpenlyHostile": false}, "a0152cbb-8a78-45a4-ae9b-2ad2b60b583b": {"FactionID": "a0152cbb-8a78-45a4-ae9b-2ad2b60b583b", "StandingValue": 5, "AreOpenlyHostile": false}, "b3d3fa9c-b21e-490f-b39e-128b3af12128": {"FactionID": "b3d3fa9c-b21e-490f-b39e-128b3af12128", "StandingValue": 0, "AreOpenlyHostile": false}, "bdeffd9a-3cab-408c-9cd7-32fce1124f7a": {"FactionID": "bdeffd9a-3cab-408c-9cd7-32fce1124f7a", "StandingValue": -4, "AreOpenlyHostile": true}}}', true, 2, NULL, '{}', '[::1]:39408', false, NULL);
    INSERT INTO public.users (id, charactername, hashpass, registered, banned, current_shipid, startid, escrow_containerid, current_factionid, reputationsheet, isnpc, behaviourmode, emailaddress, experiencesheet, registeredip, isdev, resettoken) VALUES ('33aed6a5-9569-481e-8b18-83da13f66421', 'Leland Vasquez', '1256183c5a2e3cecb33cacbf7606de2edfdccc29bffd06346e2db2122fb8fa63', '2022-12-06 16:44:30.056491-05', B'0', NULL, '2c6cdef1-351b-4eb3-b664-8c8fc113aaa9', '172fac80-eaf3-4698-b258-9218c261283b', '27a53dfc-a321-4c12-bf7c-bb177955c95b', '{"factionEntries": {"27a53dfc-a321-4c12-bf7c-bb177955c95b": {"FactionID": "27a53dfc-a321-4c12-bf7c-bb177955c95b", "StandingValue": 10, "AreOpenlyHostile": false}, "30bc70eb-2692-47e6-a7e3-2772e131c3d7": {"FactionID": "30bc70eb-2692-47e6-a7e3-2772e131c3d7", "StandingValue": -3, "AreOpenlyHostile": true}, "506286f5-6613-4481-ac26-caa9940fbe68": {"FactionID": "506286f5-6613-4481-ac26-caa9940fbe68", "StandingValue": 0.5, "AreOpenlyHostile": false}, "559d7fc1-5470-4ab4-8c66-fa2f0b89a523": {"FactionID": "559d7fc1-5470-4ab4-8c66-fa2f0b89a523", "StandingValue": -0.5, "AreOpenlyHostile": false}, "5db2bec7-37c3-4f1c-ab88-21024c12d639": {"FactionID": "5db2bec7-37c3-4f1c-ab88-21024c12d639", "StandingValue": -3, "AreOpenlyHostile": true}, "7decfd86-9c82-4a17-af3b-5d4af8c4e2ad": {"FactionID": "7decfd86-9c82-4a17-af3b-5d4af8c4e2ad", "StandingValue": -0.5, "AreOpenlyHostile": false}, "a0152cbb-8a78-45a4-ae9b-2ad2b60b583b": {"FactionID": "a0152cbb-8a78-45a4-ae9b-2ad2b60b583b", "StandingValue": 5, "AreOpenlyHostile": false}, "b3d3fa9c-b21e-490f-b39e-128b3af12128": {"FactionID": "b3d3fa9c-b21e-490f-b39e-128b3af12128", "StandingValue": 0, "AreOpenlyHostile": false}, "bdeffd9a-3cab-408c-9cd7-32fce1124f7a": {"FactionID": "bdeffd9a-3cab-408c-9cd7-32fce1124f7a", "StandingValue": -4, "AreOpenlyHostile": true}}}', true, 2, NULL, '{}', '[::1]:39408', false, NULL);
    INSERT INTO public.users (id, charactername, hashpass, registered, banned, current_shipid, startid, escrow_containerid, current_factionid, reputationsheet, isnpc, behaviourmode, emailaddress, experiencesheet, registeredip, isdev, resettoken) VALUES ('168ac2d3-308c-41ad-b160-31fb27afea17', 'Ela Saglik', '058ffb24b421dd666ea8a09ade6382893b1e4808299d01dfbe61882011b66768', '2022-12-06 16:44:30.184834-05', B'0', NULL, '2c6cdef1-351b-4eb3-b664-8c8fc113aaa9', 'da137403-9b00-45d3-b54d-d4e2f395fd03', '27a53dfc-a321-4c12-bf7c-bb177955c95b', '{"factionEntries": {"27a53dfc-a321-4c12-bf7c-bb177955c95b": {"FactionID": "27a53dfc-a321-4c12-bf7c-bb177955c95b", "StandingValue": 10, "AreOpenlyHostile": false}, "30bc70eb-2692-47e6-a7e3-2772e131c3d7": {"FactionID": "30bc70eb-2692-47e6-a7e3-2772e131c3d7", "StandingValue": -3, "AreOpenlyHostile": true}, "506286f5-6613-4481-ac26-caa9940fbe68": {"FactionID": "506286f5-6613-4481-ac26-caa9940fbe68", "StandingValue": 0.5, "AreOpenlyHostile": false}, "559d7fc1-5470-4ab4-8c66-fa2f0b89a523": {"FactionID": "559d7fc1-5470-4ab4-8c66-fa2f0b89a523", "StandingValue": -0.5, "AreOpenlyHostile": false}, "5db2bec7-37c3-4f1c-ab88-21024c12d639": {"FactionID": "5db2bec7-37c3-4f1c-ab88-21024c12d639", "StandingValue": -3, "AreOpenlyHostile": true}, "7decfd86-9c82-4a17-af3b-5d4af8c4e2ad": {"FactionID": "7decfd86-9c82-4a17-af3b-5d4af8c4e2ad", "StandingValue": -0.5, "AreOpenlyHostile": false}, "a0152cbb-8a78-45a4-ae9b-2ad2b60b583b": {"FactionID": "a0152cbb-8a78-45a4-ae9b-2ad2b60b583b", "StandingValue": 5, "AreOpenlyHostile": false}, "b3d3fa9c-b21e-490f-b39e-128b3af12128": {"FactionID": "b3d3fa9c-b21e-490f-b39e-128b3af12128", "StandingValue": 0, "AreOpenlyHostile": false}, "bdeffd9a-3cab-408c-9cd7-32fce1124f7a": {"FactionID": "bdeffd9a-3cab-408c-9cd7-32fce1124f7a", "StandingValue": -4, "AreOpenlyHostile": true}}}', true, 2, NULL, '{}', '[::1]:39408', false, NULL);
    INSERT INTO public.users (id, charactername, hashpass, registered, banned, current_shipid, startid, escrow_containerid, current_factionid, reputationsheet, isnpc, behaviourmode, emailaddress, experiencesheet, registeredip, isdev, resettoken) VALUES ('c1cf0d44-f67f-48f1-b5c2-75df896d53ee', 'Hou Xiaohui', '9f1c1bd8475883ba5cc8ce8e18a10ffb8e78c6b6ecf59d53d33896beaad24e72', '2022-12-06 16:44:30.143126-05', B'0', NULL, '2c6cdef1-351b-4eb3-b664-8c8fc113aaa9', '20d3e905-21a3-48d6-aa19-6394c301ae24', '27a53dfc-a321-4c12-bf7c-bb177955c95b', '{"factionEntries": {"27a53dfc-a321-4c12-bf7c-bb177955c95b": {"FactionID": "27a53dfc-a321-4c12-bf7c-bb177955c95b", "StandingValue": 10, "AreOpenlyHostile": false}, "30bc70eb-2692-47e6-a7e3-2772e131c3d7": {"FactionID": "30bc70eb-2692-47e6-a7e3-2772e131c3d7", "StandingValue": -3, "AreOpenlyHostile": true}, "506286f5-6613-4481-ac26-caa9940fbe68": {"FactionID": "506286f5-6613-4481-ac26-caa9940fbe68", "StandingValue": 0.5, "AreOpenlyHostile": false}, "559d7fc1-5470-4ab4-8c66-fa2f0b89a523": {"FactionID": "559d7fc1-5470-4ab4-8c66-fa2f0b89a523", "StandingValue": -0.5, "AreOpenlyHostile": false}, "5db2bec7-37c3-4f1c-ab88-21024c12d639": {"FactionID": "5db2bec7-37c3-4f1c-ab88-21024c12d639", "StandingValue": -3, "AreOpenlyHostile": true}, "7decfd86-9c82-4a17-af3b-5d4af8c4e2ad": {"FactionID": "7decfd86-9c82-4a17-af3b-5d4af8c4e2ad", "StandingValue": -0.5, "AreOpenlyHostile": false}, "a0152cbb-8a78-45a4-ae9b-2ad2b60b583b": {"FactionID": "a0152cbb-8a78-45a4-ae9b-2ad2b60b583b", "StandingValue": 5, "AreOpenlyHostile": false}, "b3d3fa9c-b21e-490f-b39e-128b3af12128": {"FactionID": "b3d3fa9c-b21e-490f-b39e-128b3af12128", "StandingValue": 0, "AreOpenlyHostile": false}, "bdeffd9a-3cab-408c-9cd7-32fce1124f7a": {"FactionID": "bdeffd9a-3cab-408c-9cd7-32fce1124f7a", "StandingValue": -4, "AreOpenlyHostile": true}}}', true, 2, NULL, '{}', '[::1]:39408', false, NULL);

    -- ships
    INSERT INTO public.ships (id, universe_systemid, userid, pos_x, pos_y, created, shipname, texture, theta, vel_x, vel_y, shield, armor, hull, fuel, heat, energy, shiptemplateid, dockedat_stationid, fitting, destroyed, destroyedat, cargobay_containerid, fittingbay_containerid, remaxdirty, trash_containerid, wallet, noload, flightexperiencemodifier) VALUES ('f90f8b60-8dd4-41e4-bc22-aa06b61c3b85', '0078c73f-1b40-4b22-bdf0-f4927d8bd7bd', '33aed6a5-9569-481e-8b18-83da13f66421', 0, 0, '2022-12-06 16:44:30.093073-05', 'Leland Vasquez''s Starter Ship', 'Skink', 0, 0, 0, 1220, 6790, 2283, 4389, 0, 1441, '754743cf-d534-4d6f-a46a-6d0e94d62d69', '306c0fcd-cf01-43fc-850f-172191fe1582', '{"a_rack": [{"item_id": "c5ca157a-e343-4c45-8f03-3fd4f22787d6", "slot_idx": 0, "item_type_id": "5e19ae7f-4725-45f3-b95b-eb849bb59416"}, {"item_id": "a70a87a7-1b69-46b1-8b64-27e97fb27193", "slot_idx": 1, "item_type_id": "5e19ae7f-4725-45f3-b95b-eb849bb59416"}, {"item_id": "d1e20eee-350b-4efa-a170-8e01087596b3", "slot_idx": 2, "item_type_id": "a8403283-b4c4-4735-9c68-5ca4fb895266"}, {"item_id": "3c21b60d-4aee-4f89-a18c-5f41f71a7658", "slot_idx": 3, "item_type_id": "a8403283-b4c4-4735-9c68-5ca4fb895266"}, {"item_id": "1b07a936-b37d-4e1e-b3e2-e23044adde1e", "slot_idx": 4, "item_type_id": "9bcc7d45-b70f-4b99-a01e-c1768c264f76"}, {"item_id": "ef4bd7c2-3cc4-46ba-bf8b-4bdc31361c2f", "slot_idx": 5, "item_type_id": "9bcc7d45-b70f-4b99-a01e-c1768c264f76"}], "b_rack": [{"item_id": "f87c09be-2547-4047-a224-cbf1e1b4086a", "slot_idx": 0, "item_type_id": "242b4af2-1384-4976-a8c2-3b0561398341"}, {"item_id": "5366fe0f-7b5f-47c4-8140-f6c7cb05dd85", "slot_idx": 1, "item_type_id": "6789f483-7a7c-49a1-a5a1-4509ecdeea5d"}, {"item_id": "f4d04fd3-ced4-4c3a-9469-c2de0155e027", "slot_idx": 2, "item_type_id": "caa1322a-0c9e-4d8a-9a3b-00dc2e41cc76"}], "c_rack": [{"item_id": "839200cf-1acc-4f20-b0b9-886446df3570", "slot_idx": 0, "item_type_id": "fab39b1f-bab3-4cd2-9b80-e7e48f35fe9d"}, {"item_id": "78d681be-942e-41c2-8125-fa94d21267bd", "slot_idx": 1, "item_type_id": "fab39b1f-bab3-4cd2-9b80-e7e48f35fe9d"}, {"item_id": "935a3ea9-2913-4563-97d6-f308bb84a582", "slot_idx": 2, "item_type_id": "fab39b1f-bab3-4cd2-9b80-e7e48f35fe9d"}, {"item_id": "40743e18-532a-475a-9352-9f094da2cd0c", "slot_idx": 3, "item_type_id": "9777cd84-0f16-4b65-8ab3-e139a44b8fbc"}, {"item_id": "2acaf338-2950-49c7-9b6e-0de34e66dd26", "slot_idx": 4, "item_type_id": "a033c394-10ae-4a50-8eec-7ee7ea43b321"}]}', false, NULL, '24876d78-8a5f-4980-b181-be074b71b599', 'b48feca6-1e62-4468-8b57-73d11e7b952a', true, 'a61870fc-8d96-46ca-9b1d-eedb09dd3010', 10000, false, 1);
    INSERT INTO public.ships (id, universe_systemid, userid, pos_x, pos_y, created, shipname, texture, theta, vel_x, vel_y, shield, armor, hull, fuel, heat, energy, shiptemplateid, dockedat_stationid, fitting, destroyed, destroyedat, cargobay_containerid, fittingbay_containerid, remaxdirty, trash_containerid, wallet, noload, flightexperiencemodifier) VALUES ('bddf2393-a7c9-4f11-95f9-858d4aa93ac6', '0078c73f-1b40-4b22-bdf0-f4927d8bd7bd', '8f75e9a3-9bfd-433d-bd63-fac9d44590e5', 0, 0, '2022-12-06 16:44:30.13518-05', 'Nria Fallas''s Starter Ship', 'Skink', 0, 0, 0, 1220, 6790, 2283, 4389, 0, 1441, '754743cf-d534-4d6f-a46a-6d0e94d62d69', '306c0fcd-cf01-43fc-850f-172191fe1582', '{"a_rack": [{"item_id": "9c8ec1b0-d563-4ade-bdbd-59b22a67a566", "slot_idx": 0, "item_type_id": "5e19ae7f-4725-45f3-b95b-eb849bb59416"}, {"item_id": "c325e157-51b2-4065-9896-d2965f9064ea", "slot_idx": 1, "item_type_id": "5e19ae7f-4725-45f3-b95b-eb849bb59416"}, {"item_id": "f3a0615e-f4bc-4c8d-a53a-e82daf8d5e06", "slot_idx": 2, "item_type_id": "a8403283-b4c4-4735-9c68-5ca4fb895266"}, {"item_id": "543cb972-cc9c-427b-b4f1-3cadb91f113d", "slot_idx": 3, "item_type_id": "a8403283-b4c4-4735-9c68-5ca4fb895266"}, {"item_id": "da121e5e-ebed-414a-9f72-361f14aedeec", "slot_idx": 4, "item_type_id": "9bcc7d45-b70f-4b99-a01e-c1768c264f76"}, {"item_id": "60b87942-9043-4e73-80b2-f44a41988546", "slot_idx": 5, "item_type_id": "9bcc7d45-b70f-4b99-a01e-c1768c264f76"}], "b_rack": [{"item_id": "a651ec7f-4cf4-466a-a0c9-2d95d87aa54a", "slot_idx": 0, "item_type_id": "242b4af2-1384-4976-a8c2-3b0561398341"}, {"item_id": "e7d747b7-9dad-456a-8c6a-e4dd189897e7", "slot_idx": 1, "item_type_id": "6789f483-7a7c-49a1-a5a1-4509ecdeea5d"}, {"item_id": "a2e62437-9dbb-4a59-be87-d90283173bb9", "slot_idx": 2, "item_type_id": "caa1322a-0c9e-4d8a-9a3b-00dc2e41cc76"}], "c_rack": [{"item_id": "3fdbef40-16a3-4bda-afa9-b8624cc264e1", "slot_idx": 0, "item_type_id": "fab39b1f-bab3-4cd2-9b80-e7e48f35fe9d"}, {"item_id": "5a77f8c0-6df2-4c72-97b5-e9fb0dfe9210", "slot_idx": 1, "item_type_id": "fab39b1f-bab3-4cd2-9b80-e7e48f35fe9d"}, {"item_id": "432776e8-dc55-412d-b083-3e8c1ad8335f", "slot_idx": 2, "item_type_id": "fab39b1f-bab3-4cd2-9b80-e7e48f35fe9d"}, {"item_id": "8cdfbb82-7704-4ad6-9677-bea5c6dfd5e0", "slot_idx": 3, "item_type_id": "9777cd84-0f16-4b65-8ab3-e139a44b8fbc"}, {"item_id": "24abe82c-4453-40a7-8b25-d05fa6ad8f6a", "slot_idx": 4, "item_type_id": "a033c394-10ae-4a50-8eec-7ee7ea43b321"}]}', false, NULL, '925b6351-405b-4356-bfb3-e411e499200c', '839ac194-f81c-4f93-9e30-d64f51e70938', true, '4ad59997-5058-47a1-9124-d57c5d474abb', 10000, false, 1);
    INSERT INTO public.ships (id, universe_systemid, userid, pos_x, pos_y, created, shipname, texture, theta, vel_x, vel_y, shield, armor, hull, fuel, heat, energy, shiptemplateid, dockedat_stationid, fitting, destroyed, destroyedat, cargobay_containerid, fittingbay_containerid, remaxdirty, trash_containerid, wallet, noload, flightexperiencemodifier) VALUES ('8f52bd30-3c28-45a8-807d-66bb62defa49', '0078c73f-1b40-4b22-bdf0-f4927d8bd7bd', 'c1cf0d44-f67f-48f1-b5c2-75df896d53ee', 0, 0, '2022-12-06 16:44:30.177886-05', 'Hou Xiaohui''s Starter Ship', 'Skink', 0, 0, 0, 1220, 6790, 2283, 4389, 0, 1441, '754743cf-d534-4d6f-a46a-6d0e94d62d69', '306c0fcd-cf01-43fc-850f-172191fe1582', '{"a_rack": [{"item_id": "4956ce1d-3248-4c15-95a0-2e8b75491b05", "slot_idx": 0, "item_type_id": "5e19ae7f-4725-45f3-b95b-eb849bb59416"}, {"item_id": "afce0a83-03e3-4d38-adc2-d43c72f4e65f", "slot_idx": 1, "item_type_id": "5e19ae7f-4725-45f3-b95b-eb849bb59416"}, {"item_id": "72df792e-89ec-4c09-9146-008701ff382e", "slot_idx": 2, "item_type_id": "a8403283-b4c4-4735-9c68-5ca4fb895266"}, {"item_id": "0606a2a7-f73b-45eb-abb3-f8f15de588e0", "slot_idx": 3, "item_type_id": "a8403283-b4c4-4735-9c68-5ca4fb895266"}, {"item_id": "7c8bbd21-6ce1-469f-8f81-2cfe4bdfe28e", "slot_idx": 4, "item_type_id": "9bcc7d45-b70f-4b99-a01e-c1768c264f76"}, {"item_id": "184b61bf-a02f-499f-9fea-b6f6bd5813a4", "slot_idx": 5, "item_type_id": "9bcc7d45-b70f-4b99-a01e-c1768c264f76"}], "b_rack": [{"item_id": "c8fd4263-92d3-4c88-a124-9f147970f859", "slot_idx": 0, "item_type_id": "242b4af2-1384-4976-a8c2-3b0561398341"}, {"item_id": "45f056bc-3da8-4ce2-bb16-36d6a1149c47", "slot_idx": 1, "item_type_id": "6789f483-7a7c-49a1-a5a1-4509ecdeea5d"}, {"item_id": "dac17b73-b15d-49ee-af4e-5a3dd09b48b7", "slot_idx": 2, "item_type_id": "caa1322a-0c9e-4d8a-9a3b-00dc2e41cc76"}], "c_rack": [{"item_id": "116816d5-48d8-423d-9cbb-b88cad7952bb", "slot_idx": 0, "item_type_id": "fab39b1f-bab3-4cd2-9b80-e7e48f35fe9d"}, {"item_id": "324855a5-8273-4c08-9dbb-0a6476054534", "slot_idx": 1, "item_type_id": "fab39b1f-bab3-4cd2-9b80-e7e48f35fe9d"}, {"item_id": "9e7405ca-58ac-409d-b316-6667fd6a6b99", "slot_idx": 2, "item_type_id": "fab39b1f-bab3-4cd2-9b80-e7e48f35fe9d"}, {"item_id": "b0568cd2-cd32-4a07-8eee-70334d7ce939", "slot_idx": 3, "item_type_id": "9777cd84-0f16-4b65-8ab3-e139a44b8fbc"}, {"item_id": "dfc6a746-36f3-4aa0-96c6-3ac4957bfdbf", "slot_idx": 4, "item_type_id": "a033c394-10ae-4a50-8eec-7ee7ea43b321"}]}', false, NULL, '42ca6fc7-5c75-40d1-97ca-5e799bcd1f60', 'b83e0683-0c16-4718-9ab9-7a3efcc572f5', true, '10838d28-2ec4-4eea-bc3a-cfb8c23db2c0', 10000, false, 1);
    INSERT INTO public.ships (id, universe_systemid, userid, pos_x, pos_y, created, shipname, texture, theta, vel_x, vel_y, shield, armor, hull, fuel, heat, energy, shiptemplateid, dockedat_stationid, fitting, destroyed, destroyedat, cargobay_containerid, fittingbay_containerid, remaxdirty, trash_containerid, wallet, noload, flightexperiencemodifier) VALUES ('9fd5bfe8-ee9a-49b7-8b94-cb2dc95dcca1', '0078c73f-1b40-4b22-bdf0-f4927d8bd7bd', '168ac2d3-308c-41ad-b160-31fb27afea17', 0, 0, '2022-12-06 16:44:30.217811-05', 'Ela Saglik''s Starter Ship', 'Skink', 0, 0, 0, 1220, 6790, 2283, 4389, 0, 1441, '754743cf-d534-4d6f-a46a-6d0e94d62d69', '306c0fcd-cf01-43fc-850f-172191fe1582', '{"a_rack": [{"item_id": "12638cc6-30c4-4622-8402-f16fe0475a73", "slot_idx": 0, "item_type_id": "5e19ae7f-4725-45f3-b95b-eb849bb59416"}, {"item_id": "6f406247-f285-4629-b2e3-60682190e757", "slot_idx": 1, "item_type_id": "5e19ae7f-4725-45f3-b95b-eb849bb59416"}, {"item_id": "50f789d8-6a98-4a86-b3e3-a22e0bdf365a", "slot_idx": 2, "item_type_id": "a8403283-b4c4-4735-9c68-5ca4fb895266"}, {"item_id": "6dfd62fd-2c52-4025-ad8d-29899a2988a3", "slot_idx": 3, "item_type_id": "a8403283-b4c4-4735-9c68-5ca4fb895266"}, {"item_id": "8ab41c7f-190d-4691-9543-3cc2b278311f", "slot_idx": 4, "item_type_id": "9bcc7d45-b70f-4b99-a01e-c1768c264f76"}, {"item_id": "cc76412b-36e7-48ff-b60d-ce380d78f73e", "slot_idx": 5, "item_type_id": "9bcc7d45-b70f-4b99-a01e-c1768c264f76"}], "b_rack": [{"item_id": "dc01de88-5834-4274-9b43-f77f86a95ad3", "slot_idx": 0, "item_type_id": "242b4af2-1384-4976-a8c2-3b0561398341"}, {"item_id": "7d531d2a-3833-44e5-bfa2-be831602d3f9", "slot_idx": 1, "item_type_id": "6789f483-7a7c-49a1-a5a1-4509ecdeea5d"}, {"item_id": "35adf6bf-3efe-4fcb-84f0-cec80214e5d7", "slot_idx": 2, "item_type_id": "caa1322a-0c9e-4d8a-9a3b-00dc2e41cc76"}], "c_rack": [{"item_id": "93ac2ec8-8f8c-4921-926a-e99da40d7a40", "slot_idx": 0, "item_type_id": "fab39b1f-bab3-4cd2-9b80-e7e48f35fe9d"}, {"item_id": "d65c7f26-bc80-4967-9b1c-b1dc7d4fdf4e", "slot_idx": 1, "item_type_id": "fab39b1f-bab3-4cd2-9b80-e7e48f35fe9d"}, {"item_id": "b1021884-2f58-41a8-a54f-2b93e300664b", "slot_idx": 2, "item_type_id": "fab39b1f-bab3-4cd2-9b80-e7e48f35fe9d"}, {"item_id": "be74e6f5-3b0e-4457-9ef7-77949c6e71a4", "slot_idx": 3, "item_type_id": "9777cd84-0f16-4b65-8ab3-e139a44b8fbc"}, {"item_id": "5e6e4551-b972-4ab8-9a03-8320e10ced6d", "slot_idx": 4, "item_type_id": "a033c394-10ae-4a50-8eec-7ee7ea43b321"}]}', false, NULL, 'a7626cb6-1fa4-42c6-a191-6222e76efbce', 'a1c2c0ba-f492-4fe8-b1ab-442c6f94f2bd', true, 'aae1ee01-fe8a-4ba9-88ae-25477aea6259', 10000, false, 1);

    -- items
    INSERT INTO public.items (id, itemtypeid, meta, created, createdby, createdreason, containerid, quantity, ispackaged) VALUES ('c5ca157a-e343-4c45-8f03-3fd4f22787d6', '5e19ae7f-4725-45f3-b95b-eb849bb59416', '{"hp": 35, "rack": "a", "range": 12864, "volume": 68, "cooldown": 26, "flight_time": 3.3, "hull_damage": 322, "armor_damage": 263, "needs_target": true, "shield_damage": 291, "missile_radius": 2.9, "activation_heat": 82, "ammunition_name": "MHVM-7", "ammunition_type": "0f82a371-cb72-45c7-96cf-4ee5032eb0b1", "fault_tolerance": 0.94, "industrialmarket": {"maxprice": 37345, "minprice": 14607, "silosize": 1000}, "activation_energy": 1.8, "missile_gfx_effect": "mhvm-7", "missile_explosion_effect": "basic_explosion", "missile_explosion_radius": 2.3}', '2022-12-06 16:44:30.065027-05', '33aed6a5-9569-481e-8b18-83da13f66421', 'Module for new noob ship for player', 'b48feca6-1e62-4468-8b57-73d11e7b952a', 1, false);
    INSERT INTO public.items (id, itemtypeid, meta, created, createdby, createdreason, containerid, quantity, ispackaged) VALUES ('a70a87a7-1b69-46b1-8b64-27e97fb27193', '5e19ae7f-4725-45f3-b95b-eb849bb59416', '{"hp": 35, "rack": "a", "range": 12864, "volume": 68, "cooldown": 26, "flight_time": 3.3, "hull_damage": 322, "armor_damage": 263, "needs_target": true, "shield_damage": 291, "missile_radius": 2.9, "activation_heat": 82, "ammunition_name": "MHVM-7", "ammunition_type": "0f82a371-cb72-45c7-96cf-4ee5032eb0b1", "fault_tolerance": 0.94, "industrialmarket": {"maxprice": 37345, "minprice": 14607, "silosize": 1000}, "activation_energy": 1.8, "missile_gfx_effect": "mhvm-7", "missile_explosion_effect": "basic_explosion", "missile_explosion_radius": 2.3}', '2022-12-06 16:44:30.067294-05', '33aed6a5-9569-481e-8b18-83da13f66421', 'Module for new noob ship for player', 'b48feca6-1e62-4468-8b57-73d11e7b952a', 1, false);
    INSERT INTO public.items (id, itemtypeid, meta, created, createdby, createdreason, containerid, quantity, ispackaged) VALUES ('d1e20eee-350b-4efa-a170-8e01087596b3', 'a8403283-b4c4-4735-9c68-5ca4fb895266', '{"hp": 36, "rack": "a", "range": 13420, "volume": 75, "cooldown": 28.3, "flight_time": 33, "hull_damage": 3256, "armor_damage": 3171, "needs_target": true, "shield_damage": 3180, "missile_radius": 3.7, "activation_heat": 132, "ammunition_name": "MGPM-8", "ammunition_type": "5eeb7bfe-4c31-4123-b6a3-cf8528bf7c9c", "fault_tolerance": 0.98, "industrialmarket": {"maxprice": 19360, "minprice": 8875, "silosize": 1000}, "activation_energy": 2.4, "missile_gfx_effect": "mgpm-8", "missile_explosion_effect": "basic_explosion", "missile_explosion_radius": 22}', '2022-12-06 16:44:30.069402-05', '33aed6a5-9569-481e-8b18-83da13f66421', 'Module for new noob ship for player', 'b48feca6-1e62-4468-8b57-73d11e7b952a', 1, false);
    INSERT INTO public.items (id, itemtypeid, meta, created, createdby, createdreason, containerid, quantity, ispackaged) VALUES ('3c21b60d-4aee-4f89-a18c-5f41f71a7658', 'a8403283-b4c4-4735-9c68-5ca4fb895266', '{"hp": 36, "rack": "a", "range": 13420, "volume": 75, "cooldown": 28.3, "flight_time": 33, "hull_damage": 3256, "armor_damage": 3171, "needs_target": true, "shield_damage": 3180, "missile_radius": 3.7, "activation_heat": 132, "ammunition_name": "MGPM-8", "ammunition_type": "5eeb7bfe-4c31-4123-b6a3-cf8528bf7c9c", "fault_tolerance": 0.98, "industrialmarket": {"maxprice": 19360, "minprice": 8875, "silosize": 1000}, "activation_energy": 2.4, "missile_gfx_effect": "mgpm-8", "missile_explosion_effect": "basic_explosion", "missile_explosion_radius": 22}', '2022-12-06 16:44:30.071214-05', '33aed6a5-9569-481e-8b18-83da13f66421', 'Module for new noob ship for player', 'b48feca6-1e62-4468-8b57-73d11e7b952a', 1, false);
    INSERT INTO public.items (id, itemtypeid, meta, created, createdby, createdreason, containerid, quantity, ispackaged) VALUES ('1b07a936-b37d-4e1e-b3e2-e23044adde1e', '9bcc7d45-b70f-4b99-a01e-c1768c264f76', '{"hp": 23, "rack": "a", "range": 8274, "volume": 87, "falloff": "linear", "cooldown": 42.3, "tracking": 47, "needs_target": true, "activation_heat": 519, "industrialmarket": {"maxprice": 89247, "minprice": 67809, "silosize": 200}, "activation_energy": 167, "energy_siphon_amount": 989, "activation_gfx_effect": "medium_energy_siphon"}', '2022-12-06 16:44:30.072979-05', '33aed6a5-9569-481e-8b18-83da13f66421', 'Module for new noob ship for player', 'b48feca6-1e62-4468-8b57-73d11e7b952a', 1, false);
    INSERT INTO public.items (id, itemtypeid, meta, created, createdby, createdreason, containerid, quantity, ispackaged) VALUES ('ef4bd7c2-3cc4-46ba-bf8b-4bdc31361c2f', '9bcc7d45-b70f-4b99-a01e-c1768c264f76', '{"hp": 23, "rack": "a", "range": 8274, "volume": 87, "falloff": "linear", "cooldown": 42.3, "tracking": 47, "needs_target": true, "activation_heat": 519, "industrialmarket": {"maxprice": 89247, "minprice": 67809, "silosize": 200}, "activation_energy": 167, "energy_siphon_amount": 989, "activation_gfx_effect": "medium_energy_siphon"}', '2022-12-06 16:44:30.074781-05', '33aed6a5-9569-481e-8b18-83da13f66421', 'Module for new noob ship for player', 'b48feca6-1e62-4468-8b57-73d11e7b952a', 1, false);
    INSERT INTO public.items (id, itemtypeid, meta, created, createdby, createdreason, containerid, quantity, ispackaged) VALUES ('f87c09be-2547-4047-a224-cbf1e1b4086a', '242b4af2-1384-4976-a8c2-3b0561398341', '{"hp": 26, "rack": "b", "volume": 50, "cooldown": 14.9, "needs_target": false, "activation_heat": 1142, "industrialmarket": {"maxprice": 13906, "minprice": 8456, "silosize": 1000}, "activation_energy": 365}', '2022-12-06 16:44:30.076496-05', '33aed6a5-9569-481e-8b18-83da13f66421', 'Module for new noob ship for player', 'b48feca6-1e62-4468-8b57-73d11e7b952a', 1, false);
    INSERT INTO public.items (id, itemtypeid, meta, created, createdby, createdreason, containerid, quantity, ispackaged) VALUES ('5366fe0f-7b5f-47c4-8140-f6c7cb05dd85', '6789f483-7a7c-49a1-a5a1-4509ecdeea5d', '{"hp": 23, "rack": "b", "range": 5487, "volume": 65, "falloff": "linear", "cooldown": 43.7, "needs_target": true, "activation_heat": 1399, "drag_multiplier": 60.5, "industrialmarket": {"maxprice": 31655, "minprice": 22498, "silosize": 500}, "activation_energy": 1526, "activation_gfx_effect": "medium_aether_dragger"}', '2022-12-06 16:44:30.078527-05', '33aed6a5-9569-481e-8b18-83da13f66421', 'Module for new noob ship for player', 'b48feca6-1e62-4468-8b57-73d11e7b952a', 1, false);
    INSERT INTO public.items (id, itemtypeid, meta, created, createdby, createdreason, containerid, quantity, ispackaged) VALUES ('f4d04fd3-ced4-4c3a-9469-c2de0155e027', 'caa1322a-0c9e-4d8a-9a3b-00dc2e41cc76', '{"hp": 60, "rack": "b", "volume": 70, "cooldown": 58.1, "needs_target": false, "activation_heat": 988, "industrialmarket": {"maxprice": 1566, "minprice": 8610, "silosize": 1000}, "activation_energy": 754}', '2022-12-06 16:44:30.080559-05', '33aed6a5-9569-481e-8b18-83da13f66421', 'Module for new noob ship for player', 'b48feca6-1e62-4468-8b57-73d11e7b952a', 1, false);
    INSERT INTO public.items (id, itemtypeid, meta, created, createdby, createdreason, containerid, quantity, ispackaged) VALUES ('839200cf-1acc-4f20-b0b9-886446df3570', 'fab39b1f-bab3-4cd2-9b80-e7e48f35fe9d', '{"hp": 315, "rack": "c", "volume": 60, "armor_max_add": 1610, "industrialmarket": {"maxprice": 6522, "minprice": 2245, "silosize": 1000}}', '2022-12-06 16:44:30.082899-05', '33aed6a5-9569-481e-8b18-83da13f66421', 'Module for new noob ship for player', 'b48feca6-1e62-4468-8b57-73d11e7b952a', 1, false);
    INSERT INTO public.items (id, itemtypeid, meta, created, createdby, createdreason, containerid, quantity, ispackaged) VALUES ('78d681be-942e-41c2-8125-fa94d21267bd', 'fab39b1f-bab3-4cd2-9b80-e7e48f35fe9d', '{"hp": 315, "rack": "c", "volume": 60, "armor_max_add": 1610, "industrialmarket": {"maxprice": 6522, "minprice": 2245, "silosize": 1000}}', '2022-12-06 16:44:30.085086-05', '33aed6a5-9569-481e-8b18-83da13f66421', 'Module for new noob ship for player', 'b48feca6-1e62-4468-8b57-73d11e7b952a', 1, false);
    INSERT INTO public.items (id, itemtypeid, meta, created, createdby, createdreason, containerid, quantity, ispackaged) VALUES ('935a3ea9-2913-4563-97d6-f308bb84a582', 'fab39b1f-bab3-4cd2-9b80-e7e48f35fe9d', '{"hp": 315, "rack": "c", "volume": 60, "armor_max_add": 1610, "industrialmarket": {"maxprice": 6522, "minprice": 2245, "silosize": 1000}}', '2022-12-06 16:44:30.087219-05', '33aed6a5-9569-481e-8b18-83da13f66421', 'Module for new noob ship for player', 'b48feca6-1e62-4468-8b57-73d11e7b952a', 1, false);
    INSERT INTO public.items (id, itemtypeid, meta, created, createdby, createdreason, containerid, quantity, ispackaged) VALUES ('40743e18-532a-475a-9352-9f094da2cd0c', '9777cd84-0f16-4b65-8ab3-e139a44b8fbc', '{"hp": 144, "rack": "c", "volume": 50, "heat_sink_add": 50, "industrialmarket": {"maxprice": 3567, "minprice": 1850, "silosize": 1000}}', '2022-12-06 16:44:30.089286-05', '33aed6a5-9569-481e-8b18-83da13f66421', 'Module for new noob ship for player', 'b48feca6-1e62-4468-8b57-73d11e7b952a', 1, false);
    INSERT INTO public.items (id, itemtypeid, meta, created, createdby, createdreason, containerid, quantity, ispackaged) VALUES ('2acaf338-2950-49c7-9b6e-0de34e66dd26', 'a033c394-10ae-4a50-8eec-7ee7ea43b321', '{"hp": 29, "rack": "c", "volume": 60, "energy_max_add": 508, "industrialmarket": {"maxprice": 9269, "minprice": 4417, "silosize": 1000}}', '2022-12-06 16:44:30.091287-05', '33aed6a5-9569-481e-8b18-83da13f66421', 'Module for new noob ship for player', 'b48feca6-1e62-4468-8b57-73d11e7b952a', 1, false);
    INSERT INTO public.items (id, itemtypeid, meta, created, createdby, createdreason, containerid, quantity, ispackaged) VALUES ('9c8ec1b0-d563-4ade-bdbd-59b22a67a566', '5e19ae7f-4725-45f3-b95b-eb849bb59416', '{"hp": 35, "rack": "a", "range": 12864, "volume": 68, "cooldown": 26, "flight_time": 3.3, "hull_damage": 322, "armor_damage": 263, "needs_target": true, "shield_damage": 291, "missile_radius": 2.9, "activation_heat": 82, "ammunition_name": "MHVM-7", "ammunition_type": "0f82a371-cb72-45c7-96cf-4ee5032eb0b1", "fault_tolerance": 0.94, "industrialmarket": {"maxprice": 37345, "minprice": 14607, "silosize": 1000}, "activation_energy": 1.8, "missile_gfx_effect": "mhvm-7", "missile_explosion_effect": "basic_explosion", "missile_explosion_radius": 2.3}', '2022-12-06 16:44:30.109815-05', '8f75e9a3-9bfd-433d-bd63-fac9d44590e5', 'Module for new noob ship for player', '839ac194-f81c-4f93-9e30-d64f51e70938', 1, false);
    INSERT INTO public.items (id, itemtypeid, meta, created, createdby, createdreason, containerid, quantity, ispackaged) VALUES ('c325e157-51b2-4065-9896-d2965f9064ea', '5e19ae7f-4725-45f3-b95b-eb849bb59416', '{"hp": 35, "rack": "a", "range": 12864, "volume": 68, "cooldown": 26, "flight_time": 3.3, "hull_damage": 322, "armor_damage": 263, "needs_target": true, "shield_damage": 291, "missile_radius": 2.9, "activation_heat": 82, "ammunition_name": "MHVM-7", "ammunition_type": "0f82a371-cb72-45c7-96cf-4ee5032eb0b1", "fault_tolerance": 0.94, "industrialmarket": {"maxprice": 37345, "minprice": 14607, "silosize": 1000}, "activation_energy": 1.8, "missile_gfx_effect": "mhvm-7", "missile_explosion_effect": "basic_explosion", "missile_explosion_radius": 2.3}', '2022-12-06 16:44:30.111758-05', '8f75e9a3-9bfd-433d-bd63-fac9d44590e5', 'Module for new noob ship for player', '839ac194-f81c-4f93-9e30-d64f51e70938', 1, false);
    INSERT INTO public.items (id, itemtypeid, meta, created, createdby, createdreason, containerid, quantity, ispackaged) VALUES ('f3a0615e-f4bc-4c8d-a53a-e82daf8d5e06', 'a8403283-b4c4-4735-9c68-5ca4fb895266', '{"hp": 36, "rack": "a", "range": 13420, "volume": 75, "cooldown": 28.3, "flight_time": 33, "hull_damage": 3256, "armor_damage": 3171, "needs_target": true, "shield_damage": 3180, "missile_radius": 3.7, "activation_heat": 132, "ammunition_name": "MGPM-8", "ammunition_type": "5eeb7bfe-4c31-4123-b6a3-cf8528bf7c9c", "fault_tolerance": 0.98, "industrialmarket": {"maxprice": 19360, "minprice": 8875, "silosize": 1000}, "activation_energy": 2.4, "missile_gfx_effect": "mgpm-8", "missile_explosion_effect": "basic_explosion", "missile_explosion_radius": 22}', '2022-12-06 16:44:30.113579-05', '8f75e9a3-9bfd-433d-bd63-fac9d44590e5', 'Module for new noob ship for player', '839ac194-f81c-4f93-9e30-d64f51e70938', 1, false);
    INSERT INTO public.items (id, itemtypeid, meta, created, createdby, createdreason, containerid, quantity, ispackaged) VALUES ('543cb972-cc9c-427b-b4f1-3cadb91f113d', 'a8403283-b4c4-4735-9c68-5ca4fb895266', '{"hp": 36, "rack": "a", "range": 13420, "volume": 75, "cooldown": 28.3, "flight_time": 33, "hull_damage": 3256, "armor_damage": 3171, "needs_target": true, "shield_damage": 3180, "missile_radius": 3.7, "activation_heat": 132, "ammunition_name": "MGPM-8", "ammunition_type": "5eeb7bfe-4c31-4123-b6a3-cf8528bf7c9c", "fault_tolerance": 0.98, "industrialmarket": {"maxprice": 19360, "minprice": 8875, "silosize": 1000}, "activation_energy": 2.4, "missile_gfx_effect": "mgpm-8", "missile_explosion_effect": "basic_explosion", "missile_explosion_radius": 22}', '2022-12-06 16:44:30.115542-05', '8f75e9a3-9bfd-433d-bd63-fac9d44590e5', 'Module for new noob ship for player', '839ac194-f81c-4f93-9e30-d64f51e70938', 1, false);
    INSERT INTO public.items (id, itemtypeid, meta, created, createdby, createdreason, containerid, quantity, ispackaged) VALUES ('da121e5e-ebed-414a-9f72-361f14aedeec', '9bcc7d45-b70f-4b99-a01e-c1768c264f76', '{"hp": 23, "rack": "a", "range": 8274, "volume": 87, "falloff": "linear", "cooldown": 42.3, "tracking": 47, "needs_target": true, "activation_heat": 519, "industrialmarket": {"maxprice": 89247, "minprice": 67809, "silosize": 200}, "activation_energy": 167, "energy_siphon_amount": 989, "activation_gfx_effect": "medium_energy_siphon"}', '2022-12-06 16:44:30.117339-05', '8f75e9a3-9bfd-433d-bd63-fac9d44590e5', 'Module for new noob ship for player', '839ac194-f81c-4f93-9e30-d64f51e70938', 1, false);
    INSERT INTO public.items (id, itemtypeid, meta, created, createdby, createdreason, containerid, quantity, ispackaged) VALUES ('60b87942-9043-4e73-80b2-f44a41988546', '9bcc7d45-b70f-4b99-a01e-c1768c264f76', '{"hp": 23, "rack": "a", "range": 8274, "volume": 87, "falloff": "linear", "cooldown": 42.3, "tracking": 47, "needs_target": true, "activation_heat": 519, "industrialmarket": {"maxprice": 89247, "minprice": 67809, "silosize": 200}, "activation_energy": 167, "energy_siphon_amount": 989, "activation_gfx_effect": "medium_energy_siphon"}', '2022-12-06 16:44:30.119078-05', '8f75e9a3-9bfd-433d-bd63-fac9d44590e5', 'Module for new noob ship for player', '839ac194-f81c-4f93-9e30-d64f51e70938', 1, false);
    INSERT INTO public.items (id, itemtypeid, meta, created, createdby, createdreason, containerid, quantity, ispackaged) VALUES ('a651ec7f-4cf4-466a-a0c9-2d95d87aa54a', '242b4af2-1384-4976-a8c2-3b0561398341', '{"hp": 26, "rack": "b", "volume": 50, "cooldown": 14.9, "needs_target": false, "activation_heat": 1142, "industrialmarket": {"maxprice": 13906, "minprice": 8456, "silosize": 1000}, "activation_energy": 365}', '2022-12-06 16:44:30.120792-05', '8f75e9a3-9bfd-433d-bd63-fac9d44590e5', 'Module for new noob ship for player', '839ac194-f81c-4f93-9e30-d64f51e70938', 1, false);
    INSERT INTO public.items (id, itemtypeid, meta, created, createdby, createdreason, containerid, quantity, ispackaged) VALUES ('e7d747b7-9dad-456a-8c6a-e4dd189897e7', '6789f483-7a7c-49a1-a5a1-4509ecdeea5d', '{"hp": 23, "rack": "b", "range": 5487, "volume": 65, "falloff": "linear", "cooldown": 43.7, "needs_target": true, "activation_heat": 1399, "drag_multiplier": 60.5, "industrialmarket": {"maxprice": 31655, "minprice": 22498, "silosize": 500}, "activation_energy": 1526, "activation_gfx_effect": "medium_aether_dragger"}', '2022-12-06 16:44:30.122758-05', '8f75e9a3-9bfd-433d-bd63-fac9d44590e5', 'Module for new noob ship for player', '839ac194-f81c-4f93-9e30-d64f51e70938', 1, false);
    INSERT INTO public.items (id, itemtypeid, meta, created, createdby, createdreason, containerid, quantity, ispackaged) VALUES ('a2e62437-9dbb-4a59-be87-d90283173bb9', 'caa1322a-0c9e-4d8a-9a3b-00dc2e41cc76', '{"hp": 60, "rack": "b", "volume": 70, "cooldown": 58.1, "needs_target": false, "activation_heat": 988, "industrialmarket": {"maxprice": 1566, "minprice": 8610, "silosize": 1000}, "activation_energy": 754}', '2022-12-06 16:44:30.124528-05', '8f75e9a3-9bfd-433d-bd63-fac9d44590e5', 'Module for new noob ship for player', '839ac194-f81c-4f93-9e30-d64f51e70938', 1, false);
    INSERT INTO public.items (id, itemtypeid, meta, created, createdby, createdreason, containerid, quantity, ispackaged) VALUES ('3fdbef40-16a3-4bda-afa9-b8624cc264e1', 'fab39b1f-bab3-4cd2-9b80-e7e48f35fe9d', '{"hp": 315, "rack": "c", "volume": 60, "armor_max_add": 1610, "industrialmarket": {"maxprice": 6522, "minprice": 2245, "silosize": 1000}}', '2022-12-06 16:44:30.126279-05', '8f75e9a3-9bfd-433d-bd63-fac9d44590e5', 'Module for new noob ship for player', '839ac194-f81c-4f93-9e30-d64f51e70938', 1, false);
    INSERT INTO public.items (id, itemtypeid, meta, created, createdby, createdreason, containerid, quantity, ispackaged) VALUES ('5a77f8c0-6df2-4c72-97b5-e9fb0dfe9210', 'fab39b1f-bab3-4cd2-9b80-e7e48f35fe9d', '{"hp": 315, "rack": "c", "volume": 60, "armor_max_add": 1610, "industrialmarket": {"maxprice": 6522, "minprice": 2245, "silosize": 1000}}', '2022-12-06 16:44:30.128069-05', '8f75e9a3-9bfd-433d-bd63-fac9d44590e5', 'Module for new noob ship for player', '839ac194-f81c-4f93-9e30-d64f51e70938', 1, false);
    INSERT INTO public.items (id, itemtypeid, meta, created, createdby, createdreason, containerid, quantity, ispackaged) VALUES ('432776e8-dc55-412d-b083-3e8c1ad8335f', 'fab39b1f-bab3-4cd2-9b80-e7e48f35fe9d', '{"hp": 315, "rack": "c", "volume": 60, "armor_max_add": 1610, "industrialmarket": {"maxprice": 6522, "minprice": 2245, "silosize": 1000}}', '2022-12-06 16:44:30.129871-05', '8f75e9a3-9bfd-433d-bd63-fac9d44590e5', 'Module for new noob ship for player', '839ac194-f81c-4f93-9e30-d64f51e70938', 1, false);
    INSERT INTO public.items (id, itemtypeid, meta, created, createdby, createdreason, containerid, quantity, ispackaged) VALUES ('8cdfbb82-7704-4ad6-9677-bea5c6dfd5e0', '9777cd84-0f16-4b65-8ab3-e139a44b8fbc', '{"hp": 144, "rack": "c", "volume": 50, "heat_sink_add": 50, "industrialmarket": {"maxprice": 3567, "minprice": 1850, "silosize": 1000}}', '2022-12-06 16:44:30.131719-05', '8f75e9a3-9bfd-433d-bd63-fac9d44590e5', 'Module for new noob ship for player', '839ac194-f81c-4f93-9e30-d64f51e70938', 1, false);
    INSERT INTO public.items (id, itemtypeid, meta, created, createdby, createdreason, containerid, quantity, ispackaged) VALUES ('24abe82c-4453-40a7-8b25-d05fa6ad8f6a', 'a033c394-10ae-4a50-8eec-7ee7ea43b321', '{"hp": 29, "rack": "c", "volume": 60, "energy_max_add": 508, "industrialmarket": {"maxprice": 9269, "minprice": 4417, "silosize": 1000}}', '2022-12-06 16:44:30.13361-05', '8f75e9a3-9bfd-433d-bd63-fac9d44590e5', 'Module for new noob ship for player', '839ac194-f81c-4f93-9e30-d64f51e70938', 1, false);
    INSERT INTO public.items (id, itemtypeid, meta, created, createdby, createdreason, containerid, quantity, ispackaged) VALUES ('4956ce1d-3248-4c15-95a0-2e8b75491b05', '5e19ae7f-4725-45f3-b95b-eb849bb59416', '{"hp": 35, "rack": "a", "range": 12864, "volume": 68, "cooldown": 26, "flight_time": 3.3, "hull_damage": 322, "armor_damage": 263, "needs_target": true, "shield_damage": 291, "missile_radius": 2.9, "activation_heat": 82, "ammunition_name": "MHVM-7", "ammunition_type": "0f82a371-cb72-45c7-96cf-4ee5032eb0b1", "fault_tolerance": 0.94, "industrialmarket": {"maxprice": 37345, "minprice": 14607, "silosize": 1000}, "activation_energy": 1.8, "missile_gfx_effect": "mhvm-7", "missile_explosion_effect": "basic_explosion", "missile_explosion_radius": 2.3}', '2022-12-06 16:44:30.150938-05', 'c1cf0d44-f67f-48f1-b5c2-75df896d53ee', 'Module for new noob ship for player', 'b83e0683-0c16-4718-9ab9-7a3efcc572f5', 1, false);
    INSERT INTO public.items (id, itemtypeid, meta, created, createdby, createdreason, containerid, quantity, ispackaged) VALUES ('afce0a83-03e3-4d38-adc2-d43c72f4e65f', '5e19ae7f-4725-45f3-b95b-eb849bb59416', '{"hp": 35, "rack": "a", "range": 12864, "volume": 68, "cooldown": 26, "flight_time": 3.3, "hull_damage": 322, "armor_damage": 263, "needs_target": true, "shield_damage": 291, "missile_radius": 2.9, "activation_heat": 82, "ammunition_name": "MHVM-7", "ammunition_type": "0f82a371-cb72-45c7-96cf-4ee5032eb0b1", "fault_tolerance": 0.94, "industrialmarket": {"maxprice": 37345, "minprice": 14607, "silosize": 1000}, "activation_energy": 1.8, "missile_gfx_effect": "mhvm-7", "missile_explosion_effect": "basic_explosion", "missile_explosion_radius": 2.3}', '2022-12-06 16:44:30.152833-05', 'c1cf0d44-f67f-48f1-b5c2-75df896d53ee', 'Module for new noob ship for player', 'b83e0683-0c16-4718-9ab9-7a3efcc572f5', 1, false);
    INSERT INTO public.items (id, itemtypeid, meta, created, createdby, createdreason, containerid, quantity, ispackaged) VALUES ('72df792e-89ec-4c09-9146-008701ff382e', 'a8403283-b4c4-4735-9c68-5ca4fb895266', '{"hp": 36, "rack": "a", "range": 13420, "volume": 75, "cooldown": 28.3, "flight_time": 33, "hull_damage": 3256, "armor_damage": 3171, "needs_target": true, "shield_damage": 3180, "missile_radius": 3.7, "activation_heat": 132, "ammunition_name": "MGPM-8", "ammunition_type": "5eeb7bfe-4c31-4123-b6a3-cf8528bf7c9c", "fault_tolerance": 0.98, "industrialmarket": {"maxprice": 19360, "minprice": 8875, "silosize": 1000}, "activation_energy": 2.4, "missile_gfx_effect": "mgpm-8", "missile_explosion_effect": "basic_explosion", "missile_explosion_radius": 22}', '2022-12-06 16:44:30.154779-05', 'c1cf0d44-f67f-48f1-b5c2-75df896d53ee', 'Module for new noob ship for player', 'b83e0683-0c16-4718-9ab9-7a3efcc572f5', 1, false);
    INSERT INTO public.items (id, itemtypeid, meta, created, createdby, createdreason, containerid, quantity, ispackaged) VALUES ('0606a2a7-f73b-45eb-abb3-f8f15de588e0', 'a8403283-b4c4-4735-9c68-5ca4fb895266', '{"hp": 36, "rack": "a", "range": 13420, "volume": 75, "cooldown": 28.3, "flight_time": 33, "hull_damage": 3256, "armor_damage": 3171, "needs_target": true, "shield_damage": 3180, "missile_radius": 3.7, "activation_heat": 132, "ammunition_name": "MGPM-8", "ammunition_type": "5eeb7bfe-4c31-4123-b6a3-cf8528bf7c9c", "fault_tolerance": 0.98, "industrialmarket": {"maxprice": 19360, "minprice": 8875, "silosize": 1000}, "activation_energy": 2.4, "missile_gfx_effect": "mgpm-8", "missile_explosion_effect": "basic_explosion", "missile_explosion_radius": 22}', '2022-12-06 16:44:30.156697-05', 'c1cf0d44-f67f-48f1-b5c2-75df896d53ee', 'Module for new noob ship for player', 'b83e0683-0c16-4718-9ab9-7a3efcc572f5', 1, false);
    INSERT INTO public.items (id, itemtypeid, meta, created, createdby, createdreason, containerid, quantity, ispackaged) VALUES ('7c8bbd21-6ce1-469f-8f81-2cfe4bdfe28e', '9bcc7d45-b70f-4b99-a01e-c1768c264f76', '{"hp": 23, "rack": "a", "range": 8274, "volume": 87, "falloff": "linear", "cooldown": 42.3, "tracking": 47, "needs_target": true, "activation_heat": 519, "industrialmarket": {"maxprice": 89247, "minprice": 67809, "silosize": 200}, "activation_energy": 167, "energy_siphon_amount": 989, "activation_gfx_effect": "medium_energy_siphon"}', '2022-12-06 16:44:30.158642-05', 'c1cf0d44-f67f-48f1-b5c2-75df896d53ee', 'Module for new noob ship for player', 'b83e0683-0c16-4718-9ab9-7a3efcc572f5', 1, false);
    INSERT INTO public.items (id, itemtypeid, meta, created, createdby, createdreason, containerid, quantity, ispackaged) VALUES ('184b61bf-a02f-499f-9fea-b6f6bd5813a4', '9bcc7d45-b70f-4b99-a01e-c1768c264f76', '{"hp": 23, "rack": "a", "range": 8274, "volume": 87, "falloff": "linear", "cooldown": 42.3, "tracking": 47, "needs_target": true, "activation_heat": 519, "industrialmarket": {"maxprice": 89247, "minprice": 67809, "silosize": 200}, "activation_energy": 167, "energy_siphon_amount": 989, "activation_gfx_effect": "medium_energy_siphon"}', '2022-12-06 16:44:30.160475-05', 'c1cf0d44-f67f-48f1-b5c2-75df896d53ee', 'Module for new noob ship for player', 'b83e0683-0c16-4718-9ab9-7a3efcc572f5', 1, false);
    INSERT INTO public.items (id, itemtypeid, meta, created, createdby, createdreason, containerid, quantity, ispackaged) VALUES ('c8fd4263-92d3-4c88-a124-9f147970f859', '242b4af2-1384-4976-a8c2-3b0561398341', '{"hp": 26, "rack": "b", "volume": 50, "cooldown": 14.9, "needs_target": false, "activation_heat": 1142, "industrialmarket": {"maxprice": 13906, "minprice": 8456, "silosize": 1000}, "activation_energy": 365}', '2022-12-06 16:44:30.162457-05', 'c1cf0d44-f67f-48f1-b5c2-75df896d53ee', 'Module for new noob ship for player', 'b83e0683-0c16-4718-9ab9-7a3efcc572f5', 1, false);
    INSERT INTO public.items (id, itemtypeid, meta, created, createdby, createdreason, containerid, quantity, ispackaged) VALUES ('45f056bc-3da8-4ce2-bb16-36d6a1149c47', '6789f483-7a7c-49a1-a5a1-4509ecdeea5d', '{"hp": 23, "rack": "b", "range": 5487, "volume": 65, "falloff": "linear", "cooldown": 43.7, "needs_target": true, "activation_heat": 1399, "drag_multiplier": 60.5, "industrialmarket": {"maxprice": 31655, "minprice": 22498, "silosize": 500}, "activation_energy": 1526, "activation_gfx_effect": "medium_aether_dragger"}', '2022-12-06 16:44:30.164507-05', 'c1cf0d44-f67f-48f1-b5c2-75df896d53ee', 'Module for new noob ship for player', 'b83e0683-0c16-4718-9ab9-7a3efcc572f5', 1, false);
    INSERT INTO public.items (id, itemtypeid, meta, created, createdby, createdreason, containerid, quantity, ispackaged) VALUES ('dac17b73-b15d-49ee-af4e-5a3dd09b48b7', 'caa1322a-0c9e-4d8a-9a3b-00dc2e41cc76', '{"hp": 60, "rack": "b", "volume": 70, "cooldown": 58.1, "needs_target": false, "activation_heat": 988, "industrialmarket": {"maxprice": 1566, "minprice": 8610, "silosize": 1000}, "activation_energy": 754}', '2022-12-06 16:44:30.166603-05', 'c1cf0d44-f67f-48f1-b5c2-75df896d53ee', 'Module for new noob ship for player', 'b83e0683-0c16-4718-9ab9-7a3efcc572f5', 1, false);
    INSERT INTO public.items (id, itemtypeid, meta, created, createdby, createdreason, containerid, quantity, ispackaged) VALUES ('116816d5-48d8-423d-9cbb-b88cad7952bb', 'fab39b1f-bab3-4cd2-9b80-e7e48f35fe9d', '{"hp": 315, "rack": "c", "volume": 60, "armor_max_add": 1610, "industrialmarket": {"maxprice": 6522, "minprice": 2245, "silosize": 1000}}', '2022-12-06 16:44:30.168538-05', 'c1cf0d44-f67f-48f1-b5c2-75df896d53ee', 'Module for new noob ship for player', 'b83e0683-0c16-4718-9ab9-7a3efcc572f5', 1, false);
    INSERT INTO public.items (id, itemtypeid, meta, created, createdby, createdreason, containerid, quantity, ispackaged) VALUES ('324855a5-8273-4c08-9dbb-0a6476054534', 'fab39b1f-bab3-4cd2-9b80-e7e48f35fe9d', '{"hp": 315, "rack": "c", "volume": 60, "armor_max_add": 1610, "industrialmarket": {"maxprice": 6522, "minprice": 2245, "silosize": 1000}}', '2022-12-06 16:44:30.170653-05', 'c1cf0d44-f67f-48f1-b5c2-75df896d53ee', 'Module for new noob ship for player', 'b83e0683-0c16-4718-9ab9-7a3efcc572f5', 1, false);
    INSERT INTO public.items (id, itemtypeid, meta, created, createdby, createdreason, containerid, quantity, ispackaged) VALUES ('9e7405ca-58ac-409d-b316-6667fd6a6b99', 'fab39b1f-bab3-4cd2-9b80-e7e48f35fe9d', '{"hp": 315, "rack": "c", "volume": 60, "armor_max_add": 1610, "industrialmarket": {"maxprice": 6522, "minprice": 2245, "silosize": 1000}}', '2022-12-06 16:44:30.172538-05', 'c1cf0d44-f67f-48f1-b5c2-75df896d53ee', 'Module for new noob ship for player', 'b83e0683-0c16-4718-9ab9-7a3efcc572f5', 1, false);
    INSERT INTO public.items (id, itemtypeid, meta, created, createdby, createdreason, containerid, quantity, ispackaged) VALUES ('b0568cd2-cd32-4a07-8eee-70334d7ce939', '9777cd84-0f16-4b65-8ab3-e139a44b8fbc', '{"hp": 144, "rack": "c", "volume": 50, "heat_sink_add": 50, "industrialmarket": {"maxprice": 3567, "minprice": 1850, "silosize": 1000}}', '2022-12-06 16:44:30.174289-05', 'c1cf0d44-f67f-48f1-b5c2-75df896d53ee', 'Module for new noob ship for player', 'b83e0683-0c16-4718-9ab9-7a3efcc572f5', 1, false);
    INSERT INTO public.items (id, itemtypeid, meta, created, createdby, createdreason, containerid, quantity, ispackaged) VALUES ('dfc6a746-36f3-4aa0-96c6-3ac4957bfdbf', 'a033c394-10ae-4a50-8eec-7ee7ea43b321', '{"hp": 29, "rack": "c", "volume": 60, "energy_max_add": 508, "industrialmarket": {"maxprice": 9269, "minprice": 4417, "silosize": 1000}}', '2022-12-06 16:44:30.176218-05', 'c1cf0d44-f67f-48f1-b5c2-75df896d53ee', 'Module for new noob ship for player', 'b83e0683-0c16-4718-9ab9-7a3efcc572f5', 1, false);
    INSERT INTO public.items (id, itemtypeid, meta, created, createdby, createdreason, containerid, quantity, ispackaged) VALUES ('12638cc6-30c4-4622-8402-f16fe0475a73', '5e19ae7f-4725-45f3-b95b-eb849bb59416', '{"hp": 35, "rack": "a", "range": 12864, "volume": 68, "cooldown": 26, "flight_time": 3.3, "hull_damage": 322, "armor_damage": 263, "needs_target": true, "shield_damage": 291, "missile_radius": 2.9, "activation_heat": 82, "ammunition_name": "MHVM-7", "ammunition_type": "0f82a371-cb72-45c7-96cf-4ee5032eb0b1", "fault_tolerance": 0.94, "industrialmarket": {"maxprice": 37345, "minprice": 14607, "silosize": 1000}, "activation_energy": 1.8, "missile_gfx_effect": "mhvm-7", "missile_explosion_effect": "basic_explosion", "missile_explosion_radius": 2.3}', '2022-12-06 16:44:30.192053-05', '168ac2d3-308c-41ad-b160-31fb27afea17', 'Module for new noob ship for player', 'a1c2c0ba-f492-4fe8-b1ab-442c6f94f2bd', 1, false);
    INSERT INTO public.items (id, itemtypeid, meta, created, createdby, createdreason, containerid, quantity, ispackaged) VALUES ('6f406247-f285-4629-b2e3-60682190e757', '5e19ae7f-4725-45f3-b95b-eb849bb59416', '{"hp": 35, "rack": "a", "range": 12864, "volume": 68, "cooldown": 26, "flight_time": 3.3, "hull_damage": 322, "armor_damage": 263, "needs_target": true, "shield_damage": 291, "missile_radius": 2.9, "activation_heat": 82, "ammunition_name": "MHVM-7", "ammunition_type": "0f82a371-cb72-45c7-96cf-4ee5032eb0b1", "fault_tolerance": 0.94, "industrialmarket": {"maxprice": 37345, "minprice": 14607, "silosize": 1000}, "activation_energy": 1.8, "missile_gfx_effect": "mhvm-7", "missile_explosion_effect": "basic_explosion", "missile_explosion_radius": 2.3}', '2022-12-06 16:44:30.193932-05', '168ac2d3-308c-41ad-b160-31fb27afea17', 'Module for new noob ship for player', 'a1c2c0ba-f492-4fe8-b1ab-442c6f94f2bd', 1, false);
    INSERT INTO public.items (id, itemtypeid, meta, created, createdby, createdreason, containerid, quantity, ispackaged) VALUES ('50f789d8-6a98-4a86-b3e3-a22e0bdf365a', 'a8403283-b4c4-4735-9c68-5ca4fb895266', '{"hp": 36, "rack": "a", "range": 13420, "volume": 75, "cooldown": 28.3, "flight_time": 33, "hull_damage": 3256, "armor_damage": 3171, "needs_target": true, "shield_damage": 3180, "missile_radius": 3.7, "activation_heat": 132, "ammunition_name": "MGPM-8", "ammunition_type": "5eeb7bfe-4c31-4123-b6a3-cf8528bf7c9c", "fault_tolerance": 0.98, "industrialmarket": {"maxprice": 19360, "minprice": 8875, "silosize": 1000}, "activation_energy": 2.4, "missile_gfx_effect": "mgpm-8", "missile_explosion_effect": "basic_explosion", "missile_explosion_radius": 22}', '2022-12-06 16:44:30.195887-05', '168ac2d3-308c-41ad-b160-31fb27afea17', 'Module for new noob ship for player', 'a1c2c0ba-f492-4fe8-b1ab-442c6f94f2bd', 1, false);
    INSERT INTO public.items (id, itemtypeid, meta, created, createdby, createdreason, containerid, quantity, ispackaged) VALUES ('6dfd62fd-2c52-4025-ad8d-29899a2988a3', 'a8403283-b4c4-4735-9c68-5ca4fb895266', '{"hp": 36, "rack": "a", "range": 13420, "volume": 75, "cooldown": 28.3, "flight_time": 33, "hull_damage": 3256, "armor_damage": 3171, "needs_target": true, "shield_damage": 3180, "missile_radius": 3.7, "activation_heat": 132, "ammunition_name": "MGPM-8", "ammunition_type": "5eeb7bfe-4c31-4123-b6a3-cf8528bf7c9c", "fault_tolerance": 0.98, "industrialmarket": {"maxprice": 19360, "minprice": 8875, "silosize": 1000}, "activation_energy": 2.4, "missile_gfx_effect": "mgpm-8", "missile_explosion_effect": "basic_explosion", "missile_explosion_radius": 22}', '2022-12-06 16:44:30.197851-05', '168ac2d3-308c-41ad-b160-31fb27afea17', 'Module for new noob ship for player', 'a1c2c0ba-f492-4fe8-b1ab-442c6f94f2bd', 1, false);
    INSERT INTO public.items (id, itemtypeid, meta, created, createdby, createdreason, containerid, quantity, ispackaged) VALUES ('8ab41c7f-190d-4691-9543-3cc2b278311f', '9bcc7d45-b70f-4b99-a01e-c1768c264f76', '{"hp": 23, "rack": "a", "range": 8274, "volume": 87, "falloff": "linear", "cooldown": 42.3, "tracking": 47, "needs_target": true, "activation_heat": 519, "industrialmarket": {"maxprice": 89247, "minprice": 67809, "silosize": 200}, "activation_energy": 167, "energy_siphon_amount": 989, "activation_gfx_effect": "medium_energy_siphon"}', '2022-12-06 16:44:30.199733-05', '168ac2d3-308c-41ad-b160-31fb27afea17', 'Module for new noob ship for player', 'a1c2c0ba-f492-4fe8-b1ab-442c6f94f2bd', 1, false);
    INSERT INTO public.items (id, itemtypeid, meta, created, createdby, createdreason, containerid, quantity, ispackaged) VALUES ('cc76412b-36e7-48ff-b60d-ce380d78f73e', '9bcc7d45-b70f-4b99-a01e-c1768c264f76', '{"hp": 23, "rack": "a", "range": 8274, "volume": 87, "falloff": "linear", "cooldown": 42.3, "tracking": 47, "needs_target": true, "activation_heat": 519, "industrialmarket": {"maxprice": 89247, "minprice": 67809, "silosize": 200}, "activation_energy": 167, "energy_siphon_amount": 989, "activation_gfx_effect": "medium_energy_siphon"}', '2022-12-06 16:44:30.201649-05', '168ac2d3-308c-41ad-b160-31fb27afea17', 'Module for new noob ship for player', 'a1c2c0ba-f492-4fe8-b1ab-442c6f94f2bd', 1, false);
    INSERT INTO public.items (id, itemtypeid, meta, created, createdby, createdreason, containerid, quantity, ispackaged) VALUES ('dc01de88-5834-4274-9b43-f77f86a95ad3', '242b4af2-1384-4976-a8c2-3b0561398341', '{"hp": 26, "rack": "b", "volume": 50, "cooldown": 14.9, "needs_target": false, "activation_heat": 1142, "industrialmarket": {"maxprice": 13906, "minprice": 8456, "silosize": 1000}, "activation_energy": 365}', '2022-12-06 16:44:30.203474-05', '168ac2d3-308c-41ad-b160-31fb27afea17', 'Module for new noob ship for player', 'a1c2c0ba-f492-4fe8-b1ab-442c6f94f2bd', 1, false);
    INSERT INTO public.items (id, itemtypeid, meta, created, createdby, createdreason, containerid, quantity, ispackaged) VALUES ('7d531d2a-3833-44e5-bfa2-be831602d3f9', '6789f483-7a7c-49a1-a5a1-4509ecdeea5d', '{"hp": 23, "rack": "b", "range": 5487, "volume": 65, "falloff": "linear", "cooldown": 43.7, "needs_target": true, "activation_heat": 1399, "drag_multiplier": 60.5, "industrialmarket": {"maxprice": 31655, "minprice": 22498, "silosize": 500}, "activation_energy": 1526, "activation_gfx_effect": "medium_aether_dragger"}', '2022-12-06 16:44:30.205174-05', '168ac2d3-308c-41ad-b160-31fb27afea17', 'Module for new noob ship for player', 'a1c2c0ba-f492-4fe8-b1ab-442c6f94f2bd', 1, false);
    INSERT INTO public.items (id, itemtypeid, meta, created, createdby, createdreason, containerid, quantity, ispackaged) VALUES ('35adf6bf-3efe-4fcb-84f0-cec80214e5d7', 'caa1322a-0c9e-4d8a-9a3b-00dc2e41cc76', '{"hp": 60, "rack": "b", "volume": 70, "cooldown": 58.1, "needs_target": false, "activation_heat": 988, "industrialmarket": {"maxprice": 1566, "minprice": 8610, "silosize": 1000}, "activation_energy": 754}', '2022-12-06 16:44:30.206929-05', '168ac2d3-308c-41ad-b160-31fb27afea17', 'Module for new noob ship for player', 'a1c2c0ba-f492-4fe8-b1ab-442c6f94f2bd', 1, false);
    INSERT INTO public.items (id, itemtypeid, meta, created, createdby, createdreason, containerid, quantity, ispackaged) VALUES ('93ac2ec8-8f8c-4921-926a-e99da40d7a40', 'fab39b1f-bab3-4cd2-9b80-e7e48f35fe9d', '{"hp": 315, "rack": "c", "volume": 60, "armor_max_add": 1610, "industrialmarket": {"maxprice": 6522, "minprice": 2245, "silosize": 1000}}', '2022-12-06 16:44:30.208847-05', '168ac2d3-308c-41ad-b160-31fb27afea17', 'Module for new noob ship for player', 'a1c2c0ba-f492-4fe8-b1ab-442c6f94f2bd', 1, false);
    INSERT INTO public.items (id, itemtypeid, meta, created, createdby, createdreason, containerid, quantity, ispackaged) VALUES ('d65c7f26-bc80-4967-9b1c-b1dc7d4fdf4e', 'fab39b1f-bab3-4cd2-9b80-e7e48f35fe9d', '{"hp": 315, "rack": "c", "volume": 60, "armor_max_add": 1610, "industrialmarket": {"maxprice": 6522, "minprice": 2245, "silosize": 1000}}', '2022-12-06 16:44:30.210633-05', '168ac2d3-308c-41ad-b160-31fb27afea17', 'Module for new noob ship for player', 'a1c2c0ba-f492-4fe8-b1ab-442c6f94f2bd', 1, false);
    INSERT INTO public.items (id, itemtypeid, meta, created, createdby, createdreason, containerid, quantity, ispackaged) VALUES ('b1021884-2f58-41a8-a54f-2b93e300664b', 'fab39b1f-bab3-4cd2-9b80-e7e48f35fe9d', '{"hp": 315, "rack": "c", "volume": 60, "armor_max_add": 1610, "industrialmarket": {"maxprice": 6522, "minprice": 2245, "silosize": 1000}}', '2022-12-06 16:44:30.21243-05', '168ac2d3-308c-41ad-b160-31fb27afea17', 'Module for new noob ship for player', 'a1c2c0ba-f492-4fe8-b1ab-442c6f94f2bd', 1, false);
    INSERT INTO public.items (id, itemtypeid, meta, created, createdby, createdreason, containerid, quantity, ispackaged) VALUES ('be74e6f5-3b0e-4457-9ef7-77949c6e71a4', '9777cd84-0f16-4b65-8ab3-e139a44b8fbc', '{"hp": 144, "rack": "c", "volume": 50, "heat_sink_add": 50, "industrialmarket": {"maxprice": 3567, "minprice": 1850, "silosize": 1000}}', '2022-12-06 16:44:30.214341-05', '168ac2d3-308c-41ad-b160-31fb27afea17', 'Module for new noob ship for player', 'a1c2c0ba-f492-4fe8-b1ab-442c6f94f2bd', 1, false);
    INSERT INTO public.items (id, itemtypeid, meta, created, createdby, createdreason, containerid, quantity, ispackaged) VALUES ('5e6e4551-b972-4ab8-9a03-8320e10ced6d', 'a033c394-10ae-4a50-8eec-7ee7ea43b321', '{"hp": 29, "rack": "c", "volume": 60, "energy_max_add": 508, "industrialmarket": {"maxprice": 9269, "minprice": 4417, "silosize": 1000}}', '2022-12-06 16:44:30.21626-05', '168ac2d3-308c-41ad-b160-31fb27afea17', 'Module for new noob ship for player', 'a1c2c0ba-f492-4fe8-b1ab-442c6f94f2bd', 1, false);

    -- fix current ship ids
    update users set current_shipid = 'f90f8b60-8dd4-41e4-bc22-aa06b61c3b85' where id = '33aed6a5-9569-481e-8b18-83da13f66421';
    update users set current_shipid = 'bddf2393-a7c9-4f11-95f9-858d4aa93ac6' where id = '8f75e9a3-9bfd-433d-bd63-fac9d44590e5';
    update users set current_shipid = '8f52bd30-3c28-45a8-807d-66bb62defa49' where id = 'c1cf0d44-f67f-48f1-b5c2-75df896d53ee';
    update users set current_shipid = '9fd5bfe8-ee9a-49b7-8b94-cb2dc95dcca1' where id = '168ac2d3-308c-41ad-b160-31fb27afea17';

-- accord

    -- containers
    INSERT INTO public.containers (id, meta, created) VALUES ('8ad53f3c-b199-47bf-9f45-024592d50ecf', '{}', '2022-12-06 16:50:41.185274-05');
    INSERT INTO public.containers (id, meta, created) VALUES ('905d6527-0d7d-4bf8-bd07-aab5ed18c101', '{}', '2022-12-06 16:50:41.19224-05');
    INSERT INTO public.containers (id, meta, created) VALUES ('7fe19da6-d98c-4956-9d69-c0349153c139', '{}', '2022-12-06 16:50:41.194311-05');
    INSERT INTO public.containers (id, meta, created) VALUES ('e5566bfc-2324-48eb-a7cc-1a05291bfe99', '{}', '2022-12-06 16:50:41.196294-05');
    INSERT INTO public.containers (id, meta, created) VALUES ('3c7ee21e-93d5-413e-bb50-5b242d3a0c3a', '{}', '2022-12-06 16:50:41.242953-05');
    INSERT INTO public.containers (id, meta, created) VALUES ('a38a56e5-2fb4-4618-9a66-1901c768226c', '{}', '2022-12-06 16:50:41.248346-05');
    INSERT INTO public.containers (id, meta, created) VALUES ('b8ffe3b5-9638-41a9-87eb-90c501769797', '{}', '2022-12-06 16:50:41.250449-05');
    INSERT INTO public.containers (id, meta, created) VALUES ('c5ff0d73-9137-4e1e-b36a-e6b844804fd8', '{}', '2022-12-06 16:50:41.252504-05');
    INSERT INTO public.containers (id, meta, created) VALUES ('cde5cab2-7be0-41f3-ab29-e80c294a6e9a', '{}', '2022-12-06 16:50:41.290473-05');
    INSERT INTO public.containers (id, meta, created) VALUES ('09583246-fc08-4b4c-8a33-2d3e452c91b3', '{}', '2022-12-06 16:50:41.294748-05');
    INSERT INTO public.containers (id, meta, created) VALUES ('272cb518-c5a4-48c9-bda2-15c16b362c97', '{}', '2022-12-06 16:50:41.297141-05');
    INSERT INTO public.containers (id, meta, created) VALUES ('6c6e210c-b827-487c-b252-286c06160941', '{}', '2022-12-06 16:50:41.298691-05');
    INSERT INTO public.containers (id, meta, created) VALUES ('6d17c628-7383-44d3-adda-e50ad002a317', '{}', '2022-12-06 16:50:41.337338-05');
    INSERT INTO public.containers (id, meta, created) VALUES ('5fe22ee8-4ad1-465b-9ca7-3657f8921eae', '{}', '2022-12-06 16:50:41.34145-05');
    INSERT INTO public.containers (id, meta, created) VALUES ('bf0fade3-3c93-47d1-bcfd-9a32709575b2', '{}', '2022-12-06 16:50:41.342819-05');
    INSERT INTO public.containers (id, meta, created) VALUES ('093ae6d5-ffa9-4b8f-8d55-ddce16f35c65', '{}', '2022-12-06 16:50:41.344348-05');

    -- users
    INSERT INTO public.users (id, charactername, hashpass, registered, banned, current_shipid, startid, escrow_containerid, current_factionid, reputationsheet, isnpc, behaviourmode, emailaddress, experiencesheet, registeredip, isdev, resettoken) VALUES ('7104872c-80d0-40df-970f-a722f1cf914c', 'Tamara Carr', '1256183c5a2e3cecb33cacbf7606de2edfdccc29bffd06346e2db2122fb8fa63', '2022-12-06 16:50:41.188103-05', B'0', NULL, '450469af-4c7c-4746-8b47-803158211bbc', '8ad53f3c-b199-47bf-9f45-024592d50ecf', 'bdeffd9a-3cab-408c-9cd7-32fce1124f7a', '{"factionEntries": {"27a53dfc-a321-4c12-bf7c-bb177955c95b": {"FactionID": "27a53dfc-a321-4c12-bf7c-bb177955c95b", "StandingValue": -4, "AreOpenlyHostile": true}, "30bc70eb-2692-47e6-a7e3-2772e131c3d7": {"FactionID": "30bc70eb-2692-47e6-a7e3-2772e131c3d7", "StandingValue": -0.5, "AreOpenlyHostile": false}, "506286f5-6613-4481-ac26-caa9940fbe68": {"FactionID": "506286f5-6613-4481-ac26-caa9940fbe68", "StandingValue": -0.5, "AreOpenlyHostile": false}, "559d7fc1-5470-4ab4-8c66-fa2f0b89a523": {"FactionID": "559d7fc1-5470-4ab4-8c66-fa2f0b89a523", "StandingValue": 0.5, "AreOpenlyHostile": false}, "5db2bec7-37c3-4f1c-ab88-21024c12d639": {"FactionID": "5db2bec7-37c3-4f1c-ab88-21024c12d639", "StandingValue": 5, "AreOpenlyHostile": false}, "7decfd86-9c82-4a17-af3b-5d4af8c4e2ad": {"FactionID": "7decfd86-9c82-4a17-af3b-5d4af8c4e2ad", "StandingValue": -3, "AreOpenlyHostile": true}, "a0152cbb-8a78-45a4-ae9b-2ad2b60b583b": {"FactionID": "a0152cbb-8a78-45a4-ae9b-2ad2b60b583b", "StandingValue": -5, "AreOpenlyHostile": true}, "b3d3fa9c-b21e-490f-b39e-128b3af12128": {"FactionID": "b3d3fa9c-b21e-490f-b39e-128b3af12128", "StandingValue": 0, "AreOpenlyHostile": false}, "bdeffd9a-3cab-408c-9cd7-32fce1124f7a": {"FactionID": "bdeffd9a-3cab-408c-9cd7-32fce1124f7a", "StandingValue": 10, "AreOpenlyHostile": false}}}', true, 2, NULL, '{}', '[::1]:57078', false, NULL);
    INSERT INTO public.users (id, charactername, hashpass, registered, banned, current_shipid, startid, escrow_containerid, current_factionid, reputationsheet, isnpc, behaviourmode, emailaddress, experiencesheet, registeredip, isdev, resettoken) VALUES ('1270b801-60a5-4cf9-8d3b-e7052ff6aa72', 'Seto Juro', '54d22f143034bb7b3a545c884353f4a1887a1a9235d51931595e0ce9d91b7f41', '2022-12-06 16:50:41.245176-05', B'0', NULL, '450469af-4c7c-4746-8b47-803158211bbc', '3c7ee21e-93d5-413e-bb50-5b242d3a0c3a', 'bdeffd9a-3cab-408c-9cd7-32fce1124f7a', '{"factionEntries": {"27a53dfc-a321-4c12-bf7c-bb177955c95b": {"FactionID": "27a53dfc-a321-4c12-bf7c-bb177955c95b", "StandingValue": -4, "AreOpenlyHostile": true}, "30bc70eb-2692-47e6-a7e3-2772e131c3d7": {"FactionID": "30bc70eb-2692-47e6-a7e3-2772e131c3d7", "StandingValue": -0.5, "AreOpenlyHostile": false}, "506286f5-6613-4481-ac26-caa9940fbe68": {"FactionID": "506286f5-6613-4481-ac26-caa9940fbe68", "StandingValue": -0.5, "AreOpenlyHostile": false}, "559d7fc1-5470-4ab4-8c66-fa2f0b89a523": {"FactionID": "559d7fc1-5470-4ab4-8c66-fa2f0b89a523", "StandingValue": 0.5, "AreOpenlyHostile": false}, "5db2bec7-37c3-4f1c-ab88-21024c12d639": {"FactionID": "5db2bec7-37c3-4f1c-ab88-21024c12d639", "StandingValue": 5, "AreOpenlyHostile": false}, "7decfd86-9c82-4a17-af3b-5d4af8c4e2ad": {"FactionID": "7decfd86-9c82-4a17-af3b-5d4af8c4e2ad", "StandingValue": -3, "AreOpenlyHostile": true}, "a0152cbb-8a78-45a4-ae9b-2ad2b60b583b": {"FactionID": "a0152cbb-8a78-45a4-ae9b-2ad2b60b583b", "StandingValue": -5, "AreOpenlyHostile": true}, "b3d3fa9c-b21e-490f-b39e-128b3af12128": {"FactionID": "b3d3fa9c-b21e-490f-b39e-128b3af12128", "StandingValue": 0, "AreOpenlyHostile": false}, "bdeffd9a-3cab-408c-9cd7-32fce1124f7a": {"FactionID": "bdeffd9a-3cab-408c-9cd7-32fce1124f7a", "StandingValue": 10, "AreOpenlyHostile": false}}}', true, 2, NULL, '{}', '[::1]:57078', false, NULL);
    INSERT INTO public.users (id, charactername, hashpass, registered, banned, current_shipid, startid, escrow_containerid, current_factionid, reputationsheet, isnpc, behaviourmode, emailaddress, experiencesheet, registeredip, isdev, resettoken) VALUES ('3e356856-82fb-4540-9c33-b5953cb4c94f', 'Nevio Lombardi', '9f1c1bd8475883ba5cc8ce8e18a10ffb8e78c6b6ecf59d53d33896beaad24e72', '2022-12-06 16:50:41.292239-05', B'0', NULL, '450469af-4c7c-4746-8b47-803158211bbc', 'cde5cab2-7be0-41f3-ab29-e80c294a6e9a', 'bdeffd9a-3cab-408c-9cd7-32fce1124f7a', '{"factionEntries": {"27a53dfc-a321-4c12-bf7c-bb177955c95b": {"FactionID": "27a53dfc-a321-4c12-bf7c-bb177955c95b", "StandingValue": -4, "AreOpenlyHostile": true}, "30bc70eb-2692-47e6-a7e3-2772e131c3d7": {"FactionID": "30bc70eb-2692-47e6-a7e3-2772e131c3d7", "StandingValue": -0.5, "AreOpenlyHostile": false}, "506286f5-6613-4481-ac26-caa9940fbe68": {"FactionID": "506286f5-6613-4481-ac26-caa9940fbe68", "StandingValue": -0.5, "AreOpenlyHostile": false}, "559d7fc1-5470-4ab4-8c66-fa2f0b89a523": {"FactionID": "559d7fc1-5470-4ab4-8c66-fa2f0b89a523", "StandingValue": 0.5, "AreOpenlyHostile": false}, "5db2bec7-37c3-4f1c-ab88-21024c12d639": {"FactionID": "5db2bec7-37c3-4f1c-ab88-21024c12d639", "StandingValue": 5, "AreOpenlyHostile": false}, "7decfd86-9c82-4a17-af3b-5d4af8c4e2ad": {"FactionID": "7decfd86-9c82-4a17-af3b-5d4af8c4e2ad", "StandingValue": -3, "AreOpenlyHostile": true}, "a0152cbb-8a78-45a4-ae9b-2ad2b60b583b": {"FactionID": "a0152cbb-8a78-45a4-ae9b-2ad2b60b583b", "StandingValue": -5, "AreOpenlyHostile": true}, "b3d3fa9c-b21e-490f-b39e-128b3af12128": {"FactionID": "b3d3fa9c-b21e-490f-b39e-128b3af12128", "StandingValue": 0, "AreOpenlyHostile": false}, "bdeffd9a-3cab-408c-9cd7-32fce1124f7a": {"FactionID": "bdeffd9a-3cab-408c-9cd7-32fce1124f7a", "StandingValue": 10, "AreOpenlyHostile": false}}}', true, 2, NULL, '{}', '[::1]:57078', false, NULL);
    INSERT INTO public.users (id, charactername, hashpass, registered, banned, current_shipid, startid, escrow_containerid, current_factionid, reputationsheet, isnpc, behaviourmode, emailaddress, experiencesheet, registeredip, isdev, resettoken) VALUES ('40108194-6c30-4202-ae66-6e658f660972', 'Athir Moustafa', '058ffb24b421dd666ea8a09ade6382893b1e4808299d01dfbe61882011b66768', '2022-12-06 16:50:41.339135-05', B'0', NULL, '450469af-4c7c-4746-8b47-803158211bbc', '6d17c628-7383-44d3-adda-e50ad002a317', 'bdeffd9a-3cab-408c-9cd7-32fce1124f7a', '{"factionEntries": {"27a53dfc-a321-4c12-bf7c-bb177955c95b": {"FactionID": "27a53dfc-a321-4c12-bf7c-bb177955c95b", "StandingValue": -4, "AreOpenlyHostile": true}, "30bc70eb-2692-47e6-a7e3-2772e131c3d7": {"FactionID": "30bc70eb-2692-47e6-a7e3-2772e131c3d7", "StandingValue": -0.5, "AreOpenlyHostile": false}, "506286f5-6613-4481-ac26-caa9940fbe68": {"FactionID": "506286f5-6613-4481-ac26-caa9940fbe68", "StandingValue": -0.5, "AreOpenlyHostile": false}, "559d7fc1-5470-4ab4-8c66-fa2f0b89a523": {"FactionID": "559d7fc1-5470-4ab4-8c66-fa2f0b89a523", "StandingValue": 0.5, "AreOpenlyHostile": false}, "5db2bec7-37c3-4f1c-ab88-21024c12d639": {"FactionID": "5db2bec7-37c3-4f1c-ab88-21024c12d639", "StandingValue": 5, "AreOpenlyHostile": false}, "7decfd86-9c82-4a17-af3b-5d4af8c4e2ad": {"FactionID": "7decfd86-9c82-4a17-af3b-5d4af8c4e2ad", "StandingValue": -3, "AreOpenlyHostile": true}, "a0152cbb-8a78-45a4-ae9b-2ad2b60b583b": {"FactionID": "a0152cbb-8a78-45a4-ae9b-2ad2b60b583b", "StandingValue": -5, "AreOpenlyHostile": true}, "b3d3fa9c-b21e-490f-b39e-128b3af12128": {"FactionID": "b3d3fa9c-b21e-490f-b39e-128b3af12128", "StandingValue": 0, "AreOpenlyHostile": false}, "bdeffd9a-3cab-408c-9cd7-32fce1124f7a": {"FactionID": "bdeffd9a-3cab-408c-9cd7-32fce1124f7a", "StandingValue": 10, "AreOpenlyHostile": false}}}', true, 2, NULL, '{}', '[::1]:57078', false, NULL);

    -- ships
    INSERT INTO public.ships (id, universe_systemid, userid, pos_x, pos_y, created, shipname, texture, theta, vel_x, vel_y, shield, armor, hull, fuel, heat, energy, shiptemplateid, dockedat_stationid, fitting, destroyed, destroyedat, cargobay_containerid, fittingbay_containerid, remaxdirty, trash_containerid, wallet, noload, flightexperiencemodifier) VALUES ('3dc46133-29f2-4eb6-8bdf-78fcfc708f78', '5aa036f7-14ed-4273-a5ac-e7457ecabdaa', '7104872c-80d0-40df-970f-a722f1cf914c', 0, 0, '2022-12-06 16:50:41.235192-05', 'Tamara Carr''s Starter Ship', 'Spook', 0, 0, 0, 3139, 3095, 2154, 993, 0, 1575, '472151e7-7a53-47af-a16f-7eb4f4d7776d', '3efc7fb3-6f61-4b06-b2f1-ea7c4529449f', '{"a_rack": [{"item_id": "4293e19d-58b5-432e-8555-3ecff2144734", "slot_idx": 0, "item_type_id": "7527672b-3b02-4aca-8d48-1f104da5ce77"}, {"item_id": "eef4946c-c7cb-417d-bf73-ca4422e0d219", "slot_idx": 1, "item_type_id": "7527672b-3b02-4aca-8d48-1f104da5ce77"}, {"item_id": "26b9d739-a9b3-4cf6-883d-e3ed5f296755", "slot_idx": 2, "item_type_id": "7527672b-3b02-4aca-8d48-1f104da5ce77"}, {"item_id": "8929ea75-d3a8-497b-9e12-39ba5109e73d", "slot_idx": 3, "item_type_id": "7527672b-3b02-4aca-8d48-1f104da5ce77"}, {"item_id": "2b528dae-c3a4-4f9f-a56d-ea9997c65117", "slot_idx": 4, "item_type_id": "fe071049-81a6-4d51-8660-e0a3c32b3853"}, {"item_id": "8d91898c-8448-46da-919c-eae081a79ef2", "slot_idx": 5, "item_type_id": "fe071049-81a6-4d51-8660-e0a3c32b3853"}], "b_rack": [{"item_id": "9ebc7ea2-999e-4228-81b5-4f668ef767af", "slot_idx": 0, "item_type_id": "35183be9-e4b0-40dd-8b05-a6e1b97f66f6"}, {"item_id": "3fb3ad9c-8750-4609-b78e-1e0db5a4022a", "slot_idx": 1, "item_type_id": "6789f483-7a7c-49a1-a5a1-4509ecdeea5d"}, {"item_id": "4473c5da-cad2-47d5-bcea-11c7842b28d4", "slot_idx": 2, "item_type_id": "caa1322a-0c9e-4d8a-9a3b-00dc2e41cc76"}, {"item_id": "17f3a8f9-7ee1-4bba-9531-17d279b73eb1", "slot_idx": 3, "item_type_id": "242b4af2-1384-4976-a8c2-3b0561398341"}], "c_rack": [{"item_id": "a1dbfffa-ebae-4a93-aa38-53dcbb741163", "slot_idx": 0, "item_type_id": "e465105a-30fd-480c-97fa-74659532b6dc"}, {"item_id": "5a252f11-748d-4069-9551-2315b8c366c0", "slot_idx": 1, "item_type_id": "e465105a-30fd-480c-97fa-74659532b6dc"}, {"item_id": "cb65cd19-3371-4f32-b3a5-23acda7ce9ef", "slot_idx": 2, "item_type_id": "a033c394-10ae-4a50-8eec-7ee7ea43b321"}, {"item_id": "b9ba5fb1-c4f1-4db6-a326-5dadfef95d77", "slot_idx": 3, "item_type_id": "a033c394-10ae-4a50-8eec-7ee7ea43b321"}]}', false, NULL, '7fe19da6-d98c-4956-9d69-c0349153c139', 'e5566bfc-2324-48eb-a7cc-1a05291bfe99', true, '905d6527-0d7d-4bf8-bd07-aab5ed18c101', 10000, false, 1);
    INSERT INTO public.ships (id, universe_systemid, userid, pos_x, pos_y, created, shipname, texture, theta, vel_x, vel_y, shield, armor, hull, fuel, heat, energy, shiptemplateid, dockedat_stationid, fitting, destroyed, destroyedat, cargobay_containerid, fittingbay_containerid, remaxdirty, trash_containerid, wallet, noload, flightexperiencemodifier) VALUES ('10aa0f8b-f76e-40db-bbe7-86c6ae275a46', '5aa036f7-14ed-4273-a5ac-e7457ecabdaa', '1270b801-60a5-4cf9-8d3b-e7052ff6aa72', 0, 0, '2022-12-06 16:50:41.284837-05', 'Seto Juro''s Starter Ship', 'Spook', 0, 0, 0, 3139, 3095, 2154, 993, 0, 1575, '472151e7-7a53-47af-a16f-7eb4f4d7776d', '3efc7fb3-6f61-4b06-b2f1-ea7c4529449f', '{"a_rack": [{"item_id": "fe9baa36-6cd6-4637-8f32-c7d554d75e26", "slot_idx": 0, "item_type_id": "7527672b-3b02-4aca-8d48-1f104da5ce77"}, {"item_id": "1dccd430-7684-41b1-b510-fa97b1240861", "slot_idx": 1, "item_type_id": "7527672b-3b02-4aca-8d48-1f104da5ce77"}, {"item_id": "08bbb428-11fc-4363-b9f8-31c85ed1ecd0", "slot_idx": 2, "item_type_id": "7527672b-3b02-4aca-8d48-1f104da5ce77"}, {"item_id": "169175e9-20d7-42e5-b925-daf6e5c4770f", "slot_idx": 3, "item_type_id": "7527672b-3b02-4aca-8d48-1f104da5ce77"}, {"item_id": "fb93e7f0-677d-434d-a1b9-e1e8d5b598f2", "slot_idx": 4, "item_type_id": "fe071049-81a6-4d51-8660-e0a3c32b3853"}, {"item_id": "7eb2e36d-f61d-438f-bee8-946c0f7d24e7", "slot_idx": 5, "item_type_id": "fe071049-81a6-4d51-8660-e0a3c32b3853"}], "b_rack": [{"item_id": "de4db5b2-1cd5-440b-a377-e8bb7f875c77", "slot_idx": 0, "item_type_id": "35183be9-e4b0-40dd-8b05-a6e1b97f66f6"}, {"item_id": "8ff3b130-8c91-4a90-998b-f285a813cae7", "slot_idx": 1, "item_type_id": "6789f483-7a7c-49a1-a5a1-4509ecdeea5d"}, {"item_id": "987259e6-700f-463d-ad4f-cd26cf4649ed", "slot_idx": 2, "item_type_id": "caa1322a-0c9e-4d8a-9a3b-00dc2e41cc76"}, {"item_id": "740522b4-d287-46a1-8015-784ed2a04ff3", "slot_idx": 3, "item_type_id": "242b4af2-1384-4976-a8c2-3b0561398341"}], "c_rack": [{"item_id": "cd9ea779-f063-4933-8b13-5c50134394ab", "slot_idx": 0, "item_type_id": "e465105a-30fd-480c-97fa-74659532b6dc"}, {"item_id": "125be977-b289-4695-a2e3-54fef4b17f0f", "slot_idx": 1, "item_type_id": "e465105a-30fd-480c-97fa-74659532b6dc"}, {"item_id": "7b923d86-a7a9-4fcd-95d7-7502a1d1c61c", "slot_idx": 2, "item_type_id": "a033c394-10ae-4a50-8eec-7ee7ea43b321"}, {"item_id": "80f588d4-616b-4324-8be7-cd425ac86164", "slot_idx": 3, "item_type_id": "a033c394-10ae-4a50-8eec-7ee7ea43b321"}]}', false, NULL, 'b8ffe3b5-9638-41a9-87eb-90c501769797', 'c5ff0d73-9137-4e1e-b36a-e6b844804fd8', true, 'a38a56e5-2fb4-4618-9a66-1901c768226c', 10000, false, 1);
    INSERT INTO public.ships (id, universe_systemid, userid, pos_x, pos_y, created, shipname, texture, theta, vel_x, vel_y, shield, armor, hull, fuel, heat, energy, shiptemplateid, dockedat_stationid, fitting, destroyed, destroyedat, cargobay_containerid, fittingbay_containerid, remaxdirty, trash_containerid, wallet, noload, flightexperiencemodifier) VALUES ('edafd33a-b8fa-4dca-8c3a-70e30ec55c59', '5aa036f7-14ed-4273-a5ac-e7457ecabdaa', '3e356856-82fb-4540-9c33-b5953cb4c94f', 0, 0, '2022-12-06 16:50:41.330725-05', 'Nevio Lombardi''s Starter Ship', 'Spook', 0, 0, 0, 3139, 3095, 2154, 993, 0, 1575, '472151e7-7a53-47af-a16f-7eb4f4d7776d', '3efc7fb3-6f61-4b06-b2f1-ea7c4529449f', '{"a_rack": [{"item_id": "d5502548-3119-4238-a5c2-c7e33d9c9de7", "slot_idx": 0, "item_type_id": "7527672b-3b02-4aca-8d48-1f104da5ce77"}, {"item_id": "6fc85cb0-e744-4bf8-bfaf-b591ab383507", "slot_idx": 1, "item_type_id": "7527672b-3b02-4aca-8d48-1f104da5ce77"}, {"item_id": "00e93160-3f32-4d16-b4a1-67194a932019", "slot_idx": 2, "item_type_id": "7527672b-3b02-4aca-8d48-1f104da5ce77"}, {"item_id": "5f063d8c-f96d-4dc6-89cd-0d7fcbe82d77", "slot_idx": 3, "item_type_id": "7527672b-3b02-4aca-8d48-1f104da5ce77"}, {"item_id": "fa83a36f-cacb-45ea-96f9-d72cb0333b48", "slot_idx": 4, "item_type_id": "fe071049-81a6-4d51-8660-e0a3c32b3853"}, {"item_id": "2ba9dda3-c6ab-41e5-a0ce-a5fd713f2dbb", "slot_idx": 5, "item_type_id": "fe071049-81a6-4d51-8660-e0a3c32b3853"}], "b_rack": [{"item_id": "d38dbebe-ead8-4ec0-9e9d-a444df5aa008", "slot_idx": 0, "item_type_id": "35183be9-e4b0-40dd-8b05-a6e1b97f66f6"}, {"item_id": "127c7772-add8-44a4-a010-bb9bd98f2acd", "slot_idx": 1, "item_type_id": "6789f483-7a7c-49a1-a5a1-4509ecdeea5d"}, {"item_id": "351a4f4b-d8f3-4f1a-b6de-3f163fc826f2", "slot_idx": 2, "item_type_id": "caa1322a-0c9e-4d8a-9a3b-00dc2e41cc76"}, {"item_id": "8a4086d7-5ff0-4f2f-a7c7-0a4196910b2b", "slot_idx": 3, "item_type_id": "242b4af2-1384-4976-a8c2-3b0561398341"}], "c_rack": [{"item_id": "50c8bd7c-68ed-4362-bdea-96691e825f3d", "slot_idx": 0, "item_type_id": "e465105a-30fd-480c-97fa-74659532b6dc"}, {"item_id": "e7e3eecf-e5e2-4cd3-9a23-330388a07aa9", "slot_idx": 1, "item_type_id": "e465105a-30fd-480c-97fa-74659532b6dc"}, {"item_id": "92108d5c-8379-4d43-8ce2-90c9d6fc624e", "slot_idx": 2, "item_type_id": "a033c394-10ae-4a50-8eec-7ee7ea43b321"}, {"item_id": "609ada31-4894-418b-b19a-8c9d848e2902", "slot_idx": 3, "item_type_id": "a033c394-10ae-4a50-8eec-7ee7ea43b321"}]}', false, NULL, '272cb518-c5a4-48c9-bda2-15c16b362c97', '6c6e210c-b827-487c-b252-286c06160941', true, '09583246-fc08-4b4c-8a33-2d3e452c91b3', 10000, false, 1);
    INSERT INTO public.ships (id, universe_systemid, userid, pos_x, pos_y, created, shipname, texture, theta, vel_x, vel_y, shield, armor, hull, fuel, heat, energy, shiptemplateid, dockedat_stationid, fitting, destroyed, destroyedat, cargobay_containerid, fittingbay_containerid, remaxdirty, trash_containerid, wallet, noload, flightexperiencemodifier) VALUES ('af911c94-5c61-4f6d-b873-38a75d5233c4', '5aa036f7-14ed-4273-a5ac-e7457ecabdaa', '40108194-6c30-4202-ae66-6e658f660972', 0, 0, '2022-12-06 16:50:41.371102-05', 'Athir Moustafa''s Starter Ship', 'Spook', 0, 0, 0, 3139, 3095, 2154, 993, 0, 1575, '472151e7-7a53-47af-a16f-7eb4f4d7776d', '3efc7fb3-6f61-4b06-b2f1-ea7c4529449f', '{"a_rack": [{"item_id": "54d6fe11-6534-4869-bc76-1ebadac653c4", "slot_idx": 0, "item_type_id": "7527672b-3b02-4aca-8d48-1f104da5ce77"}, {"item_id": "8da41cf4-ab3c-45a4-a6c3-7bc36ab453ab", "slot_idx": 1, "item_type_id": "7527672b-3b02-4aca-8d48-1f104da5ce77"}, {"item_id": "3d5b03aa-586c-47dc-b318-8852f7cb3625", "slot_idx": 2, "item_type_id": "7527672b-3b02-4aca-8d48-1f104da5ce77"}, {"item_id": "7c6a852b-b9fb-4786-b0d5-49b6cc0cb739", "slot_idx": 3, "item_type_id": "7527672b-3b02-4aca-8d48-1f104da5ce77"}, {"item_id": "cd11d81e-c66b-4f9f-ac39-6f2bc7b80016", "slot_idx": 4, "item_type_id": "fe071049-81a6-4d51-8660-e0a3c32b3853"}, {"item_id": "deb4781c-30a4-4a74-8ff3-9a3e5f9db9c6", "slot_idx": 5, "item_type_id": "fe071049-81a6-4d51-8660-e0a3c32b3853"}], "b_rack": [{"item_id": "7c3a509a-b51b-4dd9-9f54-109349454294", "slot_idx": 0, "item_type_id": "35183be9-e4b0-40dd-8b05-a6e1b97f66f6"}, {"item_id": "0de78a78-8a8e-4d7b-a206-fa3916f87804", "slot_idx": 1, "item_type_id": "6789f483-7a7c-49a1-a5a1-4509ecdeea5d"}, {"item_id": "bf9daa55-f923-405e-8a56-740610a4bbca", "slot_idx": 2, "item_type_id": "caa1322a-0c9e-4d8a-9a3b-00dc2e41cc76"}, {"item_id": "1880f46b-29ec-403c-858d-cea82beef298", "slot_idx": 3, "item_type_id": "242b4af2-1384-4976-a8c2-3b0561398341"}], "c_rack": [{"item_id": "ae549374-6716-473f-a25c-e5ec99e079cf", "slot_idx": 0, "item_type_id": "e465105a-30fd-480c-97fa-74659532b6dc"}, {"item_id": "c04c767c-ad3c-4374-800c-eef2fde4c335", "slot_idx": 1, "item_type_id": "e465105a-30fd-480c-97fa-74659532b6dc"}, {"item_id": "c7f2b089-37b9-4710-ac67-484fb906d5d6", "slot_idx": 2, "item_type_id": "a033c394-10ae-4a50-8eec-7ee7ea43b321"}, {"item_id": "e786688d-b2c9-48c3-9e1f-469d7bd17495", "slot_idx": 3, "item_type_id": "a033c394-10ae-4a50-8eec-7ee7ea43b321"}]}', false, NULL, 'bf0fade3-3c93-47d1-bcfd-9a32709575b2', '093ae6d5-ffa9-4b8f-8d55-ddce16f35c65', true, '5fe22ee8-4ad1-465b-9ca7-3657f8921eae', 10000, false, 1);

    -- items
    INSERT INTO public.items (id, itemtypeid, meta, created, createdby, createdreason, containerid, quantity, ispackaged) VALUES ('4293e19d-58b5-432e-8555-3ecff2144734', '7527672b-3b02-4aca-8d48-1f104da5ce77', '{"hp": 45, "rack": "a", "range": 1711, "volume": 70, "falloff": "linear", "cooldown": 2.7, "tracking": 113, "hull_damage": 1545, "armor_damage": 952, "can_mine_gas": false, "can_mine_ice": false, "can_mine_ore": false, "needs_target": true, "shield_damage": 265, "activation_heat": 11.3, "ammunition_name": "Auto-11 Belt", "ammunition_type": "f9de544c-64b4-420e-8672-b2f5f4f9c9cc", "industrialmarket": {"maxprice": 53697, "minprice": 18771, "silosize": 1000}, "activation_energy": 3.3, "ore_mining_volume": 0, "activation_gfx_effect": "medium_auto-11_cannon"}', '2022-12-06 16:50:41.198766-05', '7104872c-80d0-40df-970f-a722f1cf914c', 'Module for new noob ship for player', 'e5566bfc-2324-48eb-a7cc-1a05291bfe99', 1, false);
    INSERT INTO public.items (id, itemtypeid, meta, created, createdby, createdreason, containerid, quantity, ispackaged) VALUES ('eef4946c-c7cb-417d-bf73-ca4422e0d219', '7527672b-3b02-4aca-8d48-1f104da5ce77', '{"hp": 45, "rack": "a", "range": 1711, "volume": 70, "falloff": "linear", "cooldown": 2.7, "tracking": 113, "hull_damage": 1545, "armor_damage": 952, "can_mine_gas": false, "can_mine_ice": false, "can_mine_ore": false, "needs_target": true, "shield_damage": 265, "activation_heat": 11.3, "ammunition_name": "Auto-11 Belt", "ammunition_type": "f9de544c-64b4-420e-8672-b2f5f4f9c9cc", "industrialmarket": {"maxprice": 53697, "minprice": 18771, "silosize": 1000}, "activation_energy": 3.3, "ore_mining_volume": 0, "activation_gfx_effect": "medium_auto-11_cannon"}', '2022-12-06 16:50:41.201818-05', '7104872c-80d0-40df-970f-a722f1cf914c', 'Module for new noob ship for player', 'e5566bfc-2324-48eb-a7cc-1a05291bfe99', 1, false);
    INSERT INTO public.items (id, itemtypeid, meta, created, createdby, createdreason, containerid, quantity, ispackaged) VALUES ('26b9d739-a9b3-4cf6-883d-e3ed5f296755', '7527672b-3b02-4aca-8d48-1f104da5ce77', '{"hp": 45, "rack": "a", "range": 1711, "volume": 70, "falloff": "linear", "cooldown": 2.7, "tracking": 113, "hull_damage": 1545, "armor_damage": 952, "can_mine_gas": false, "can_mine_ice": false, "can_mine_ore": false, "needs_target": true, "shield_damage": 265, "activation_heat": 11.3, "ammunition_name": "Auto-11 Belt", "ammunition_type": "f9de544c-64b4-420e-8672-b2f5f4f9c9cc", "industrialmarket": {"maxprice": 53697, "minprice": 18771, "silosize": 1000}, "activation_energy": 3.3, "ore_mining_volume": 0, "activation_gfx_effect": "medium_auto-11_cannon"}', '2022-12-06 16:50:41.204507-05', '7104872c-80d0-40df-970f-a722f1cf914c', 'Module for new noob ship for player', 'e5566bfc-2324-48eb-a7cc-1a05291bfe99', 1, false);
    INSERT INTO public.items (id, itemtypeid, meta, created, createdby, createdreason, containerid, quantity, ispackaged) VALUES ('8929ea75-d3a8-497b-9e12-39ba5109e73d', '7527672b-3b02-4aca-8d48-1f104da5ce77', '{"hp": 45, "rack": "a", "range": 1711, "volume": 70, "falloff": "linear", "cooldown": 2.7, "tracking": 113, "hull_damage": 1545, "armor_damage": 952, "can_mine_gas": false, "can_mine_ice": false, "can_mine_ore": false, "needs_target": true, "shield_damage": 265, "activation_heat": 11.3, "ammunition_name": "Auto-11 Belt", "ammunition_type": "f9de544c-64b4-420e-8672-b2f5f4f9c9cc", "industrialmarket": {"maxprice": 53697, "minprice": 18771, "silosize": 1000}, "activation_energy": 3.3, "ore_mining_volume": 0, "activation_gfx_effect": "medium_auto-11_cannon"}', '2022-12-06 16:50:41.207168-05', '7104872c-80d0-40df-970f-a722f1cf914c', 'Module for new noob ship for player', 'e5566bfc-2324-48eb-a7cc-1a05291bfe99', 1, false);
    INSERT INTO public.items (id, itemtypeid, meta, created, createdby, createdreason, containerid, quantity, ispackaged) VALUES ('2b528dae-c3a4-4f9f-a56d-ea9997c65117', 'fe071049-81a6-4d51-8660-e0a3c32b3853', '{"hp": 20, "rack": "a", "volume": 80, "cooldown": 125.4, "activation_heat": 214.3, "industrialmarket": {"maxprice": 34503, "minprice": 16849, "silosize": 1000}, "activation_energy": 1825}', '2022-12-06 16:50:41.209829-05', '7104872c-80d0-40df-970f-a722f1cf914c', 'Module for new noob ship for player', 'e5566bfc-2324-48eb-a7cc-1a05291bfe99', 1, false);
    INSERT INTO public.items (id, itemtypeid, meta, created, createdby, createdreason, containerid, quantity, ispackaged) VALUES ('8d91898c-8448-46da-919c-eae081a79ef2', 'fe071049-81a6-4d51-8660-e0a3c32b3853', '{"hp": 20, "rack": "a", "volume": 80, "cooldown": 125.4, "activation_heat": 214.3, "industrialmarket": {"maxprice": 34503, "minprice": 16849, "silosize": 1000}, "activation_energy": 1825}', '2022-12-06 16:50:41.21232-05', '7104872c-80d0-40df-970f-a722f1cf914c', 'Module for new noob ship for player', 'e5566bfc-2324-48eb-a7cc-1a05291bfe99', 1, false);
    INSERT INTO public.items (id, itemtypeid, meta, created, createdby, createdreason, containerid, quantity, ispackaged) VALUES ('9ebc7ea2-999e-4228-81b5-4f668ef767af', '35183be9-e4b0-40dd-8b05-a6e1b97f66f6', '{"hp": 11, "rack": "b", "range": 11376, "volume": 80, "falloff": "linear", "cooldown": 54.2, "needs_target": true, "activation_heat": 1780, "drag_multiplier": 9.5, "industrialmarket": {"maxprice": 60677, "minprice": 58800, "silosize": 200}, "activation_energy": 1665, "activation_gfx_effect": "medium_aether_dragger"}', '2022-12-06 16:50:41.214965-05', '7104872c-80d0-40df-970f-a722f1cf914c', 'Module for new noob ship for player', 'e5566bfc-2324-48eb-a7cc-1a05291bfe99', 1, false);
    INSERT INTO public.items (id, itemtypeid, meta, created, createdby, createdreason, containerid, quantity, ispackaged) VALUES ('3fb3ad9c-8750-4609-b78e-1e0db5a4022a', '6789f483-7a7c-49a1-a5a1-4509ecdeea5d', '{"hp": 23, "rack": "b", "range": 5487, "volume": 65, "falloff": "linear", "cooldown": 43.7, "needs_target": true, "activation_heat": 1399, "drag_multiplier": 60.5, "industrialmarket": {"maxprice": 31655, "minprice": 22498, "silosize": 500}, "activation_energy": 1526, "activation_gfx_effect": "medium_aether_dragger"}', '2022-12-06 16:50:41.217668-05', '7104872c-80d0-40df-970f-a722f1cf914c', 'Module for new noob ship for player', 'e5566bfc-2324-48eb-a7cc-1a05291bfe99', 1, false);
    INSERT INTO public.items (id, itemtypeid, meta, created, createdby, createdreason, containerid, quantity, ispackaged) VALUES ('4473c5da-cad2-47d5-bcea-11c7842b28d4', 'caa1322a-0c9e-4d8a-9a3b-00dc2e41cc76', '{"hp": 60, "rack": "b", "volume": 70, "cooldown": 58.1, "needs_target": false, "activation_heat": 988, "industrialmarket": {"maxprice": 1566, "minprice": 8610, "silosize": 1000}, "activation_energy": 754}', '2022-12-06 16:50:41.22037-05', '7104872c-80d0-40df-970f-a722f1cf914c', 'Module for new noob ship for player', 'e5566bfc-2324-48eb-a7cc-1a05291bfe99', 1, false);
    INSERT INTO public.items (id, itemtypeid, meta, created, createdby, createdreason, containerid, quantity, ispackaged) VALUES ('17f3a8f9-7ee1-4bba-9531-17d279b73eb1', '242b4af2-1384-4976-a8c2-3b0561398341', '{"hp": 26, "rack": "b", "volume": 50, "cooldown": 14.9, "needs_target": false, "activation_heat": 1142, "industrialmarket": {"maxprice": 13906, "minprice": 8456, "silosize": 1000}, "activation_energy": 365}', '2022-12-06 16:50:41.22263-05', '7104872c-80d0-40df-970f-a722f1cf914c', 'Module for new noob ship for player', 'e5566bfc-2324-48eb-a7cc-1a05291bfe99', 1, false);
    INSERT INTO public.items (id, itemtypeid, meta, created, createdby, createdreason, containerid, quantity, ispackaged) VALUES ('a1dbfffa-ebae-4a93-aa38-53dcbb741163', 'e465105a-30fd-480c-97fa-74659532b6dc', '{"hp": 21, "rack": "c", "volume": 59, "industrialmarket": {"maxprice": 44798, "minprice": 28901, "silosize": 200}, "energy_regen_max_add": 37}', '2022-12-06 16:50:41.225305-05', '7104872c-80d0-40df-970f-a722f1cf914c', 'Module for new noob ship for player', 'e5566bfc-2324-48eb-a7cc-1a05291bfe99', 1, false);
    INSERT INTO public.items (id, itemtypeid, meta, created, createdby, createdreason, containerid, quantity, ispackaged) VALUES ('5a252f11-748d-4069-9551-2315b8c366c0', 'e465105a-30fd-480c-97fa-74659532b6dc', '{"hp": 21, "rack": "c", "volume": 59, "industrialmarket": {"maxprice": 44798, "minprice": 28901, "silosize": 200}, "energy_regen_max_add": 37}', '2022-12-06 16:50:41.227793-05', '7104872c-80d0-40df-970f-a722f1cf914c', 'Module for new noob ship for player', 'e5566bfc-2324-48eb-a7cc-1a05291bfe99', 1, false);
    INSERT INTO public.items (id, itemtypeid, meta, created, createdby, createdreason, containerid, quantity, ispackaged) VALUES ('cb65cd19-3371-4f32-b3a5-23acda7ce9ef', 'a033c394-10ae-4a50-8eec-7ee7ea43b321', '{"hp": 29, "rack": "c", "volume": 60, "energy_max_add": 508, "industrialmarket": {"maxprice": 9269, "minprice": 4417, "silosize": 1000}}', '2022-12-06 16:50:41.230284-05', '7104872c-80d0-40df-970f-a722f1cf914c', 'Module for new noob ship for player', 'e5566bfc-2324-48eb-a7cc-1a05291bfe99', 1, false);
    INSERT INTO public.items (id, itemtypeid, meta, created, createdby, createdreason, containerid, quantity, ispackaged) VALUES ('b9ba5fb1-c4f1-4db6-a326-5dadfef95d77', 'a033c394-10ae-4a50-8eec-7ee7ea43b321', '{"hp": 29, "rack": "c", "volume": 60, "energy_max_add": 508, "industrialmarket": {"maxprice": 9269, "minprice": 4417, "silosize": 1000}}', '2022-12-06 16:50:41.233011-05', '7104872c-80d0-40df-970f-a722f1cf914c', 'Module for new noob ship for player', 'e5566bfc-2324-48eb-a7cc-1a05291bfe99', 1, false);
    INSERT INTO public.items (id, itemtypeid, meta, created, createdby, createdreason, containerid, quantity, ispackaged) VALUES ('fe9baa36-6cd6-4637-8f32-c7d554d75e26', '7527672b-3b02-4aca-8d48-1f104da5ce77', '{"hp": 45, "rack": "a", "range": 1711, "volume": 70, "falloff": "linear", "cooldown": 2.7, "tracking": 113, "hull_damage": 1545, "armor_damage": 952, "can_mine_gas": false, "can_mine_ice": false, "can_mine_ore": false, "needs_target": true, "shield_damage": 265, "activation_heat": 11.3, "ammunition_name": "Auto-11 Belt", "ammunition_type": "f9de544c-64b4-420e-8672-b2f5f4f9c9cc", "industrialmarket": {"maxprice": 53697, "minprice": 18771, "silosize": 1000}, "activation_energy": 3.3, "ore_mining_volume": 0, "activation_gfx_effect": "medium_auto-11_cannon"}', '2022-12-06 16:50:41.255051-05', '1270b801-60a5-4cf9-8d3b-e7052ff6aa72', 'Module for new noob ship for player', 'c5ff0d73-9137-4e1e-b36a-e6b844804fd8', 1, false);
    INSERT INTO public.items (id, itemtypeid, meta, created, createdby, createdreason, containerid, quantity, ispackaged) VALUES ('1dccd430-7684-41b1-b510-fa97b1240861', '7527672b-3b02-4aca-8d48-1f104da5ce77', '{"hp": 45, "rack": "a", "range": 1711, "volume": 70, "falloff": "linear", "cooldown": 2.7, "tracking": 113, "hull_damage": 1545, "armor_damage": 952, "can_mine_gas": false, "can_mine_ice": false, "can_mine_ore": false, "needs_target": true, "shield_damage": 265, "activation_heat": 11.3, "ammunition_name": "Auto-11 Belt", "ammunition_type": "f9de544c-64b4-420e-8672-b2f5f4f9c9cc", "industrialmarket": {"maxprice": 53697, "minprice": 18771, "silosize": 1000}, "activation_energy": 3.3, "ore_mining_volume": 0, "activation_gfx_effect": "medium_auto-11_cannon"}', '2022-12-06 16:50:41.257761-05', '1270b801-60a5-4cf9-8d3b-e7052ff6aa72', 'Module for new noob ship for player', 'c5ff0d73-9137-4e1e-b36a-e6b844804fd8', 1, false);
    INSERT INTO public.items (id, itemtypeid, meta, created, createdby, createdreason, containerid, quantity, ispackaged) VALUES ('08bbb428-11fc-4363-b9f8-31c85ed1ecd0', '7527672b-3b02-4aca-8d48-1f104da5ce77', '{"hp": 45, "rack": "a", "range": 1711, "volume": 70, "falloff": "linear", "cooldown": 2.7, "tracking": 113, "hull_damage": 1545, "armor_damage": 952, "can_mine_gas": false, "can_mine_ice": false, "can_mine_ore": false, "needs_target": true, "shield_damage": 265, "activation_heat": 11.3, "ammunition_name": "Auto-11 Belt", "ammunition_type": "f9de544c-64b4-420e-8672-b2f5f4f9c9cc", "industrialmarket": {"maxprice": 53697, "minprice": 18771, "silosize": 1000}, "activation_energy": 3.3, "ore_mining_volume": 0, "activation_gfx_effect": "medium_auto-11_cannon"}', '2022-12-06 16:50:41.260226-05', '1270b801-60a5-4cf9-8d3b-e7052ff6aa72', 'Module for new noob ship for player', 'c5ff0d73-9137-4e1e-b36a-e6b844804fd8', 1, false);
    INSERT INTO public.items (id, itemtypeid, meta, created, createdby, createdreason, containerid, quantity, ispackaged) VALUES ('169175e9-20d7-42e5-b925-daf6e5c4770f', '7527672b-3b02-4aca-8d48-1f104da5ce77', '{"hp": 45, "rack": "a", "range": 1711, "volume": 70, "falloff": "linear", "cooldown": 2.7, "tracking": 113, "hull_damage": 1545, "armor_damage": 952, "can_mine_gas": false, "can_mine_ice": false, "can_mine_ore": false, "needs_target": true, "shield_damage": 265, "activation_heat": 11.3, "ammunition_name": "Auto-11 Belt", "ammunition_type": "f9de544c-64b4-420e-8672-b2f5f4f9c9cc", "industrialmarket": {"maxprice": 53697, "minprice": 18771, "silosize": 1000}, "activation_energy": 3.3, "ore_mining_volume": 0, "activation_gfx_effect": "medium_auto-11_cannon"}', '2022-12-06 16:50:41.262412-05', '1270b801-60a5-4cf9-8d3b-e7052ff6aa72', 'Module for new noob ship for player', 'c5ff0d73-9137-4e1e-b36a-e6b844804fd8', 1, false);
    INSERT INTO public.items (id, itemtypeid, meta, created, createdby, createdreason, containerid, quantity, ispackaged) VALUES ('fb93e7f0-677d-434d-a1b9-e1e8d5b598f2', 'fe071049-81a6-4d51-8660-e0a3c32b3853', '{"hp": 20, "rack": "a", "volume": 80, "cooldown": 125.4, "activation_heat": 214.3, "industrialmarket": {"maxprice": 34503, "minprice": 16849, "silosize": 1000}, "activation_energy": 1825}', '2022-12-06 16:50:41.264445-05', '1270b801-60a5-4cf9-8d3b-e7052ff6aa72', 'Module for new noob ship for player', 'c5ff0d73-9137-4e1e-b36a-e6b844804fd8', 1, false);
    INSERT INTO public.items (id, itemtypeid, meta, created, createdby, createdreason, containerid, quantity, ispackaged) VALUES ('7eb2e36d-f61d-438f-bee8-946c0f7d24e7', 'fe071049-81a6-4d51-8660-e0a3c32b3853', '{"hp": 20, "rack": "a", "volume": 80, "cooldown": 125.4, "activation_heat": 214.3, "industrialmarket": {"maxprice": 34503, "minprice": 16849, "silosize": 1000}, "activation_energy": 1825}', '2022-12-06 16:50:41.266992-05', '1270b801-60a5-4cf9-8d3b-e7052ff6aa72', 'Module for new noob ship for player', 'c5ff0d73-9137-4e1e-b36a-e6b844804fd8', 1, false);
    INSERT INTO public.items (id, itemtypeid, meta, created, createdby, createdreason, containerid, quantity, ispackaged) VALUES ('de4db5b2-1cd5-440b-a377-e8bb7f875c77', '35183be9-e4b0-40dd-8b05-a6e1b97f66f6', '{"hp": 11, "rack": "b", "range": 11376, "volume": 80, "falloff": "linear", "cooldown": 54.2, "needs_target": true, "activation_heat": 1780, "drag_multiplier": 9.5, "industrialmarket": {"maxprice": 60677, "minprice": 58800, "silosize": 200}, "activation_energy": 1665, "activation_gfx_effect": "medium_aether_dragger"}', '2022-12-06 16:50:41.268959-05', '1270b801-60a5-4cf9-8d3b-e7052ff6aa72', 'Module for new noob ship for player', 'c5ff0d73-9137-4e1e-b36a-e6b844804fd8', 1, false);
    INSERT INTO public.items (id, itemtypeid, meta, created, createdby, createdreason, containerid, quantity, ispackaged) VALUES ('8ff3b130-8c91-4a90-998b-f285a813cae7', '6789f483-7a7c-49a1-a5a1-4509ecdeea5d', '{"hp": 23, "rack": "b", "range": 5487, "volume": 65, "falloff": "linear", "cooldown": 43.7, "needs_target": true, "activation_heat": 1399, "drag_multiplier": 60.5, "industrialmarket": {"maxprice": 31655, "minprice": 22498, "silosize": 500}, "activation_energy": 1526, "activation_gfx_effect": "medium_aether_dragger"}', '2022-12-06 16:50:41.270926-05', '1270b801-60a5-4cf9-8d3b-e7052ff6aa72', 'Module for new noob ship for player', 'c5ff0d73-9137-4e1e-b36a-e6b844804fd8', 1, false);
    INSERT INTO public.items (id, itemtypeid, meta, created, createdby, createdreason, containerid, quantity, ispackaged) VALUES ('987259e6-700f-463d-ad4f-cd26cf4649ed', 'caa1322a-0c9e-4d8a-9a3b-00dc2e41cc76', '{"hp": 60, "rack": "b", "volume": 70, "cooldown": 58.1, "needs_target": false, "activation_heat": 988, "industrialmarket": {"maxprice": 1566, "minprice": 8610, "silosize": 1000}, "activation_energy": 754}', '2022-12-06 16:50:41.27296-05', '1270b801-60a5-4cf9-8d3b-e7052ff6aa72', 'Module for new noob ship for player', 'c5ff0d73-9137-4e1e-b36a-e6b844804fd8', 1, false);
    INSERT INTO public.items (id, itemtypeid, meta, created, createdby, createdreason, containerid, quantity, ispackaged) VALUES ('740522b4-d287-46a1-8015-784ed2a04ff3', '242b4af2-1384-4976-a8c2-3b0561398341', '{"hp": 26, "rack": "b", "volume": 50, "cooldown": 14.9, "needs_target": false, "activation_heat": 1142, "industrialmarket": {"maxprice": 13906, "minprice": 8456, "silosize": 1000}, "activation_energy": 365}', '2022-12-06 16:50:41.274836-05', '1270b801-60a5-4cf9-8d3b-e7052ff6aa72', 'Module for new noob ship for player', 'c5ff0d73-9137-4e1e-b36a-e6b844804fd8', 1, false);
    INSERT INTO public.items (id, itemtypeid, meta, created, createdby, createdreason, containerid, quantity, ispackaged) VALUES ('cd9ea779-f063-4933-8b13-5c50134394ab', 'e465105a-30fd-480c-97fa-74659532b6dc', '{"hp": 21, "rack": "c", "volume": 59, "industrialmarket": {"maxprice": 44798, "minprice": 28901, "silosize": 200}, "energy_regen_max_add": 37}', '2022-12-06 16:50:41.276787-05', '1270b801-60a5-4cf9-8d3b-e7052ff6aa72', 'Module for new noob ship for player', 'c5ff0d73-9137-4e1e-b36a-e6b844804fd8', 1, false);
    INSERT INTO public.items (id, itemtypeid, meta, created, createdby, createdreason, containerid, quantity, ispackaged) VALUES ('125be977-b289-4695-a2e3-54fef4b17f0f', 'e465105a-30fd-480c-97fa-74659532b6dc', '{"hp": 21, "rack": "c", "volume": 59, "industrialmarket": {"maxprice": 44798, "minprice": 28901, "silosize": 200}, "energy_regen_max_add": 37}', '2022-12-06 16:50:41.278762-05', '1270b801-60a5-4cf9-8d3b-e7052ff6aa72', 'Module for new noob ship for player', 'c5ff0d73-9137-4e1e-b36a-e6b844804fd8', 1, false);
    INSERT INTO public.items (id, itemtypeid, meta, created, createdby, createdreason, containerid, quantity, ispackaged) VALUES ('7b923d86-a7a9-4fcd-95d7-7502a1d1c61c', 'a033c394-10ae-4a50-8eec-7ee7ea43b321', '{"hp": 29, "rack": "c", "volume": 60, "energy_max_add": 508, "industrialmarket": {"maxprice": 9269, "minprice": 4417, "silosize": 1000}}', '2022-12-06 16:50:41.280653-05', '1270b801-60a5-4cf9-8d3b-e7052ff6aa72', 'Module for new noob ship for player', 'c5ff0d73-9137-4e1e-b36a-e6b844804fd8', 1, false);
    INSERT INTO public.items (id, itemtypeid, meta, created, createdby, createdreason, containerid, quantity, ispackaged) VALUES ('80f588d4-616b-4324-8be7-cd425ac86164', 'a033c394-10ae-4a50-8eec-7ee7ea43b321', '{"hp": 29, "rack": "c", "volume": 60, "energy_max_add": 508, "industrialmarket": {"maxprice": 9269, "minprice": 4417, "silosize": 1000}}', '2022-12-06 16:50:41.28302-05', '1270b801-60a5-4cf9-8d3b-e7052ff6aa72', 'Module for new noob ship for player', 'c5ff0d73-9137-4e1e-b36a-e6b844804fd8', 1, false);
    INSERT INTO public.items (id, itemtypeid, meta, created, createdby, createdreason, containerid, quantity, ispackaged) VALUES ('d5502548-3119-4238-a5c2-c7e33d9c9de7', '7527672b-3b02-4aca-8d48-1f104da5ce77', '{"hp": 45, "rack": "a", "range": 1711, "volume": 70, "falloff": "linear", "cooldown": 2.7, "tracking": 113, "hull_damage": 1545, "armor_damage": 952, "can_mine_gas": false, "can_mine_ice": false, "can_mine_ore": false, "needs_target": true, "shield_damage": 265, "activation_heat": 11.3, "ammunition_name": "Auto-11 Belt", "ammunition_type": "f9de544c-64b4-420e-8672-b2f5f4f9c9cc", "industrialmarket": {"maxprice": 53697, "minprice": 18771, "silosize": 1000}, "activation_energy": 3.3, "ore_mining_volume": 0, "activation_gfx_effect": "medium_auto-11_cannon"}', '2022-12-06 16:50:41.300857-05', '3e356856-82fb-4540-9c33-b5953cb4c94f', 'Module for new noob ship for player', '6c6e210c-b827-487c-b252-286c06160941', 1, false);
    INSERT INTO public.items (id, itemtypeid, meta, created, createdby, createdreason, containerid, quantity, ispackaged) VALUES ('6fc85cb0-e744-4bf8-bfaf-b591ab383507', '7527672b-3b02-4aca-8d48-1f104da5ce77', '{"hp": 45, "rack": "a", "range": 1711, "volume": 70, "falloff": "linear", "cooldown": 2.7, "tracking": 113, "hull_damage": 1545, "armor_damage": 952, "can_mine_gas": false, "can_mine_ice": false, "can_mine_ore": false, "needs_target": true, "shield_damage": 265, "activation_heat": 11.3, "ammunition_name": "Auto-11 Belt", "ammunition_type": "f9de544c-64b4-420e-8672-b2f5f4f9c9cc", "industrialmarket": {"maxprice": 53697, "minprice": 18771, "silosize": 1000}, "activation_energy": 3.3, "ore_mining_volume": 0, "activation_gfx_effect": "medium_auto-11_cannon"}', '2022-12-06 16:50:41.302935-05', '3e356856-82fb-4540-9c33-b5953cb4c94f', 'Module for new noob ship for player', '6c6e210c-b827-487c-b252-286c06160941', 1, false);
    INSERT INTO public.items (id, itemtypeid, meta, created, createdby, createdreason, containerid, quantity, ispackaged) VALUES ('00e93160-3f32-4d16-b4a1-67194a932019', '7527672b-3b02-4aca-8d48-1f104da5ce77', '{"hp": 45, "rack": "a", "range": 1711, "volume": 70, "falloff": "linear", "cooldown": 2.7, "tracking": 113, "hull_damage": 1545, "armor_damage": 952, "can_mine_gas": false, "can_mine_ice": false, "can_mine_ore": false, "needs_target": true, "shield_damage": 265, "activation_heat": 11.3, "ammunition_name": "Auto-11 Belt", "ammunition_type": "f9de544c-64b4-420e-8672-b2f5f4f9c9cc", "industrialmarket": {"maxprice": 53697, "minprice": 18771, "silosize": 1000}, "activation_energy": 3.3, "ore_mining_volume": 0, "activation_gfx_effect": "medium_auto-11_cannon"}', '2022-12-06 16:50:41.304611-05', '3e356856-82fb-4540-9c33-b5953cb4c94f', 'Module for new noob ship for player', '6c6e210c-b827-487c-b252-286c06160941', 1, false);
    INSERT INTO public.items (id, itemtypeid, meta, created, createdby, createdreason, containerid, quantity, ispackaged) VALUES ('5f063d8c-f96d-4dc6-89cd-0d7fcbe82d77', '7527672b-3b02-4aca-8d48-1f104da5ce77', '{"hp": 45, "rack": "a", "range": 1711, "volume": 70, "falloff": "linear", "cooldown": 2.7, "tracking": 113, "hull_damage": 1545, "armor_damage": 952, "can_mine_gas": false, "can_mine_ice": false, "can_mine_ore": false, "needs_target": true, "shield_damage": 265, "activation_heat": 11.3, "ammunition_name": "Auto-11 Belt", "ammunition_type": "f9de544c-64b4-420e-8672-b2f5f4f9c9cc", "industrialmarket": {"maxprice": 53697, "minprice": 18771, "silosize": 1000}, "activation_energy": 3.3, "ore_mining_volume": 0, "activation_gfx_effect": "medium_auto-11_cannon"}', '2022-12-06 16:50:41.30661-05', '3e356856-82fb-4540-9c33-b5953cb4c94f', 'Module for new noob ship for player', '6c6e210c-b827-487c-b252-286c06160941', 1, false);
    INSERT INTO public.items (id, itemtypeid, meta, created, createdby, createdreason, containerid, quantity, ispackaged) VALUES ('fa83a36f-cacb-45ea-96f9-d72cb0333b48', 'fe071049-81a6-4d51-8660-e0a3c32b3853', '{"hp": 20, "rack": "a", "volume": 80, "cooldown": 125.4, "activation_heat": 214.3, "industrialmarket": {"maxprice": 34503, "minprice": 16849, "silosize": 1000}, "activation_energy": 1825}', '2022-12-06 16:50:41.308825-05', '3e356856-82fb-4540-9c33-b5953cb4c94f', 'Module for new noob ship for player', '6c6e210c-b827-487c-b252-286c06160941', 1, false);
    INSERT INTO public.items (id, itemtypeid, meta, created, createdby, createdreason, containerid, quantity, ispackaged) VALUES ('2ba9dda3-c6ab-41e5-a0ce-a5fd713f2dbb', 'fe071049-81a6-4d51-8660-e0a3c32b3853', '{"hp": 20, "rack": "a", "volume": 80, "cooldown": 125.4, "activation_heat": 214.3, "industrialmarket": {"maxprice": 34503, "minprice": 16849, "silosize": 1000}, "activation_energy": 1825}', '2022-12-06 16:50:41.310833-05', '3e356856-82fb-4540-9c33-b5953cb4c94f', 'Module for new noob ship for player', '6c6e210c-b827-487c-b252-286c06160941', 1, false);
    INSERT INTO public.items (id, itemtypeid, meta, created, createdby, createdreason, containerid, quantity, ispackaged) VALUES ('d38dbebe-ead8-4ec0-9e9d-a444df5aa008', '35183be9-e4b0-40dd-8b05-a6e1b97f66f6', '{"hp": 11, "rack": "b", "range": 11376, "volume": 80, "falloff": "linear", "cooldown": 54.2, "needs_target": true, "activation_heat": 1780, "drag_multiplier": 9.5, "industrialmarket": {"maxprice": 60677, "minprice": 58800, "silosize": 200}, "activation_energy": 1665, "activation_gfx_effect": "medium_aether_dragger"}', '2022-12-06 16:50:41.312831-05', '3e356856-82fb-4540-9c33-b5953cb4c94f', 'Module for new noob ship for player', '6c6e210c-b827-487c-b252-286c06160941', 1, false);
    INSERT INTO public.items (id, itemtypeid, meta, created, createdby, createdreason, containerid, quantity, ispackaged) VALUES ('127c7772-add8-44a4-a010-bb9bd98f2acd', '6789f483-7a7c-49a1-a5a1-4509ecdeea5d', '{"hp": 23, "rack": "b", "range": 5487, "volume": 65, "falloff": "linear", "cooldown": 43.7, "needs_target": true, "activation_heat": 1399, "drag_multiplier": 60.5, "industrialmarket": {"maxprice": 31655, "minprice": 22498, "silosize": 500}, "activation_energy": 1526, "activation_gfx_effect": "medium_aether_dragger"}', '2022-12-06 16:50:41.314914-05', '3e356856-82fb-4540-9c33-b5953cb4c94f', 'Module for new noob ship for player', '6c6e210c-b827-487c-b252-286c06160941', 1, false);
    INSERT INTO public.items (id, itemtypeid, meta, created, createdby, createdreason, containerid, quantity, ispackaged) VALUES ('351a4f4b-d8f3-4f1a-b6de-3f163fc826f2', 'caa1322a-0c9e-4d8a-9a3b-00dc2e41cc76', '{"hp": 60, "rack": "b", "volume": 70, "cooldown": 58.1, "needs_target": false, "activation_heat": 988, "industrialmarket": {"maxprice": 1566, "minprice": 8610, "silosize": 1000}, "activation_energy": 754}', '2022-12-06 16:50:41.317225-05', '3e356856-82fb-4540-9c33-b5953cb4c94f', 'Module for new noob ship for player', '6c6e210c-b827-487c-b252-286c06160941', 1, false);
    INSERT INTO public.items (id, itemtypeid, meta, created, createdby, createdreason, containerid, quantity, ispackaged) VALUES ('8a4086d7-5ff0-4f2f-a7c7-0a4196910b2b', '242b4af2-1384-4976-a8c2-3b0561398341', '{"hp": 26, "rack": "b", "volume": 50, "cooldown": 14.9, "needs_target": false, "activation_heat": 1142, "industrialmarket": {"maxprice": 13906, "minprice": 8456, "silosize": 1000}, "activation_energy": 365}', '2022-12-06 16:50:41.319466-05', '3e356856-82fb-4540-9c33-b5953cb4c94f', 'Module for new noob ship for player', '6c6e210c-b827-487c-b252-286c06160941', 1, false);
    INSERT INTO public.items (id, itemtypeid, meta, created, createdby, createdreason, containerid, quantity, ispackaged) VALUES ('50c8bd7c-68ed-4362-bdea-96691e825f3d', 'e465105a-30fd-480c-97fa-74659532b6dc', '{"hp": 21, "rack": "c", "volume": 59, "industrialmarket": {"maxprice": 44798, "minprice": 28901, "silosize": 200}, "energy_regen_max_add": 37}', '2022-12-06 16:50:41.321705-05', '3e356856-82fb-4540-9c33-b5953cb4c94f', 'Module for new noob ship for player', '6c6e210c-b827-487c-b252-286c06160941', 1, false);
    INSERT INTO public.items (id, itemtypeid, meta, created, createdby, createdreason, containerid, quantity, ispackaged) VALUES ('e7e3eecf-e5e2-4cd3-9a23-330388a07aa9', 'e465105a-30fd-480c-97fa-74659532b6dc', '{"hp": 21, "rack": "c", "volume": 59, "industrialmarket": {"maxprice": 44798, "minprice": 28901, "silosize": 200}, "energy_regen_max_add": 37}', '2022-12-06 16:50:41.324032-05', '3e356856-82fb-4540-9c33-b5953cb4c94f', 'Module for new noob ship for player', '6c6e210c-b827-487c-b252-286c06160941', 1, false);
    INSERT INTO public.items (id, itemtypeid, meta, created, createdby, createdreason, containerid, quantity, ispackaged) VALUES ('92108d5c-8379-4d43-8ce2-90c9d6fc624e', 'a033c394-10ae-4a50-8eec-7ee7ea43b321', '{"hp": 29, "rack": "c", "volume": 60, "energy_max_add": 508, "industrialmarket": {"maxprice": 9269, "minprice": 4417, "silosize": 1000}}', '2022-12-06 16:50:41.326424-05', '3e356856-82fb-4540-9c33-b5953cb4c94f', 'Module for new noob ship for player', '6c6e210c-b827-487c-b252-286c06160941', 1, false);
    INSERT INTO public.items (id, itemtypeid, meta, created, createdby, createdreason, containerid, quantity, ispackaged) VALUES ('609ada31-4894-418b-b19a-8c9d848e2902', 'a033c394-10ae-4a50-8eec-7ee7ea43b321', '{"hp": 29, "rack": "c", "volume": 60, "energy_max_add": 508, "industrialmarket": {"maxprice": 9269, "minprice": 4417, "silosize": 1000}}', '2022-12-06 16:50:41.32866-05', '3e356856-82fb-4540-9c33-b5953cb4c94f', 'Module for new noob ship for player', '6c6e210c-b827-487c-b252-286c06160941', 1, false);
    INSERT INTO public.items (id, itemtypeid, meta, created, createdby, createdreason, containerid, quantity, ispackaged) VALUES ('54d6fe11-6534-4869-bc76-1ebadac653c4', '7527672b-3b02-4aca-8d48-1f104da5ce77', '{"hp": 45, "rack": "a", "range": 1711, "volume": 70, "falloff": "linear", "cooldown": 2.7, "tracking": 113, "hull_damage": 1545, "armor_damage": 952, "can_mine_gas": false, "can_mine_ice": false, "can_mine_ore": false, "needs_target": true, "shield_damage": 265, "activation_heat": 11.3, "ammunition_name": "Auto-11 Belt", "ammunition_type": "f9de544c-64b4-420e-8672-b2f5f4f9c9cc", "industrialmarket": {"maxprice": 53697, "minprice": 18771, "silosize": 1000}, "activation_energy": 3.3, "ore_mining_volume": 0, "activation_gfx_effect": "medium_auto-11_cannon"}', '2022-12-06 16:50:41.346031-05', '40108194-6c30-4202-ae66-6e658f660972', 'Module for new noob ship for player', '093ae6d5-ffa9-4b8f-8d55-ddce16f35c65', 1, false);
    INSERT INTO public.items (id, itemtypeid, meta, created, createdby, createdreason, containerid, quantity, ispackaged) VALUES ('8da41cf4-ab3c-45a4-a6c3-7bc36ab453ab', '7527672b-3b02-4aca-8d48-1f104da5ce77', '{"hp": 45, "rack": "a", "range": 1711, "volume": 70, "falloff": "linear", "cooldown": 2.7, "tracking": 113, "hull_damage": 1545, "armor_damage": 952, "can_mine_gas": false, "can_mine_ice": false, "can_mine_ore": false, "needs_target": true, "shield_damage": 265, "activation_heat": 11.3, "ammunition_name": "Auto-11 Belt", "ammunition_type": "f9de544c-64b4-420e-8672-b2f5f4f9c9cc", "industrialmarket": {"maxprice": 53697, "minprice": 18771, "silosize": 1000}, "activation_energy": 3.3, "ore_mining_volume": 0, "activation_gfx_effect": "medium_auto-11_cannon"}', '2022-12-06 16:50:41.347871-05', '40108194-6c30-4202-ae66-6e658f660972', 'Module for new noob ship for player', '093ae6d5-ffa9-4b8f-8d55-ddce16f35c65', 1, false);
    INSERT INTO public.items (id, itemtypeid, meta, created, createdby, createdreason, containerid, quantity, ispackaged) VALUES ('3d5b03aa-586c-47dc-b318-8852f7cb3625', '7527672b-3b02-4aca-8d48-1f104da5ce77', '{"hp": 45, "rack": "a", "range": 1711, "volume": 70, "falloff": "linear", "cooldown": 2.7, "tracking": 113, "hull_damage": 1545, "armor_damage": 952, "can_mine_gas": false, "can_mine_ice": false, "can_mine_ore": false, "needs_target": true, "shield_damage": 265, "activation_heat": 11.3, "ammunition_name": "Auto-11 Belt", "ammunition_type": "f9de544c-64b4-420e-8672-b2f5f4f9c9cc", "industrialmarket": {"maxprice": 53697, "minprice": 18771, "silosize": 1000}, "activation_energy": 3.3, "ore_mining_volume": 0, "activation_gfx_effect": "medium_auto-11_cannon"}', '2022-12-06 16:50:41.349741-05', '40108194-6c30-4202-ae66-6e658f660972', 'Module for new noob ship for player', '093ae6d5-ffa9-4b8f-8d55-ddce16f35c65', 1, false);
    INSERT INTO public.items (id, itemtypeid, meta, created, createdby, createdreason, containerid, quantity, ispackaged) VALUES ('7c6a852b-b9fb-4786-b0d5-49b6cc0cb739', '7527672b-3b02-4aca-8d48-1f104da5ce77', '{"hp": 45, "rack": "a", "range": 1711, "volume": 70, "falloff": "linear", "cooldown": 2.7, "tracking": 113, "hull_damage": 1545, "armor_damage": 952, "can_mine_gas": false, "can_mine_ice": false, "can_mine_ore": false, "needs_target": true, "shield_damage": 265, "activation_heat": 11.3, "ammunition_name": "Auto-11 Belt", "ammunition_type": "f9de544c-64b4-420e-8672-b2f5f4f9c9cc", "industrialmarket": {"maxprice": 53697, "minprice": 18771, "silosize": 1000}, "activation_energy": 3.3, "ore_mining_volume": 0, "activation_gfx_effect": "medium_auto-11_cannon"}', '2022-12-06 16:50:41.351591-05', '40108194-6c30-4202-ae66-6e658f660972', 'Module for new noob ship for player', '093ae6d5-ffa9-4b8f-8d55-ddce16f35c65', 1, false);
    INSERT INTO public.items (id, itemtypeid, meta, created, createdby, createdreason, containerid, quantity, ispackaged) VALUES ('cd11d81e-c66b-4f9f-ac39-6f2bc7b80016', 'fe071049-81a6-4d51-8660-e0a3c32b3853', '{"hp": 20, "rack": "a", "volume": 80, "cooldown": 125.4, "activation_heat": 214.3, "industrialmarket": {"maxprice": 34503, "minprice": 16849, "silosize": 1000}, "activation_energy": 1825}', '2022-12-06 16:50:41.35336-05', '40108194-6c30-4202-ae66-6e658f660972', 'Module for new noob ship for player', '093ae6d5-ffa9-4b8f-8d55-ddce16f35c65', 1, false);
    INSERT INTO public.items (id, itemtypeid, meta, created, createdby, createdreason, containerid, quantity, ispackaged) VALUES ('deb4781c-30a4-4a74-8ff3-9a3e5f9db9c6', 'fe071049-81a6-4d51-8660-e0a3c32b3853', '{"hp": 20, "rack": "a", "volume": 80, "cooldown": 125.4, "activation_heat": 214.3, "industrialmarket": {"maxprice": 34503, "minprice": 16849, "silosize": 1000}, "activation_energy": 1825}', '2022-12-06 16:50:41.355275-05', '40108194-6c30-4202-ae66-6e658f660972', 'Module for new noob ship for player', '093ae6d5-ffa9-4b8f-8d55-ddce16f35c65', 1, false);
    INSERT INTO public.items (id, itemtypeid, meta, created, createdby, createdreason, containerid, quantity, ispackaged) VALUES ('7c3a509a-b51b-4dd9-9f54-109349454294', '35183be9-e4b0-40dd-8b05-a6e1b97f66f6', '{"hp": 11, "rack": "b", "range": 11376, "volume": 80, "falloff": "linear", "cooldown": 54.2, "needs_target": true, "activation_heat": 1780, "drag_multiplier": 9.5, "industrialmarket": {"maxprice": 60677, "minprice": 58800, "silosize": 200}, "activation_energy": 1665, "activation_gfx_effect": "medium_aether_dragger"}', '2022-12-06 16:50:41.357103-05', '40108194-6c30-4202-ae66-6e658f660972', 'Module for new noob ship for player', '093ae6d5-ffa9-4b8f-8d55-ddce16f35c65', 1, false);
    INSERT INTO public.items (id, itemtypeid, meta, created, createdby, createdreason, containerid, quantity, ispackaged) VALUES ('0de78a78-8a8e-4d7b-a206-fa3916f87804', '6789f483-7a7c-49a1-a5a1-4509ecdeea5d', '{"hp": 23, "rack": "b", "range": 5487, "volume": 65, "falloff": "linear", "cooldown": 43.7, "needs_target": true, "activation_heat": 1399, "drag_multiplier": 60.5, "industrialmarket": {"maxprice": 31655, "minprice": 22498, "silosize": 500}, "activation_energy": 1526, "activation_gfx_effect": "medium_aether_dragger"}', '2022-12-06 16:50:41.358853-05', '40108194-6c30-4202-ae66-6e658f660972', 'Module for new noob ship for player', '093ae6d5-ffa9-4b8f-8d55-ddce16f35c65', 1, false);
    INSERT INTO public.items (id, itemtypeid, meta, created, createdby, createdreason, containerid, quantity, ispackaged) VALUES ('bf9daa55-f923-405e-8a56-740610a4bbca', 'caa1322a-0c9e-4d8a-9a3b-00dc2e41cc76', '{"hp": 60, "rack": "b", "volume": 70, "cooldown": 58.1, "needs_target": false, "activation_heat": 988, "industrialmarket": {"maxprice": 1566, "minprice": 8610, "silosize": 1000}, "activation_energy": 754}', '2022-12-06 16:50:41.360585-05', '40108194-6c30-4202-ae66-6e658f660972', 'Module for new noob ship for player', '093ae6d5-ffa9-4b8f-8d55-ddce16f35c65', 1, false);
    INSERT INTO public.items (id, itemtypeid, meta, created, createdby, createdreason, containerid, quantity, ispackaged) VALUES ('1880f46b-29ec-403c-858d-cea82beef298', '242b4af2-1384-4976-a8c2-3b0561398341', '{"hp": 26, "rack": "b", "volume": 50, "cooldown": 14.9, "needs_target": false, "activation_heat": 1142, "industrialmarket": {"maxprice": 13906, "minprice": 8456, "silosize": 1000}, "activation_energy": 365}', '2022-12-06 16:50:41.362245-05', '40108194-6c30-4202-ae66-6e658f660972', 'Module for new noob ship for player', '093ae6d5-ffa9-4b8f-8d55-ddce16f35c65', 1, false);
    INSERT INTO public.items (id, itemtypeid, meta, created, createdby, createdreason, containerid, quantity, ispackaged) VALUES ('ae549374-6716-473f-a25c-e5ec99e079cf', 'e465105a-30fd-480c-97fa-74659532b6dc', '{"hp": 21, "rack": "c", "volume": 59, "industrialmarket": {"maxprice": 44798, "minprice": 28901, "silosize": 200}, "energy_regen_max_add": 37}', '2022-12-06 16:50:41.363903-05', '40108194-6c30-4202-ae66-6e658f660972', 'Module for new noob ship for player', '093ae6d5-ffa9-4b8f-8d55-ddce16f35c65', 1, false);
    INSERT INTO public.items (id, itemtypeid, meta, created, createdby, createdreason, containerid, quantity, ispackaged) VALUES ('c04c767c-ad3c-4374-800c-eef2fde4c335', 'e465105a-30fd-480c-97fa-74659532b6dc', '{"hp": 21, "rack": "c", "volume": 59, "industrialmarket": {"maxprice": 44798, "minprice": 28901, "silosize": 200}, "energy_regen_max_add": 37}', '2022-12-06 16:50:41.365795-05', '40108194-6c30-4202-ae66-6e658f660972', 'Module for new noob ship for player', '093ae6d5-ffa9-4b8f-8d55-ddce16f35c65', 1, false);
    INSERT INTO public.items (id, itemtypeid, meta, created, createdby, createdreason, containerid, quantity, ispackaged) VALUES ('c7f2b089-37b9-4710-ac67-484fb906d5d6', 'a033c394-10ae-4a50-8eec-7ee7ea43b321', '{"hp": 29, "rack": "c", "volume": 60, "energy_max_add": 508, "industrialmarket": {"maxprice": 9269, "minprice": 4417, "silosize": 1000}}', '2022-12-06 16:50:41.367582-05', '40108194-6c30-4202-ae66-6e658f660972', 'Module for new noob ship for player', '093ae6d5-ffa9-4b8f-8d55-ddce16f35c65', 1, false);
    INSERT INTO public.items (id, itemtypeid, meta, created, createdby, createdreason, containerid, quantity, ispackaged) VALUES ('e786688d-b2c9-48c3-9e1f-469d7bd17495', 'a033c394-10ae-4a50-8eec-7ee7ea43b321', '{"hp": 29, "rack": "c", "volume": 60, "energy_max_add": 508, "industrialmarket": {"maxprice": 9269, "minprice": 4417, "silosize": 1000}}', '2022-12-06 16:50:41.369401-05', '40108194-6c30-4202-ae66-6e658f660972', 'Module for new noob ship for player', '093ae6d5-ffa9-4b8f-8d55-ddce16f35c65', 1, false);

    -- fix current ship ids
    update users set current_shipid = '3dc46133-29f2-4eb6-8bdf-78fcfc708f78' where id = '7104872c-80d0-40df-970f-a722f1cf914c';
    update users set current_shipid = '10aa0f8b-f76e-40db-bbe7-86c6ae275a46' where id = '1270b801-60a5-4cf9-8d3b-e7052ff6aa72';
    update users set current_shipid = 'edafd33a-b8fa-4dca-8c3a-70e30ec55c59' where id = '3e356856-82fb-4540-9c33-b5953cb4c94f';
    update users set current_shipid = 'af911c94-5c61-4f6d-b873-38a75d5233c4' where id = '40108194-6c30-4202-ae66-6e658f660972';

-- coalition

    -- containers
    INSERT INTO public.containers (id, meta, created) VALUES ('f09b8477-fbc6-47dd-8751-86e3cbd5bdef', '{}', '2022-12-06 16:56:59.260173-05');
    INSERT INTO public.containers (id, meta, created) VALUES ('7c721ad9-bfdb-470b-ab1e-f4f282b98894', '{}', '2022-12-06 16:56:59.279009-05');
    INSERT INTO public.containers (id, meta, created) VALUES ('f814eb12-b75b-405a-8764-7f39ef4f0dfd', '{}', '2022-12-06 16:56:59.281318-05');
    INSERT INTO public.containers (id, meta, created) VALUES ('d434229d-445f-4d57-a4e9-8d66594d4046', '{}', '2022-12-06 16:56:59.283457-05');
    INSERT INTO public.containers (id, meta, created) VALUES ('4d97c154-a959-4d86-8eb8-c07c022307b2', '{}', '2022-12-06 16:56:59.324336-05');
    INSERT INTO public.containers (id, meta, created) VALUES ('dbd77584-be51-4b2b-883f-0e867b19ae5a', '{}', '2022-12-06 16:56:59.329124-05');
    INSERT INTO public.containers (id, meta, created) VALUES ('8029891b-a094-4ff9-9dae-9bd02f09f7d7', '{}', '2022-12-06 16:56:59.330845-05');
    INSERT INTO public.containers (id, meta, created) VALUES ('afc5521c-4827-4672-9762-451df34d6fb3', '{}', '2022-12-06 16:56:59.332554-05');
    INSERT INTO public.containers (id, meta, created) VALUES ('043ba8b7-8443-4a9d-a933-a4681a16c82c', '{}', '2022-12-06 16:56:59.362616-05');
    INSERT INTO public.containers (id, meta, created) VALUES ('4ebb4274-8788-4def-a0e5-a7c227b6d7a2', '{}', '2022-12-06 16:56:59.366234-05');
    INSERT INTO public.containers (id, meta, created) VALUES ('d04847d9-7c3b-44ca-aaf8-52d14bcf979b', '{}', '2022-12-06 16:56:59.367767-05');
    INSERT INTO public.containers (id, meta, created) VALUES ('90649ed2-ab7e-43e5-9eb0-43ada92db3af', '{}', '2022-12-06 16:56:59.369344-05');
    INSERT INTO public.containers (id, meta, created) VALUES ('ef7a93b2-67b4-40e6-9bea-88de6644e32d', '{}', '2022-12-06 16:56:59.399569-05');
    INSERT INTO public.containers (id, meta, created) VALUES ('d7c6ed36-4988-4b9d-b521-b00e3cd99786', '{}', '2022-12-06 16:56:59.403129-05');
    INSERT INTO public.containers (id, meta, created) VALUES ('c8beee01-220f-42bb-b5fb-c037b5ba1ce8', '{}', '2022-12-06 16:56:59.404387-05');
    INSERT INTO public.containers (id, meta, created) VALUES ('b90d1d02-af2f-4e44-9942-1d3b2b5a3758', '{}', '2022-12-06 16:56:59.405607-05');

    -- users
    INSERT INTO public.users (id, charactername, hashpass, registered, banned, current_shipid, startid, escrow_containerid, current_factionid, reputationsheet, isnpc, behaviourmode, emailaddress, experiencesheet, registeredip, isdev, resettoken) VALUES ('c2e07a20-3ed7-4059-bb97-fce00d7f39b5', 'Errol Palmer', '1256183c5a2e3cecb33cacbf7606de2edfdccc29bffd06346e2db2122fb8fa63', '2022-12-06 16:56:59.273794-05', B'0', NULL, '7c33813c-1c5e-4067-8dc6-e02a735f1ced', 'f09b8477-fbc6-47dd-8751-86e3cbd5bdef', '5db2bec7-37c3-4f1c-ab88-21024c12d639', '{"factionEntries": {"27a53dfc-a321-4c12-bf7c-bb177955c95b": {"FactionID": "27a53dfc-a321-4c12-bf7c-bb177955c95b", "StandingValue": -3, "AreOpenlyHostile": true}, "30bc70eb-2692-47e6-a7e3-2772e131c3d7": {"FactionID": "30bc70eb-2692-47e6-a7e3-2772e131c3d7", "StandingValue": -0.5, "AreOpenlyHostile": false}, "506286f5-6613-4481-ac26-caa9940fbe68": {"FactionID": "506286f5-6613-4481-ac26-caa9940fbe68", "StandingValue": 0.5, "AreOpenlyHostile": false}, "559d7fc1-5470-4ab4-8c66-fa2f0b89a523": {"FactionID": "559d7fc1-5470-4ab4-8c66-fa2f0b89a523", "StandingValue": -0.5, "AreOpenlyHostile": false}, "5db2bec7-37c3-4f1c-ab88-21024c12d639": {"FactionID": "5db2bec7-37c3-4f1c-ab88-21024c12d639", "StandingValue": 10, "AreOpenlyHostile": false}, "7decfd86-9c82-4a17-af3b-5d4af8c4e2ad": {"FactionID": "7decfd86-9c82-4a17-af3b-5d4af8c4e2ad", "StandingValue": -3, "AreOpenlyHostile": true}, "a0152cbb-8a78-45a4-ae9b-2ad2b60b583b": {"FactionID": "a0152cbb-8a78-45a4-ae9b-2ad2b60b583b", "StandingValue": -4, "AreOpenlyHostile": true}, "b3d3fa9c-b21e-490f-b39e-128b3af12128": {"FactionID": "b3d3fa9c-b21e-490f-b39e-128b3af12128", "StandingValue": 0, "AreOpenlyHostile": false}, "bdeffd9a-3cab-408c-9cd7-32fce1124f7a": {"FactionID": "bdeffd9a-3cab-408c-9cd7-32fce1124f7a", "StandingValue": 5, "AreOpenlyHostile": false}}}', true, 2, NULL, '{}', '[::1]:50816', false, NULL);
    INSERT INTO public.users (id, charactername, hashpass, registered, banned, current_shipid, startid, escrow_containerid, current_factionid, reputationsheet, isnpc, behaviourmode, emailaddress, experiencesheet, registeredip, isdev, resettoken) VALUES ('4c473046-b533-46c7-aae5-a93e7d5720e2', 'Liza Mikhailova', '54d22f143034bb7b3a545c884353f4a1887a1a9235d51931595e0ce9d91b7f41', '2022-12-06 16:56:59.32617-05', B'0', NULL, '7c33813c-1c5e-4067-8dc6-e02a735f1ced', '4d97c154-a959-4d86-8eb8-c07c022307b2', '5db2bec7-37c3-4f1c-ab88-21024c12d639', '{"factionEntries": {"27a53dfc-a321-4c12-bf7c-bb177955c95b": {"FactionID": "27a53dfc-a321-4c12-bf7c-bb177955c95b", "StandingValue": -3, "AreOpenlyHostile": true}, "30bc70eb-2692-47e6-a7e3-2772e131c3d7": {"FactionID": "30bc70eb-2692-47e6-a7e3-2772e131c3d7", "StandingValue": -0.5, "AreOpenlyHostile": false}, "506286f5-6613-4481-ac26-caa9940fbe68": {"FactionID": "506286f5-6613-4481-ac26-caa9940fbe68", "StandingValue": 0.5, "AreOpenlyHostile": false}, "559d7fc1-5470-4ab4-8c66-fa2f0b89a523": {"FactionID": "559d7fc1-5470-4ab4-8c66-fa2f0b89a523", "StandingValue": -0.5, "AreOpenlyHostile": false}, "5db2bec7-37c3-4f1c-ab88-21024c12d639": {"FactionID": "5db2bec7-37c3-4f1c-ab88-21024c12d639", "StandingValue": 10, "AreOpenlyHostile": false}, "7decfd86-9c82-4a17-af3b-5d4af8c4e2ad": {"FactionID": "7decfd86-9c82-4a17-af3b-5d4af8c4e2ad", "StandingValue": -3, "AreOpenlyHostile": true}, "a0152cbb-8a78-45a4-ae9b-2ad2b60b583b": {"FactionID": "a0152cbb-8a78-45a4-ae9b-2ad2b60b583b", "StandingValue": -4, "AreOpenlyHostile": true}, "b3d3fa9c-b21e-490f-b39e-128b3af12128": {"FactionID": "b3d3fa9c-b21e-490f-b39e-128b3af12128", "StandingValue": 0, "AreOpenlyHostile": false}, "bdeffd9a-3cab-408c-9cd7-32fce1124f7a": {"FactionID": "bdeffd9a-3cab-408c-9cd7-32fce1124f7a", "StandingValue": 5, "AreOpenlyHostile": false}}}', true, 2, NULL, '{}', '[::1]:50816', false, NULL);
    INSERT INTO public.users (id, charactername, hashpass, registered, banned, current_shipid, startid, escrow_containerid, current_factionid, reputationsheet, isnpc, behaviourmode, emailaddress, experiencesheet, registeredip, isdev, resettoken) VALUES ('a92fc760-7b58-4232-9fcb-56d658da8256', 'Anup Palla', '9f1c1bd8475883ba5cc8ce8e18a10ffb8e78c6b6ecf59d53d33896beaad24e72', '2022-12-06 16:56:59.363829-05', B'0', NULL, '7c33813c-1c5e-4067-8dc6-e02a735f1ced', '043ba8b7-8443-4a9d-a933-a4681a16c82c', '5db2bec7-37c3-4f1c-ab88-21024c12d639', '{"factionEntries": {"27a53dfc-a321-4c12-bf7c-bb177955c95b": {"FactionID": "27a53dfc-a321-4c12-bf7c-bb177955c95b", "StandingValue": -3, "AreOpenlyHostile": true}, "30bc70eb-2692-47e6-a7e3-2772e131c3d7": {"FactionID": "30bc70eb-2692-47e6-a7e3-2772e131c3d7", "StandingValue": -0.5, "AreOpenlyHostile": false}, "506286f5-6613-4481-ac26-caa9940fbe68": {"FactionID": "506286f5-6613-4481-ac26-caa9940fbe68", "StandingValue": 0.5, "AreOpenlyHostile": false}, "559d7fc1-5470-4ab4-8c66-fa2f0b89a523": {"FactionID": "559d7fc1-5470-4ab4-8c66-fa2f0b89a523", "StandingValue": -0.5, "AreOpenlyHostile": false}, "5db2bec7-37c3-4f1c-ab88-21024c12d639": {"FactionID": "5db2bec7-37c3-4f1c-ab88-21024c12d639", "StandingValue": 10, "AreOpenlyHostile": false}, "7decfd86-9c82-4a17-af3b-5d4af8c4e2ad": {"FactionID": "7decfd86-9c82-4a17-af3b-5d4af8c4e2ad", "StandingValue": -3, "AreOpenlyHostile": true}, "a0152cbb-8a78-45a4-ae9b-2ad2b60b583b": {"FactionID": "a0152cbb-8a78-45a4-ae9b-2ad2b60b583b", "StandingValue": -4, "AreOpenlyHostile": true}, "b3d3fa9c-b21e-490f-b39e-128b3af12128": {"FactionID": "b3d3fa9c-b21e-490f-b39e-128b3af12128", "StandingValue": 0, "AreOpenlyHostile": false}, "bdeffd9a-3cab-408c-9cd7-32fce1124f7a": {"FactionID": "bdeffd9a-3cab-408c-9cd7-32fce1124f7a", "StandingValue": 5, "AreOpenlyHostile": false}}}', true, 2, NULL, '{}', '[::1]:50816', false, NULL);
    INSERT INTO public.users (id, charactername, hashpass, registered, banned, current_shipid, startid, escrow_containerid, current_factionid, reputationsheet, isnpc, behaviourmode, emailaddress, experiencesheet, registeredip, isdev, resettoken) VALUES ('a4aebff5-d140-4962-8bed-b2231b579ad0', 'Fritz Frei', '058ffb24b421dd666ea8a09ade6382893b1e4808299d01dfbe61882011b66768', '2022-12-06 16:56:59.400989-05', B'0', NULL, '7c33813c-1c5e-4067-8dc6-e02a735f1ced', 'ef7a93b2-67b4-40e6-9bea-88de6644e32d', '5db2bec7-37c3-4f1c-ab88-21024c12d639', '{"factionEntries": {"27a53dfc-a321-4c12-bf7c-bb177955c95b": {"FactionID": "27a53dfc-a321-4c12-bf7c-bb177955c95b", "StandingValue": -3, "AreOpenlyHostile": true}, "30bc70eb-2692-47e6-a7e3-2772e131c3d7": {"FactionID": "30bc70eb-2692-47e6-a7e3-2772e131c3d7", "StandingValue": -0.5, "AreOpenlyHostile": false}, "506286f5-6613-4481-ac26-caa9940fbe68": {"FactionID": "506286f5-6613-4481-ac26-caa9940fbe68", "StandingValue": 0.5, "AreOpenlyHostile": false}, "559d7fc1-5470-4ab4-8c66-fa2f0b89a523": {"FactionID": "559d7fc1-5470-4ab4-8c66-fa2f0b89a523", "StandingValue": -0.5, "AreOpenlyHostile": false}, "5db2bec7-37c3-4f1c-ab88-21024c12d639": {"FactionID": "5db2bec7-37c3-4f1c-ab88-21024c12d639", "StandingValue": 10, "AreOpenlyHostile": false}, "7decfd86-9c82-4a17-af3b-5d4af8c4e2ad": {"FactionID": "7decfd86-9c82-4a17-af3b-5d4af8c4e2ad", "StandingValue": -3, "AreOpenlyHostile": true}, "a0152cbb-8a78-45a4-ae9b-2ad2b60b583b": {"FactionID": "a0152cbb-8a78-45a4-ae9b-2ad2b60b583b", "StandingValue": -4, "AreOpenlyHostile": true}, "b3d3fa9c-b21e-490f-b39e-128b3af12128": {"FactionID": "b3d3fa9c-b21e-490f-b39e-128b3af12128", "StandingValue": 0, "AreOpenlyHostile": false}, "bdeffd9a-3cab-408c-9cd7-32fce1124f7a": {"FactionID": "bdeffd9a-3cab-408c-9cd7-32fce1124f7a", "StandingValue": 5, "AreOpenlyHostile": false}}}', true, 2, NULL, '{}', '[::1]:50816', false, NULL);

    -- ships
    INSERT INTO public.ships (id, universe_systemid, userid, pos_x, pos_y, created, shipname, texture, theta, vel_x, vel_y, shield, armor, hull, fuel, heat, energy, shiptemplateid, dockedat_stationid, fitting, destroyed, destroyedat, cargobay_containerid, fittingbay_containerid, remaxdirty, trash_containerid, wallet, noload, flightexperiencemodifier) VALUES ('22155c42-dcab-4e2f-9c82-9ed77471b48b', '5e829d81-6d7a-4f4e-827c-2f57d7e8311b', 'c2e07a20-3ed7-4059-bb97-fce00d7f39b5', 0, 0, '2022-12-06 16:56:59.317397-05', 'Errol Palmer''s Starter Ship', 'Kudu', 0, 0, 0, 6917, 2145, 1422, 5105, 0, 1466, 'baa7d3dd-4261-43d7-94b5-d9e058e03b5d', '92edfcf5-b348-4cdf-b8b6-4fe41acc6f75', '{"a_rack": [{"item_id": "e2977d6a-d8b5-48b2-a47b-29b223ac40c1", "slot_idx": 0, "item_type_id": "5e19ae7f-4725-45f3-b95b-eb849bb59416"}, {"item_id": "07fedafd-8ac3-4802-bb94-d108cef54311", "slot_idx": 1, "item_type_id": "5e19ae7f-4725-45f3-b95b-eb849bb59416"}, {"item_id": "8a4ddde7-6eaf-4f30-94da-e400e6998706", "slot_idx": 2, "item_type_id": "a8403283-b4c4-4735-9c68-5ca4fb895266"}, {"item_id": "c7c15f26-5fe9-4fcb-b007-b85e5d492c74", "slot_idx": 3, "item_type_id": "a8403283-b4c4-4735-9c68-5ca4fb895266"}, {"item_id": "0a94ac0a-56f7-4319-b13f-33b2319d93c9", "slot_idx": 4, "item_type_id": "ed1c23cd-50fc-4fb1-9b61-945e7178081c"}, {"item_id": "622ece27-7ff7-4844-81a7-864cd811b67a", "slot_idx": 5, "item_type_id": "b637a000-684d-4864-a700-d19f11fe5d6a"}], "b_rack": [{"item_id": "f6d4625f-21ef-4662-b170-a2f228886f2b", "slot_idx": 0, "item_type_id": "434d961e-09a3-4ba7-90d5-aa702c4e5fdf"}, {"item_id": "6d868a33-18ee-49df-a94d-f5f0e8736e40", "slot_idx": 1, "item_type_id": "434d961e-09a3-4ba7-90d5-aa702c4e5fdf"}, {"item_id": "46cca9f1-ae5c-458c-ae9c-a1903def7bed", "slot_idx": 2, "item_type_id": "242b4af2-1384-4976-a8c2-3b0561398341"}, {"item_id": "8bc2acc1-79a5-448b-8f0d-706a12e7380f", "slot_idx": 3, "item_type_id": "caa1322a-0c9e-4d8a-9a3b-00dc2e41cc76"}, {"item_id": "727f35ab-4a58-4347-aeef-a919cecf6100", "slot_idx": 4, "item_type_id": "643b06f8-3df2-40d4-abfe-37d55287d628"}], "c_rack": [{"item_id": "615ec28d-3e9e-44b3-bb8d-07fa9fa21617", "slot_idx": 0, "item_type_id": "eeac9bfc-70f1-45da-965c-fa9101bede4e"}, {"item_id": "09b4fbb5-f392-4826-9856-115f19df0424", "slot_idx": 1, "item_type_id": "eeac9bfc-70f1-45da-965c-fa9101bede4e"}, {"item_id": "72ad4a3c-1851-491b-b9b4-fd28ea0ada20", "slot_idx": 2, "item_type_id": "15291fcb-6edf-43d4-85e1-6cabc958251b"}]}', false, NULL, 'f814eb12-b75b-405a-8764-7f39ef4f0dfd', 'd434229d-445f-4d57-a4e9-8d66594d4046', true, '7c721ad9-bfdb-470b-ab1e-f4f282b98894', 10000, false, 1);
    INSERT INTO public.ships (id, universe_systemid, userid, pos_x, pos_y, created, shipname, texture, theta, vel_x, vel_y, shield, armor, hull, fuel, heat, energy, shiptemplateid, dockedat_stationid, fitting, destroyed, destroyedat, cargobay_containerid, fittingbay_containerid, remaxdirty, trash_containerid, wallet, noload, flightexperiencemodifier) VALUES ('72008495-e052-47f6-8822-b1905dc27d48', '5e829d81-6d7a-4f4e-827c-2f57d7e8311b', '4c473046-b533-46c7-aae5-a93e7d5720e2', 0, 0, '2022-12-06 16:56:59.357921-05', 'Liza Mikhailova''s Starter Ship', 'Kudu', 0, 0, 0, 6917, 2145, 1422, 5105, 0, 1466, 'baa7d3dd-4261-43d7-94b5-d9e058e03b5d', '92edfcf5-b348-4cdf-b8b6-4fe41acc6f75', '{"a_rack": [{"item_id": "c5799600-5a0f-4411-847d-c22bf4a86a31", "slot_idx": 0, "item_type_id": "5e19ae7f-4725-45f3-b95b-eb849bb59416"}, {"item_id": "d37e608a-9044-448d-a9b5-2174d48031d0", "slot_idx": 1, "item_type_id": "5e19ae7f-4725-45f3-b95b-eb849bb59416"}, {"item_id": "86c8ada5-1a30-46d3-814d-40e7ab3d2118", "slot_idx": 2, "item_type_id": "a8403283-b4c4-4735-9c68-5ca4fb895266"}, {"item_id": "e97c6b0a-0315-426b-b09b-7f905637d655", "slot_idx": 3, "item_type_id": "a8403283-b4c4-4735-9c68-5ca4fb895266"}, {"item_id": "445c9e04-2341-473a-a320-ed1eb08c803e", "slot_idx": 4, "item_type_id": "ed1c23cd-50fc-4fb1-9b61-945e7178081c"}, {"item_id": "182178b3-4e80-4030-9782-b60a2cb54e86", "slot_idx": 5, "item_type_id": "b637a000-684d-4864-a700-d19f11fe5d6a"}], "b_rack": [{"item_id": "6dc2f8a0-f7c1-439f-8457-00f348b95418", "slot_idx": 0, "item_type_id": "434d961e-09a3-4ba7-90d5-aa702c4e5fdf"}, {"item_id": "8539b905-ada1-404f-ae42-e8727b1366f2", "slot_idx": 1, "item_type_id": "434d961e-09a3-4ba7-90d5-aa702c4e5fdf"}, {"item_id": "5cc4f13e-b937-4c42-8559-af8b73e53e32", "slot_idx": 2, "item_type_id": "242b4af2-1384-4976-a8c2-3b0561398341"}, {"item_id": "6076be36-e325-48aa-b3e0-fc35435fea3b", "slot_idx": 3, "item_type_id": "caa1322a-0c9e-4d8a-9a3b-00dc2e41cc76"}, {"item_id": "da08f7d0-efd9-49fc-ad44-f304ac915ead", "slot_idx": 4, "item_type_id": "643b06f8-3df2-40d4-abfe-37d55287d628"}], "c_rack": [{"item_id": "a0aeb287-1b57-4551-8ec0-873fb6fe6ced", "slot_idx": 0, "item_type_id": "eeac9bfc-70f1-45da-965c-fa9101bede4e"}, {"item_id": "0a0d6e7c-583b-4fdc-95aa-1fd859c10556", "slot_idx": 1, "item_type_id": "eeac9bfc-70f1-45da-965c-fa9101bede4e"}, {"item_id": "442e0cda-a2e9-44a4-8ebe-f596a17f20cb", "slot_idx": 2, "item_type_id": "15291fcb-6edf-43d4-85e1-6cabc958251b"}]}', false, NULL, '8029891b-a094-4ff9-9dae-9bd02f09f7d7', 'afc5521c-4827-4672-9762-451df34d6fb3', true, 'dbd77584-be51-4b2b-883f-0e867b19ae5a', 10000, false, 1);
    INSERT INTO public.ships (id, universe_systemid, userid, pos_x, pos_y, created, shipname, texture, theta, vel_x, vel_y, shield, armor, hull, fuel, heat, energy, shiptemplateid, dockedat_stationid, fitting, destroyed, destroyedat, cargobay_containerid, fittingbay_containerid, remaxdirty, trash_containerid, wallet, noload, flightexperiencemodifier) VALUES ('485c52fa-cb9b-4a4f-bd6f-4151a7519fa1', '5e829d81-6d7a-4f4e-827c-2f57d7e8311b', 'a92fc760-7b58-4232-9fcb-56d658da8256', 0, 0, '2022-12-06 16:56:59.393821-05', 'Anup Palla''s Starter Ship', 'Kudu', 0, 0, 0, 6917, 2145, 1422, 5105, 0, 1466, 'baa7d3dd-4261-43d7-94b5-d9e058e03b5d', '92edfcf5-b348-4cdf-b8b6-4fe41acc6f75', '{"a_rack": [{"item_id": "18cc3541-cee5-45fe-aeec-676d4c0a9bad", "slot_idx": 0, "item_type_id": "5e19ae7f-4725-45f3-b95b-eb849bb59416"}, {"item_id": "ca7e7cbc-7a9f-4de9-92b7-8d1cc8e2e2fe", "slot_idx": 1, "item_type_id": "5e19ae7f-4725-45f3-b95b-eb849bb59416"}, {"item_id": "7c8898a2-f4fd-44a1-8f1a-e36dc6f144cf", "slot_idx": 2, "item_type_id": "a8403283-b4c4-4735-9c68-5ca4fb895266"}, {"item_id": "a0e9be0f-bebe-4c6e-875a-6cd5cf73ed5c", "slot_idx": 3, "item_type_id": "a8403283-b4c4-4735-9c68-5ca4fb895266"}, {"item_id": "48588e17-9e48-4d48-922b-33886880bcde", "slot_idx": 4, "item_type_id": "ed1c23cd-50fc-4fb1-9b61-945e7178081c"}, {"item_id": "6aa470d4-5e2d-4ec5-abfc-d07b95bd729f", "slot_idx": 5, "item_type_id": "b637a000-684d-4864-a700-d19f11fe5d6a"}], "b_rack": [{"item_id": "db9922ca-9e01-407c-a6fb-4705667b7a2d", "slot_idx": 0, "item_type_id": "434d961e-09a3-4ba7-90d5-aa702c4e5fdf"}, {"item_id": "cf2ed552-ece4-4b34-8500-916e224fb7a2", "slot_idx": 1, "item_type_id": "434d961e-09a3-4ba7-90d5-aa702c4e5fdf"}, {"item_id": "96a97a71-96a1-4e5e-b990-b8c83a549422", "slot_idx": 2, "item_type_id": "242b4af2-1384-4976-a8c2-3b0561398341"}, {"item_id": "8b490713-a01a-4cc5-a3f2-acf5666c36b0", "slot_idx": 3, "item_type_id": "caa1322a-0c9e-4d8a-9a3b-00dc2e41cc76"}, {"item_id": "34e00f3f-f43e-4470-af77-419b006bab06", "slot_idx": 4, "item_type_id": "643b06f8-3df2-40d4-abfe-37d55287d628"}], "c_rack": [{"item_id": "92921fc0-6e08-4107-b212-c4b7995fabf5", "slot_idx": 0, "item_type_id": "eeac9bfc-70f1-45da-965c-fa9101bede4e"}, {"item_id": "0fc139e1-9a5d-465e-874b-e49f6227192f", "slot_idx": 1, "item_type_id": "eeac9bfc-70f1-45da-965c-fa9101bede4e"}, {"item_id": "1b0c10dd-61ab-426c-8d13-bfcdc7d5dfe2", "slot_idx": 2, "item_type_id": "15291fcb-6edf-43d4-85e1-6cabc958251b"}]}', false, NULL, 'd04847d9-7c3b-44ca-aaf8-52d14bcf979b', '90649ed2-ab7e-43e5-9eb0-43ada92db3af', true, '4ebb4274-8788-4def-a0e5-a7c227b6d7a2', 10000, false, 1);
    INSERT INTO public.ships (id, universe_systemid, userid, pos_x, pos_y, created, shipname, texture, theta, vel_x, vel_y, shield, armor, hull, fuel, heat, energy, shiptemplateid, dockedat_stationid, fitting, destroyed, destroyedat, cargobay_containerid, fittingbay_containerid, remaxdirty, trash_containerid, wallet, noload, flightexperiencemodifier) VALUES ('8952ba23-9de9-4435-96a6-132b24126961', '5e829d81-6d7a-4f4e-827c-2f57d7e8311b', 'a4aebff5-d140-4962-8bed-b2231b579ad0', 0, 0, '2022-12-06 16:56:59.430126-05', 'Fritz Frei''s Starter Ship', 'Kudu', 0, 0, 0, 6917, 2145, 1422, 5105, 0, 1466, 'baa7d3dd-4261-43d7-94b5-d9e058e03b5d', '92edfcf5-b348-4cdf-b8b6-4fe41acc6f75', '{"a_rack": [{"item_id": "e71bd333-b227-4929-9706-7b1148a066a8", "slot_idx": 0, "item_type_id": "5e19ae7f-4725-45f3-b95b-eb849bb59416"}, {"item_id": "217f0f36-2298-424e-8747-56db5ed4905b", "slot_idx": 1, "item_type_id": "5e19ae7f-4725-45f3-b95b-eb849bb59416"}, {"item_id": "588165ac-91db-42c3-91b0-27cfdc1dfeeb", "slot_idx": 2, "item_type_id": "a8403283-b4c4-4735-9c68-5ca4fb895266"}, {"item_id": "622dd744-4d2d-4ee2-b0b6-bcf56be77068", "slot_idx": 3, "item_type_id": "a8403283-b4c4-4735-9c68-5ca4fb895266"}, {"item_id": "f11054eb-0ead-4e11-8bcb-cf159cca4c2c", "slot_idx": 4, "item_type_id": "ed1c23cd-50fc-4fb1-9b61-945e7178081c"}, {"item_id": "43e651f5-7dee-4281-9868-5991617a8625", "slot_idx": 5, "item_type_id": "b637a000-684d-4864-a700-d19f11fe5d6a"}], "b_rack": [{"item_id": "87550067-3f75-4e8b-bfcb-4f3342854992", "slot_idx": 0, "item_type_id": "434d961e-09a3-4ba7-90d5-aa702c4e5fdf"}, {"item_id": "969b95d5-83cb-494b-b24b-a6c2351366c0", "slot_idx": 1, "item_type_id": "434d961e-09a3-4ba7-90d5-aa702c4e5fdf"}, {"item_id": "81fe4a63-fc13-49fd-b78b-9134ec6c7e7b", "slot_idx": 2, "item_type_id": "242b4af2-1384-4976-a8c2-3b0561398341"}, {"item_id": "d302900e-29ad-4d19-be13-90cd50ea0e28", "slot_idx": 3, "item_type_id": "caa1322a-0c9e-4d8a-9a3b-00dc2e41cc76"}, {"item_id": "eef7d026-6d1f-42f3-b5e2-f5baef02cd31", "slot_idx": 4, "item_type_id": "643b06f8-3df2-40d4-abfe-37d55287d628"}], "c_rack": [{"item_id": "8dfed855-6954-4980-9ba7-f8e098f3b1f7", "slot_idx": 0, "item_type_id": "eeac9bfc-70f1-45da-965c-fa9101bede4e"}, {"item_id": "fb566449-2859-4816-9b2c-3a3d7337b2cc", "slot_idx": 1, "item_type_id": "eeac9bfc-70f1-45da-965c-fa9101bede4e"}, {"item_id": "8e250c7f-7f21-46a5-97b7-7ecf8f77f13a", "slot_idx": 2, "item_type_id": "15291fcb-6edf-43d4-85e1-6cabc958251b"}]}', false, NULL, 'c8beee01-220f-42bb-b5fb-c037b5ba1ce8', 'b90d1d02-af2f-4e44-9942-1d3b2b5a3758', true, 'd7c6ed36-4988-4b9d-b521-b00e3cd99786', 10000, false, 1);

    -- items
    INSERT INTO public.items (id, itemtypeid, meta, created, createdby, createdreason, containerid, quantity, ispackaged) VALUES ('e2977d6a-d8b5-48b2-a47b-29b223ac40c1', '5e19ae7f-4725-45f3-b95b-eb849bb59416', '{"hp": 35, "rack": "a", "range": 12864, "volume": 68, "cooldown": 26, "flight_time": 3.3, "hull_damage": 322, "armor_damage": 263, "needs_target": true, "shield_damage": 291, "missile_radius": 2.9, "activation_heat": 82, "ammunition_name": "MHVM-7", "ammunition_type": "0f82a371-cb72-45c7-96cf-4ee5032eb0b1", "fault_tolerance": 0.94, "industrialmarket": {"maxprice": 37345, "minprice": 14607, "silosize": 1000}, "activation_energy": 1.8, "missile_gfx_effect": "mhvm-7", "missile_explosion_effect": "basic_explosion", "missile_explosion_radius": 2.3}', '2022-12-06 16:56:59.286-05', 'c2e07a20-3ed7-4059-bb97-fce00d7f39b5', 'Module for new noob ship for player', 'd434229d-445f-4d57-a4e9-8d66594d4046', 1, false);
    INSERT INTO public.items (id, itemtypeid, meta, created, createdby, createdreason, containerid, quantity, ispackaged) VALUES ('07fedafd-8ac3-4802-bb94-d108cef54311', '5e19ae7f-4725-45f3-b95b-eb849bb59416', '{"hp": 35, "rack": "a", "range": 12864, "volume": 68, "cooldown": 26, "flight_time": 3.3, "hull_damage": 322, "armor_damage": 263, "needs_target": true, "shield_damage": 291, "missile_radius": 2.9, "activation_heat": 82, "ammunition_name": "MHVM-7", "ammunition_type": "0f82a371-cb72-45c7-96cf-4ee5032eb0b1", "fault_tolerance": 0.94, "industrialmarket": {"maxprice": 37345, "minprice": 14607, "silosize": 1000}, "activation_energy": 1.8, "missile_gfx_effect": "mhvm-7", "missile_explosion_effect": "basic_explosion", "missile_explosion_radius": 2.3}', '2022-12-06 16:56:59.289258-05', 'c2e07a20-3ed7-4059-bb97-fce00d7f39b5', 'Module for new noob ship for player', 'd434229d-445f-4d57-a4e9-8d66594d4046', 1, false);
    INSERT INTO public.items (id, itemtypeid, meta, created, createdby, createdreason, containerid, quantity, ispackaged) VALUES ('8a4ddde7-6eaf-4f30-94da-e400e6998706', 'a8403283-b4c4-4735-9c68-5ca4fb895266', '{"hp": 36, "rack": "a", "range": 13420, "volume": 75, "cooldown": 28.3, "flight_time": 33, "hull_damage": 3256, "armor_damage": 3171, "needs_target": true, "shield_damage": 3180, "missile_radius": 3.7, "activation_heat": 132, "ammunition_name": "MGPM-8", "ammunition_type": "5eeb7bfe-4c31-4123-b6a3-cf8528bf7c9c", "fault_tolerance": 0.98, "industrialmarket": {"maxprice": 19360, "minprice": 8875, "silosize": 1000}, "activation_energy": 2.4, "missile_gfx_effect": "mgpm-8", "missile_explosion_effect": "basic_explosion", "missile_explosion_radius": 22}', '2022-12-06 16:56:59.291622-05', 'c2e07a20-3ed7-4059-bb97-fce00d7f39b5', 'Module for new noob ship for player', 'd434229d-445f-4d57-a4e9-8d66594d4046', 1, false);
    INSERT INTO public.items (id, itemtypeid, meta, created, createdby, createdreason, containerid, quantity, ispackaged) VALUES ('c7c15f26-5fe9-4fcb-b007-b85e5d492c74', 'a8403283-b4c4-4735-9c68-5ca4fb895266', '{"hp": 36, "rack": "a", "range": 13420, "volume": 75, "cooldown": 28.3, "flight_time": 33, "hull_damage": 3256, "armor_damage": 3171, "needs_target": true, "shield_damage": 3180, "missile_radius": 3.7, "activation_heat": 132, "ammunition_name": "MGPM-8", "ammunition_type": "5eeb7bfe-4c31-4123-b6a3-cf8528bf7c9c", "fault_tolerance": 0.98, "industrialmarket": {"maxprice": 19360, "minprice": 8875, "silosize": 1000}, "activation_energy": 2.4, "missile_gfx_effect": "mgpm-8", "missile_explosion_effect": "basic_explosion", "missile_explosion_radius": 22}', '2022-12-06 16:56:59.293961-05', 'c2e07a20-3ed7-4059-bb97-fce00d7f39b5', 'Module for new noob ship for player', 'd434229d-445f-4d57-a4e9-8d66594d4046', 1, false);
    INSERT INTO public.items (id, itemtypeid, meta, created, createdby, createdreason, containerid, quantity, ispackaged) VALUES ('0a94ac0a-56f7-4319-b13f-33b2319d93c9', 'ed1c23cd-50fc-4fb1-9b61-945e7178081c', '{"hp": 13, "rack": "a", "volume": 70, "cooldown": 104.5, "activation_heat": 255.7, "industrialmarket": {"maxprice": 67903, "minprice": 42950, "silosize": 200}, "activation_energy": 862}', '2022-12-06 16:56:59.296137-05', 'c2e07a20-3ed7-4059-bb97-fce00d7f39b5', 'Module for new noob ship for player', 'd434229d-445f-4d57-a4e9-8d66594d4046', 1, false);
    INSERT INTO public.items (id, itemtypeid, meta, created, createdby, createdreason, containerid, quantity, ispackaged) VALUES ('622ece27-7ff7-4844-81a7-864cd811b67a', 'b637a000-684d-4864-a700-d19f11fe5d6a', '{"hp": 16, "rack": "a", "range": 1273, "volume": 70, "falloff": "linear", "cooldown": 16.5, "tracking": 75, "needs_target": true, "activation_heat": 235, "industrialmarket": {"maxprice": 92603, "minprice": 77832, "silosize": 200}, "activation_energy": 62, "energy_siphon_amount": 1001, "activation_gfx_effect": "medium_energy_siphon"}', '2022-12-06 16:56:59.298304-05', 'c2e07a20-3ed7-4059-bb97-fce00d7f39b5', 'Module for new noob ship for player', 'd434229d-445f-4d57-a4e9-8d66594d4046', 1, false);
    INSERT INTO public.items (id, itemtypeid, meta, created, createdby, createdreason, containerid, quantity, ispackaged) VALUES ('f6d4625f-21ef-4662-b170-a2f228886f2b', '434d961e-09a3-4ba7-90d5-aa702c4e5fdf', '{"hp": 21, "rack": "b", "volume": 63, "cooldown": 27.8, "needs_target": false, "activation_heat": 1134, "industrialmarket": {"maxprice": 5680, "minprice": 1755, "silosize": 1000}, "activation_energy": 225, "shield_boost_amount": 400, "activation_gfx_effect": "medium_shield_booster"}', '2022-12-06 16:56:59.300565-05', 'c2e07a20-3ed7-4059-bb97-fce00d7f39b5', 'Module for new noob ship for player', 'd434229d-445f-4d57-a4e9-8d66594d4046', 1, false);
    INSERT INTO public.items (id, itemtypeid, meta, created, createdby, createdreason, containerid, quantity, ispackaged) VALUES ('6d868a33-18ee-49df-a94d-f5f0e8736e40', '434d961e-09a3-4ba7-90d5-aa702c4e5fdf', '{"hp": 21, "rack": "b", "volume": 63, "cooldown": 27.8, "needs_target": false, "activation_heat": 1134, "industrialmarket": {"maxprice": 5680, "minprice": 1755, "silosize": 1000}, "activation_energy": 225, "shield_boost_amount": 400, "activation_gfx_effect": "medium_shield_booster"}', '2022-12-06 16:56:59.302746-05', 'c2e07a20-3ed7-4059-bb97-fce00d7f39b5', 'Module for new noob ship for player', 'd434229d-445f-4d57-a4e9-8d66594d4046', 1, false);
    INSERT INTO public.items (id, itemtypeid, meta, created, createdby, createdreason, containerid, quantity, ispackaged) VALUES ('46cca9f1-ae5c-458c-ae9c-a1903def7bed', '242b4af2-1384-4976-a8c2-3b0561398341', '{"hp": 26, "rack": "b", "volume": 50, "cooldown": 14.9, "needs_target": false, "activation_heat": 1142, "industrialmarket": {"maxprice": 13906, "minprice": 8456, "silosize": 1000}, "activation_energy": 365}', '2022-12-06 16:56:59.304865-05', 'c2e07a20-3ed7-4059-bb97-fce00d7f39b5', 'Module for new noob ship for player', 'd434229d-445f-4d57-a4e9-8d66594d4046', 1, false);
    INSERT INTO public.items (id, itemtypeid, meta, created, createdby, createdreason, containerid, quantity, ispackaged) VALUES ('8bc2acc1-79a5-448b-8f0d-706a12e7380f', 'caa1322a-0c9e-4d8a-9a3b-00dc2e41cc76', '{"hp": 60, "rack": "b", "volume": 70, "cooldown": 58.1, "needs_target": false, "activation_heat": 988, "industrialmarket": {"maxprice": 1566, "minprice": 8610, "silosize": 1000}, "activation_energy": 754}', '2022-12-06 16:56:59.306935-05', 'c2e07a20-3ed7-4059-bb97-fce00d7f39b5', 'Module for new noob ship for player', 'd434229d-445f-4d57-a4e9-8d66594d4046', 1, false);
    INSERT INTO public.items (id, itemtypeid, meta, created, createdby, createdreason, containerid, quantity, ispackaged) VALUES ('727f35ab-4a58-4347-aeef-a919cecf6100', '643b06f8-3df2-40d4-abfe-37d55287d628', '{"hp": 13, "rack": "b", "range": 5487, "volume": 33, "falloff": "linear", "cooldown": 21.2, "needs_target": true, "activation_heat": 687, "drag_multiplier": 29.5, "industrialmarket": {"maxprice": 14075, "minprice": 10233, "silosize": 500}, "activation_energy": 760, "activation_gfx_effect": "small_aether_dragger"}', '2022-12-06 16:56:59.309142-05', 'c2e07a20-3ed7-4059-bb97-fce00d7f39b5', 'Module for new noob ship for player', 'd434229d-445f-4d57-a4e9-8d66594d4046', 1, false);
    INSERT INTO public.items (id, itemtypeid, meta, created, createdby, createdreason, containerid, quantity, ispackaged) VALUES ('615ec28d-3e9e-44b3-bb8d-07fa9fa21617', 'eeac9bfc-70f1-45da-965c-fa9101bede4e', '{"hp": 19, "rack": "c", "volume": 47, "industrialmarket": {"maxprice": 67923, "minprice": 38444, "silosize": 200}, "energy_regen_max_add": 48}', '2022-12-06 16:56:59.311361-05', 'c2e07a20-3ed7-4059-bb97-fce00d7f39b5', 'Module for new noob ship for player', 'd434229d-445f-4d57-a4e9-8d66594d4046', 1, false);
    INSERT INTO public.items (id, itemtypeid, meta, created, createdby, createdreason, containerid, quantity, ispackaged) VALUES ('09b4fbb5-f392-4826-9856-115f19df0424', 'eeac9bfc-70f1-45da-965c-fa9101bede4e', '{"hp": 19, "rack": "c", "volume": 47, "industrialmarket": {"maxprice": 67923, "minprice": 38444, "silosize": 200}, "energy_regen_max_add": 48}', '2022-12-06 16:56:59.31346-05', 'c2e07a20-3ed7-4059-bb97-fce00d7f39b5', 'Module for new noob ship for player', 'd434229d-445f-4d57-a4e9-8d66594d4046', 1, false);
    INSERT INTO public.items (id, itemtypeid, meta, created, createdby, createdreason, containerid, quantity, ispackaged) VALUES ('72ad4a3c-1851-491b-b9b4-fd28ea0ada20', '15291fcb-6edf-43d4-85e1-6cabc958251b', '{"hp": 17, "rack": "c", "volume": 45, "energy_max_add": 363, "industrialmarket": {"maxprice": 19284, "minprice": 8763, "silosize": 200}}', '2022-12-06 16:56:59.315653-05', 'c2e07a20-3ed7-4059-bb97-fce00d7f39b5', 'Module for new noob ship for player', 'd434229d-445f-4d57-a4e9-8d66594d4046', 1, false);
    INSERT INTO public.items (id, itemtypeid, meta, created, createdby, createdreason, containerid, quantity, ispackaged) VALUES ('c5799600-5a0f-4411-847d-c22bf4a86a31', '5e19ae7f-4725-45f3-b95b-eb849bb59416', '{"hp": 35, "rack": "a", "range": 12864, "volume": 68, "cooldown": 26, "flight_time": 3.3, "hull_damage": 322, "armor_damage": 263, "needs_target": true, "shield_damage": 291, "missile_radius": 2.9, "activation_heat": 82, "ammunition_name": "MHVM-7", "ammunition_type": "0f82a371-cb72-45c7-96cf-4ee5032eb0b1", "fault_tolerance": 0.94, "industrialmarket": {"maxprice": 37345, "minprice": 14607, "silosize": 1000}, "activation_energy": 1.8, "missile_gfx_effect": "mhvm-7", "missile_explosion_effect": "basic_explosion", "missile_explosion_radius": 2.3}', '2022-12-06 16:56:59.33458-05', '4c473046-b533-46c7-aae5-a93e7d5720e2', 'Module for new noob ship for player', 'afc5521c-4827-4672-9762-451df34d6fb3', 1, false);
    INSERT INTO public.items (id, itemtypeid, meta, created, createdby, createdreason, containerid, quantity, ispackaged) VALUES ('d37e608a-9044-448d-a9b5-2174d48031d0', '5e19ae7f-4725-45f3-b95b-eb849bb59416', '{"hp": 35, "rack": "a", "range": 12864, "volume": 68, "cooldown": 26, "flight_time": 3.3, "hull_damage": 322, "armor_damage": 263, "needs_target": true, "shield_damage": 291, "missile_radius": 2.9, "activation_heat": 82, "ammunition_name": "MHVM-7", "ammunition_type": "0f82a371-cb72-45c7-96cf-4ee5032eb0b1", "fault_tolerance": 0.94, "industrialmarket": {"maxprice": 37345, "minprice": 14607, "silosize": 1000}, "activation_energy": 1.8, "missile_gfx_effect": "mhvm-7", "missile_explosion_effect": "basic_explosion", "missile_explosion_radius": 2.3}', '2022-12-06 16:56:59.336917-05', '4c473046-b533-46c7-aae5-a93e7d5720e2', 'Module for new noob ship for player', 'afc5521c-4827-4672-9762-451df34d6fb3', 1, false);
    INSERT INTO public.items (id, itemtypeid, meta, created, createdby, createdreason, containerid, quantity, ispackaged) VALUES ('86c8ada5-1a30-46d3-814d-40e7ab3d2118', 'a8403283-b4c4-4735-9c68-5ca4fb895266', '{"hp": 36, "rack": "a", "range": 13420, "volume": 75, "cooldown": 28.3, "flight_time": 33, "hull_damage": 3256, "armor_damage": 3171, "needs_target": true, "shield_damage": 3180, "missile_radius": 3.7, "activation_heat": 132, "ammunition_name": "MGPM-8", "ammunition_type": "5eeb7bfe-4c31-4123-b6a3-cf8528bf7c9c", "fault_tolerance": 0.98, "industrialmarket": {"maxprice": 19360, "minprice": 8875, "silosize": 1000}, "activation_energy": 2.4, "missile_gfx_effect": "mgpm-8", "missile_explosion_effect": "basic_explosion", "missile_explosion_radius": 22}', '2022-12-06 16:56:59.33882-05', '4c473046-b533-46c7-aae5-a93e7d5720e2', 'Module for new noob ship for player', 'afc5521c-4827-4672-9762-451df34d6fb3', 1, false);
    INSERT INTO public.items (id, itemtypeid, meta, created, createdby, createdreason, containerid, quantity, ispackaged) VALUES ('e97c6b0a-0315-426b-b09b-7f905637d655', 'a8403283-b4c4-4735-9c68-5ca4fb895266', '{"hp": 36, "rack": "a", "range": 13420, "volume": 75, "cooldown": 28.3, "flight_time": 33, "hull_damage": 3256, "armor_damage": 3171, "needs_target": true, "shield_damage": 3180, "missile_radius": 3.7, "activation_heat": 132, "ammunition_name": "MGPM-8", "ammunition_type": "5eeb7bfe-4c31-4123-b6a3-cf8528bf7c9c", "fault_tolerance": 0.98, "industrialmarket": {"maxprice": 19360, "minprice": 8875, "silosize": 1000}, "activation_energy": 2.4, "missile_gfx_effect": "mgpm-8", "missile_explosion_effect": "basic_explosion", "missile_explosion_radius": 22}', '2022-12-06 16:56:59.340623-05', '4c473046-b533-46c7-aae5-a93e7d5720e2', 'Module for new noob ship for player', 'afc5521c-4827-4672-9762-451df34d6fb3', 1, false);
    INSERT INTO public.items (id, itemtypeid, meta, created, createdby, createdreason, containerid, quantity, ispackaged) VALUES ('445c9e04-2341-473a-a320-ed1eb08c803e', 'ed1c23cd-50fc-4fb1-9b61-945e7178081c', '{"hp": 13, "rack": "a", "volume": 70, "cooldown": 104.5, "activation_heat": 255.7, "industrialmarket": {"maxprice": 67903, "minprice": 42950, "silosize": 200}, "activation_energy": 862}', '2022-12-06 16:56:59.342286-05', '4c473046-b533-46c7-aae5-a93e7d5720e2', 'Module for new noob ship for player', 'afc5521c-4827-4672-9762-451df34d6fb3', 1, false);
    INSERT INTO public.items (id, itemtypeid, meta, created, createdby, createdreason, containerid, quantity, ispackaged) VALUES ('182178b3-4e80-4030-9782-b60a2cb54e86', 'b637a000-684d-4864-a700-d19f11fe5d6a', '{"hp": 16, "rack": "a", "range": 1273, "volume": 70, "falloff": "linear", "cooldown": 16.5, "tracking": 75, "needs_target": true, "activation_heat": 235, "industrialmarket": {"maxprice": 92603, "minprice": 77832, "silosize": 200}, "activation_energy": 62, "energy_siphon_amount": 1001, "activation_gfx_effect": "medium_energy_siphon"}', '2022-12-06 16:56:59.343917-05', '4c473046-b533-46c7-aae5-a93e7d5720e2', 'Module for new noob ship for player', 'afc5521c-4827-4672-9762-451df34d6fb3', 1, false);
    INSERT INTO public.items (id, itemtypeid, meta, created, createdby, createdreason, containerid, quantity, ispackaged) VALUES ('6dc2f8a0-f7c1-439f-8457-00f348b95418', '434d961e-09a3-4ba7-90d5-aa702c4e5fdf', '{"hp": 21, "rack": "b", "volume": 63, "cooldown": 27.8, "needs_target": false, "activation_heat": 1134, "industrialmarket": {"maxprice": 5680, "minprice": 1755, "silosize": 1000}, "activation_energy": 225, "shield_boost_amount": 400, "activation_gfx_effect": "medium_shield_booster"}', '2022-12-06 16:56:59.345442-05', '4c473046-b533-46c7-aae5-a93e7d5720e2', 'Module for new noob ship for player', 'afc5521c-4827-4672-9762-451df34d6fb3', 1, false);
    INSERT INTO public.items (id, itemtypeid, meta, created, createdby, createdreason, containerid, quantity, ispackaged) VALUES ('8539b905-ada1-404f-ae42-e8727b1366f2', '434d961e-09a3-4ba7-90d5-aa702c4e5fdf', '{"hp": 21, "rack": "b", "volume": 63, "cooldown": 27.8, "needs_target": false, "activation_heat": 1134, "industrialmarket": {"maxprice": 5680, "minprice": 1755, "silosize": 1000}, "activation_energy": 225, "shield_boost_amount": 400, "activation_gfx_effect": "medium_shield_booster"}', '2022-12-06 16:56:59.346935-05', '4c473046-b533-46c7-aae5-a93e7d5720e2', 'Module for new noob ship for player', 'afc5521c-4827-4672-9762-451df34d6fb3', 1, false);
    INSERT INTO public.items (id, itemtypeid, meta, created, createdby, createdreason, containerid, quantity, ispackaged) VALUES ('5cc4f13e-b937-4c42-8559-af8b73e53e32', '242b4af2-1384-4976-a8c2-3b0561398341', '{"hp": 26, "rack": "b", "volume": 50, "cooldown": 14.9, "needs_target": false, "activation_heat": 1142, "industrialmarket": {"maxprice": 13906, "minprice": 8456, "silosize": 1000}, "activation_energy": 365}', '2022-12-06 16:56:59.348448-05', '4c473046-b533-46c7-aae5-a93e7d5720e2', 'Module for new noob ship for player', 'afc5521c-4827-4672-9762-451df34d6fb3', 1, false);
    INSERT INTO public.items (id, itemtypeid, meta, created, createdby, createdreason, containerid, quantity, ispackaged) VALUES ('6076be36-e325-48aa-b3e0-fc35435fea3b', 'caa1322a-0c9e-4d8a-9a3b-00dc2e41cc76', '{"hp": 60, "rack": "b", "volume": 70, "cooldown": 58.1, "needs_target": false, "activation_heat": 988, "industrialmarket": {"maxprice": 1566, "minprice": 8610, "silosize": 1000}, "activation_energy": 754}', '2022-12-06 16:56:59.350281-05', '4c473046-b533-46c7-aae5-a93e7d5720e2', 'Module for new noob ship for player', 'afc5521c-4827-4672-9762-451df34d6fb3', 1, false);
    INSERT INTO public.items (id, itemtypeid, meta, created, createdby, createdreason, containerid, quantity, ispackaged) VALUES ('da08f7d0-efd9-49fc-ad44-f304ac915ead', '643b06f8-3df2-40d4-abfe-37d55287d628', '{"hp": 13, "rack": "b", "range": 5487, "volume": 33, "falloff": "linear", "cooldown": 21.2, "needs_target": true, "activation_heat": 687, "drag_multiplier": 29.5, "industrialmarket": {"maxprice": 14075, "minprice": 10233, "silosize": 500}, "activation_energy": 760, "activation_gfx_effect": "small_aether_dragger"}', '2022-12-06 16:56:59.35189-05', '4c473046-b533-46c7-aae5-a93e7d5720e2', 'Module for new noob ship for player', 'afc5521c-4827-4672-9762-451df34d6fb3', 1, false);
    INSERT INTO public.items (id, itemtypeid, meta, created, createdby, createdreason, containerid, quantity, ispackaged) VALUES ('a0aeb287-1b57-4551-8ec0-873fb6fe6ced', 'eeac9bfc-70f1-45da-965c-fa9101bede4e', '{"hp": 19, "rack": "c", "volume": 47, "industrialmarket": {"maxprice": 67923, "minprice": 38444, "silosize": 200}, "energy_regen_max_add": 48}', '2022-12-06 16:56:59.353471-05', '4c473046-b533-46c7-aae5-a93e7d5720e2', 'Module for new noob ship for player', 'afc5521c-4827-4672-9762-451df34d6fb3', 1, false);
    INSERT INTO public.items (id, itemtypeid, meta, created, createdby, createdreason, containerid, quantity, ispackaged) VALUES ('0a0d6e7c-583b-4fdc-95aa-1fd859c10556', 'eeac9bfc-70f1-45da-965c-fa9101bede4e', '{"hp": 19, "rack": "c", "volume": 47, "industrialmarket": {"maxprice": 67923, "minprice": 38444, "silosize": 200}, "energy_regen_max_add": 48}', '2022-12-06 16:56:59.35514-05', '4c473046-b533-46c7-aae5-a93e7d5720e2', 'Module for new noob ship for player', 'afc5521c-4827-4672-9762-451df34d6fb3', 1, false);
    INSERT INTO public.items (id, itemtypeid, meta, created, createdby, createdreason, containerid, quantity, ispackaged) VALUES ('442e0cda-a2e9-44a4-8ebe-f596a17f20cb', '15291fcb-6edf-43d4-85e1-6cabc958251b', '{"hp": 17, "rack": "c", "volume": 45, "energy_max_add": 363, "industrialmarket": {"maxprice": 19284, "minprice": 8763, "silosize": 200}}', '2022-12-06 16:56:59.35662-05', '4c473046-b533-46c7-aae5-a93e7d5720e2', 'Module for new noob ship for player', 'afc5521c-4827-4672-9762-451df34d6fb3', 1, false);
    INSERT INTO public.items (id, itemtypeid, meta, created, createdby, createdreason, containerid, quantity, ispackaged) VALUES ('18cc3541-cee5-45fe-aeec-676d4c0a9bad', '5e19ae7f-4725-45f3-b95b-eb849bb59416', '{"hp": 35, "rack": "a", "range": 12864, "volume": 68, "cooldown": 26, "flight_time": 3.3, "hull_damage": 322, "armor_damage": 263, "needs_target": true, "shield_damage": 291, "missile_radius": 2.9, "activation_heat": 82, "ammunition_name": "MHVM-7", "ammunition_type": "0f82a371-cb72-45c7-96cf-4ee5032eb0b1", "fault_tolerance": 0.94, "industrialmarket": {"maxprice": 37345, "minprice": 14607, "silosize": 1000}, "activation_energy": 1.8, "missile_gfx_effect": "mhvm-7", "missile_explosion_effect": "basic_explosion", "missile_explosion_radius": 2.3}', '2022-12-06 16:56:59.370898-05', 'a92fc760-7b58-4232-9fcb-56d658da8256', 'Module for new noob ship for player', '90649ed2-ab7e-43e5-9eb0-43ada92db3af', 1, false);
    INSERT INTO public.items (id, itemtypeid, meta, created, createdby, createdreason, containerid, quantity, ispackaged) VALUES ('ca7e7cbc-7a9f-4de9-92b7-8d1cc8e2e2fe', '5e19ae7f-4725-45f3-b95b-eb849bb59416', '{"hp": 35, "rack": "a", "range": 12864, "volume": 68, "cooldown": 26, "flight_time": 3.3, "hull_damage": 322, "armor_damage": 263, "needs_target": true, "shield_damage": 291, "missile_radius": 2.9, "activation_heat": 82, "ammunition_name": "MHVM-7", "ammunition_type": "0f82a371-cb72-45c7-96cf-4ee5032eb0b1", "fault_tolerance": 0.94, "industrialmarket": {"maxprice": 37345, "minprice": 14607, "silosize": 1000}, "activation_energy": 1.8, "missile_gfx_effect": "mhvm-7", "missile_explosion_effect": "basic_explosion", "missile_explosion_radius": 2.3}', '2022-12-06 16:56:59.372524-05', 'a92fc760-7b58-4232-9fcb-56d658da8256', 'Module for new noob ship for player', '90649ed2-ab7e-43e5-9eb0-43ada92db3af', 1, false);
    INSERT INTO public.items (id, itemtypeid, meta, created, createdby, createdreason, containerid, quantity, ispackaged) VALUES ('7c8898a2-f4fd-44a1-8f1a-e36dc6f144cf', 'a8403283-b4c4-4735-9c68-5ca4fb895266', '{"hp": 36, "rack": "a", "range": 13420, "volume": 75, "cooldown": 28.3, "flight_time": 33, "hull_damage": 3256, "armor_damage": 3171, "needs_target": true, "shield_damage": 3180, "missile_radius": 3.7, "activation_heat": 132, "ammunition_name": "MGPM-8", "ammunition_type": "5eeb7bfe-4c31-4123-b6a3-cf8528bf7c9c", "fault_tolerance": 0.98, "industrialmarket": {"maxprice": 19360, "minprice": 8875, "silosize": 1000}, "activation_energy": 2.4, "missile_gfx_effect": "mgpm-8", "missile_explosion_effect": "basic_explosion", "missile_explosion_radius": 22}', '2022-12-06 16:56:59.374179-05', 'a92fc760-7b58-4232-9fcb-56d658da8256', 'Module for new noob ship for player', '90649ed2-ab7e-43e5-9eb0-43ada92db3af', 1, false);
    INSERT INTO public.items (id, itemtypeid, meta, created, createdby, createdreason, containerid, quantity, ispackaged) VALUES ('a0e9be0f-bebe-4c6e-875a-6cd5cf73ed5c', 'a8403283-b4c4-4735-9c68-5ca4fb895266', '{"hp": 36, "rack": "a", "range": 13420, "volume": 75, "cooldown": 28.3, "flight_time": 33, "hull_damage": 3256, "armor_damage": 3171, "needs_target": true, "shield_damage": 3180, "missile_radius": 3.7, "activation_heat": 132, "ammunition_name": "MGPM-8", "ammunition_type": "5eeb7bfe-4c31-4123-b6a3-cf8528bf7c9c", "fault_tolerance": 0.98, "industrialmarket": {"maxprice": 19360, "minprice": 8875, "silosize": 1000}, "activation_energy": 2.4, "missile_gfx_effect": "mgpm-8", "missile_explosion_effect": "basic_explosion", "missile_explosion_radius": 22}', '2022-12-06 16:56:59.375871-05', 'a92fc760-7b58-4232-9fcb-56d658da8256', 'Module for new noob ship for player', '90649ed2-ab7e-43e5-9eb0-43ada92db3af', 1, false);
    INSERT INTO public.items (id, itemtypeid, meta, created, createdby, createdreason, containerid, quantity, ispackaged) VALUES ('48588e17-9e48-4d48-922b-33886880bcde', 'ed1c23cd-50fc-4fb1-9b61-945e7178081c', '{"hp": 13, "rack": "a", "volume": 70, "cooldown": 104.5, "activation_heat": 255.7, "industrialmarket": {"maxprice": 67903, "minprice": 42950, "silosize": 200}, "activation_energy": 862}', '2022-12-06 16:56:59.377584-05', 'a92fc760-7b58-4232-9fcb-56d658da8256', 'Module for new noob ship for player', '90649ed2-ab7e-43e5-9eb0-43ada92db3af', 1, false);
    INSERT INTO public.items (id, itemtypeid, meta, created, createdby, createdreason, containerid, quantity, ispackaged) VALUES ('6aa470d4-5e2d-4ec5-abfc-d07b95bd729f', 'b637a000-684d-4864-a700-d19f11fe5d6a', '{"hp": 16, "rack": "a", "range": 1273, "volume": 70, "falloff": "linear", "cooldown": 16.5, "tracking": 75, "needs_target": true, "activation_heat": 235, "industrialmarket": {"maxprice": 92603, "minprice": 77832, "silosize": 200}, "activation_energy": 62, "energy_siphon_amount": 1001, "activation_gfx_effect": "medium_energy_siphon"}', '2022-12-06 16:56:59.379214-05', 'a92fc760-7b58-4232-9fcb-56d658da8256', 'Module for new noob ship for player', '90649ed2-ab7e-43e5-9eb0-43ada92db3af', 1, false);
    INSERT INTO public.items (id, itemtypeid, meta, created, createdby, createdreason, containerid, quantity, ispackaged) VALUES ('db9922ca-9e01-407c-a6fb-4705667b7a2d', '434d961e-09a3-4ba7-90d5-aa702c4e5fdf', '{"hp": 21, "rack": "b", "volume": 63, "cooldown": 27.8, "needs_target": false, "activation_heat": 1134, "industrialmarket": {"maxprice": 5680, "minprice": 1755, "silosize": 1000}, "activation_energy": 225, "shield_boost_amount": 400, "activation_gfx_effect": "medium_shield_booster"}', '2022-12-06 16:56:59.380949-05', 'a92fc760-7b58-4232-9fcb-56d658da8256', 'Module for new noob ship for player', '90649ed2-ab7e-43e5-9eb0-43ada92db3af', 1, false);
    INSERT INTO public.items (id, itemtypeid, meta, created, createdby, createdreason, containerid, quantity, ispackaged) VALUES ('cf2ed552-ece4-4b34-8500-916e224fb7a2', '434d961e-09a3-4ba7-90d5-aa702c4e5fdf', '{"hp": 21, "rack": "b", "volume": 63, "cooldown": 27.8, "needs_target": false, "activation_heat": 1134, "industrialmarket": {"maxprice": 5680, "minprice": 1755, "silosize": 1000}, "activation_energy": 225, "shield_boost_amount": 400, "activation_gfx_effect": "medium_shield_booster"}', '2022-12-06 16:56:59.382477-05', 'a92fc760-7b58-4232-9fcb-56d658da8256', 'Module for new noob ship for player', '90649ed2-ab7e-43e5-9eb0-43ada92db3af', 1, false);
    INSERT INTO public.items (id, itemtypeid, meta, created, createdby, createdreason, containerid, quantity, ispackaged) VALUES ('96a97a71-96a1-4e5e-b990-b8c83a549422', '242b4af2-1384-4976-a8c2-3b0561398341', '{"hp": 26, "rack": "b", "volume": 50, "cooldown": 14.9, "needs_target": false, "activation_heat": 1142, "industrialmarket": {"maxprice": 13906, "minprice": 8456, "silosize": 1000}, "activation_energy": 365}', '2022-12-06 16:56:59.384222-05', 'a92fc760-7b58-4232-9fcb-56d658da8256', 'Module for new noob ship for player', '90649ed2-ab7e-43e5-9eb0-43ada92db3af', 1, false);
    INSERT INTO public.items (id, itemtypeid, meta, created, createdby, createdreason, containerid, quantity, ispackaged) VALUES ('8b490713-a01a-4cc5-a3f2-acf5666c36b0', 'caa1322a-0c9e-4d8a-9a3b-00dc2e41cc76', '{"hp": 60, "rack": "b", "volume": 70, "cooldown": 58.1, "needs_target": false, "activation_heat": 988, "industrialmarket": {"maxprice": 1566, "minprice": 8610, "silosize": 1000}, "activation_energy": 754}', '2022-12-06 16:56:59.385852-05', 'a92fc760-7b58-4232-9fcb-56d658da8256', 'Module for new noob ship for player', '90649ed2-ab7e-43e5-9eb0-43ada92db3af', 1, false);
    INSERT INTO public.items (id, itemtypeid, meta, created, createdby, createdreason, containerid, quantity, ispackaged) VALUES ('34e00f3f-f43e-4470-af77-419b006bab06', '643b06f8-3df2-40d4-abfe-37d55287d628', '{"hp": 13, "rack": "b", "range": 5487, "volume": 33, "falloff": "linear", "cooldown": 21.2, "needs_target": true, "activation_heat": 687, "drag_multiplier": 29.5, "industrialmarket": {"maxprice": 14075, "minprice": 10233, "silosize": 500}, "activation_energy": 760, "activation_gfx_effect": "small_aether_dragger"}', '2022-12-06 16:56:59.387425-05', 'a92fc760-7b58-4232-9fcb-56d658da8256', 'Module for new noob ship for player', '90649ed2-ab7e-43e5-9eb0-43ada92db3af', 1, false);
    INSERT INTO public.items (id, itemtypeid, meta, created, createdby, createdreason, containerid, quantity, ispackaged) VALUES ('92921fc0-6e08-4107-b212-c4b7995fabf5', 'eeac9bfc-70f1-45da-965c-fa9101bede4e', '{"hp": 19, "rack": "c", "volume": 47, "industrialmarket": {"maxprice": 67923, "minprice": 38444, "silosize": 200}, "energy_regen_max_add": 48}', '2022-12-06 16:56:59.388999-05', 'a92fc760-7b58-4232-9fcb-56d658da8256', 'Module for new noob ship for player', '90649ed2-ab7e-43e5-9eb0-43ada92db3af', 1, false);
    INSERT INTO public.items (id, itemtypeid, meta, created, createdby, createdreason, containerid, quantity, ispackaged) VALUES ('0fc139e1-9a5d-465e-874b-e49f6227192f', 'eeac9bfc-70f1-45da-965c-fa9101bede4e', '{"hp": 19, "rack": "c", "volume": 47, "industrialmarket": {"maxprice": 67923, "minprice": 38444, "silosize": 200}, "energy_regen_max_add": 48}', '2022-12-06 16:56:59.390634-05', 'a92fc760-7b58-4232-9fcb-56d658da8256', 'Module for new noob ship for player', '90649ed2-ab7e-43e5-9eb0-43ada92db3af', 1, false);
    INSERT INTO public.items (id, itemtypeid, meta, created, createdby, createdreason, containerid, quantity, ispackaged) VALUES ('1b0c10dd-61ab-426c-8d13-bfcdc7d5dfe2', '15291fcb-6edf-43d4-85e1-6cabc958251b', '{"hp": 17, "rack": "c", "volume": 45, "energy_max_add": 363, "industrialmarket": {"maxprice": 19284, "minprice": 8763, "silosize": 200}}', '2022-12-06 16:56:59.392192-05', 'a92fc760-7b58-4232-9fcb-56d658da8256', 'Module for new noob ship for player', '90649ed2-ab7e-43e5-9eb0-43ada92db3af', 1, false);
    INSERT INTO public.items (id, itemtypeid, meta, created, createdby, createdreason, containerid, quantity, ispackaged) VALUES ('e71bd333-b227-4929-9706-7b1148a066a8', '5e19ae7f-4725-45f3-b95b-eb849bb59416', '{"hp": 35, "rack": "a", "range": 12864, "volume": 68, "cooldown": 26, "flight_time": 3.3, "hull_damage": 322, "armor_damage": 263, "needs_target": true, "shield_damage": 291, "missile_radius": 2.9, "activation_heat": 82, "ammunition_name": "MHVM-7", "ammunition_type": "0f82a371-cb72-45c7-96cf-4ee5032eb0b1", "fault_tolerance": 0.94, "industrialmarket": {"maxprice": 37345, "minprice": 14607, "silosize": 1000}, "activation_energy": 1.8, "missile_gfx_effect": "mhvm-7", "missile_explosion_effect": "basic_explosion", "missile_explosion_radius": 2.3}', '2022-12-06 16:56:59.407184-05', 'a4aebff5-d140-4962-8bed-b2231b579ad0', 'Module for new noob ship for player', 'b90d1d02-af2f-4e44-9942-1d3b2b5a3758', 1, false);
    INSERT INTO public.items (id, itemtypeid, meta, created, createdby, createdreason, containerid, quantity, ispackaged) VALUES ('217f0f36-2298-424e-8747-56db5ed4905b', '5e19ae7f-4725-45f3-b95b-eb849bb59416', '{"hp": 35, "rack": "a", "range": 12864, "volume": 68, "cooldown": 26, "flight_time": 3.3, "hull_damage": 322, "armor_damage": 263, "needs_target": true, "shield_damage": 291, "missile_radius": 2.9, "activation_heat": 82, "ammunition_name": "MHVM-7", "ammunition_type": "0f82a371-cb72-45c7-96cf-4ee5032eb0b1", "fault_tolerance": 0.94, "industrialmarket": {"maxprice": 37345, "minprice": 14607, "silosize": 1000}, "activation_energy": 1.8, "missile_gfx_effect": "mhvm-7", "missile_explosion_effect": "basic_explosion", "missile_explosion_radius": 2.3}', '2022-12-06 16:56:59.40883-05', 'a4aebff5-d140-4962-8bed-b2231b579ad0', 'Module for new noob ship for player', 'b90d1d02-af2f-4e44-9942-1d3b2b5a3758', 1, false);
    INSERT INTO public.items (id, itemtypeid, meta, created, createdby, createdreason, containerid, quantity, ispackaged) VALUES ('588165ac-91db-42c3-91b0-27cfdc1dfeeb', 'a8403283-b4c4-4735-9c68-5ca4fb895266', '{"hp": 36, "rack": "a", "range": 13420, "volume": 75, "cooldown": 28.3, "flight_time": 33, "hull_damage": 3256, "armor_damage": 3171, "needs_target": true, "shield_damage": 3180, "missile_radius": 3.7, "activation_heat": 132, "ammunition_name": "MGPM-8", "ammunition_type": "5eeb7bfe-4c31-4123-b6a3-cf8528bf7c9c", "fault_tolerance": 0.98, "industrialmarket": {"maxprice": 19360, "minprice": 8875, "silosize": 1000}, "activation_energy": 2.4, "missile_gfx_effect": "mgpm-8", "missile_explosion_effect": "basic_explosion", "missile_explosion_radius": 22}', '2022-12-06 16:56:59.410536-05', 'a4aebff5-d140-4962-8bed-b2231b579ad0', 'Module for new noob ship for player', 'b90d1d02-af2f-4e44-9942-1d3b2b5a3758', 1, false);
    INSERT INTO public.items (id, itemtypeid, meta, created, createdby, createdreason, containerid, quantity, ispackaged) VALUES ('622dd744-4d2d-4ee2-b0b6-bcf56be77068', 'a8403283-b4c4-4735-9c68-5ca4fb895266', '{"hp": 36, "rack": "a", "range": 13420, "volume": 75, "cooldown": 28.3, "flight_time": 33, "hull_damage": 3256, "armor_damage": 3171, "needs_target": true, "shield_damage": 3180, "missile_radius": 3.7, "activation_heat": 132, "ammunition_name": "MGPM-8", "ammunition_type": "5eeb7bfe-4c31-4123-b6a3-cf8528bf7c9c", "fault_tolerance": 0.98, "industrialmarket": {"maxprice": 19360, "minprice": 8875, "silosize": 1000}, "activation_energy": 2.4, "missile_gfx_effect": "mgpm-8", "missile_explosion_effect": "basic_explosion", "missile_explosion_radius": 22}', '2022-12-06 16:56:59.412094-05', 'a4aebff5-d140-4962-8bed-b2231b579ad0', 'Module for new noob ship for player', 'b90d1d02-af2f-4e44-9942-1d3b2b5a3758', 1, false);
    INSERT INTO public.items (id, itemtypeid, meta, created, createdby, createdreason, containerid, quantity, ispackaged) VALUES ('f11054eb-0ead-4e11-8bcb-cf159cca4c2c', 'ed1c23cd-50fc-4fb1-9b61-945e7178081c', '{"hp": 13, "rack": "a", "volume": 70, "cooldown": 104.5, "activation_heat": 255.7, "industrialmarket": {"maxprice": 67903, "minprice": 42950, "silosize": 200}, "activation_energy": 862}', '2022-12-06 16:56:59.413589-05', 'a4aebff5-d140-4962-8bed-b2231b579ad0', 'Module for new noob ship for player', 'b90d1d02-af2f-4e44-9942-1d3b2b5a3758', 1, false);
    INSERT INTO public.items (id, itemtypeid, meta, created, createdby, createdreason, containerid, quantity, ispackaged) VALUES ('43e651f5-7dee-4281-9868-5991617a8625', 'b637a000-684d-4864-a700-d19f11fe5d6a', '{"hp": 16, "rack": "a", "range": 1273, "volume": 70, "falloff": "linear", "cooldown": 16.5, "tracking": 75, "needs_target": true, "activation_heat": 235, "industrialmarket": {"maxprice": 92603, "minprice": 77832, "silosize": 200}, "activation_energy": 62, "energy_siphon_amount": 1001, "activation_gfx_effect": "medium_energy_siphon"}', '2022-12-06 16:56:59.415095-05', 'a4aebff5-d140-4962-8bed-b2231b579ad0', 'Module for new noob ship for player', 'b90d1d02-af2f-4e44-9942-1d3b2b5a3758', 1, false);
    INSERT INTO public.items (id, itemtypeid, meta, created, createdby, createdreason, containerid, quantity, ispackaged) VALUES ('87550067-3f75-4e8b-bfcb-4f3342854992', '434d961e-09a3-4ba7-90d5-aa702c4e5fdf', '{"hp": 21, "rack": "b", "volume": 63, "cooldown": 27.8, "needs_target": false, "activation_heat": 1134, "industrialmarket": {"maxprice": 5680, "minprice": 1755, "silosize": 1000}, "activation_energy": 225, "shield_boost_amount": 400, "activation_gfx_effect": "medium_shield_booster"}', '2022-12-06 16:56:59.416797-05', 'a4aebff5-d140-4962-8bed-b2231b579ad0', 'Module for new noob ship for player', 'b90d1d02-af2f-4e44-9942-1d3b2b5a3758', 1, false);
    INSERT INTO public.items (id, itemtypeid, meta, created, createdby, createdreason, containerid, quantity, ispackaged) VALUES ('969b95d5-83cb-494b-b24b-a6c2351366c0', '434d961e-09a3-4ba7-90d5-aa702c4e5fdf', '{"hp": 21, "rack": "b", "volume": 63, "cooldown": 27.8, "needs_target": false, "activation_heat": 1134, "industrialmarket": {"maxprice": 5680, "minprice": 1755, "silosize": 1000}, "activation_energy": 225, "shield_boost_amount": 400, "activation_gfx_effect": "medium_shield_booster"}', '2022-12-06 16:56:59.41841-05', 'a4aebff5-d140-4962-8bed-b2231b579ad0', 'Module for new noob ship for player', 'b90d1d02-af2f-4e44-9942-1d3b2b5a3758', 1, false);
    INSERT INTO public.items (id, itemtypeid, meta, created, createdby, createdreason, containerid, quantity, ispackaged) VALUES ('81fe4a63-fc13-49fd-b78b-9134ec6c7e7b', '242b4af2-1384-4976-a8c2-3b0561398341', '{"hp": 26, "rack": "b", "volume": 50, "cooldown": 14.9, "needs_target": false, "activation_heat": 1142, "industrialmarket": {"maxprice": 13906, "minprice": 8456, "silosize": 1000}, "activation_energy": 365}', '2022-12-06 16:56:59.420148-05', 'a4aebff5-d140-4962-8bed-b2231b579ad0', 'Module for new noob ship for player', 'b90d1d02-af2f-4e44-9942-1d3b2b5a3758', 1, false);
    INSERT INTO public.items (id, itemtypeid, meta, created, createdby, createdreason, containerid, quantity, ispackaged) VALUES ('d302900e-29ad-4d19-be13-90cd50ea0e28', 'caa1322a-0c9e-4d8a-9a3b-00dc2e41cc76', '{"hp": 60, "rack": "b", "volume": 70, "cooldown": 58.1, "needs_target": false, "activation_heat": 988, "industrialmarket": {"maxprice": 1566, "minprice": 8610, "silosize": 1000}, "activation_energy": 754}', '2022-12-06 16:56:59.421748-05', 'a4aebff5-d140-4962-8bed-b2231b579ad0', 'Module for new noob ship for player', 'b90d1d02-af2f-4e44-9942-1d3b2b5a3758', 1, false);
    INSERT INTO public.items (id, itemtypeid, meta, created, createdby, createdreason, containerid, quantity, ispackaged) VALUES ('eef7d026-6d1f-42f3-b5e2-f5baef02cd31', '643b06f8-3df2-40d4-abfe-37d55287d628', '{"hp": 13, "rack": "b", "range": 5487, "volume": 33, "falloff": "linear", "cooldown": 21.2, "needs_target": true, "activation_heat": 687, "drag_multiplier": 29.5, "industrialmarket": {"maxprice": 14075, "minprice": 10233, "silosize": 500}, "activation_energy": 760, "activation_gfx_effect": "small_aether_dragger"}', '2022-12-06 16:56:59.423526-05', 'a4aebff5-d140-4962-8bed-b2231b579ad0', 'Module for new noob ship for player', 'b90d1d02-af2f-4e44-9942-1d3b2b5a3758', 1, false);
    INSERT INTO public.items (id, itemtypeid, meta, created, createdby, createdreason, containerid, quantity, ispackaged) VALUES ('8dfed855-6954-4980-9ba7-f8e098f3b1f7', 'eeac9bfc-70f1-45da-965c-fa9101bede4e', '{"hp": 19, "rack": "c", "volume": 47, "industrialmarket": {"maxprice": 67923, "minprice": 38444, "silosize": 200}, "energy_regen_max_add": 48}', '2022-12-06 16:56:59.425461-05', 'a4aebff5-d140-4962-8bed-b2231b579ad0', 'Module for new noob ship for player', 'b90d1d02-af2f-4e44-9942-1d3b2b5a3758', 1, false);
    INSERT INTO public.items (id, itemtypeid, meta, created, createdby, createdreason, containerid, quantity, ispackaged) VALUES ('fb566449-2859-4816-9b2c-3a3d7337b2cc', 'eeac9bfc-70f1-45da-965c-fa9101bede4e', '{"hp": 19, "rack": "c", "volume": 47, "industrialmarket": {"maxprice": 67923, "minprice": 38444, "silosize": 200}, "energy_regen_max_add": 48}', '2022-12-06 16:56:59.427131-05', 'a4aebff5-d140-4962-8bed-b2231b579ad0', 'Module for new noob ship for player', 'b90d1d02-af2f-4e44-9942-1d3b2b5a3758', 1, false);
    INSERT INTO public.items (id, itemtypeid, meta, created, createdby, createdreason, containerid, quantity, ispackaged) VALUES ('8e250c7f-7f21-46a5-97b7-7ecf8f77f13a', '15291fcb-6edf-43d4-85e1-6cabc958251b', '{"hp": 17, "rack": "c", "volume": 45, "energy_max_add": 363, "industrialmarket": {"maxprice": 19284, "minprice": 8763, "silosize": 200}}', '2022-12-06 16:56:59.428775-05', 'a4aebff5-d140-4962-8bed-b2231b579ad0', 'Module for new noob ship for player', 'b90d1d02-af2f-4e44-9942-1d3b2b5a3758', 1, false);

    -- fix current ship ids
    update users set current_shipid = '22155c42-dcab-4e2f-9c82-9ed77471b48b' where id = 'c2e07a20-3ed7-4059-bb97-fce00d7f39b5';
    update users set current_shipid = '72008495-e052-47f6-8822-b1905dc27d48' where id = '4c473046-b533-46c7-aae5-a93e7d5720e2';
    update users set current_shipid = '485c52fa-cb9b-4a4f-bd6f-4151a7519fa1' where id = 'a92fc760-7b58-4232-9fcb-56d658da8256';
    update users set current_shipid = '8952ba23-9de9-4435-96a6-132b24126961' where id = 'a4aebff5-d140-4962-8bed-b2231b579ad0';
