-- empire meta
INSERT INTO public.itemtypes (id, family, name, meta) VALUES ('e4ead7fe-0606-4c28-912e-61b50db2f296', 'utility_siphon', '`Leslie` Energy Siphon', '{"hp": 32, "rack": "a", "range": 4598, "volume": 29, "falloff": "linear", "cooldown": 10.4, "tracking": 177, "needs_target": true, "activation_heat": 56, "industrialmarket": {"maxprice": 13572, "minprice": 9253, "silosize": 200}, "activation_energy": 48, "energy_siphon_amount": 195, "activation_gfx_effect": "basic_energy_siphon"}');
INSERT INTO public.itemtypes (id, family, name, meta) VALUES ('7faae7c5-669e-4c50-90fe-f424b0b63acc', 'aux_generator', '`Meerkat` APU', '{"hp": 24, "rack": "c", "volume": 28, "industrialmarket": {"maxprice": 34388, "minprice": 21009, "silosize": 200}, "energy_regen_max_add": 16}');
INSERT INTO public.itemtypes (id, family, name, meta) VALUES ('7ce15993-1030-4134-9e3e-3f5dfe4fb969', 'active_sink', '`Fredo` Active Radiator', '{"hp": 19, "rack": "b", "volume": 30, "cooldown": 32.1, "needs_target": false, "activation_heat": 468, "industrialmarket": {"maxprice": 49319, "minprice": 38840, "silosize": 200}, "activation_energy": 320}');

-- empire starts
INSERT INTO public.starts (id, name, shiptemplateid, shipfitting, created, available, systemid, homestationid, wallet, factionid) VALUES ('e2980080-452a-4861-ac62-719bed89b5e7', 'Acc. Frig.', '62100eb8-a7fb-4241-a157-c6d783cb15d9', '{"a_rack": [{"item_type_id": "ba48329e-0ae5-499f-ad0f-abd609ee04b9"}, {"item_type_id": "ba48329e-0ae5-499f-ad0f-abd609ee04b9"}, {"item_type_id": "ba48329e-0ae5-499f-ad0f-abd609ee04b9"}, {"item_type_id": "37f6f712-427d-4951-a311-c2557f994290"}, {"item_type_id": "30928542-bd58-404a-ba1c-3286424f17b3"}], "b_rack": [{"item_type_id": "fef05ee8-1cf9-42d0-97e8-4feadf94a852"}, {"item_type_id": "aab8ec7b-6031-4f54-9ab4-434ab5e7b47c"}, {"item_type_id": "643b06f8-3df2-40d4-abfe-37d55287d628"}], "c_rack": [{"item_type_id": "7a187110-ae8d-47d0-ab7d-1e318424284e"}, {"item_type_id": "7a187110-ae8d-47d0-ab7d-1e318424284e"}, {"item_type_id": "0d0d134c-2b7d-4888-839a-d043d6aedca6"}]}', '2022-07-04 21:37:42.327497-04', false, '5aa036f7-14ed-4273-a5ac-e7457ecabdaa', '3efc7fb3-6f61-4b06-b2f1-ea7c4529449f', 10000, 'bdeffd9a-3cab-408c-9cd7-32fce1124f7a');
INSERT INTO public.starts (id, name, shiptemplateid, shipfitting, created, available, systemid, homestationid, wallet, factionid) VALUES ('40976829-d172-46e9-9abb-b83a07a39733', 'Col. Frig.', '046e606f-89c1-4f23-9137-d3fe2d55503a', '{"a_rack": [{"item_type_id": "5152cbb2-5c36-4935-bba3-14046c01eece"}, {"item_type_id": "837dbdf3-8af8-47c1-9c81-f8088695e6a7"}, {"item_type_id": "837dbdf3-8af8-47c1-9c81-f8088695e6a7"}, {"item_type_id": "e4ead7fe-0606-4c28-912e-61b50db2f296"}, {"item_type_id": "4ae3ee82-70be-47a7-9e7a-c7b45ea58718"}], "b_rack": [{"item_type_id": "70f816b8-e3c5-4e5f-bd0c-f8125519b168"}, {"item_type_id": "70f816b8-e3c5-4e5f-bd0c-f8125519b168"}, {"item_type_id": "aab8ec7b-6031-4f54-9ab4-434ab5e7b47c"}, {"item_type_id": "643b06f8-3df2-40d4-abfe-37d55287d628"}], "c_rack": [{"item_type_id": "7faae7c5-669e-4c50-90fe-f424b0b63acc"}, {"item_type_id": "a3ff4095-2511-412f-89df-abe7b8516192"}]}', '2022-07-04 21:43:57.75348-04', false, '5e829d81-6d7a-4f4e-827c-2f57d7e8311b', '92edfcf5-b348-4cdf-b8b6-4fe41acc6f75', 10000, '5db2bec7-37c3-4f1c-ab88-21024c12d639');
INSERT INTO public.starts (id, name, shiptemplateid, shipfitting, created, available, systemid, homestationid, wallet, factionid) VALUES ('80ca3159-b21e-48bb-8c09-0344bbedba7b', 'King. Frig.', 'd68817c6-2448-4126-8ae5-766669f34cf5', '{"a_rack": [{"item_type_id": "85fc1069-22b1-44ed-838b-64ed38d1e0b4"}, {"item_type_id": "85fc1069-22b1-44ed-838b-64ed38d1e0b4"}, {"item_type_id": "85fc1069-22b1-44ed-838b-64ed38d1e0b4"}, {"item_type_id": "69d118ea-617d-477b-bb30-67f5da3c812e"}, {"item_type_id": "c59844a1-25c7-4f29-a851-ae25077781ca"}], "b_rack": [{"item_type_id": "70f816b8-e3c5-4e5f-bd0c-f8125519b168"}, {"item_type_id": "aab8ec7b-6031-4f54-9ab4-434ab5e7b47c"}, {"item_type_id": "643b06f8-3df2-40d4-abfe-37d55287d628"}], "c_rack": [{"item_type_id": "a3ff4095-2511-412f-89df-abe7b8516192"}, {"item_type_id": "a3ff4095-2511-412f-89df-abe7b8516192"}, {"item_type_id": "0d0d134c-2b7d-4888-839a-d043d6aedca6"}]}', '2022-07-04 21:25:01.419454-04', false, '0074f593-df14-47c4-8971-336b81a86fb8', 'ab91015b-fb32-47fd-bf38-d15af5933bab', 10000, 'a0152cbb-8a78-45a4-ae9b-2ad2b60b583b');
INSERT INTO public.starts (id, name, shiptemplateid, shipfitting, created, available, systemid, homestationid, wallet, factionid) VALUES ('49cfc062-64ff-40ac-bc44-04887896da3a', 'Fed. Frig.', '9982af33-2a17-4ec9-87b8-85eb6cd857d2', '{"a_rack": [{"item_type_id": "5152cbb2-5c36-4935-bba3-14046c01eece"}, {"item_type_id": "5152cbb2-5c36-4935-bba3-14046c01eece"}, {"item_type_id": "837dbdf3-8af8-47c1-9c81-f8088695e6a7"}, {"item_type_id": "465fe6dc-513a-48e7-9960-94dd383b0387"}, {"item_type_id": "a4c0f0cd-d8be-42eb-b80c-0ebc11f0c64d"}], "b_rack": [{"item_type_id": "7ce15993-1030-4134-9e3e-3f5dfe4fb969"}, {"item_type_id": "fef05ee8-1cf9-42d0-97e8-4feadf94a852"}], "c_rack": [{"item_type_id": "a7298b27-bca0-40f8-8c68-427ae19a1620"}, {"item_type_id": "a7298b27-bca0-40f8-8c68-427ae19a1620"}, {"item_type_id": "f9e2d3d2-d7da-4573-a3b9-424dc34d882e"}, {"item_type_id": "f9e2d3d2-d7da-4573-a3b9-424dc34d882e"}]}', '2022-07-04 21:55:56.655418-04', false, '0078c73f-1b40-4b22-bdf0-f4927d8bd7bd', '306c0fcd-cf01-43fc-850f-172191fe1582', 10000, '27a53dfc-a321-4c12-bf7c-bb177955c95b');

-- kingdom npcs

--   containers
INSERT INTO public.containers (id, meta, created) VALUES ('183dee08-6673-4059-be61-3e9e5dafb146', '{}', '2022-07-04 22:49:58.806006-04');
INSERT INTO public.containers (id, meta, created) VALUES ('4b407aaa-040e-45e8-81be-71a55d28baeb', '{}', '2022-07-04 22:49:58.820493-04');
INSERT INTO public.containers (id, meta, created) VALUES ('cb1d17f6-af52-418a-8461-d1159b0a74cb', '{}', '2022-07-04 22:49:58.821541-04');
INSERT INTO public.containers (id, meta, created) VALUES ('6f413b2c-b565-4b37-8698-76267ba397e9', '{}', '2022-07-04 22:49:58.822514-04');
INSERT INTO public.containers (id, meta, created) VALUES ('efb0c8dc-2351-4c7f-afc9-54ea5dd74539', '{}', '2022-07-04 22:49:58.843669-04');
INSERT INTO public.containers (id, meta, created) VALUES ('83aba5b0-2511-4721-869a-195c80586a43', '{}', '2022-07-04 22:49:58.8466-04');
INSERT INTO public.containers (id, meta, created) VALUES ('62116450-6e42-423a-b22b-f55e926b207b', '{}', '2022-07-04 22:49:58.847659-04');
INSERT INTO public.containers (id, meta, created) VALUES ('7ca3e1cb-ab4f-4949-ada5-528260f77e5c', '{}', '2022-07-04 22:49:58.848662-04');
INSERT INTO public.containers (id, meta, created) VALUES ('b2788b78-a80f-4104-99e5-a44c232e1ed0', '{}', '2022-07-04 22:49:58.869236-04');
INSERT INTO public.containers (id, meta, created) VALUES ('86a81393-a6e2-48e9-b4c8-a6b40fa92321', '{}', '2022-07-04 22:49:58.87196-04');
INSERT INTO public.containers (id, meta, created) VALUES ('289f6ec4-d9cf-44ad-8108-77c0290b2c71', '{}', '2022-07-04 22:49:58.872999-04');
INSERT INTO public.containers (id, meta, created) VALUES ('819892d7-9f4b-4a52-8683-78f239d25330', '{}', '2022-07-04 22:49:58.874028-04');
INSERT INTO public.containers (id, meta, created) VALUES ('c5268584-bb8e-448b-b45a-7a44e70835b6', '{}', '2022-07-04 22:49:58.89479-04');
INSERT INTO public.containers (id, meta, created) VALUES ('2e807aeb-95e8-488f-86f1-80347929fa5b', '{}', '2022-07-04 22:49:58.897788-04');
INSERT INTO public.containers (id, meta, created) VALUES ('92136af0-9984-450a-8cff-b58d0f02d085', '{}', '2022-07-04 22:49:58.898836-04');
INSERT INTO public.containers (id, meta, created) VALUES ('3a68406d-3377-4a68-8520-03e699fa4c48', '{}', '2022-07-04 22:49:58.899879-04');
INSERT INTO public.containers (id, meta, created) VALUES ('05df0746-a843-4859-b314-04945019c068', '{}', '2022-07-04 22:49:58.920214-04');
INSERT INTO public.containers (id, meta, created) VALUES ('4ce19fa6-2ac2-45cb-85b1-be5c12894522', '{}', '2022-07-04 22:49:58.923069-04');
INSERT INTO public.containers (id, meta, created) VALUES ('8f37a3ac-610a-426e-b91f-eb8dfbf534d7', '{}', '2022-07-04 22:49:58.924459-04');
INSERT INTO public.containers (id, meta, created) VALUES ('7f932042-6ad8-4b2d-a2f8-85a6b5f24554', '{}', '2022-07-04 22:49:58.925466-04');
INSERT INTO public.containers (id, meta, created) VALUES ('923b6d7d-7171-46ac-b5ff-5a1936ebc28c', '{}', '2022-07-04 22:49:58.945344-04');
INSERT INTO public.containers (id, meta, created) VALUES ('b7fa473c-07fc-4eb2-ba99-2d1d0a779415', '{}', '2022-07-04 22:49:58.948204-04');
INSERT INTO public.containers (id, meta, created) VALUES ('23936453-af97-45f5-a914-28350b0b911c', '{}', '2022-07-04 22:49:58.94926-04');
INSERT INTO public.containers (id, meta, created) VALUES ('bb8bf50e-9761-4bd7-bd19-a40a76836558', '{}', '2022-07-04 22:49:58.950344-04');
INSERT INTO public.containers (id, meta, created) VALUES ('1e49bc0f-dd7b-4d20-82ec-02a3c12aaa5d', '{}', '2022-07-04 22:49:58.971086-04');
INSERT INTO public.containers (id, meta, created) VALUES ('e2c073f0-62e6-4e67-97be-68d086859b06', '{}', '2022-07-04 22:49:58.973819-04');
INSERT INTO public.containers (id, meta, created) VALUES ('820a8cbe-598f-4b44-b498-a563363906f4', '{}', '2022-07-04 22:49:58.974889-04');
INSERT INTO public.containers (id, meta, created) VALUES ('dcd23c12-8ab6-480f-b288-effb071afdd4', '{}', '2022-07-04 22:49:58.975944-04');
INSERT INTO public.containers (id, meta, created) VALUES ('4ea51e39-962e-47c5-8c39-2c6b51149c90', '{}', '2022-07-04 22:49:58.996582-04');
INSERT INTO public.containers (id, meta, created) VALUES ('f70518ac-f05b-41cc-982a-7ce602e76c14', '{}', '2022-07-04 22:49:58.999615-04');
INSERT INTO public.containers (id, meta, created) VALUES ('53273c66-5ad8-43ff-8e02-230221be3129', '{}', '2022-07-04 22:49:59.000701-04');
INSERT INTO public.containers (id, meta, created) VALUES ('aa9f5ae4-a942-421e-926e-b977e6b5fcfc', '{}', '2022-07-04 22:49:59.001803-04');

--   users
INSERT INTO public.users (id, charactername, hashpass, registered, banned, current_shipid, startid, escrow_containerid, current_factionid, reputationsheet, isnpc, behaviourmode, emailaddress, experiencesheet, registeredip, isdev) VALUES ('7f150ec8-9246-41f9-a483-4f017a154575', 'Callie Nguyen', '1a858c989f0b05ff4d0be52782f863ef2eebfefe5189bab9d8c657f6e1479a79', '2022-07-04 22:49:58.817914-04', B'0', null, '80ca3159-b21e-48bb-8c09-0344bbedba7b', '183dee08-6673-4059-be61-3e9e5dafb146', 'a0152cbb-8a78-45a4-ae9b-2ad2b60b583b', '{"factionEntries": {"27a53dfc-a321-4c12-bf7c-bb177955c95b": {"FactionID": "27a53dfc-a321-4c12-bf7c-bb177955c95b", "StandingValue": 5, "AreOpenlyHostile": false}, "30bc70eb-2692-47e6-a7e3-2772e131c3d7": {"FactionID": "30bc70eb-2692-47e6-a7e3-2772e131c3d7", "StandingValue": -3, "AreOpenlyHostile": true}, "506286f5-6613-4481-ac26-caa9940fbe68": {"FactionID": "506286f5-6613-4481-ac26-caa9940fbe68", "StandingValue": -0.5, "AreOpenlyHostile": false}, "559d7fc1-5470-4ab4-8c66-fa2f0b89a523": {"FactionID": "559d7fc1-5470-4ab4-8c66-fa2f0b89a523", "StandingValue": 0.5, "AreOpenlyHostile": false}, "5db2bec7-37c3-4f1c-ab88-21024c12d639": {"FactionID": "5db2bec7-37c3-4f1c-ab88-21024c12d639", "StandingValue": -4, "AreOpenlyHostile": true}, "7decfd86-9c82-4a17-af3b-5d4af8c4e2ad": {"FactionID": "7decfd86-9c82-4a17-af3b-5d4af8c4e2ad", "StandingValue": -0.5, "AreOpenlyHostile": false}, "a0152cbb-8a78-45a4-ae9b-2ad2b60b583b": {"FactionID": "a0152cbb-8a78-45a4-ae9b-2ad2b60b583b", "StandingValue": 10, "AreOpenlyHostile": false}, "b3d3fa9c-b21e-490f-b39e-128b3af12128": {"FactionID": "b3d3fa9c-b21e-490f-b39e-128b3af12128", "StandingValue": 0, "AreOpenlyHostile": false}, "bdeffd9a-3cab-408c-9cd7-32fce1124f7a": {"FactionID": "bdeffd9a-3cab-408c-9cd7-32fce1124f7a", "StandingValue": -5, "AreOpenlyHostile": true}}}', true, 2, NULL, '{}', '[::1]:52944', false);
INSERT INTO public.users (id, charactername, hashpass, registered, banned, current_shipid, startid, escrow_containerid, current_factionid, reputationsheet, isnpc, behaviourmode, emailaddress, experiencesheet, registeredip, isdev) VALUES ('0cb18760-17c1-40d4-949c-27aac1d680cc', 'Neville Ferguson', 'fbdda709fdead5fabf73a6b7265e084235918f373564a2955aa5a7ef1d9f0b06', '2022-07-04 22:49:58.844702-04', B'0', null, '80ca3159-b21e-48bb-8c09-0344bbedba7b', 'efb0c8dc-2351-4c7f-afc9-54ea5dd74539', 'a0152cbb-8a78-45a4-ae9b-2ad2b60b583b', '{"factionEntries": {"27a53dfc-a321-4c12-bf7c-bb177955c95b": {"FactionID": "27a53dfc-a321-4c12-bf7c-bb177955c95b", "StandingValue": 5, "AreOpenlyHostile": false}, "30bc70eb-2692-47e6-a7e3-2772e131c3d7": {"FactionID": "30bc70eb-2692-47e6-a7e3-2772e131c3d7", "StandingValue": -3, "AreOpenlyHostile": true}, "506286f5-6613-4481-ac26-caa9940fbe68": {"FactionID": "506286f5-6613-4481-ac26-caa9940fbe68", "StandingValue": -0.5, "AreOpenlyHostile": false}, "559d7fc1-5470-4ab4-8c66-fa2f0b89a523": {"FactionID": "559d7fc1-5470-4ab4-8c66-fa2f0b89a523", "StandingValue": 0.5, "AreOpenlyHostile": false}, "5db2bec7-37c3-4f1c-ab88-21024c12d639": {"FactionID": "5db2bec7-37c3-4f1c-ab88-21024c12d639", "StandingValue": -4, "AreOpenlyHostile": true}, "7decfd86-9c82-4a17-af3b-5d4af8c4e2ad": {"FactionID": "7decfd86-9c82-4a17-af3b-5d4af8c4e2ad", "StandingValue": -0.5, "AreOpenlyHostile": false}, "a0152cbb-8a78-45a4-ae9b-2ad2b60b583b": {"FactionID": "a0152cbb-8a78-45a4-ae9b-2ad2b60b583b", "StandingValue": 10, "AreOpenlyHostile": false}, "b3d3fa9c-b21e-490f-b39e-128b3af12128": {"FactionID": "b3d3fa9c-b21e-490f-b39e-128b3af12128", "StandingValue": 0, "AreOpenlyHostile": false}, "bdeffd9a-3cab-408c-9cd7-32fce1124f7a": {"FactionID": "bdeffd9a-3cab-408c-9cd7-32fce1124f7a", "StandingValue": -5, "AreOpenlyHostile": true}}}', true, 2, NULL, '{}', '[::1]:52944', false);
INSERT INTO public.users (id, charactername, hashpass, registered, banned, current_shipid, startid, escrow_containerid, current_factionid, reputationsheet, isnpc, behaviourmode, emailaddress, experiencesheet, registeredip, isdev) VALUES ('d75b8035-fcfe-40c9-add8-bd520e77a8c6', 'Aurélie D’Armitz', 'b966f4702f8894850576b0191c74b8c4f1c60ba2375f81dbdbd09b2439243328', '2022-07-04 22:49:58.870228-04', B'0', null, '80ca3159-b21e-48bb-8c09-0344bbedba7b', 'b2788b78-a80f-4104-99e5-a44c232e1ed0', 'a0152cbb-8a78-45a4-ae9b-2ad2b60b583b', '{"factionEntries": {"27a53dfc-a321-4c12-bf7c-bb177955c95b": {"FactionID": "27a53dfc-a321-4c12-bf7c-bb177955c95b", "StandingValue": 5, "AreOpenlyHostile": false}, "30bc70eb-2692-47e6-a7e3-2772e131c3d7": {"FactionID": "30bc70eb-2692-47e6-a7e3-2772e131c3d7", "StandingValue": -3, "AreOpenlyHostile": true}, "506286f5-6613-4481-ac26-caa9940fbe68": {"FactionID": "506286f5-6613-4481-ac26-caa9940fbe68", "StandingValue": -0.5, "AreOpenlyHostile": false}, "559d7fc1-5470-4ab4-8c66-fa2f0b89a523": {"FactionID": "559d7fc1-5470-4ab4-8c66-fa2f0b89a523", "StandingValue": 0.5, "AreOpenlyHostile": false}, "5db2bec7-37c3-4f1c-ab88-21024c12d639": {"FactionID": "5db2bec7-37c3-4f1c-ab88-21024c12d639", "StandingValue": -4, "AreOpenlyHostile": true}, "7decfd86-9c82-4a17-af3b-5d4af8c4e2ad": {"FactionID": "7decfd86-9c82-4a17-af3b-5d4af8c4e2ad", "StandingValue": -0.5, "AreOpenlyHostile": false}, "a0152cbb-8a78-45a4-ae9b-2ad2b60b583b": {"FactionID": "a0152cbb-8a78-45a4-ae9b-2ad2b60b583b", "StandingValue": 10, "AreOpenlyHostile": false}, "b3d3fa9c-b21e-490f-b39e-128b3af12128": {"FactionID": "b3d3fa9c-b21e-490f-b39e-128b3af12128", "StandingValue": 0, "AreOpenlyHostile": false}, "bdeffd9a-3cab-408c-9cd7-32fce1124f7a": {"FactionID": "bdeffd9a-3cab-408c-9cd7-32fce1124f7a", "StandingValue": -5, "AreOpenlyHostile": true}}}', true, 2, NULL, '{}', '[::1]:52944', false);
INSERT INTO public.users (id, charactername, hashpass, registered, banned, current_shipid, startid, escrow_containerid, current_factionid, reputationsheet, isnpc, behaviourmode, emailaddress, experiencesheet, registeredip, isdev) VALUES ('3119eaa7-418f-46e2-8d15-68ea964aaa2d', 'Llŷr Caddell', '72e81bdc1b96f5d3533c85fdde9fc96a8a87bef1e3c6da2d5c004746fd6cc05e', '2022-07-04 22:49:58.997718-04', B'0', null, '80ca3159-b21e-48bb-8c09-0344bbedba7b', '4ea51e39-962e-47c5-8c39-2c6b51149c90', 'a0152cbb-8a78-45a4-ae9b-2ad2b60b583b', '{"factionEntries": {"27a53dfc-a321-4c12-bf7c-bb177955c95b": {"FactionID": "27a53dfc-a321-4c12-bf7c-bb177955c95b", "StandingValue": 5, "AreOpenlyHostile": false}, "30bc70eb-2692-47e6-a7e3-2772e131c3d7": {"FactionID": "30bc70eb-2692-47e6-a7e3-2772e131c3d7", "StandingValue": -3, "AreOpenlyHostile": true}, "506286f5-6613-4481-ac26-caa9940fbe68": {"FactionID": "506286f5-6613-4481-ac26-caa9940fbe68", "StandingValue": -0.5, "AreOpenlyHostile": false}, "559d7fc1-5470-4ab4-8c66-fa2f0b89a523": {"FactionID": "559d7fc1-5470-4ab4-8c66-fa2f0b89a523", "StandingValue": 0.5, "AreOpenlyHostile": false}, "5db2bec7-37c3-4f1c-ab88-21024c12d639": {"FactionID": "5db2bec7-37c3-4f1c-ab88-21024c12d639", "StandingValue": -4, "AreOpenlyHostile": true}, "7decfd86-9c82-4a17-af3b-5d4af8c4e2ad": {"FactionID": "7decfd86-9c82-4a17-af3b-5d4af8c4e2ad", "StandingValue": -0.5, "AreOpenlyHostile": false}, "a0152cbb-8a78-45a4-ae9b-2ad2b60b583b": {"FactionID": "a0152cbb-8a78-45a4-ae9b-2ad2b60b583b", "StandingValue": 10, "AreOpenlyHostile": false}, "b3d3fa9c-b21e-490f-b39e-128b3af12128": {"FactionID": "b3d3fa9c-b21e-490f-b39e-128b3af12128", "StandingValue": 0, "AreOpenlyHostile": false}, "bdeffd9a-3cab-408c-9cd7-32fce1124f7a": {"FactionID": "bdeffd9a-3cab-408c-9cd7-32fce1124f7a", "StandingValue": -5, "AreOpenlyHostile": true}}}', true, 2, NULL, '{}', '[::1]:52944', false);
INSERT INTO public.users (id, charactername, hashpass, registered, banned, current_shipid, startid, escrow_containerid, current_factionid, reputationsheet, isnpc, behaviourmode, emailaddress, experiencesheet, registeredip, isdev) VALUES ('f1d9887a-6f00-4cab-b12d-06e5f5c86bf9', 'Virginie Caron', 'a91abb5e97c220640101b1b0341fddd69489dfabca61a40aea368d2b9fb61b0c', '2022-07-04 22:49:58.895919-04', B'0', null, '80ca3159-b21e-48bb-8c09-0344bbedba7b', 'c5268584-bb8e-448b-b45a-7a44e70835b6', 'a0152cbb-8a78-45a4-ae9b-2ad2b60b583b', '{"factionEntries": {"27a53dfc-a321-4c12-bf7c-bb177955c95b": {"FactionID": "27a53dfc-a321-4c12-bf7c-bb177955c95b", "StandingValue": 5, "AreOpenlyHostile": false}, "30bc70eb-2692-47e6-a7e3-2772e131c3d7": {"FactionID": "30bc70eb-2692-47e6-a7e3-2772e131c3d7", "StandingValue": -3, "AreOpenlyHostile": true}, "506286f5-6613-4481-ac26-caa9940fbe68": {"FactionID": "506286f5-6613-4481-ac26-caa9940fbe68", "StandingValue": -0.5, "AreOpenlyHostile": false}, "559d7fc1-5470-4ab4-8c66-fa2f0b89a523": {"FactionID": "559d7fc1-5470-4ab4-8c66-fa2f0b89a523", "StandingValue": 0.5, "AreOpenlyHostile": false}, "5db2bec7-37c3-4f1c-ab88-21024c12d639": {"FactionID": "5db2bec7-37c3-4f1c-ab88-21024c12d639", "StandingValue": -4, "AreOpenlyHostile": true}, "7decfd86-9c82-4a17-af3b-5d4af8c4e2ad": {"FactionID": "7decfd86-9c82-4a17-af3b-5d4af8c4e2ad", "StandingValue": -0.5, "AreOpenlyHostile": false}, "a0152cbb-8a78-45a4-ae9b-2ad2b60b583b": {"FactionID": "a0152cbb-8a78-45a4-ae9b-2ad2b60b583b", "StandingValue": 10, "AreOpenlyHostile": false}, "b3d3fa9c-b21e-490f-b39e-128b3af12128": {"FactionID": "b3d3fa9c-b21e-490f-b39e-128b3af12128", "StandingValue": 0, "AreOpenlyHostile": false}, "bdeffd9a-3cab-408c-9cd7-32fce1124f7a": {"FactionID": "bdeffd9a-3cab-408c-9cd7-32fce1124f7a", "StandingValue": -5, "AreOpenlyHostile": true}}}', true, 2, NULL, '{}', '[::1]:52944', false);
INSERT INTO public.users (id, charactername, hashpass, registered, banned, current_shipid, startid, escrow_containerid, current_factionid, reputationsheet, isnpc, behaviourmode, emailaddress, experiencesheet, registeredip, isdev) VALUES ('f5d6177c-dd55-4636-b3bb-3f6069d60334', 'So Seulgi', '2054c9efdafa5238a53f0961da94b529b9f1fbb721712bc69afc47b72dfa3d95', '2022-07-04 22:49:58.921272-04', B'0', null, '80ca3159-b21e-48bb-8c09-0344bbedba7b', '05df0746-a843-4859-b314-04945019c068', 'a0152cbb-8a78-45a4-ae9b-2ad2b60b583b', '{"factionEntries": {"27a53dfc-a321-4c12-bf7c-bb177955c95b": {"FactionID": "27a53dfc-a321-4c12-bf7c-bb177955c95b", "StandingValue": 5, "AreOpenlyHostile": false}, "30bc70eb-2692-47e6-a7e3-2772e131c3d7": {"FactionID": "30bc70eb-2692-47e6-a7e3-2772e131c3d7", "StandingValue": -3, "AreOpenlyHostile": true}, "506286f5-6613-4481-ac26-caa9940fbe68": {"FactionID": "506286f5-6613-4481-ac26-caa9940fbe68", "StandingValue": -0.5, "AreOpenlyHostile": false}, "559d7fc1-5470-4ab4-8c66-fa2f0b89a523": {"FactionID": "559d7fc1-5470-4ab4-8c66-fa2f0b89a523", "StandingValue": 0.5, "AreOpenlyHostile": false}, "5db2bec7-37c3-4f1c-ab88-21024c12d639": {"FactionID": "5db2bec7-37c3-4f1c-ab88-21024c12d639", "StandingValue": -4, "AreOpenlyHostile": true}, "7decfd86-9c82-4a17-af3b-5d4af8c4e2ad": {"FactionID": "7decfd86-9c82-4a17-af3b-5d4af8c4e2ad", "StandingValue": -0.5, "AreOpenlyHostile": false}, "a0152cbb-8a78-45a4-ae9b-2ad2b60b583b": {"FactionID": "a0152cbb-8a78-45a4-ae9b-2ad2b60b583b", "StandingValue": 10, "AreOpenlyHostile": false}, "b3d3fa9c-b21e-490f-b39e-128b3af12128": {"FactionID": "b3d3fa9c-b21e-490f-b39e-128b3af12128", "StandingValue": 0, "AreOpenlyHostile": false}, "bdeffd9a-3cab-408c-9cd7-32fce1124f7a": {"FactionID": "bdeffd9a-3cab-408c-9cd7-32fce1124f7a", "StandingValue": -5, "AreOpenlyHostile": true}}}', true, 2, NULL, '{}', '[::1]:52944', false);
INSERT INTO public.users (id, charactername, hashpass, registered, banned, current_shipid, startid, escrow_containerid, current_factionid, reputationsheet, isnpc, behaviourmode, emailaddress, experiencesheet, registeredip, isdev) VALUES ('a392c2cf-db80-4788-a362-bb3ef8bb719d', 'Mo Dong-Min', 'fa0471a84b4756bce674d52c8e7b805c6ab3615b34cb5c31003780e231989b2f', '2022-07-04 22:49:58.946428-04', B'0', null, '80ca3159-b21e-48bb-8c09-0344bbedba7b', '923b6d7d-7171-46ac-b5ff-5a1936ebc28c', 'a0152cbb-8a78-45a4-ae9b-2ad2b60b583b', '{"factionEntries": {"27a53dfc-a321-4c12-bf7c-bb177955c95b": {"FactionID": "27a53dfc-a321-4c12-bf7c-bb177955c95b", "StandingValue": 5, "AreOpenlyHostile": false}, "30bc70eb-2692-47e6-a7e3-2772e131c3d7": {"FactionID": "30bc70eb-2692-47e6-a7e3-2772e131c3d7", "StandingValue": -3, "AreOpenlyHostile": true}, "506286f5-6613-4481-ac26-caa9940fbe68": {"FactionID": "506286f5-6613-4481-ac26-caa9940fbe68", "StandingValue": -0.5, "AreOpenlyHostile": false}, "559d7fc1-5470-4ab4-8c66-fa2f0b89a523": {"FactionID": "559d7fc1-5470-4ab4-8c66-fa2f0b89a523", "StandingValue": 0.5, "AreOpenlyHostile": false}, "5db2bec7-37c3-4f1c-ab88-21024c12d639": {"FactionID": "5db2bec7-37c3-4f1c-ab88-21024c12d639", "StandingValue": -4, "AreOpenlyHostile": true}, "7decfd86-9c82-4a17-af3b-5d4af8c4e2ad": {"FactionID": "7decfd86-9c82-4a17-af3b-5d4af8c4e2ad", "StandingValue": -0.5, "AreOpenlyHostile": false}, "a0152cbb-8a78-45a4-ae9b-2ad2b60b583b": {"FactionID": "a0152cbb-8a78-45a4-ae9b-2ad2b60b583b", "StandingValue": 10, "AreOpenlyHostile": false}, "b3d3fa9c-b21e-490f-b39e-128b3af12128": {"FactionID": "b3d3fa9c-b21e-490f-b39e-128b3af12128", "StandingValue": 0, "AreOpenlyHostile": false}, "bdeffd9a-3cab-408c-9cd7-32fce1124f7a": {"FactionID": "bdeffd9a-3cab-408c-9cd7-32fce1124f7a", "StandingValue": -5, "AreOpenlyHostile": true}}}', true, 2, NULL, '{}', '[::1]:52944', false);
INSERT INTO public.users (id, charactername, hashpass, registered, banned, current_shipid, startid, escrow_containerid, current_factionid, reputationsheet, isnpc, behaviourmode, emailaddress, experiencesheet, registeredip, isdev) VALUES ('7ef4858b-604c-4e85-9b25-5a43ee9407e7', 'Zain Okeke', 'a991be9c5c1bb1e12004498c9ee3010cc0745f75010716571d57d1d1b5bdd1e4', '2022-07-04 22:49:58.97215-04', B'0', null, '80ca3159-b21e-48bb-8c09-0344bbedba7b', '1e49bc0f-dd7b-4d20-82ec-02a3c12aaa5d', 'a0152cbb-8a78-45a4-ae9b-2ad2b60b583b', '{"factionEntries": {"27a53dfc-a321-4c12-bf7c-bb177955c95b": {"FactionID": "27a53dfc-a321-4c12-bf7c-bb177955c95b", "StandingValue": 5, "AreOpenlyHostile": false}, "30bc70eb-2692-47e6-a7e3-2772e131c3d7": {"FactionID": "30bc70eb-2692-47e6-a7e3-2772e131c3d7", "StandingValue": -3, "AreOpenlyHostile": true}, "506286f5-6613-4481-ac26-caa9940fbe68": {"FactionID": "506286f5-6613-4481-ac26-caa9940fbe68", "StandingValue": -0.5, "AreOpenlyHostile": false}, "559d7fc1-5470-4ab4-8c66-fa2f0b89a523": {"FactionID": "559d7fc1-5470-4ab4-8c66-fa2f0b89a523", "StandingValue": 0.5, "AreOpenlyHostile": false}, "5db2bec7-37c3-4f1c-ab88-21024c12d639": {"FactionID": "5db2bec7-37c3-4f1c-ab88-21024c12d639", "StandingValue": -4, "AreOpenlyHostile": true}, "7decfd86-9c82-4a17-af3b-5d4af8c4e2ad": {"FactionID": "7decfd86-9c82-4a17-af3b-5d4af8c4e2ad", "StandingValue": -0.5, "AreOpenlyHostile": false}, "a0152cbb-8a78-45a4-ae9b-2ad2b60b583b": {"FactionID": "a0152cbb-8a78-45a4-ae9b-2ad2b60b583b", "StandingValue": 10, "AreOpenlyHostile": false}, "b3d3fa9c-b21e-490f-b39e-128b3af12128": {"FactionID": "b3d3fa9c-b21e-490f-b39e-128b3af12128", "StandingValue": 0, "AreOpenlyHostile": false}, "bdeffd9a-3cab-408c-9cd7-32fce1124f7a": {"FactionID": "bdeffd9a-3cab-408c-9cd7-32fce1124f7a", "StandingValue": -5, "AreOpenlyHostile": true}}}', true, 2, NULL, '{}', '[::1]:52944', false);

--   ships
INSERT INTO public.ships (id, universe_systemid, userid, pos_x, pos_y, created, shipname, texture, theta, vel_x, vel_y, shield, armor, hull, fuel, heat, energy, shiptemplateid, dockedat_stationid, fitting, destroyed, destroyedat, cargobay_containerid, fittingbay_containerid, remaxdirty, trash_containerid, wallet, noload, flightexperiencemodifier) VALUES ('3a48b214-7a3f-4d06-87b2-b3e8eb4c376c', '0074f593-df14-47c4-8971-336b81a86fb8', '7f150ec8-9246-41f9-a483-4f017a154575', 0, 0, '2022-07-04 22:49:58.839344-04', 'Callie Nguyen''s Starter Ship', 'Robin', 0, 0, 0, 836, 676, 540, 1060, 0, 553, 'd68817c6-2448-4126-8ae5-766669f34cf5', 'ab91015b-fb32-47fd-bf38-d15af5933bab', '{"a_rack": [{"item_id": "9461aca8-a3bf-4c69-b654-b17aa200edc5", "slot_idx": 0, "item_type_id": "85fc1069-22b1-44ed-838b-64ed38d1e0b4"}, {"item_id": "a70e9571-5113-46c8-99f9-0f35da2a4c6d", "slot_idx": 1, "item_type_id": "85fc1069-22b1-44ed-838b-64ed38d1e0b4"}, {"item_id": "edd5bcc2-d08f-4cac-b8c4-8cc7adff4499", "slot_idx": 2, "item_type_id": "85fc1069-22b1-44ed-838b-64ed38d1e0b4"}, {"item_id": "aae02612-1765-44f2-8b33-410e0d9153a9", "slot_idx": 3, "item_type_id": "69d118ea-617d-477b-bb30-67f5da3c812e"}, {"item_id": "d20c8b46-226d-4ab7-a78f-0a0806003d29", "slot_idx": 4, "item_type_id": "c59844a1-25c7-4f29-a851-ae25077781ca"}], "b_rack": [{"item_id": "08ed6d8c-4136-402a-b208-26b301bf2f6f", "slot_idx": 0, "item_type_id": "70f816b8-e3c5-4e5f-bd0c-f8125519b168"}, {"item_id": "f687729e-6729-4a60-9a24-81492b51f8f7", "slot_idx": 1, "item_type_id": "aab8ec7b-6031-4f54-9ab4-434ab5e7b47c"}, {"item_id": "8431c3ee-a295-4ef4-b13f-40d3e1ed8e25", "slot_idx": 2, "item_type_id": "643b06f8-3df2-40d4-abfe-37d55287d628"}], "c_rack": [{"item_id": "b03aa980-83ab-4d5d-bccf-38ee3ab9c9fa", "slot_idx": 0, "item_type_id": "a3ff4095-2511-412f-89df-abe7b8516192"}, {"item_id": "9339bf8e-05e1-4007-9285-6b71f83010df", "slot_idx": 1, "item_type_id": "a3ff4095-2511-412f-89df-abe7b8516192"}, {"item_id": "5f42eec0-6e2f-4269-a5b4-94be92c346c9", "slot_idx": 2, "item_type_id": "0d0d134c-2b7d-4888-839a-d043d6aedca6"}]}', false, NULL, 'cb1d17f6-af52-418a-8461-d1159b0a74cb', '6f413b2c-b565-4b37-8698-76267ba397e9', true, '4b407aaa-040e-45e8-81be-71a55d28baeb', 10000, false, 1);
INSERT INTO public.ships (id, universe_systemid, userid, pos_x, pos_y, created, shipname, texture, theta, vel_x, vel_y, shield, armor, hull, fuel, heat, energy, shiptemplateid, dockedat_stationid, fitting, destroyed, destroyedat, cargobay_containerid, fittingbay_containerid, remaxdirty, trash_containerid, wallet, noload, flightexperiencemodifier) VALUES ('ae6981ed-24bd-4fb5-af39-d0dcfc87cc75', '0074f593-df14-47c4-8971-336b81a86fb8', '0cb18760-17c1-40d4-949c-27aac1d680cc', 0, 0, '2022-07-04 22:49:58.865478-04', 'Neville Ferguson''s Starter Ship', 'Robin', 0, 0, 0, 836, 676, 540, 1060, 0, 553, 'd68817c6-2448-4126-8ae5-766669f34cf5', 'ab91015b-fb32-47fd-bf38-d15af5933bab', '{"a_rack": [{"item_id": "13dbfbef-b4fc-4a02-acc4-720d7a202cca", "slot_idx": 0, "item_type_id": "85fc1069-22b1-44ed-838b-64ed38d1e0b4"}, {"item_id": "43f966d6-70f8-4b16-a60e-e81b2d4a3cbf", "slot_idx": 1, "item_type_id": "85fc1069-22b1-44ed-838b-64ed38d1e0b4"}, {"item_id": "c4f78c36-70b0-4a4f-aa84-bee47fe28719", "slot_idx": 2, "item_type_id": "85fc1069-22b1-44ed-838b-64ed38d1e0b4"}, {"item_id": "0c218c60-55a2-41dc-ae78-58752cff7363", "slot_idx": 3, "item_type_id": "69d118ea-617d-477b-bb30-67f5da3c812e"}, {"item_id": "7a346b52-0a0c-4fbe-8c68-8f44ca74b372", "slot_idx": 4, "item_type_id": "c59844a1-25c7-4f29-a851-ae25077781ca"}], "b_rack": [{"item_id": "5c3f578a-41b0-46fc-9152-3358851431ef", "slot_idx": 0, "item_type_id": "70f816b8-e3c5-4e5f-bd0c-f8125519b168"}, {"item_id": "b048658c-f594-4840-9b16-5674f63fabdf", "slot_idx": 1, "item_type_id": "aab8ec7b-6031-4f54-9ab4-434ab5e7b47c"}, {"item_id": "b5a9caa5-a641-4e81-9062-c0f8fd2a9b76", "slot_idx": 2, "item_type_id": "643b06f8-3df2-40d4-abfe-37d55287d628"}], "c_rack": [{"item_id": "6c373cd2-f788-4f7d-afd5-a4d74e4f262b", "slot_idx": 0, "item_type_id": "a3ff4095-2511-412f-89df-abe7b8516192"}, {"item_id": "29a87668-809a-4029-acbf-c8bcfbae1b7d", "slot_idx": 1, "item_type_id": "a3ff4095-2511-412f-89df-abe7b8516192"}, {"item_id": "5fcb0358-da8c-49c3-b82d-41a5b1820248", "slot_idx": 2, "item_type_id": "0d0d134c-2b7d-4888-839a-d043d6aedca6"}]}', false, NULL, '62116450-6e42-423a-b22b-f55e926b207b', '7ca3e1cb-ab4f-4949-ada5-528260f77e5c', true, '83aba5b0-2511-4721-869a-195c80586a43', 10000, false, 1);
INSERT INTO public.ships (id, universe_systemid, userid, pos_x, pos_y, created, shipname, texture, theta, vel_x, vel_y, shield, armor, hull, fuel, heat, energy, shiptemplateid, dockedat_stationid, fitting, destroyed, destroyedat, cargobay_containerid, fittingbay_containerid, remaxdirty, trash_containerid, wallet, noload, flightexperiencemodifier) VALUES ('245fe385-7faf-4ecd-bdfb-7ca8ce34383f', '0074f593-df14-47c4-8971-336b81a86fb8', 'd75b8035-fcfe-40c9-add8-bd520e77a8c6', 0, 0, '2022-07-04 22:49:58.88995-04', 'Aurélie D’Armitz''s Starter Sh', 'Robin', 0, 0, 0, 836, 676, 540, 1060, 0, 553, 'd68817c6-2448-4126-8ae5-766669f34cf5', 'ab91015b-fb32-47fd-bf38-d15af5933bab', '{"a_rack": [{"item_id": "737ef083-55ee-4068-8a20-95733511d1d8", "slot_idx": 0, "item_type_id": "85fc1069-22b1-44ed-838b-64ed38d1e0b4"}, {"item_id": "ed0795bc-299f-4976-be6f-bcc104c46bd8", "slot_idx": 1, "item_type_id": "85fc1069-22b1-44ed-838b-64ed38d1e0b4"}, {"item_id": "ab8b69ca-063e-4e70-983a-18633280bac7", "slot_idx": 2, "item_type_id": "85fc1069-22b1-44ed-838b-64ed38d1e0b4"}, {"item_id": "df78ba5b-643e-4c8b-8a67-04e0eea94e74", "slot_idx": 3, "item_type_id": "69d118ea-617d-477b-bb30-67f5da3c812e"}, {"item_id": "0f726f13-fa04-4042-bb01-9c97bdffd060", "slot_idx": 4, "item_type_id": "c59844a1-25c7-4f29-a851-ae25077781ca"}], "b_rack": [{"item_id": "635060fa-6080-4f47-8a36-283f7460600f", "slot_idx": 0, "item_type_id": "70f816b8-e3c5-4e5f-bd0c-f8125519b168"}, {"item_id": "229ed4ee-5a6a-4118-bbef-61a7da0cda1c", "slot_idx": 1, "item_type_id": "aab8ec7b-6031-4f54-9ab4-434ab5e7b47c"}, {"item_id": "4347033c-9f82-4492-ad30-d882e7867592", "slot_idx": 2, "item_type_id": "643b06f8-3df2-40d4-abfe-37d55287d628"}], "c_rack": [{"item_id": "8e14393f-c05b-4846-b10e-3f9e6b76bcd3", "slot_idx": 0, "item_type_id": "a3ff4095-2511-412f-89df-abe7b8516192"}, {"item_id": "2b2401ac-d233-4ec3-95be-edae6478b8b3", "slot_idx": 1, "item_type_id": "a3ff4095-2511-412f-89df-abe7b8516192"}, {"item_id": "741d7a59-5fd3-4d63-8c15-1c850185bba6", "slot_idx": 2, "item_type_id": "0d0d134c-2b7d-4888-839a-d043d6aedca6"}]}', false, NULL, '289f6ec4-d9cf-44ad-8108-77c0290b2c71', '819892d7-9f4b-4a52-8683-78f239d25330', true, '86a81393-a6e2-48e9-b4c8-a6b40fa92321', 10000, false, 1);
INSERT INTO public.ships (id, universe_systemid, userid, pos_x, pos_y, created, shipname, texture, theta, vel_x, vel_y, shield, armor, hull, fuel, heat, energy, shiptemplateid, dockedat_stationid, fitting, destroyed, destroyedat, cargobay_containerid, fittingbay_containerid, remaxdirty, trash_containerid, wallet, noload, flightexperiencemodifier) VALUES ('79ba968e-3f9a-4a01-922a-ed8163d0cada', '0074f593-df14-47c4-8971-336b81a86fb8', 'f1d9887a-6f00-4cab-b12d-06e5f5c86bf9', 0, 0, '2022-07-04 22:49:58.916275-04', 'Virginie Caron''s Starter Ship', 'Robin', 0, 0, 0, 836, 676, 540, 1060, 0, 553, 'd68817c6-2448-4126-8ae5-766669f34cf5', 'ab91015b-fb32-47fd-bf38-d15af5933bab', '{"a_rack": [{"item_id": "16aa6c14-d1c1-47ba-afd5-d18c622e3d87", "slot_idx": 0, "item_type_id": "85fc1069-22b1-44ed-838b-64ed38d1e0b4"}, {"item_id": "b2a1e8da-461f-4ab2-a9de-dd3c4a10e587", "slot_idx": 1, "item_type_id": "85fc1069-22b1-44ed-838b-64ed38d1e0b4"}, {"item_id": "e841eced-a0cf-4e35-9aa4-190489761c56", "slot_idx": 2, "item_type_id": "85fc1069-22b1-44ed-838b-64ed38d1e0b4"}, {"item_id": "bbadec83-18c1-4adc-ae0e-1e0e8cfcabae", "slot_idx": 3, "item_type_id": "69d118ea-617d-477b-bb30-67f5da3c812e"}, {"item_id": "9709d5fd-3d83-4cdc-a95d-a37a61068344", "slot_idx": 4, "item_type_id": "c59844a1-25c7-4f29-a851-ae25077781ca"}], "b_rack": [{"item_id": "484cf431-a624-4bd5-a8ab-40b5a4357ba3", "slot_idx": 0, "item_type_id": "70f816b8-e3c5-4e5f-bd0c-f8125519b168"}, {"item_id": "02efa6dd-c086-42c4-9dca-465b44b95c25", "slot_idx": 1, "item_type_id": "aab8ec7b-6031-4f54-9ab4-434ab5e7b47c"}, {"item_id": "0a50db9d-5d66-41c5-8790-8c960793caf2", "slot_idx": 2, "item_type_id": "643b06f8-3df2-40d4-abfe-37d55287d628"}], "c_rack": [{"item_id": "8282cab2-da58-46c2-b79c-d46995c847cf", "slot_idx": 0, "item_type_id": "a3ff4095-2511-412f-89df-abe7b8516192"}, {"item_id": "4ebef967-d932-449d-93e6-3ecc1231b118", "slot_idx": 1, "item_type_id": "a3ff4095-2511-412f-89df-abe7b8516192"}, {"item_id": "43e770f7-9ef5-44e0-a1a3-4c39e7814293", "slot_idx": 2, "item_type_id": "0d0d134c-2b7d-4888-839a-d043d6aedca6"}]}', false, NULL, '92136af0-9984-450a-8cff-b58d0f02d085', '3a68406d-3377-4a68-8520-03e699fa4c48', true, '2e807aeb-95e8-488f-86f1-80347929fa5b', 10000, false, 1);
INSERT INTO public.ships (id, universe_systemid, userid, pos_x, pos_y, created, shipname, texture, theta, vel_x, vel_y, shield, armor, hull, fuel, heat, energy, shiptemplateid, dockedat_stationid, fitting, destroyed, destroyedat, cargobay_containerid, fittingbay_containerid, remaxdirty, trash_containerid, wallet, noload, flightexperiencemodifier) VALUES ('27cae1bd-d621-4eb4-9c99-a71bf89e2fb6', '0074f593-df14-47c4-8971-336b81a86fb8', 'f5d6177c-dd55-4636-b3bb-3f6069d60334', 0, 0, '2022-07-04 22:49:58.941329-04', 'So Seulgi''s Starter Ship', 'Robin', 0, 0, 0, 836, 676, 540, 1060, 0, 553, 'd68817c6-2448-4126-8ae5-766669f34cf5', 'ab91015b-fb32-47fd-bf38-d15af5933bab', '{"a_rack": [{"item_id": "e4b7ede1-96ea-42fc-b3e0-2a756f18865a", "slot_idx": 0, "item_type_id": "85fc1069-22b1-44ed-838b-64ed38d1e0b4"}, {"item_id": "d83915b1-52a5-42b2-b3b5-3194e998be98", "slot_idx": 1, "item_type_id": "85fc1069-22b1-44ed-838b-64ed38d1e0b4"}, {"item_id": "03a44251-356e-49e7-8f3f-9728e1bcb68b", "slot_idx": 2, "item_type_id": "85fc1069-22b1-44ed-838b-64ed38d1e0b4"}, {"item_id": "51db9e83-e494-41b6-bbc7-739b46937e90", "slot_idx": 3, "item_type_id": "69d118ea-617d-477b-bb30-67f5da3c812e"}, {"item_id": "7fa6be2a-ee1a-46f1-a91d-10ca03b493e3", "slot_idx": 4, "item_type_id": "c59844a1-25c7-4f29-a851-ae25077781ca"}], "b_rack": [{"item_id": "f465b32d-d246-4098-a0a4-88b2de975350", "slot_idx": 0, "item_type_id": "70f816b8-e3c5-4e5f-bd0c-f8125519b168"}, {"item_id": "fbec712f-437b-497e-96a2-ff78d21114cd", "slot_idx": 1, "item_type_id": "aab8ec7b-6031-4f54-9ab4-434ab5e7b47c"}, {"item_id": "2856ffc0-e092-4d8e-a291-de6b567bcae9", "slot_idx": 2, "item_type_id": "643b06f8-3df2-40d4-abfe-37d55287d628"}], "c_rack": [{"item_id": "26869362-239c-42d7-9994-7b957834e766", "slot_idx": 0, "item_type_id": "a3ff4095-2511-412f-89df-abe7b8516192"}, {"item_id": "19c59a37-4a2a-4aa8-8f91-8e99a3466307", "slot_idx": 1, "item_type_id": "a3ff4095-2511-412f-89df-abe7b8516192"}, {"item_id": "8f049025-5bae-4e65-9a5b-3760031e5d4e", "slot_idx": 2, "item_type_id": "0d0d134c-2b7d-4888-839a-d043d6aedca6"}]}', false, NULL, '8f37a3ac-610a-426e-b91f-eb8dfbf534d7', '7f932042-6ad8-4b2d-a2f8-85a6b5f24554', true, '4ce19fa6-2ac2-45cb-85b1-be5c12894522', 10000, false, 1);
INSERT INTO public.ships (id, universe_systemid, userid, pos_x, pos_y, created, shipname, texture, theta, vel_x, vel_y, shield, armor, hull, fuel, heat, energy, shiptemplateid, dockedat_stationid, fitting, destroyed, destroyedat, cargobay_containerid, fittingbay_containerid, remaxdirty, trash_containerid, wallet, noload, flightexperiencemodifier) VALUES ('ca498c11-fdf5-465a-8d30-ee6967a19af1', '0074f593-df14-47c4-8971-336b81a86fb8', 'a392c2cf-db80-4788-a362-bb3ef8bb719d', 0, 0, '2022-07-04 22:49:58.967035-04', 'Mo Dong-Min''s Starter Ship', 'Robin', 0, 0, 0, 836, 676, 540, 1060, 0, 553, 'd68817c6-2448-4126-8ae5-766669f34cf5', 'ab91015b-fb32-47fd-bf38-d15af5933bab', '{"a_rack": [{"item_id": "124de03c-79f5-4321-bec1-2ed965257030", "slot_idx": 0, "item_type_id": "85fc1069-22b1-44ed-838b-64ed38d1e0b4"}, {"item_id": "3b209e13-3355-49c8-9349-b37d5fae1d20", "slot_idx": 1, "item_type_id": "85fc1069-22b1-44ed-838b-64ed38d1e0b4"}, {"item_id": "a6b450bb-61c3-4abc-ae8c-66406c19df2f", "slot_idx": 2, "item_type_id": "85fc1069-22b1-44ed-838b-64ed38d1e0b4"}, {"item_id": "fe25a57e-0695-400f-a211-9d41b1ab8d5f", "slot_idx": 3, "item_type_id": "69d118ea-617d-477b-bb30-67f5da3c812e"}, {"item_id": "c645a34a-dd5e-4d9b-a06d-0ec0666ef2f0", "slot_idx": 4, "item_type_id": "c59844a1-25c7-4f29-a851-ae25077781ca"}], "b_rack": [{"item_id": "a539bcfe-5d87-4d30-b6f9-7f4c5b698aa3", "slot_idx": 0, "item_type_id": "70f816b8-e3c5-4e5f-bd0c-f8125519b168"}, {"item_id": "4514dc52-9504-474b-8db4-3f49157a2ab2", "slot_idx": 1, "item_type_id": "aab8ec7b-6031-4f54-9ab4-434ab5e7b47c"}, {"item_id": "8e0ebfd3-ac6e-45b8-b9bc-f5007f6febf3", "slot_idx": 2, "item_type_id": "643b06f8-3df2-40d4-abfe-37d55287d628"}], "c_rack": [{"item_id": "fbd412e4-a33c-4768-b1f5-b6279f042bc8", "slot_idx": 0, "item_type_id": "a3ff4095-2511-412f-89df-abe7b8516192"}, {"item_id": "3637a027-4aed-4d9e-9b74-3e3cd486d31a", "slot_idx": 1, "item_type_id": "a3ff4095-2511-412f-89df-abe7b8516192"}, {"item_id": "efe12d4d-b57c-4df2-be7c-293bae6ec4d1", "slot_idx": 2, "item_type_id": "0d0d134c-2b7d-4888-839a-d043d6aedca6"}]}', false, NULL, '23936453-af97-45f5-a914-28350b0b911c', 'bb8bf50e-9761-4bd7-bd19-a40a76836558', true, 'b7fa473c-07fc-4eb2-ba99-2d1d0a779415', 10000, false, 1);
INSERT INTO public.ships (id, universe_systemid, userid, pos_x, pos_y, created, shipname, texture, theta, vel_x, vel_y, shield, armor, hull, fuel, heat, energy, shiptemplateid, dockedat_stationid, fitting, destroyed, destroyedat, cargobay_containerid, fittingbay_containerid, remaxdirty, trash_containerid, wallet, noload, flightexperiencemodifier) VALUES ('0665164e-c8d1-4c4c-a038-ba0a9450f4f6', '0074f593-df14-47c4-8971-336b81a86fb8', '7ef4858b-604c-4e85-9b25-5a43ee9407e7', 0, 0, '2022-07-04 22:49:58.992589-04', 'Zain Okeke''s Starter Ship', 'Robin', 0, 0, 0, 836, 676, 540, 1060, 0, 553, 'd68817c6-2448-4126-8ae5-766669f34cf5', 'ab91015b-fb32-47fd-bf38-d15af5933bab', '{"a_rack": [{"item_id": "25160684-0697-43b2-9888-342f1eaa15c2", "slot_idx": 0, "item_type_id": "85fc1069-22b1-44ed-838b-64ed38d1e0b4"}, {"item_id": "3d413905-75d0-40e5-9889-bdae68c777a9", "slot_idx": 1, "item_type_id": "85fc1069-22b1-44ed-838b-64ed38d1e0b4"}, {"item_id": "68be0b4d-21df-4349-963b-b8e60fdce002", "slot_idx": 2, "item_type_id": "85fc1069-22b1-44ed-838b-64ed38d1e0b4"}, {"item_id": "e37a83e9-d344-4fe6-afef-3eb0c595cab0", "slot_idx": 3, "item_type_id": "69d118ea-617d-477b-bb30-67f5da3c812e"}, {"item_id": "8d29d9db-cc09-4eeb-ac44-f5a333b04d20", "slot_idx": 4, "item_type_id": "c59844a1-25c7-4f29-a851-ae25077781ca"}], "b_rack": [{"item_id": "20cd106a-a5a2-4db5-8795-d92a09cf1ffa", "slot_idx": 0, "item_type_id": "70f816b8-e3c5-4e5f-bd0c-f8125519b168"}, {"item_id": "226fbf27-70c6-45d5-b525-9cd2092a23bb", "slot_idx": 1, "item_type_id": "aab8ec7b-6031-4f54-9ab4-434ab5e7b47c"}, {"item_id": "b9bc4511-ac86-4e35-becc-eee5363547a5", "slot_idx": 2, "item_type_id": "643b06f8-3df2-40d4-abfe-37d55287d628"}], "c_rack": [{"item_id": "780a17d5-3f5d-4f59-99c7-1a6a17fba081", "slot_idx": 0, "item_type_id": "a3ff4095-2511-412f-89df-abe7b8516192"}, {"item_id": "a864d9d4-6c8a-416e-9e21-4648e2a6be03", "slot_idx": 1, "item_type_id": "a3ff4095-2511-412f-89df-abe7b8516192"}, {"item_id": "57a1db42-48a3-49f1-b51d-f27975ff501f", "slot_idx": 2, "item_type_id": "0d0d134c-2b7d-4888-839a-d043d6aedca6"}]}', false, NULL, '820a8cbe-598f-4b44-b498-a563363906f4', 'dcd23c12-8ab6-480f-b288-effb071afdd4', true, 'e2c073f0-62e6-4e67-97be-68d086859b06', 10000, false, 1);
INSERT INTO public.ships (id, universe_systemid, userid, pos_x, pos_y, created, shipname, texture, theta, vel_x, vel_y, shield, armor, hull, fuel, heat, energy, shiptemplateid, dockedat_stationid, fitting, destroyed, destroyedat, cargobay_containerid, fittingbay_containerid, remaxdirty, trash_containerid, wallet, noload, flightexperiencemodifier) VALUES ('0f624347-5304-41f2-831a-6bd6140c27a6', '0074f593-df14-47c4-8971-336b81a86fb8', '3119eaa7-418f-46e2-8d15-68ea964aaa2d', 0, 0, '2022-07-04 22:49:59.018339-04', 'Llŷr Caddell''s Starter Ship', 'Robin', 0, 0, 0, 836, 676, 540, 1060, 0, 553, 'd68817c6-2448-4126-8ae5-766669f34cf5', 'ab91015b-fb32-47fd-bf38-d15af5933bab', '{"a_rack": [{"item_id": "2a5e751f-d665-40a8-a2a5-640d40140f5c", "slot_idx": 0, "item_type_id": "85fc1069-22b1-44ed-838b-64ed38d1e0b4"}, {"item_id": "1f9cb5fe-4eee-4427-b09f-72731f43d638", "slot_idx": 1, "item_type_id": "85fc1069-22b1-44ed-838b-64ed38d1e0b4"}, {"item_id": "52764a38-e349-48d3-92cf-a74208db32d6", "slot_idx": 2, "item_type_id": "85fc1069-22b1-44ed-838b-64ed38d1e0b4"}, {"item_id": "5c70206a-388a-405a-b2ad-918c2ed66a1e", "slot_idx": 3, "item_type_id": "69d118ea-617d-477b-bb30-67f5da3c812e"}, {"item_id": "63b95da9-46b6-433e-ada2-df8fdb504f2e", "slot_idx": 4, "item_type_id": "c59844a1-25c7-4f29-a851-ae25077781ca"}], "b_rack": [{"item_id": "9e528c59-2290-49a4-9753-8fdf6a38a412", "slot_idx": 0, "item_type_id": "70f816b8-e3c5-4e5f-bd0c-f8125519b168"}, {"item_id": "ab1c2efb-0520-43b5-9d32-bf81fab158f5", "slot_idx": 1, "item_type_id": "aab8ec7b-6031-4f54-9ab4-434ab5e7b47c"}, {"item_id": "fa078de2-bcc4-4913-aeec-66e56c07a884", "slot_idx": 2, "item_type_id": "643b06f8-3df2-40d4-abfe-37d55287d628"}], "c_rack": [{"item_id": "32ed5971-46e4-4b14-b388-2820259f355b", "slot_idx": 0, "item_type_id": "a3ff4095-2511-412f-89df-abe7b8516192"}, {"item_id": "2a8a81dc-eeb2-4369-9b39-25e4e6c77b90", "slot_idx": 1, "item_type_id": "a3ff4095-2511-412f-89df-abe7b8516192"}, {"item_id": "0b157393-0ed6-42f0-bac8-ab7be8483d50", "slot_idx": 2, "item_type_id": "0d0d134c-2b7d-4888-839a-d043d6aedca6"}]}', false, NULL, '53273c66-5ad8-43ff-8e02-230221be3129', 'aa9f5ae4-a942-421e-926e-b977e6b5fcfc', true, 'f70518ac-f05b-41cc-982a-7ce602e76c14', 10000, false, 1);

--   items
INSERT INTO public.items (id, itemtypeid, meta, created, createdby, createdreason, containerid, quantity, ispackaged) VALUES ('9461aca8-a3bf-4c69-b654-b17aa200edc5', '85fc1069-22b1-44ed-838b-64ed38d1e0b4', '{"hp": 21, "rack": "a", "range": 7173, "volume": 37, "falloff": "linear", "cooldown": 18.4, "tracking": 48.7, "hull_damage": 2520, "armor_damage": 1840, "can_mine_gas": false, "can_mine_ice": false, "can_mine_ore": false, "needs_target": true, "shield_damage": 1240, "activation_heat": 91.3, "ammunition_name": "Light Gauss Shell", "ammunition_type": "33f86ee2-4c16-400e-82ad-38796bea0017", "industrialmarket": {"maxprice": 9658, "minprice": 5219, "silosize": 1000}, "activation_energy": 27, "ore_mining_volume": 0, "activation_gfx_effect": "small_gauss_rifle"}', '2022-07-04 22:49:58.823749-04', '7f150ec8-9246-41f9-a483-4f017a154575', 'Module for new noob ship for player', '6f413b2c-b565-4b37-8698-76267ba397e9', 1, false);
INSERT INTO public.items (id, itemtypeid, meta, created, createdby, createdreason, containerid, quantity, ispackaged) VALUES ('a70e9571-5113-46c8-99f9-0f35da2a4c6d', '85fc1069-22b1-44ed-838b-64ed38d1e0b4', '{"hp": 21, "rack": "a", "range": 7173, "volume": 37, "falloff": "linear", "cooldown": 18.4, "tracking": 48.7, "hull_damage": 2520, "armor_damage": 1840, "can_mine_gas": false, "can_mine_ice": false, "can_mine_ore": false, "needs_target": true, "shield_damage": 1240, "activation_heat": 91.3, "ammunition_name": "Light Gauss Shell", "ammunition_type": "33f86ee2-4c16-400e-82ad-38796bea0017", "industrialmarket": {"maxprice": 9658, "minprice": 5219, "silosize": 1000}, "activation_energy": 27, "ore_mining_volume": 0, "activation_gfx_effect": "small_gauss_rifle"}', '2022-07-04 22:49:58.825358-04', '7f150ec8-9246-41f9-a483-4f017a154575', 'Module for new noob ship for player', '6f413b2c-b565-4b37-8698-76267ba397e9', 1, false);
INSERT INTO public.items (id, itemtypeid, meta, created, createdby, createdreason, containerid, quantity, ispackaged) VALUES ('edd5bcc2-d08f-4cac-b8c4-8cc7adff4499', '85fc1069-22b1-44ed-838b-64ed38d1e0b4', '{"hp": 21, "rack": "a", "range": 7173, "volume": 37, "falloff": "linear", "cooldown": 18.4, "tracking": 48.7, "hull_damage": 2520, "armor_damage": 1840, "can_mine_gas": false, "can_mine_ice": false, "can_mine_ore": false, "needs_target": true, "shield_damage": 1240, "activation_heat": 91.3, "ammunition_name": "Light Gauss Shell", "ammunition_type": "33f86ee2-4c16-400e-82ad-38796bea0017", "industrialmarket": {"maxprice": 9658, "minprice": 5219, "silosize": 1000}, "activation_energy": 27, "ore_mining_volume": 0, "activation_gfx_effect": "small_gauss_rifle"}', '2022-07-04 22:49:58.826748-04', '7f150ec8-9246-41f9-a483-4f017a154575', 'Module for new noob ship for player', '6f413b2c-b565-4b37-8698-76267ba397e9', 1, false);
INSERT INTO public.items (id, itemtypeid, meta, created, createdby, createdreason, containerid, quantity, ispackaged) VALUES ('aae02612-1765-44f2-8b33-410e0d9153a9', '69d118ea-617d-477b-bb30-67f5da3c812e', '{"hp": 20, "rack": "a", "range": 1431, "volume": 39, "falloff": "linear", "cooldown": 17.5, "tracking": 110, "needs_target": true, "activation_heat": 177, "industrialmarket": {"maxprice": 16890, "minprice": 10988, "silosize": 1000}, "activation_energy": 43, "energy_siphon_amount": 858, "activation_gfx_effect": "small_energy_siphon"}', '2022-07-04 22:49:58.828194-04', '7f150ec8-9246-41f9-a483-4f017a154575', 'Module for new noob ship for player', '6f413b2c-b565-4b37-8698-76267ba397e9', 1, false);
INSERT INTO public.items (id, itemtypeid, meta, created, createdby, createdreason, containerid, quantity, ispackaged) VALUES ('d20c8b46-226d-4ab7-a78f-0a0806003d29', 'c59844a1-25c7-4f29-a851-ae25077781ca', '{"hp": 38, "rack": "a", "range": 1975, "volume": 32, "falloff": "linear", "cooldown": 5.7, "hull_damage": 1.5, "armor_damage": 0.9, "needs_target": false, "shield_damage": 35.3, "activation_heat": 212, "industrialmarket": {"maxprice": 37978, "minprice": 19450, "silosize": 1000}, "activation_energy": 205, "energy_siphon_amount": 213, "activation_gfx_effect": "small_add_negative", "missile_destruction_chance": 0.19}', '2022-07-04 22:49:58.829913-04', '7f150ec8-9246-41f9-a483-4f017a154575', 'Module for new noob ship for player', '6f413b2c-b565-4b37-8698-76267ba397e9', 1, false);
INSERT INTO public.items (id, itemtypeid, meta, created, createdby, createdreason, containerid, quantity, ispackaged) VALUES ('08ed6d8c-4136-402a-b208-26b301bf2f6f', '70f816b8-e3c5-4e5f-bd0c-f8125519b168', '{"hp": 10, "rack": "b", "volume": 32, "cooldown": 13.5, "needs_target": false, "activation_heat": 511, "industrialmarket": {"maxprice": 1723, "minprice": 630, "silosize": 1000}, "activation_energy": 120, "shield_boost_amount": 175, "activation_gfx_effect": "small_shield_booster"}', '2022-07-04 22:49:58.831468-04', '7f150ec8-9246-41f9-a483-4f017a154575', 'Module for new noob ship for player', '6f413b2c-b565-4b37-8698-76267ba397e9', 1, false);
INSERT INTO public.items (id, itemtypeid, meta, created, createdby, createdreason, containerid, quantity, ispackaged) VALUES ('f687729e-6729-4a60-9a24-81492b51f8f7', 'aab8ec7b-6031-4f54-9ab4-434ab5e7b47c', '{"hp": 35, "rack": "b", "volume": 35, "cooldown": 27.5, "needs_target": false, "activation_heat": 490, "industrialmarket": {"maxprice": 7319, "minprice": 4250, "silosize": 1000}, "activation_energy": 385}', '2022-07-04 22:49:58.832908-04', '7f150ec8-9246-41f9-a483-4f017a154575', 'Module for new noob ship for player', '6f413b2c-b565-4b37-8698-76267ba397e9', 1, false);
INSERT INTO public.items (id, itemtypeid, meta, created, createdby, createdreason, containerid, quantity, ispackaged) VALUES ('8431c3ee-a295-4ef4-b13f-40d3e1ed8e25', '643b06f8-3df2-40d4-abfe-37d55287d628', '{"hp": 13, "rack": "b", "range": 5487, "volume": 33, "falloff": "linear", "cooldown": 21.2, "needs_target": true, "activation_heat": 687, "drag_multiplier": 29.5, "industrialmarket": {"maxprice": 14075, "minprice": 10233, "silosize": 500}, "activation_energy": 760, "activation_gfx_effect": "small_aether_dragger"}', '2022-07-04 22:49:58.834305-04', '7f150ec8-9246-41f9-a483-4f017a154575', 'Module for new noob ship for player', '6f413b2c-b565-4b37-8698-76267ba397e9', 1, false);
INSERT INTO public.items (id, itemtypeid, meta, created, createdby, createdreason, containerid, quantity, ispackaged) VALUES ('b03aa980-83ab-4d5d-bccf-38ee3ab9c9fa', 'a3ff4095-2511-412f-89df-abe7b8516192', '{"hp": 72, "rack": "c", "volume": 25, "heat_sink_add": 25, "industrialmarket": {"maxprice": 1660, "minprice": 995, "silosize": 1000}}', '2022-07-04 22:49:58.835626-04', '7f150ec8-9246-41f9-a483-4f017a154575', 'Module for new noob ship for player', '6f413b2c-b565-4b37-8698-76267ba397e9', 1, false);
INSERT INTO public.items (id, itemtypeid, meta, created, createdby, createdreason, containerid, quantity, ispackaged) VALUES ('9339bf8e-05e1-4007-9285-6b71f83010df', 'a3ff4095-2511-412f-89df-abe7b8516192', '{"hp": 72, "rack": "c", "volume": 25, "heat_sink_add": 25, "industrialmarket": {"maxprice": 1660, "minprice": 995, "silosize": 1000}}', '2022-07-04 22:49:58.836858-04', '7f150ec8-9246-41f9-a483-4f017a154575', 'Module for new noob ship for player', '6f413b2c-b565-4b37-8698-76267ba397e9', 1, false);
INSERT INTO public.items (id, itemtypeid, meta, created, createdby, createdreason, containerid, quantity, ispackaged) VALUES ('5f42eec0-6e2f-4269-a5b4-94be92c346c9', '0d0d134c-2b7d-4888-839a-d043d6aedca6', '{"hp": 30, "rack": "c", "volume": 22, "fuel_max_add": 850, "industrialmarket": {"maxprice": 712, "minprice": 314, "silosize": 1000}}', '2022-07-04 22:49:58.838159-04', '7f150ec8-9246-41f9-a483-4f017a154575', 'Module for new noob ship for player', '6f413b2c-b565-4b37-8698-76267ba397e9', 1, false);
INSERT INTO public.items (id, itemtypeid, meta, created, createdby, createdreason, containerid, quantity, ispackaged) VALUES ('13dbfbef-b4fc-4a02-acc4-720d7a202cca', '85fc1069-22b1-44ed-838b-64ed38d1e0b4', '{"hp": 21, "rack": "a", "range": 7173, "volume": 37, "falloff": "linear", "cooldown": 18.4, "tracking": 48.7, "hull_damage": 2520, "armor_damage": 1840, "can_mine_gas": false, "can_mine_ice": false, "can_mine_ore": false, "needs_target": true, "shield_damage": 1240, "activation_heat": 91.3, "ammunition_name": "Light Gauss Shell", "ammunition_type": "33f86ee2-4c16-400e-82ad-38796bea0017", "industrialmarket": {"maxprice": 9658, "minprice": 5219, "silosize": 1000}, "activation_energy": 27, "ore_mining_volume": 0, "activation_gfx_effect": "small_gauss_rifle"}', '2022-07-04 22:49:58.849878-04', '0cb18760-17c1-40d4-949c-27aac1d680cc', 'Module for new noob ship for player', '7ca3e1cb-ab4f-4949-ada5-528260f77e5c', 1, false);
INSERT INTO public.items (id, itemtypeid, meta, created, createdby, createdreason, containerid, quantity, ispackaged) VALUES ('43f966d6-70f8-4b16-a60e-e81b2d4a3cbf', '85fc1069-22b1-44ed-838b-64ed38d1e0b4', '{"hp": 21, "rack": "a", "range": 7173, "volume": 37, "falloff": "linear", "cooldown": 18.4, "tracking": 48.7, "hull_damage": 2520, "armor_damage": 1840, "can_mine_gas": false, "can_mine_ice": false, "can_mine_ore": false, "needs_target": true, "shield_damage": 1240, "activation_heat": 91.3, "ammunition_name": "Light Gauss Shell", "ammunition_type": "33f86ee2-4c16-400e-82ad-38796bea0017", "industrialmarket": {"maxprice": 9658, "minprice": 5219, "silosize": 1000}, "activation_energy": 27, "ore_mining_volume": 0, "activation_gfx_effect": "small_gauss_rifle"}', '2022-07-04 22:49:58.851365-04', '0cb18760-17c1-40d4-949c-27aac1d680cc', 'Module for new noob ship for player', '7ca3e1cb-ab4f-4949-ada5-528260f77e5c', 1, false);
INSERT INTO public.items (id, itemtypeid, meta, created, createdby, createdreason, containerid, quantity, ispackaged) VALUES ('c4f78c36-70b0-4a4f-aa84-bee47fe28719', '85fc1069-22b1-44ed-838b-64ed38d1e0b4', '{"hp": 21, "rack": "a", "range": 7173, "volume": 37, "falloff": "linear", "cooldown": 18.4, "tracking": 48.7, "hull_damage": 2520, "armor_damage": 1840, "can_mine_gas": false, "can_mine_ice": false, "can_mine_ore": false, "needs_target": true, "shield_damage": 1240, "activation_heat": 91.3, "ammunition_name": "Light Gauss Shell", "ammunition_type": "33f86ee2-4c16-400e-82ad-38796bea0017", "industrialmarket": {"maxprice": 9658, "minprice": 5219, "silosize": 1000}, "activation_energy": 27, "ore_mining_volume": 0, "activation_gfx_effect": "small_gauss_rifle"}', '2022-07-04 22:49:58.852773-04', '0cb18760-17c1-40d4-949c-27aac1d680cc', 'Module for new noob ship for player', '7ca3e1cb-ab4f-4949-ada5-528260f77e5c', 1, false);
INSERT INTO public.items (id, itemtypeid, meta, created, createdby, createdreason, containerid, quantity, ispackaged) VALUES ('0c218c60-55a2-41dc-ae78-58752cff7363', '69d118ea-617d-477b-bb30-67f5da3c812e', '{"hp": 20, "rack": "a", "range": 1431, "volume": 39, "falloff": "linear", "cooldown": 17.5, "tracking": 110, "needs_target": true, "activation_heat": 177, "industrialmarket": {"maxprice": 16890, "minprice": 10988, "silosize": 1000}, "activation_energy": 43, "energy_siphon_amount": 858, "activation_gfx_effect": "small_energy_siphon"}', '2022-07-04 22:49:58.854126-04', '0cb18760-17c1-40d4-949c-27aac1d680cc', 'Module for new noob ship for player', '7ca3e1cb-ab4f-4949-ada5-528260f77e5c', 1, false);
INSERT INTO public.items (id, itemtypeid, meta, created, createdby, createdreason, containerid, quantity, ispackaged) VALUES ('7a346b52-0a0c-4fbe-8c68-8f44ca74b372', 'c59844a1-25c7-4f29-a851-ae25077781ca', '{"hp": 38, "rack": "a", "range": 1975, "volume": 32, "falloff": "linear", "cooldown": 5.7, "hull_damage": 1.5, "armor_damage": 0.9, "needs_target": false, "shield_damage": 35.3, "activation_heat": 212, "industrialmarket": {"maxprice": 37978, "minprice": 19450, "silosize": 1000}, "activation_energy": 205, "energy_siphon_amount": 213, "activation_gfx_effect": "small_add_negative", "missile_destruction_chance": 0.19}', '2022-07-04 22:49:58.85563-04', '0cb18760-17c1-40d4-949c-27aac1d680cc', 'Module for new noob ship for player', '7ca3e1cb-ab4f-4949-ada5-528260f77e5c', 1, false);
INSERT INTO public.items (id, itemtypeid, meta, created, createdby, createdreason, containerid, quantity, ispackaged) VALUES ('5c3f578a-41b0-46fc-9152-3358851431ef', '70f816b8-e3c5-4e5f-bd0c-f8125519b168', '{"hp": 10, "rack": "b", "volume": 32, "cooldown": 13.5, "needs_target": false, "activation_heat": 511, "industrialmarket": {"maxprice": 1723, "minprice": 630, "silosize": 1000}, "activation_energy": 120, "shield_boost_amount": 175, "activation_gfx_effect": "small_shield_booster"}', '2022-07-04 22:49:58.856963-04', '0cb18760-17c1-40d4-949c-27aac1d680cc', 'Module for new noob ship for player', '7ca3e1cb-ab4f-4949-ada5-528260f77e5c', 1, false);
INSERT INTO public.items (id, itemtypeid, meta, created, createdby, createdreason, containerid, quantity, ispackaged) VALUES ('b048658c-f594-4840-9b16-5674f63fabdf', 'aab8ec7b-6031-4f54-9ab4-434ab5e7b47c', '{"hp": 35, "rack": "b", "volume": 35, "cooldown": 27.5, "needs_target": false, "activation_heat": 490, "industrialmarket": {"maxprice": 7319, "minprice": 4250, "silosize": 1000}, "activation_energy": 385}', '2022-07-04 22:49:58.858491-04', '0cb18760-17c1-40d4-949c-27aac1d680cc', 'Module for new noob ship for player', '7ca3e1cb-ab4f-4949-ada5-528260f77e5c', 1, false);
INSERT INTO public.items (id, itemtypeid, meta, created, createdby, createdreason, containerid, quantity, ispackaged) VALUES ('b5a9caa5-a641-4e81-9062-c0f8fd2a9b76', '643b06f8-3df2-40d4-abfe-37d55287d628', '{"hp": 13, "rack": "b", "range": 5487, "volume": 33, "falloff": "linear", "cooldown": 21.2, "needs_target": true, "activation_heat": 687, "drag_multiplier": 29.5, "industrialmarket": {"maxprice": 14075, "minprice": 10233, "silosize": 500}, "activation_energy": 760, "activation_gfx_effect": "small_aether_dragger"}', '2022-07-04 22:49:58.859821-04', '0cb18760-17c1-40d4-949c-27aac1d680cc', 'Module for new noob ship for player', '7ca3e1cb-ab4f-4949-ada5-528260f77e5c', 1, false);
INSERT INTO public.items (id, itemtypeid, meta, created, createdby, createdreason, containerid, quantity, ispackaged) VALUES ('6c373cd2-f788-4f7d-afd5-a4d74e4f262b', 'a3ff4095-2511-412f-89df-abe7b8516192', '{"hp": 72, "rack": "c", "volume": 25, "heat_sink_add": 25, "industrialmarket": {"maxprice": 1660, "minprice": 995, "silosize": 1000}}', '2022-07-04 22:49:58.861069-04', '0cb18760-17c1-40d4-949c-27aac1d680cc', 'Module for new noob ship for player', '7ca3e1cb-ab4f-4949-ada5-528260f77e5c', 1, false);
INSERT INTO public.items (id, itemtypeid, meta, created, createdby, createdreason, containerid, quantity, ispackaged) VALUES ('29a87668-809a-4029-acbf-c8bcfbae1b7d', 'a3ff4095-2511-412f-89df-abe7b8516192', '{"hp": 72, "rack": "c", "volume": 25, "heat_sink_add": 25, "industrialmarket": {"maxprice": 1660, "minprice": 995, "silosize": 1000}}', '2022-07-04 22:49:58.862809-04', '0cb18760-17c1-40d4-949c-27aac1d680cc', 'Module for new noob ship for player', '7ca3e1cb-ab4f-4949-ada5-528260f77e5c', 1, false);
INSERT INTO public.items (id, itemtypeid, meta, created, createdby, createdreason, containerid, quantity, ispackaged) VALUES ('5fcb0358-da8c-49c3-b82d-41a5b1820248', '0d0d134c-2b7d-4888-839a-d043d6aedca6', '{"hp": 30, "rack": "c", "volume": 22, "fuel_max_add": 850, "industrialmarket": {"maxprice": 712, "minprice": 314, "silosize": 1000}}', '2022-07-04 22:49:58.864371-04', '0cb18760-17c1-40d4-949c-27aac1d680cc', 'Module for new noob ship for player', '7ca3e1cb-ab4f-4949-ada5-528260f77e5c', 1, false);
INSERT INTO public.items (id, itemtypeid, meta, created, createdby, createdreason, containerid, quantity, ispackaged) VALUES ('737ef083-55ee-4068-8a20-95733511d1d8', '85fc1069-22b1-44ed-838b-64ed38d1e0b4', '{"hp": 21, "rack": "a", "range": 7173, "volume": 37, "falloff": "linear", "cooldown": 18.4, "tracking": 48.7, "hull_damage": 2520, "armor_damage": 1840, "can_mine_gas": false, "can_mine_ice": false, "can_mine_ore": false, "needs_target": true, "shield_damage": 1240, "activation_heat": 91.3, "ammunition_name": "Light Gauss Shell", "ammunition_type": "33f86ee2-4c16-400e-82ad-38796bea0017", "industrialmarket": {"maxprice": 9658, "minprice": 5219, "silosize": 1000}, "activation_energy": 27, "ore_mining_volume": 0, "activation_gfx_effect": "small_gauss_rifle"}', '2022-07-04 22:49:58.875225-04', 'd75b8035-fcfe-40c9-add8-bd520e77a8c6', 'Module for new noob ship for player', '819892d7-9f4b-4a52-8683-78f239d25330', 1, false);
INSERT INTO public.items (id, itemtypeid, meta, created, createdby, createdreason, containerid, quantity, ispackaged) VALUES ('ed0795bc-299f-4976-be6f-bcc104c46bd8', '85fc1069-22b1-44ed-838b-64ed38d1e0b4', '{"hp": 21, "rack": "a", "range": 7173, "volume": 37, "falloff": "linear", "cooldown": 18.4, "tracking": 48.7, "hull_damage": 2520, "armor_damage": 1840, "can_mine_gas": false, "can_mine_ice": false, "can_mine_ore": false, "needs_target": true, "shield_damage": 1240, "activation_heat": 91.3, "ammunition_name": "Light Gauss Shell", "ammunition_type": "33f86ee2-4c16-400e-82ad-38796bea0017", "industrialmarket": {"maxprice": 9658, "minprice": 5219, "silosize": 1000}, "activation_energy": 27, "ore_mining_volume": 0, "activation_gfx_effect": "small_gauss_rifle"}', '2022-07-04 22:49:58.876628-04', 'd75b8035-fcfe-40c9-add8-bd520e77a8c6', 'Module for new noob ship for player', '819892d7-9f4b-4a52-8683-78f239d25330', 1, false);
INSERT INTO public.items (id, itemtypeid, meta, created, createdby, createdreason, containerid, quantity, ispackaged) VALUES ('ab8b69ca-063e-4e70-983a-18633280bac7', '85fc1069-22b1-44ed-838b-64ed38d1e0b4', '{"hp": 21, "rack": "a", "range": 7173, "volume": 37, "falloff": "linear", "cooldown": 18.4, "tracking": 48.7, "hull_damage": 2520, "armor_damage": 1840, "can_mine_gas": false, "can_mine_ice": false, "can_mine_ore": false, "needs_target": true, "shield_damage": 1240, "activation_heat": 91.3, "ammunition_name": "Light Gauss Shell", "ammunition_type": "33f86ee2-4c16-400e-82ad-38796bea0017", "industrialmarket": {"maxprice": 9658, "minprice": 5219, "silosize": 1000}, "activation_energy": 27, "ore_mining_volume": 0, "activation_gfx_effect": "small_gauss_rifle"}', '2022-07-04 22:49:58.878006-04', 'd75b8035-fcfe-40c9-add8-bd520e77a8c6', 'Module for new noob ship for player', '819892d7-9f4b-4a52-8683-78f239d25330', 1, false);
INSERT INTO public.items (id, itemtypeid, meta, created, createdby, createdreason, containerid, quantity, ispackaged) VALUES ('df78ba5b-643e-4c8b-8a67-04e0eea94e74', '69d118ea-617d-477b-bb30-67f5da3c812e', '{"hp": 20, "rack": "a", "range": 1431, "volume": 39, "falloff": "linear", "cooldown": 17.5, "tracking": 110, "needs_target": true, "activation_heat": 177, "industrialmarket": {"maxprice": 16890, "minprice": 10988, "silosize": 1000}, "activation_energy": 43, "energy_siphon_amount": 858, "activation_gfx_effect": "small_energy_siphon"}', '2022-07-04 22:49:58.879512-04', 'd75b8035-fcfe-40c9-add8-bd520e77a8c6', 'Module for new noob ship for player', '819892d7-9f4b-4a52-8683-78f239d25330', 1, false);
INSERT INTO public.items (id, itemtypeid, meta, created, createdby, createdreason, containerid, quantity, ispackaged) VALUES ('0f726f13-fa04-4042-bb01-9c97bdffd060', 'c59844a1-25c7-4f29-a851-ae25077781ca', '{"hp": 38, "rack": "a", "range": 1975, "volume": 32, "falloff": "linear", "cooldown": 5.7, "hull_damage": 1.5, "armor_damage": 0.9, "needs_target": false, "shield_damage": 35.3, "activation_heat": 212, "industrialmarket": {"maxprice": 37978, "minprice": 19450, "silosize": 1000}, "activation_energy": 205, "energy_siphon_amount": 213, "activation_gfx_effect": "small_add_negative", "missile_destruction_chance": 0.19}', '2022-07-04 22:49:58.880902-04', 'd75b8035-fcfe-40c9-add8-bd520e77a8c6', 'Module for new noob ship for player', '819892d7-9f4b-4a52-8683-78f239d25330', 1, false);
INSERT INTO public.items (id, itemtypeid, meta, created, createdby, createdreason, containerid, quantity, ispackaged) VALUES ('635060fa-6080-4f47-8a36-283f7460600f', '70f816b8-e3c5-4e5f-bd0c-f8125519b168', '{"hp": 10, "rack": "b", "volume": 32, "cooldown": 13.5, "needs_target": false, "activation_heat": 511, "industrialmarket": {"maxprice": 1723, "minprice": 630, "silosize": 1000}, "activation_energy": 120, "shield_boost_amount": 175, "activation_gfx_effect": "small_shield_booster"}', '2022-07-04 22:49:58.882269-04', 'd75b8035-fcfe-40c9-add8-bd520e77a8c6', 'Module for new noob ship for player', '819892d7-9f4b-4a52-8683-78f239d25330', 1, false);
INSERT INTO public.items (id, itemtypeid, meta, created, createdby, createdreason, containerid, quantity, ispackaged) VALUES ('229ed4ee-5a6a-4118-bbef-61a7da0cda1c', 'aab8ec7b-6031-4f54-9ab4-434ab5e7b47c', '{"hp": 35, "rack": "b", "volume": 35, "cooldown": 27.5, "needs_target": false, "activation_heat": 490, "industrialmarket": {"maxprice": 7319, "minprice": 4250, "silosize": 1000}, "activation_energy": 385}', '2022-07-04 22:49:58.883651-04', 'd75b8035-fcfe-40c9-add8-bd520e77a8c6', 'Module for new noob ship for player', '819892d7-9f4b-4a52-8683-78f239d25330', 1, false);
INSERT INTO public.items (id, itemtypeid, meta, created, createdby, createdreason, containerid, quantity, ispackaged) VALUES ('4347033c-9f82-4492-ad30-d882e7867592', '643b06f8-3df2-40d4-abfe-37d55287d628', '{"hp": 13, "rack": "b", "range": 5487, "volume": 33, "falloff": "linear", "cooldown": 21.2, "needs_target": true, "activation_heat": 687, "drag_multiplier": 29.5, "industrialmarket": {"maxprice": 14075, "minprice": 10233, "silosize": 500}, "activation_energy": 760, "activation_gfx_effect": "small_aether_dragger"}', '2022-07-04 22:49:58.884972-04', 'd75b8035-fcfe-40c9-add8-bd520e77a8c6', 'Module for new noob ship for player', '819892d7-9f4b-4a52-8683-78f239d25330', 1, false);
INSERT INTO public.items (id, itemtypeid, meta, created, createdby, createdreason, containerid, quantity, ispackaged) VALUES ('8e14393f-c05b-4846-b10e-3f9e6b76bcd3', 'a3ff4095-2511-412f-89df-abe7b8516192', '{"hp": 72, "rack": "c", "volume": 25, "heat_sink_add": 25, "industrialmarket": {"maxprice": 1660, "minprice": 995, "silosize": 1000}}', '2022-07-04 22:49:58.886276-04', 'd75b8035-fcfe-40c9-add8-bd520e77a8c6', 'Module for new noob ship for player', '819892d7-9f4b-4a52-8683-78f239d25330', 1, false);
INSERT INTO public.items (id, itemtypeid, meta, created, createdby, createdreason, containerid, quantity, ispackaged) VALUES ('2b2401ac-d233-4ec3-95be-edae6478b8b3', 'a3ff4095-2511-412f-89df-abe7b8516192', '{"hp": 72, "rack": "c", "volume": 25, "heat_sink_add": 25, "industrialmarket": {"maxprice": 1660, "minprice": 995, "silosize": 1000}}', '2022-07-04 22:49:58.88758-04', 'd75b8035-fcfe-40c9-add8-bd520e77a8c6', 'Module for new noob ship for player', '819892d7-9f4b-4a52-8683-78f239d25330', 1, false);
INSERT INTO public.items (id, itemtypeid, meta, created, createdby, createdreason, containerid, quantity, ispackaged) VALUES ('741d7a59-5fd3-4d63-8c15-1c850185bba6', '0d0d134c-2b7d-4888-839a-d043d6aedca6', '{"hp": 30, "rack": "c", "volume": 22, "fuel_max_add": 850, "industrialmarket": {"maxprice": 712, "minprice": 314, "silosize": 1000}}', '2022-07-04 22:49:58.888851-04', 'd75b8035-fcfe-40c9-add8-bd520e77a8c6', 'Module for new noob ship for player', '819892d7-9f4b-4a52-8683-78f239d25330', 1, false);
INSERT INTO public.items (id, itemtypeid, meta, created, createdby, createdreason, containerid, quantity, ispackaged) VALUES ('16aa6c14-d1c1-47ba-afd5-d18c622e3d87', '85fc1069-22b1-44ed-838b-64ed38d1e0b4', '{"hp": 21, "rack": "a", "range": 7173, "volume": 37, "falloff": "linear", "cooldown": 18.4, "tracking": 48.7, "hull_damage": 2520, "armor_damage": 1840, "can_mine_gas": false, "can_mine_ice": false, "can_mine_ore": false, "needs_target": true, "shield_damage": 1240, "activation_heat": 91.3, "ammunition_name": "Light Gauss Shell", "ammunition_type": "33f86ee2-4c16-400e-82ad-38796bea0017", "industrialmarket": {"maxprice": 9658, "minprice": 5219, "silosize": 1000}, "activation_energy": 27, "ore_mining_volume": 0, "activation_gfx_effect": "small_gauss_rifle"}', '2022-07-04 22:49:58.901165-04', 'f1d9887a-6f00-4cab-b12d-06e5f5c86bf9', 'Module for new noob ship for player', '3a68406d-3377-4a68-8520-03e699fa4c48', 1, false);
INSERT INTO public.items (id, itemtypeid, meta, created, createdby, createdreason, containerid, quantity, ispackaged) VALUES ('b2a1e8da-461f-4ab2-a9de-dd3c4a10e587', '85fc1069-22b1-44ed-838b-64ed38d1e0b4', '{"hp": 21, "rack": "a", "range": 7173, "volume": 37, "falloff": "linear", "cooldown": 18.4, "tracking": 48.7, "hull_damage": 2520, "armor_damage": 1840, "can_mine_gas": false, "can_mine_ice": false, "can_mine_ore": false, "needs_target": true, "shield_damage": 1240, "activation_heat": 91.3, "ammunition_name": "Light Gauss Shell", "ammunition_type": "33f86ee2-4c16-400e-82ad-38796bea0017", "industrialmarket": {"maxprice": 9658, "minprice": 5219, "silosize": 1000}, "activation_energy": 27, "ore_mining_volume": 0, "activation_gfx_effect": "small_gauss_rifle"}', '2022-07-04 22:49:58.902622-04', 'f1d9887a-6f00-4cab-b12d-06e5f5c86bf9', 'Module for new noob ship for player', '3a68406d-3377-4a68-8520-03e699fa4c48', 1, false);
INSERT INTO public.items (id, itemtypeid, meta, created, createdby, createdreason, containerid, quantity, ispackaged) VALUES ('e841eced-a0cf-4e35-9aa4-190489761c56', '85fc1069-22b1-44ed-838b-64ed38d1e0b4', '{"hp": 21, "rack": "a", "range": 7173, "volume": 37, "falloff": "linear", "cooldown": 18.4, "tracking": 48.7, "hull_damage": 2520, "armor_damage": 1840, "can_mine_gas": false, "can_mine_ice": false, "can_mine_ore": false, "needs_target": true, "shield_damage": 1240, "activation_heat": 91.3, "ammunition_name": "Light Gauss Shell", "ammunition_type": "33f86ee2-4c16-400e-82ad-38796bea0017", "industrialmarket": {"maxprice": 9658, "minprice": 5219, "silosize": 1000}, "activation_energy": 27, "ore_mining_volume": 0, "activation_gfx_effect": "small_gauss_rifle"}', '2022-07-04 22:49:58.903942-04', 'f1d9887a-6f00-4cab-b12d-06e5f5c86bf9', 'Module for new noob ship for player', '3a68406d-3377-4a68-8520-03e699fa4c48', 1, false);
INSERT INTO public.items (id, itemtypeid, meta, created, createdby, createdreason, containerid, quantity, ispackaged) VALUES ('bbadec83-18c1-4adc-ae0e-1e0e8cfcabae', '69d118ea-617d-477b-bb30-67f5da3c812e', '{"hp": 20, "rack": "a", "range": 1431, "volume": 39, "falloff": "linear", "cooldown": 17.5, "tracking": 110, "needs_target": true, "activation_heat": 177, "industrialmarket": {"maxprice": 16890, "minprice": 10988, "silosize": 1000}, "activation_energy": 43, "energy_siphon_amount": 858, "activation_gfx_effect": "small_energy_siphon"}', '2022-07-04 22:49:58.905386-04', 'f1d9887a-6f00-4cab-b12d-06e5f5c86bf9', 'Module for new noob ship for player', '3a68406d-3377-4a68-8520-03e699fa4c48', 1, false);
INSERT INTO public.items (id, itemtypeid, meta, created, createdby, createdreason, containerid, quantity, ispackaged) VALUES ('9709d5fd-3d83-4cdc-a95d-a37a61068344', 'c59844a1-25c7-4f29-a851-ae25077781ca', '{"hp": 38, "rack": "a", "range": 1975, "volume": 32, "falloff": "linear", "cooldown": 5.7, "hull_damage": 1.5, "armor_damage": 0.9, "needs_target": false, "shield_damage": 35.3, "activation_heat": 212, "industrialmarket": {"maxprice": 37978, "minprice": 19450, "silosize": 1000}, "activation_energy": 205, "energy_siphon_amount": 213, "activation_gfx_effect": "small_add_negative", "missile_destruction_chance": 0.19}', '2022-07-04 22:49:58.906741-04', 'f1d9887a-6f00-4cab-b12d-06e5f5c86bf9', 'Module for new noob ship for player', '3a68406d-3377-4a68-8520-03e699fa4c48', 1, false);
INSERT INTO public.items (id, itemtypeid, meta, created, createdby, createdreason, containerid, quantity, ispackaged) VALUES ('484cf431-a624-4bd5-a8ab-40b5a4357ba3', '70f816b8-e3c5-4e5f-bd0c-f8125519b168', '{"hp": 10, "rack": "b", "volume": 32, "cooldown": 13.5, "needs_target": false, "activation_heat": 511, "industrialmarket": {"maxprice": 1723, "minprice": 630, "silosize": 1000}, "activation_energy": 120, "shield_boost_amount": 175, "activation_gfx_effect": "small_shield_booster"}', '2022-07-04 22:49:58.908087-04', 'f1d9887a-6f00-4cab-b12d-06e5f5c86bf9', 'Module for new noob ship for player', '3a68406d-3377-4a68-8520-03e699fa4c48', 1, false);
INSERT INTO public.items (id, itemtypeid, meta, created, createdby, createdreason, containerid, quantity, ispackaged) VALUES ('02efa6dd-c086-42c4-9dca-465b44b95c25', 'aab8ec7b-6031-4f54-9ab4-434ab5e7b47c', '{"hp": 35, "rack": "b", "volume": 35, "cooldown": 27.5, "needs_target": false, "activation_heat": 490, "industrialmarket": {"maxprice": 7319, "minprice": 4250, "silosize": 1000}, "activation_energy": 385}', '2022-07-04 22:49:58.909465-04', 'f1d9887a-6f00-4cab-b12d-06e5f5c86bf9', 'Module for new noob ship for player', '3a68406d-3377-4a68-8520-03e699fa4c48', 1, false);
INSERT INTO public.items (id, itemtypeid, meta, created, createdby, createdreason, containerid, quantity, ispackaged) VALUES ('0a50db9d-5d66-41c5-8790-8c960793caf2', '643b06f8-3df2-40d4-abfe-37d55287d628', '{"hp": 13, "rack": "b", "range": 5487, "volume": 33, "falloff": "linear", "cooldown": 21.2, "needs_target": true, "activation_heat": 687, "drag_multiplier": 29.5, "industrialmarket": {"maxprice": 14075, "minprice": 10233, "silosize": 500}, "activation_energy": 760, "activation_gfx_effect": "small_aether_dragger"}', '2022-07-04 22:49:58.910887-04', 'f1d9887a-6f00-4cab-b12d-06e5f5c86bf9', 'Module for new noob ship for player', '3a68406d-3377-4a68-8520-03e699fa4c48', 1, false);
INSERT INTO public.items (id, itemtypeid, meta, created, createdby, createdreason, containerid, quantity, ispackaged) VALUES ('8282cab2-da58-46c2-b79c-d46995c847cf', 'a3ff4095-2511-412f-89df-abe7b8516192', '{"hp": 72, "rack": "c", "volume": 25, "heat_sink_add": 25, "industrialmarket": {"maxprice": 1660, "minprice": 995, "silosize": 1000}}', '2022-07-04 22:49:58.912307-04', 'f1d9887a-6f00-4cab-b12d-06e5f5c86bf9', 'Module for new noob ship for player', '3a68406d-3377-4a68-8520-03e699fa4c48', 1, false);
INSERT INTO public.items (id, itemtypeid, meta, created, createdby, createdreason, containerid, quantity, ispackaged) VALUES ('4ebef967-d932-449d-93e6-3ecc1231b118', 'a3ff4095-2511-412f-89df-abe7b8516192', '{"hp": 72, "rack": "c", "volume": 25, "heat_sink_add": 25, "industrialmarket": {"maxprice": 1660, "minprice": 995, "silosize": 1000}}', '2022-07-04 22:49:58.913813-04', 'f1d9887a-6f00-4cab-b12d-06e5f5c86bf9', 'Module for new noob ship for player', '3a68406d-3377-4a68-8520-03e699fa4c48', 1, false);
INSERT INTO public.items (id, itemtypeid, meta, created, createdby, createdreason, containerid, quantity, ispackaged) VALUES ('43e770f7-9ef5-44e0-a1a3-4c39e7814293', '0d0d134c-2b7d-4888-839a-d043d6aedca6', '{"hp": 30, "rack": "c", "volume": 22, "fuel_max_add": 850, "industrialmarket": {"maxprice": 712, "minprice": 314, "silosize": 1000}}', '2022-07-04 22:49:58.915172-04', 'f1d9887a-6f00-4cab-b12d-06e5f5c86bf9', 'Module for new noob ship for player', '3a68406d-3377-4a68-8520-03e699fa4c48', 1, false);
INSERT INTO public.items (id, itemtypeid, meta, created, createdby, createdreason, containerid, quantity, ispackaged) VALUES ('e4b7ede1-96ea-42fc-b3e0-2a756f18865a', '85fc1069-22b1-44ed-838b-64ed38d1e0b4', '{"hp": 21, "rack": "a", "range": 7173, "volume": 37, "falloff": "linear", "cooldown": 18.4, "tracking": 48.7, "hull_damage": 2520, "armor_damage": 1840, "can_mine_gas": false, "can_mine_ice": false, "can_mine_ore": false, "needs_target": true, "shield_damage": 1240, "activation_heat": 91.3, "ammunition_name": "Light Gauss Shell", "ammunition_type": "33f86ee2-4c16-400e-82ad-38796bea0017", "industrialmarket": {"maxprice": 9658, "minprice": 5219, "silosize": 1000}, "activation_energy": 27, "ore_mining_volume": 0, "activation_gfx_effect": "small_gauss_rifle"}', '2022-07-04 22:49:58.926736-04', 'f5d6177c-dd55-4636-b3bb-3f6069d60334', 'Module for new noob ship for player', '7f932042-6ad8-4b2d-a2f8-85a6b5f24554', 1, false);
INSERT INTO public.items (id, itemtypeid, meta, created, createdby, createdreason, containerid, quantity, ispackaged) VALUES ('d83915b1-52a5-42b2-b3b5-3194e998be98', '85fc1069-22b1-44ed-838b-64ed38d1e0b4', '{"hp": 21, "rack": "a", "range": 7173, "volume": 37, "falloff": "linear", "cooldown": 18.4, "tracking": 48.7, "hull_damage": 2520, "armor_damage": 1840, "can_mine_gas": false, "can_mine_ice": false, "can_mine_ore": false, "needs_target": true, "shield_damage": 1240, "activation_heat": 91.3, "ammunition_name": "Light Gauss Shell", "ammunition_type": "33f86ee2-4c16-400e-82ad-38796bea0017", "industrialmarket": {"maxprice": 9658, "minprice": 5219, "silosize": 1000}, "activation_energy": 27, "ore_mining_volume": 0, "activation_gfx_effect": "small_gauss_rifle"}', '2022-07-04 22:49:58.928101-04', 'f5d6177c-dd55-4636-b3bb-3f6069d60334', 'Module for new noob ship for player', '7f932042-6ad8-4b2d-a2f8-85a6b5f24554', 1, false);
INSERT INTO public.items (id, itemtypeid, meta, created, createdby, createdreason, containerid, quantity, ispackaged) VALUES ('03a44251-356e-49e7-8f3f-9728e1bcb68b', '85fc1069-22b1-44ed-838b-64ed38d1e0b4', '{"hp": 21, "rack": "a", "range": 7173, "volume": 37, "falloff": "linear", "cooldown": 18.4, "tracking": 48.7, "hull_damage": 2520, "armor_damage": 1840, "can_mine_gas": false, "can_mine_ice": false, "can_mine_ore": false, "needs_target": true, "shield_damage": 1240, "activation_heat": 91.3, "ammunition_name": "Light Gauss Shell", "ammunition_type": "33f86ee2-4c16-400e-82ad-38796bea0017", "industrialmarket": {"maxprice": 9658, "minprice": 5219, "silosize": 1000}, "activation_energy": 27, "ore_mining_volume": 0, "activation_gfx_effect": "small_gauss_rifle"}', '2022-07-04 22:49:58.929633-04', 'f5d6177c-dd55-4636-b3bb-3f6069d60334', 'Module for new noob ship for player', '7f932042-6ad8-4b2d-a2f8-85a6b5f24554', 1, false);
INSERT INTO public.items (id, itemtypeid, meta, created, createdby, createdreason, containerid, quantity, ispackaged) VALUES ('51db9e83-e494-41b6-bbc7-739b46937e90', '69d118ea-617d-477b-bb30-67f5da3c812e', '{"hp": 20, "rack": "a", "range": 1431, "volume": 39, "falloff": "linear", "cooldown": 17.5, "tracking": 110, "needs_target": true, "activation_heat": 177, "industrialmarket": {"maxprice": 16890, "minprice": 10988, "silosize": 1000}, "activation_energy": 43, "energy_siphon_amount": 858, "activation_gfx_effect": "small_energy_siphon"}', '2022-07-04 22:49:58.93105-04', 'f5d6177c-dd55-4636-b3bb-3f6069d60334', 'Module for new noob ship for player', '7f932042-6ad8-4b2d-a2f8-85a6b5f24554', 1, false);
INSERT INTO public.items (id, itemtypeid, meta, created, createdby, createdreason, containerid, quantity, ispackaged) VALUES ('7fa6be2a-ee1a-46f1-a91d-10ca03b493e3', 'c59844a1-25c7-4f29-a851-ae25077781ca', '{"hp": 38, "rack": "a", "range": 1975, "volume": 32, "falloff": "linear", "cooldown": 5.7, "hull_damage": 1.5, "armor_damage": 0.9, "needs_target": false, "shield_damage": 35.3, "activation_heat": 212, "industrialmarket": {"maxprice": 37978, "minprice": 19450, "silosize": 1000}, "activation_energy": 205, "energy_siphon_amount": 213, "activation_gfx_effect": "small_add_negative", "missile_destruction_chance": 0.19}', '2022-07-04 22:49:58.93241-04', 'f5d6177c-dd55-4636-b3bb-3f6069d60334', 'Module for new noob ship for player', '7f932042-6ad8-4b2d-a2f8-85a6b5f24554', 1, false);
INSERT INTO public.items (id, itemtypeid, meta, created, createdby, createdreason, containerid, quantity, ispackaged) VALUES ('f465b32d-d246-4098-a0a4-88b2de975350', '70f816b8-e3c5-4e5f-bd0c-f8125519b168', '{"hp": 10, "rack": "b", "volume": 32, "cooldown": 13.5, "needs_target": false, "activation_heat": 511, "industrialmarket": {"maxprice": 1723, "minprice": 630, "silosize": 1000}, "activation_energy": 120, "shield_boost_amount": 175, "activation_gfx_effect": "small_shield_booster"}', '2022-07-04 22:49:58.933772-04', 'f5d6177c-dd55-4636-b3bb-3f6069d60334', 'Module for new noob ship for player', '7f932042-6ad8-4b2d-a2f8-85a6b5f24554', 1, false);
INSERT INTO public.items (id, itemtypeid, meta, created, createdby, createdreason, containerid, quantity, ispackaged) VALUES ('fbec712f-437b-497e-96a2-ff78d21114cd', 'aab8ec7b-6031-4f54-9ab4-434ab5e7b47c', '{"hp": 35, "rack": "b", "volume": 35, "cooldown": 27.5, "needs_target": false, "activation_heat": 490, "industrialmarket": {"maxprice": 7319, "minprice": 4250, "silosize": 1000}, "activation_energy": 385}', '2022-07-04 22:49:58.935158-04', 'f5d6177c-dd55-4636-b3bb-3f6069d60334', 'Module for new noob ship for player', '7f932042-6ad8-4b2d-a2f8-85a6b5f24554', 1, false);
INSERT INTO public.items (id, itemtypeid, meta, created, createdby, createdreason, containerid, quantity, ispackaged) VALUES ('2856ffc0-e092-4d8e-a291-de6b567bcae9', '643b06f8-3df2-40d4-abfe-37d55287d628', '{"hp": 13, "rack": "b", "range": 5487, "volume": 33, "falloff": "linear", "cooldown": 21.2, "needs_target": true, "activation_heat": 687, "drag_multiplier": 29.5, "industrialmarket": {"maxprice": 14075, "minprice": 10233, "silosize": 500}, "activation_energy": 760, "activation_gfx_effect": "small_aether_dragger"}', '2022-07-04 22:49:58.936495-04', 'f5d6177c-dd55-4636-b3bb-3f6069d60334', 'Module for new noob ship for player', '7f932042-6ad8-4b2d-a2f8-85a6b5f24554', 1, false);
INSERT INTO public.items (id, itemtypeid, meta, created, createdby, createdreason, containerid, quantity, ispackaged) VALUES ('26869362-239c-42d7-9994-7b957834e766', 'a3ff4095-2511-412f-89df-abe7b8516192', '{"hp": 72, "rack": "c", "volume": 25, "heat_sink_add": 25, "industrialmarket": {"maxprice": 1660, "minprice": 995, "silosize": 1000}}', '2022-07-04 22:49:58.937758-04', 'f5d6177c-dd55-4636-b3bb-3f6069d60334', 'Module for new noob ship for player', '7f932042-6ad8-4b2d-a2f8-85a6b5f24554', 1, false);
INSERT INTO public.items (id, itemtypeid, meta, created, createdby, createdreason, containerid, quantity, ispackaged) VALUES ('19c59a37-4a2a-4aa8-8f91-8e99a3466307', 'a3ff4095-2511-412f-89df-abe7b8516192', '{"hp": 72, "rack": "c", "volume": 25, "heat_sink_add": 25, "industrialmarket": {"maxprice": 1660, "minprice": 995, "silosize": 1000}}', '2022-07-04 22:49:58.939009-04', 'f5d6177c-dd55-4636-b3bb-3f6069d60334', 'Module for new noob ship for player', '7f932042-6ad8-4b2d-a2f8-85a6b5f24554', 1, false);
INSERT INTO public.items (id, itemtypeid, meta, created, createdby, createdreason, containerid, quantity, ispackaged) VALUES ('8f049025-5bae-4e65-9a5b-3760031e5d4e', '0d0d134c-2b7d-4888-839a-d043d6aedca6', '{"hp": 30, "rack": "c", "volume": 22, "fuel_max_add": 850, "industrialmarket": {"maxprice": 712, "minprice": 314, "silosize": 1000}}', '2022-07-04 22:49:58.940264-04', 'f5d6177c-dd55-4636-b3bb-3f6069d60334', 'Module for new noob ship for player', '7f932042-6ad8-4b2d-a2f8-85a6b5f24554', 1, false);
INSERT INTO public.items (id, itemtypeid, meta, created, createdby, createdreason, containerid, quantity, ispackaged) VALUES ('124de03c-79f5-4321-bec1-2ed965257030', '85fc1069-22b1-44ed-838b-64ed38d1e0b4', '{"hp": 21, "rack": "a", "range": 7173, "volume": 37, "falloff": "linear", "cooldown": 18.4, "tracking": 48.7, "hull_damage": 2520, "armor_damage": 1840, "can_mine_gas": false, "can_mine_ice": false, "can_mine_ore": false, "needs_target": true, "shield_damage": 1240, "activation_heat": 91.3, "ammunition_name": "Light Gauss Shell", "ammunition_type": "33f86ee2-4c16-400e-82ad-38796bea0017", "industrialmarket": {"maxprice": 9658, "minprice": 5219, "silosize": 1000}, "activation_energy": 27, "ore_mining_volume": 0, "activation_gfx_effect": "small_gauss_rifle"}', '2022-07-04 22:49:58.951684-04', 'a392c2cf-db80-4788-a362-bb3ef8bb719d', 'Module for new noob ship for player', 'bb8bf50e-9761-4bd7-bd19-a40a76836558', 1, false);
INSERT INTO public.items (id, itemtypeid, meta, created, createdby, createdreason, containerid, quantity, ispackaged) VALUES ('3b209e13-3355-49c8-9349-b37d5fae1d20', '85fc1069-22b1-44ed-838b-64ed38d1e0b4', '{"hp": 21, "rack": "a", "range": 7173, "volume": 37, "falloff": "linear", "cooldown": 18.4, "tracking": 48.7, "hull_damage": 2520, "armor_damage": 1840, "can_mine_gas": false, "can_mine_ice": false, "can_mine_ore": false, "needs_target": true, "shield_damage": 1240, "activation_heat": 91.3, "ammunition_name": "Light Gauss Shell", "ammunition_type": "33f86ee2-4c16-400e-82ad-38796bea0017", "industrialmarket": {"maxprice": 9658, "minprice": 5219, "silosize": 1000}, "activation_energy": 27, "ore_mining_volume": 0, "activation_gfx_effect": "small_gauss_rifle"}', '2022-07-04 22:49:58.953111-04', 'a392c2cf-db80-4788-a362-bb3ef8bb719d', 'Module for new noob ship for player', 'bb8bf50e-9761-4bd7-bd19-a40a76836558', 1, false);
INSERT INTO public.items (id, itemtypeid, meta, created, createdby, createdreason, containerid, quantity, ispackaged) VALUES ('a6b450bb-61c3-4abc-ae8c-66406c19df2f', '85fc1069-22b1-44ed-838b-64ed38d1e0b4', '{"hp": 21, "rack": "a", "range": 7173, "volume": 37, "falloff": "linear", "cooldown": 18.4, "tracking": 48.7, "hull_damage": 2520, "armor_damage": 1840, "can_mine_gas": false, "can_mine_ice": false, "can_mine_ore": false, "needs_target": true, "shield_damage": 1240, "activation_heat": 91.3, "ammunition_name": "Light Gauss Shell", "ammunition_type": "33f86ee2-4c16-400e-82ad-38796bea0017", "industrialmarket": {"maxprice": 9658, "minprice": 5219, "silosize": 1000}, "activation_energy": 27, "ore_mining_volume": 0, "activation_gfx_effect": "small_gauss_rifle"}', '2022-07-04 22:49:58.95461-04', 'a392c2cf-db80-4788-a362-bb3ef8bb719d', 'Module for new noob ship for player', 'bb8bf50e-9761-4bd7-bd19-a40a76836558', 1, false);
INSERT INTO public.items (id, itemtypeid, meta, created, createdby, createdreason, containerid, quantity, ispackaged) VALUES ('fe25a57e-0695-400f-a211-9d41b1ab8d5f', '69d118ea-617d-477b-bb30-67f5da3c812e', '{"hp": 20, "rack": "a", "range": 1431, "volume": 39, "falloff": "linear", "cooldown": 17.5, "tracking": 110, "needs_target": true, "activation_heat": 177, "industrialmarket": {"maxprice": 16890, "minprice": 10988, "silosize": 1000}, "activation_energy": 43, "energy_siphon_amount": 858, "activation_gfx_effect": "small_energy_siphon"}', '2022-07-04 22:49:58.955926-04', 'a392c2cf-db80-4788-a362-bb3ef8bb719d', 'Module for new noob ship for player', 'bb8bf50e-9761-4bd7-bd19-a40a76836558', 1, false);
INSERT INTO public.items (id, itemtypeid, meta, created, createdby, createdreason, containerid, quantity, ispackaged) VALUES ('c645a34a-dd5e-4d9b-a06d-0ec0666ef2f0', 'c59844a1-25c7-4f29-a851-ae25077781ca', '{"hp": 38, "rack": "a", "range": 1975, "volume": 32, "falloff": "linear", "cooldown": 5.7, "hull_damage": 1.5, "armor_damage": 0.9, "needs_target": false, "shield_damage": 35.3, "activation_heat": 212, "industrialmarket": {"maxprice": 37978, "minprice": 19450, "silosize": 1000}, "activation_energy": 205, "energy_siphon_amount": 213, "activation_gfx_effect": "small_add_negative", "missile_destruction_chance": 0.19}', '2022-07-04 22:49:58.957302-04', 'a392c2cf-db80-4788-a362-bb3ef8bb719d', 'Module for new noob ship for player', 'bb8bf50e-9761-4bd7-bd19-a40a76836558', 1, false);
INSERT INTO public.items (id, itemtypeid, meta, created, createdby, createdreason, containerid, quantity, ispackaged) VALUES ('a539bcfe-5d87-4d30-b6f9-7f4c5b698aa3', '70f816b8-e3c5-4e5f-bd0c-f8125519b168', '{"hp": 10, "rack": "b", "volume": 32, "cooldown": 13.5, "needs_target": false, "activation_heat": 511, "industrialmarket": {"maxprice": 1723, "minprice": 630, "silosize": 1000}, "activation_energy": 120, "shield_boost_amount": 175, "activation_gfx_effect": "small_shield_booster"}', '2022-07-04 22:49:58.958683-04', 'a392c2cf-db80-4788-a362-bb3ef8bb719d', 'Module for new noob ship for player', 'bb8bf50e-9761-4bd7-bd19-a40a76836558', 1, false);
INSERT INTO public.items (id, itemtypeid, meta, created, createdby, createdreason, containerid, quantity, ispackaged) VALUES ('4514dc52-9504-474b-8db4-3f49157a2ab2', 'aab8ec7b-6031-4f54-9ab4-434ab5e7b47c', '{"hp": 35, "rack": "b", "volume": 35, "cooldown": 27.5, "needs_target": false, "activation_heat": 490, "industrialmarket": {"maxprice": 7319, "minprice": 4250, "silosize": 1000}, "activation_energy": 385}', '2022-07-04 22:49:58.959999-04', 'a392c2cf-db80-4788-a362-bb3ef8bb719d', 'Module for new noob ship for player', 'bb8bf50e-9761-4bd7-bd19-a40a76836558', 1, false);
INSERT INTO public.items (id, itemtypeid, meta, created, createdby, createdreason, containerid, quantity, ispackaged) VALUES ('8e0ebfd3-ac6e-45b8-b9bc-f5007f6febf3', '643b06f8-3df2-40d4-abfe-37d55287d628', '{"hp": 13, "rack": "b", "range": 5487, "volume": 33, "falloff": "linear", "cooldown": 21.2, "needs_target": true, "activation_heat": 687, "drag_multiplier": 29.5, "industrialmarket": {"maxprice": 14075, "minprice": 10233, "silosize": 500}, "activation_energy": 760, "activation_gfx_effect": "small_aether_dragger"}', '2022-07-04 22:49:58.961596-04', 'a392c2cf-db80-4788-a362-bb3ef8bb719d', 'Module for new noob ship for player', 'bb8bf50e-9761-4bd7-bd19-a40a76836558', 1, false);
INSERT INTO public.items (id, itemtypeid, meta, created, createdby, createdreason, containerid, quantity, ispackaged) VALUES ('fbd412e4-a33c-4768-b1f5-b6279f042bc8', 'a3ff4095-2511-412f-89df-abe7b8516192', '{"hp": 72, "rack": "c", "volume": 25, "heat_sink_add": 25, "industrialmarket": {"maxprice": 1660, "minprice": 995, "silosize": 1000}}', '2022-07-04 22:49:58.963054-04', 'a392c2cf-db80-4788-a362-bb3ef8bb719d', 'Module for new noob ship for player', 'bb8bf50e-9761-4bd7-bd19-a40a76836558', 1, false);
INSERT INTO public.items (id, itemtypeid, meta, created, createdby, createdreason, containerid, quantity, ispackaged) VALUES ('3637a027-4aed-4d9e-9b74-3e3cd486d31a', 'a3ff4095-2511-412f-89df-abe7b8516192', '{"hp": 72, "rack": "c", "volume": 25, "heat_sink_add": 25, "industrialmarket": {"maxprice": 1660, "minprice": 995, "silosize": 1000}}', '2022-07-04 22:49:58.96451-04', 'a392c2cf-db80-4788-a362-bb3ef8bb719d', 'Module for new noob ship for player', 'bb8bf50e-9761-4bd7-bd19-a40a76836558', 1, false);
INSERT INTO public.items (id, itemtypeid, meta, created, createdby, createdreason, containerid, quantity, ispackaged) VALUES ('efe12d4d-b57c-4df2-be7c-293bae6ec4d1', '0d0d134c-2b7d-4888-839a-d043d6aedca6', '{"hp": 30, "rack": "c", "volume": 22, "fuel_max_add": 850, "industrialmarket": {"maxprice": 712, "minprice": 314, "silosize": 1000}}', '2022-07-04 22:49:58.965896-04', 'a392c2cf-db80-4788-a362-bb3ef8bb719d', 'Module for new noob ship for player', 'bb8bf50e-9761-4bd7-bd19-a40a76836558', 1, false);
INSERT INTO public.items (id, itemtypeid, meta, created, createdby, createdreason, containerid, quantity, ispackaged) VALUES ('25160684-0697-43b2-9888-342f1eaa15c2', '85fc1069-22b1-44ed-838b-64ed38d1e0b4', '{"hp": 21, "rack": "a", "range": 7173, "volume": 37, "falloff": "linear", "cooldown": 18.4, "tracking": 48.7, "hull_damage": 2520, "armor_damage": 1840, "can_mine_gas": false, "can_mine_ice": false, "can_mine_ore": false, "needs_target": true, "shield_damage": 1240, "activation_heat": 91.3, "ammunition_name": "Light Gauss Shell", "ammunition_type": "33f86ee2-4c16-400e-82ad-38796bea0017", "industrialmarket": {"maxprice": 9658, "minprice": 5219, "silosize": 1000}, "activation_energy": 27, "ore_mining_volume": 0, "activation_gfx_effect": "small_gauss_rifle"}', '2022-07-04 22:49:58.977239-04', '7ef4858b-604c-4e85-9b25-5a43ee9407e7', 'Module for new noob ship for player', 'dcd23c12-8ab6-480f-b288-effb071afdd4', 1, false);
INSERT INTO public.items (id, itemtypeid, meta, created, createdby, createdreason, containerid, quantity, ispackaged) VALUES ('3d413905-75d0-40e5-9889-bdae68c777a9', '85fc1069-22b1-44ed-838b-64ed38d1e0b4', '{"hp": 21, "rack": "a", "range": 7173, "volume": 37, "falloff": "linear", "cooldown": 18.4, "tracking": 48.7, "hull_damage": 2520, "armor_damage": 1840, "can_mine_gas": false, "can_mine_ice": false, "can_mine_ore": false, "needs_target": true, "shield_damage": 1240, "activation_heat": 91.3, "ammunition_name": "Light Gauss Shell", "ammunition_type": "33f86ee2-4c16-400e-82ad-38796bea0017", "industrialmarket": {"maxprice": 9658, "minprice": 5219, "silosize": 1000}, "activation_energy": 27, "ore_mining_volume": 0, "activation_gfx_effect": "small_gauss_rifle"}', '2022-07-04 22:49:58.978615-04', '7ef4858b-604c-4e85-9b25-5a43ee9407e7', 'Module for new noob ship for player', 'dcd23c12-8ab6-480f-b288-effb071afdd4', 1, false);
INSERT INTO public.items (id, itemtypeid, meta, created, createdby, createdreason, containerid, quantity, ispackaged) VALUES ('68be0b4d-21df-4349-963b-b8e60fdce002', '85fc1069-22b1-44ed-838b-64ed38d1e0b4', '{"hp": 21, "rack": "a", "range": 7173, "volume": 37, "falloff": "linear", "cooldown": 18.4, "tracking": 48.7, "hull_damage": 2520, "armor_damage": 1840, "can_mine_gas": false, "can_mine_ice": false, "can_mine_ore": false, "needs_target": true, "shield_damage": 1240, "activation_heat": 91.3, "ammunition_name": "Light Gauss Shell", "ammunition_type": "33f86ee2-4c16-400e-82ad-38796bea0017", "industrialmarket": {"maxprice": 9658, "minprice": 5219, "silosize": 1000}, "activation_energy": 27, "ore_mining_volume": 0, "activation_gfx_effect": "small_gauss_rifle"}', '2022-07-04 22:49:58.980329-04', '7ef4858b-604c-4e85-9b25-5a43ee9407e7', 'Module for new noob ship for player', 'dcd23c12-8ab6-480f-b288-effb071afdd4', 1, false);
INSERT INTO public.items (id, itemtypeid, meta, created, createdby, createdreason, containerid, quantity, ispackaged) VALUES ('e37a83e9-d344-4fe6-afef-3eb0c595cab0', '69d118ea-617d-477b-bb30-67f5da3c812e', '{"hp": 20, "rack": "a", "range": 1431, "volume": 39, "falloff": "linear", "cooldown": 17.5, "tracking": 110, "needs_target": true, "activation_heat": 177, "industrialmarket": {"maxprice": 16890, "minprice": 10988, "silosize": 1000}, "activation_energy": 43, "energy_siphon_amount": 858, "activation_gfx_effect": "small_energy_siphon"}', '2022-07-04 22:49:58.981849-04', '7ef4858b-604c-4e85-9b25-5a43ee9407e7', 'Module for new noob ship for player', 'dcd23c12-8ab6-480f-b288-effb071afdd4', 1, false);
INSERT INTO public.items (id, itemtypeid, meta, created, createdby, createdreason, containerid, quantity, ispackaged) VALUES ('8d29d9db-cc09-4eeb-ac44-f5a333b04d20', 'c59844a1-25c7-4f29-a851-ae25077781ca', '{"hp": 38, "rack": "a", "range": 1975, "volume": 32, "falloff": "linear", "cooldown": 5.7, "hull_damage": 1.5, "armor_damage": 0.9, "needs_target": false, "shield_damage": 35.3, "activation_heat": 212, "industrialmarket": {"maxprice": 37978, "minprice": 19450, "silosize": 1000}, "activation_energy": 205, "energy_siphon_amount": 213, "activation_gfx_effect": "small_add_negative", "missile_destruction_chance": 0.19}', '2022-07-04 22:49:58.983347-04', '7ef4858b-604c-4e85-9b25-5a43ee9407e7', 'Module for new noob ship for player', 'dcd23c12-8ab6-480f-b288-effb071afdd4', 1, false);
INSERT INTO public.items (id, itemtypeid, meta, created, createdby, createdreason, containerid, quantity, ispackaged) VALUES ('20cd106a-a5a2-4db5-8795-d92a09cf1ffa', '70f816b8-e3c5-4e5f-bd0c-f8125519b168', '{"hp": 10, "rack": "b", "volume": 32, "cooldown": 13.5, "needs_target": false, "activation_heat": 511, "industrialmarket": {"maxprice": 1723, "minprice": 630, "silosize": 1000}, "activation_energy": 120, "shield_boost_amount": 175, "activation_gfx_effect": "small_shield_booster"}', '2022-07-04 22:49:58.984778-04', '7ef4858b-604c-4e85-9b25-5a43ee9407e7', 'Module for new noob ship for player', 'dcd23c12-8ab6-480f-b288-effb071afdd4', 1, false);
INSERT INTO public.items (id, itemtypeid, meta, created, createdby, createdreason, containerid, quantity, ispackaged) VALUES ('226fbf27-70c6-45d5-b525-9cd2092a23bb', 'aab8ec7b-6031-4f54-9ab4-434ab5e7b47c', '{"hp": 35, "rack": "b", "volume": 35, "cooldown": 27.5, "needs_target": false, "activation_heat": 490, "industrialmarket": {"maxprice": 7319, "minprice": 4250, "silosize": 1000}, "activation_energy": 385}', '2022-07-04 22:49:58.986162-04', '7ef4858b-604c-4e85-9b25-5a43ee9407e7', 'Module for new noob ship for player', 'dcd23c12-8ab6-480f-b288-effb071afdd4', 1, false);
INSERT INTO public.items (id, itemtypeid, meta, created, createdby, createdreason, containerid, quantity, ispackaged) VALUES ('b9bc4511-ac86-4e35-becc-eee5363547a5', '643b06f8-3df2-40d4-abfe-37d55287d628', '{"hp": 13, "rack": "b", "range": 5487, "volume": 33, "falloff": "linear", "cooldown": 21.2, "needs_target": true, "activation_heat": 687, "drag_multiplier": 29.5, "industrialmarket": {"maxprice": 14075, "minprice": 10233, "silosize": 500}, "activation_energy": 760, "activation_gfx_effect": "small_aether_dragger"}', '2022-07-04 22:49:58.987524-04', '7ef4858b-604c-4e85-9b25-5a43ee9407e7', 'Module for new noob ship for player', 'dcd23c12-8ab6-480f-b288-effb071afdd4', 1, false);
INSERT INTO public.items (id, itemtypeid, meta, created, createdby, createdreason, containerid, quantity, ispackaged) VALUES ('780a17d5-3f5d-4f59-99c7-1a6a17fba081', 'a3ff4095-2511-412f-89df-abe7b8516192', '{"hp": 72, "rack": "c", "volume": 25, "heat_sink_add": 25, "industrialmarket": {"maxprice": 1660, "minprice": 995, "silosize": 1000}}', '2022-07-04 22:49:58.988872-04', '7ef4858b-604c-4e85-9b25-5a43ee9407e7', 'Module for new noob ship for player', 'dcd23c12-8ab6-480f-b288-effb071afdd4', 1, false);
INSERT INTO public.items (id, itemtypeid, meta, created, createdby, createdreason, containerid, quantity, ispackaged) VALUES ('a864d9d4-6c8a-416e-9e21-4648e2a6be03', 'a3ff4095-2511-412f-89df-abe7b8516192', '{"hp": 72, "rack": "c", "volume": 25, "heat_sink_add": 25, "industrialmarket": {"maxprice": 1660, "minprice": 995, "silosize": 1000}}', '2022-07-04 22:49:58.990206-04', '7ef4858b-604c-4e85-9b25-5a43ee9407e7', 'Module for new noob ship for player', 'dcd23c12-8ab6-480f-b288-effb071afdd4', 1, false);
INSERT INTO public.items (id, itemtypeid, meta, created, createdby, createdreason, containerid, quantity, ispackaged) VALUES ('57a1db42-48a3-49f1-b51d-f27975ff501f', '0d0d134c-2b7d-4888-839a-d043d6aedca6', '{"hp": 30, "rack": "c", "volume": 22, "fuel_max_add": 850, "industrialmarket": {"maxprice": 712, "minprice": 314, "silosize": 1000}}', '2022-07-04 22:49:58.991502-04', '7ef4858b-604c-4e85-9b25-5a43ee9407e7', 'Module for new noob ship for player', 'dcd23c12-8ab6-480f-b288-effb071afdd4', 1, false);
INSERT INTO public.items (id, itemtypeid, meta, created, createdby, createdreason, containerid, quantity, ispackaged) VALUES ('2a5e751f-d665-40a8-a2a5-640d40140f5c', '85fc1069-22b1-44ed-838b-64ed38d1e0b4', '{"hp": 21, "rack": "a", "range": 7173, "volume": 37, "falloff": "linear", "cooldown": 18.4, "tracking": 48.7, "hull_damage": 2520, "armor_damage": 1840, "can_mine_gas": false, "can_mine_ice": false, "can_mine_ore": false, "needs_target": true, "shield_damage": 1240, "activation_heat": 91.3, "ammunition_name": "Light Gauss Shell", "ammunition_type": "33f86ee2-4c16-400e-82ad-38796bea0017", "industrialmarket": {"maxprice": 9658, "minprice": 5219, "silosize": 1000}, "activation_energy": 27, "ore_mining_volume": 0, "activation_gfx_effect": "small_gauss_rifle"}', '2022-07-04 22:49:59.003074-04', '3119eaa7-418f-46e2-8d15-68ea964aaa2d', 'Module for new noob ship for player', 'aa9f5ae4-a942-421e-926e-b977e6b5fcfc', 1, false);
INSERT INTO public.items (id, itemtypeid, meta, created, createdby, createdreason, containerid, quantity, ispackaged) VALUES ('1f9cb5fe-4eee-4427-b09f-72731f43d638', '85fc1069-22b1-44ed-838b-64ed38d1e0b4', '{"hp": 21, "rack": "a", "range": 7173, "volume": 37, "falloff": "linear", "cooldown": 18.4, "tracking": 48.7, "hull_damage": 2520, "armor_damage": 1840, "can_mine_gas": false, "can_mine_ice": false, "can_mine_ore": false, "needs_target": true, "shield_damage": 1240, "activation_heat": 91.3, "ammunition_name": "Light Gauss Shell", "ammunition_type": "33f86ee2-4c16-400e-82ad-38796bea0017", "industrialmarket": {"maxprice": 9658, "minprice": 5219, "silosize": 1000}, "activation_energy": 27, "ore_mining_volume": 0, "activation_gfx_effect": "small_gauss_rifle"}', '2022-07-04 22:49:59.004672-04', '3119eaa7-418f-46e2-8d15-68ea964aaa2d', 'Module for new noob ship for player', 'aa9f5ae4-a942-421e-926e-b977e6b5fcfc', 1, false);
INSERT INTO public.items (id, itemtypeid, meta, created, createdby, createdreason, containerid, quantity, ispackaged) VALUES ('52764a38-e349-48d3-92cf-a74208db32d6', '85fc1069-22b1-44ed-838b-64ed38d1e0b4', '{"hp": 21, "rack": "a", "range": 7173, "volume": 37, "falloff": "linear", "cooldown": 18.4, "tracking": 48.7, "hull_damage": 2520, "armor_damage": 1840, "can_mine_gas": false, "can_mine_ice": false, "can_mine_ore": false, "needs_target": true, "shield_damage": 1240, "activation_heat": 91.3, "ammunition_name": "Light Gauss Shell", "ammunition_type": "33f86ee2-4c16-400e-82ad-38796bea0017", "industrialmarket": {"maxprice": 9658, "minprice": 5219, "silosize": 1000}, "activation_energy": 27, "ore_mining_volume": 0, "activation_gfx_effect": "small_gauss_rifle"}', '2022-07-04 22:49:59.006065-04', '3119eaa7-418f-46e2-8d15-68ea964aaa2d', 'Module for new noob ship for player', 'aa9f5ae4-a942-421e-926e-b977e6b5fcfc', 1, false);
INSERT INTO public.items (id, itemtypeid, meta, created, createdby, createdreason, containerid, quantity, ispackaged) VALUES ('5c70206a-388a-405a-b2ad-918c2ed66a1e', '69d118ea-617d-477b-bb30-67f5da3c812e', '{"hp": 20, "rack": "a", "range": 1431, "volume": 39, "falloff": "linear", "cooldown": 17.5, "tracking": 110, "needs_target": true, "activation_heat": 177, "industrialmarket": {"maxprice": 16890, "minprice": 10988, "silosize": 1000}, "activation_energy": 43, "energy_siphon_amount": 858, "activation_gfx_effect": "small_energy_siphon"}', '2022-07-04 22:49:59.007452-04', '3119eaa7-418f-46e2-8d15-68ea964aaa2d', 'Module for new noob ship for player', 'aa9f5ae4-a942-421e-926e-b977e6b5fcfc', 1, false);
INSERT INTO public.items (id, itemtypeid, meta, created, createdby, createdreason, containerid, quantity, ispackaged) VALUES ('63b95da9-46b6-433e-ada2-df8fdb504f2e', 'c59844a1-25c7-4f29-a851-ae25077781ca', '{"hp": 38, "rack": "a", "range": 1975, "volume": 32, "falloff": "linear", "cooldown": 5.7, "hull_damage": 1.5, "armor_damage": 0.9, "needs_target": false, "shield_damage": 35.3, "activation_heat": 212, "industrialmarket": {"maxprice": 37978, "minprice": 19450, "silosize": 1000}, "activation_energy": 205, "energy_siphon_amount": 213, "activation_gfx_effect": "small_add_negative", "missile_destruction_chance": 0.19}', '2022-07-04 22:49:59.008836-04', '3119eaa7-418f-46e2-8d15-68ea964aaa2d', 'Module for new noob ship for player', 'aa9f5ae4-a942-421e-926e-b977e6b5fcfc', 1, false);
INSERT INTO public.items (id, itemtypeid, meta, created, createdby, createdreason, containerid, quantity, ispackaged) VALUES ('9e528c59-2290-49a4-9753-8fdf6a38a412', '70f816b8-e3c5-4e5f-bd0c-f8125519b168', '{"hp": 10, "rack": "b", "volume": 32, "cooldown": 13.5, "needs_target": false, "activation_heat": 511, "industrialmarket": {"maxprice": 1723, "minprice": 630, "silosize": 1000}, "activation_energy": 120, "shield_boost_amount": 175, "activation_gfx_effect": "small_shield_booster"}', '2022-07-04 22:49:59.010196-04', '3119eaa7-418f-46e2-8d15-68ea964aaa2d', 'Module for new noob ship for player', 'aa9f5ae4-a942-421e-926e-b977e6b5fcfc', 1, false);
INSERT INTO public.items (id, itemtypeid, meta, created, createdby, createdreason, containerid, quantity, ispackaged) VALUES ('ab1c2efb-0520-43b5-9d32-bf81fab158f5', 'aab8ec7b-6031-4f54-9ab4-434ab5e7b47c', '{"hp": 35, "rack": "b", "volume": 35, "cooldown": 27.5, "needs_target": false, "activation_heat": 490, "industrialmarket": {"maxprice": 7319, "minprice": 4250, "silosize": 1000}, "activation_energy": 385}', '2022-07-04 22:49:59.011578-04', '3119eaa7-418f-46e2-8d15-68ea964aaa2d', 'Module for new noob ship for player', 'aa9f5ae4-a942-421e-926e-b977e6b5fcfc', 1, false);
INSERT INTO public.items (id, itemtypeid, meta, created, createdby, createdreason, containerid, quantity, ispackaged) VALUES ('fa078de2-bcc4-4913-aeec-66e56c07a884', '643b06f8-3df2-40d4-abfe-37d55287d628', '{"hp": 13, "rack": "b", "range": 5487, "volume": 33, "falloff": "linear", "cooldown": 21.2, "needs_target": true, "activation_heat": 687, "drag_multiplier": 29.5, "industrialmarket": {"maxprice": 14075, "minprice": 10233, "silosize": 500}, "activation_energy": 760, "activation_gfx_effect": "small_aether_dragger"}', '2022-07-04 22:49:59.013053-04', '3119eaa7-418f-46e2-8d15-68ea964aaa2d', 'Module for new noob ship for player', 'aa9f5ae4-a942-421e-926e-b977e6b5fcfc', 1, false);
INSERT INTO public.items (id, itemtypeid, meta, created, createdby, createdreason, containerid, quantity, ispackaged) VALUES ('32ed5971-46e4-4b14-b388-2820259f355b', 'a3ff4095-2511-412f-89df-abe7b8516192', '{"hp": 72, "rack": "c", "volume": 25, "heat_sink_add": 25, "industrialmarket": {"maxprice": 1660, "minprice": 995, "silosize": 1000}}', '2022-07-04 22:49:59.014485-04', '3119eaa7-418f-46e2-8d15-68ea964aaa2d', 'Module for new noob ship for player', 'aa9f5ae4-a942-421e-926e-b977e6b5fcfc', 1, false);
INSERT INTO public.items (id, itemtypeid, meta, created, createdby, createdreason, containerid, quantity, ispackaged) VALUES ('2a8a81dc-eeb2-4369-9b39-25e4e6c77b90', 'a3ff4095-2511-412f-89df-abe7b8516192', '{"hp": 72, "rack": "c", "volume": 25, "heat_sink_add": 25, "industrialmarket": {"maxprice": 1660, "minprice": 995, "silosize": 1000}}', '2022-07-04 22:49:59.015841-04', '3119eaa7-418f-46e2-8d15-68ea964aaa2d', 'Module for new noob ship for player', 'aa9f5ae4-a942-421e-926e-b977e6b5fcfc', 1, false);
INSERT INTO public.items (id, itemtypeid, meta, created, createdby, createdreason, containerid, quantity, ispackaged) VALUES ('0b157393-0ed6-42f0-bac8-ab7be8483d50', '0d0d134c-2b7d-4888-839a-d043d6aedca6', '{"hp": 30, "rack": "c", "volume": 22, "fuel_max_add": 850, "industrialmarket": {"maxprice": 712, "minprice": 314, "silosize": 1000}}', '2022-07-04 22:49:59.017166-04', '3119eaa7-418f-46e2-8d15-68ea964aaa2d', 'Module for new noob ship for player', 'aa9f5ae4-a942-421e-926e-b977e6b5fcfc', 1, false);

--   fix current ship ids
update public.users set current_shipid = '3a48b214-7a3f-4d06-87b2-b3e8eb4c376c' where id = '7f150ec8-9246-41f9-a483-4f017a154575';
update public.users set current_shipid = 'ae6981ed-24bd-4fb5-af39-d0dcfc87cc75' where id = '0cb18760-17c1-40d4-949c-27aac1d680cc';
update public.users set current_shipid = '245fe385-7faf-4ecd-bdfb-7ca8ce34383f' where id = 'd75b8035-fcfe-40c9-add8-bd520e77a8c6';
update public.users set current_shipid = '0f624347-5304-41f2-831a-6bd6140c27a6' where id = '3119eaa7-418f-46e2-8d15-68ea964aaa2d';
update public.users set current_shipid = '79ba968e-3f9a-4a01-922a-ed8163d0cada' where id = 'f1d9887a-6f00-4cab-b12d-06e5f5c86bf9';
update public.users set current_shipid = '27cae1bd-d621-4eb4-9c99-a71bf89e2fb6' where id = 'f5d6177c-dd55-4636-b3bb-3f6069d60334';
update public.users set current_shipid = 'ca498c11-fdf5-465a-8d30-ee6967a19af1' where id = 'a392c2cf-db80-4788-a362-bb3ef8bb719d';
update public.users set current_shipid = '0665164e-c8d1-4c4c-a038-ba0a9450f4f6' where id = '7ef4858b-604c-4e85-9b25-5a43ee9407e7';

-- accord npcs

--   containers
INSERT INTO public.containers (id, meta, created) VALUES ('e04ec190-e3ce-4282-94c4-b218088d615d', '{}', '2022-07-10 13:51:05.519832-04');
INSERT INTO public.containers (id, meta, created) VALUES ('31607d07-1cdd-4524-a2d0-f7b3508ff066', '{}', '2022-07-10 13:51:05.523785-04');
INSERT INTO public.containers (id, meta, created) VALUES ('fba4d970-a306-402a-a267-83ad14e8fc81', '{}', '2022-07-10 13:51:05.52543-04');
INSERT INTO public.containers (id, meta, created) VALUES ('ffe72727-ef84-4e22-bb62-fbbdafd04548', '{}', '2022-07-10 13:51:05.526809-04');
INSERT INTO public.containers (id, meta, created) VALUES ('837ae9de-46a5-4e55-903d-4132e6fb30f7', '{}', '2022-07-10 13:51:05.548677-04');
INSERT INTO public.containers (id, meta, created) VALUES ('0c948ca6-d4a6-46cc-95f3-092fa2d1fff9', '{}', '2022-07-10 13:51:05.551471-04');
INSERT INTO public.containers (id, meta, created) VALUES ('fa151945-4fce-4959-b447-31cf22b6e1d3', '{}', '2022-07-10 13:51:05.5526-04');
INSERT INTO public.containers (id, meta, created) VALUES ('7ed8ad95-5058-4f10-84fe-1e41940175f6', '{}', '2022-07-10 13:51:05.553871-04');
INSERT INTO public.containers (id, meta, created) VALUES ('c8128f65-890a-46c1-82b5-7f3abcb0838c', '{}', '2022-07-10 13:51:05.575285-04');
INSERT INTO public.containers (id, meta, created) VALUES ('a06e0223-675c-435c-928a-db152d58d162', '{}', '2022-07-10 13:51:05.578408-04');
INSERT INTO public.containers (id, meta, created) VALUES ('f1e093f7-3107-42b2-9819-bb262d9e9cac', '{}', '2022-07-10 13:51:05.579486-04');
INSERT INTO public.containers (id, meta, created) VALUES ('726040bb-b604-487f-9c6d-ef1ccbaaa6e2', '{}', '2022-07-10 13:51:05.580541-04');
INSERT INTO public.containers (id, meta, created) VALUES ('16aac4e4-2e68-40c8-9dcc-1c58d1490a58', '{}', '2022-07-10 13:51:05.601769-04');
INSERT INTO public.containers (id, meta, created) VALUES ('ad9c6b00-e551-4315-857c-448d67c2d98a', '{}', '2022-07-10 13:51:05.604546-04');
INSERT INTO public.containers (id, meta, created) VALUES ('1d077042-edcf-40fe-b628-6df1346ec139', '{}', '2022-07-10 13:51:05.605623-04');
INSERT INTO public.containers (id, meta, created) VALUES ('a8dbd6fb-9f6d-43bf-b9d1-7abd2bb27577', '{}', '2022-07-10 13:51:05.60669-04');
INSERT INTO public.containers (id, meta, created) VALUES ('827129cb-b1b8-4078-b3c0-ad5010bdd110', '{}', '2022-07-10 13:51:05.628527-04');
INSERT INTO public.containers (id, meta, created) VALUES ('ebb7fc07-e28b-4c2c-aa62-c4dbe1f910f4', '{}', '2022-07-10 13:51:05.631756-04');
INSERT INTO public.containers (id, meta, created) VALUES ('2bdff684-231b-4cb5-a464-2c1575f8714d', '{}', '2022-07-10 13:51:05.632908-04');
INSERT INTO public.containers (id, meta, created) VALUES ('e23f3d4f-76a2-4262-b7cf-6859a403dc06', '{}', '2022-07-10 13:51:05.63403-04');
INSERT INTO public.containers (id, meta, created) VALUES ('eb15435a-6328-4726-9b79-9062cde24473', '{}', '2022-07-10 13:51:05.655743-04');
INSERT INTO public.containers (id, meta, created) VALUES ('a9598dea-8dfa-4371-a5ea-1dee516da38d', '{}', '2022-07-10 13:51:05.658671-04');
INSERT INTO public.containers (id, meta, created) VALUES ('8d26e37a-10fe-498e-a616-385d4c682b18', '{}', '2022-07-10 13:51:05.659883-04');
INSERT INTO public.containers (id, meta, created) VALUES ('922d0632-7e28-4e93-89cd-1c78f2b91bab', '{}', '2022-07-10 13:51:05.66103-04');
INSERT INTO public.containers (id, meta, created) VALUES ('ba299892-d8dc-47d1-b8ec-4e0dda0e9372', '{}', '2022-07-10 13:51:05.683138-04');
INSERT INTO public.containers (id, meta, created) VALUES ('da25ab45-ec69-4340-a048-aa7d01b987b6', '{}', '2022-07-10 13:51:05.686288-04');
INSERT INTO public.containers (id, meta, created) VALUES ('1ae00cd5-1e53-48a9-973c-63021898c6ed', '{}', '2022-07-10 13:51:05.687526-04');
INSERT INTO public.containers (id, meta, created) VALUES ('92d9895d-92fc-4f34-96d2-8909b235f332', '{}', '2022-07-10 13:51:05.688747-04');
INSERT INTO public.containers (id, meta, created) VALUES ('9650c0ce-a1c2-434f-bcae-b8a8245f28d3', '{}', '2022-07-10 13:51:05.713286-04');
INSERT INTO public.containers (id, meta, created) VALUES ('b5a99008-7209-4815-be15-cf876c941d6f', '{}', '2022-07-10 13:51:05.716331-04');
INSERT INTO public.containers (id, meta, created) VALUES ('b6311b93-9e50-4d7e-adcb-4e220061f467', '{}', '2022-07-10 13:51:05.717592-04');
INSERT INTO public.containers (id, meta, created) VALUES ('f3d88a10-5b74-44de-b597-46077fe67432', '{}', '2022-07-10 13:51:05.718812-04');

--   users
INSERT INTO public.users (id, charactername, hashpass, registered, banned, current_shipid, startid, escrow_containerid, current_factionid, reputationsheet, isnpc, behaviourmode, emailaddress, experiencesheet, registeredip, isdev) VALUES ('f8eb99f9-5ee5-4441-bfdc-0b4ec25ece18', 'Olivia Martin', 'd9f0b388ee45f1c1e7cb323d16a2e7d6c1722ed63376b4c0885c7a6bb7e8f49a', '2022-07-10 13:51:05.521256-04', B'0', null, 'e2980080-452a-4861-ac62-719bed89b5e7', 'e04ec190-e3ce-4282-94c4-b218088d615d', 'bdeffd9a-3cab-408c-9cd7-32fce1124f7a', '{"factionEntries": {"27a53dfc-a321-4c12-bf7c-bb177955c95b": {"FactionID": "27a53dfc-a321-4c12-bf7c-bb177955c95b", "StandingValue": -4, "AreOpenlyHostile": true}, "30bc70eb-2692-47e6-a7e3-2772e131c3d7": {"FactionID": "30bc70eb-2692-47e6-a7e3-2772e131c3d7", "StandingValue": -0.5, "AreOpenlyHostile": false}, "506286f5-6613-4481-ac26-caa9940fbe68": {"FactionID": "506286f5-6613-4481-ac26-caa9940fbe68", "StandingValue": -0.5, "AreOpenlyHostile": false}, "559d7fc1-5470-4ab4-8c66-fa2f0b89a523": {"FactionID": "559d7fc1-5470-4ab4-8c66-fa2f0b89a523", "StandingValue": 0.5, "AreOpenlyHostile": false}, "5db2bec7-37c3-4f1c-ab88-21024c12d639": {"FactionID": "5db2bec7-37c3-4f1c-ab88-21024c12d639", "StandingValue": 5, "AreOpenlyHostile": false}, "7decfd86-9c82-4a17-af3b-5d4af8c4e2ad": {"FactionID": "7decfd86-9c82-4a17-af3b-5d4af8c4e2ad", "StandingValue": -3, "AreOpenlyHostile": true}, "a0152cbb-8a78-45a4-ae9b-2ad2b60b583b": {"FactionID": "a0152cbb-8a78-45a4-ae9b-2ad2b60b583b", "StandingValue": -5, "AreOpenlyHostile": true}, "b3d3fa9c-b21e-490f-b39e-128b3af12128": {"FactionID": "b3d3fa9c-b21e-490f-b39e-128b3af12128", "StandingValue": 0, "AreOpenlyHostile": false}, "bdeffd9a-3cab-408c-9cd7-32fce1124f7a": {"FactionID": "bdeffd9a-3cab-408c-9cd7-32fce1124f7a", "StandingValue": 10, "AreOpenlyHostile": false}}}', true, 2, NULL, '{}', '[::1]:59802', false);
INSERT INTO public.users (id, charactername, hashpass, registered, banned, current_shipid, startid, escrow_containerid, current_factionid, reputationsheet, isnpc, behaviourmode, emailaddress, experiencesheet, registeredip, isdev) VALUES ('d685af83-3647-4faf-98d0-807abb7b117f', 'Sebastian Heath', '13817b2711b5da82ef3932ba73d09f2d2330792313a6ad26786fa5003463747c', '2022-07-10 13:51:05.54974-04', B'0', null, 'e2980080-452a-4861-ac62-719bed89b5e7', '837ae9de-46a5-4e55-903d-4132e6fb30f7', 'bdeffd9a-3cab-408c-9cd7-32fce1124f7a', '{"factionEntries": {"27a53dfc-a321-4c12-bf7c-bb177955c95b": {"FactionID": "27a53dfc-a321-4c12-bf7c-bb177955c95b", "StandingValue": -4, "AreOpenlyHostile": true}, "30bc70eb-2692-47e6-a7e3-2772e131c3d7": {"FactionID": "30bc70eb-2692-47e6-a7e3-2772e131c3d7", "StandingValue": -0.5, "AreOpenlyHostile": false}, "506286f5-6613-4481-ac26-caa9940fbe68": {"FactionID": "506286f5-6613-4481-ac26-caa9940fbe68", "StandingValue": -0.5, "AreOpenlyHostile": false}, "559d7fc1-5470-4ab4-8c66-fa2f0b89a523": {"FactionID": "559d7fc1-5470-4ab4-8c66-fa2f0b89a523", "StandingValue": 0.5, "AreOpenlyHostile": false}, "5db2bec7-37c3-4f1c-ab88-21024c12d639": {"FactionID": "5db2bec7-37c3-4f1c-ab88-21024c12d639", "StandingValue": 5, "AreOpenlyHostile": false}, "7decfd86-9c82-4a17-af3b-5d4af8c4e2ad": {"FactionID": "7decfd86-9c82-4a17-af3b-5d4af8c4e2ad", "StandingValue": -3, "AreOpenlyHostile": true}, "a0152cbb-8a78-45a4-ae9b-2ad2b60b583b": {"FactionID": "a0152cbb-8a78-45a4-ae9b-2ad2b60b583b", "StandingValue": -5, "AreOpenlyHostile": true}, "b3d3fa9c-b21e-490f-b39e-128b3af12128": {"FactionID": "b3d3fa9c-b21e-490f-b39e-128b3af12128", "StandingValue": 0, "AreOpenlyHostile": false}, "bdeffd9a-3cab-408c-9cd7-32fce1124f7a": {"FactionID": "bdeffd9a-3cab-408c-9cd7-32fce1124f7a", "StandingValue": 10, "AreOpenlyHostile": false}}}', true, 2, NULL, '{}', '[::1]:59802', false);
INSERT INTO public.users (id, charactername, hashpass, registered, banned, current_shipid, startid, escrow_containerid, current_factionid, reputationsheet, isnpc, behaviourmode, emailaddress, experiencesheet, registeredip, isdev) VALUES ('d852daa8-01b1-4007-935d-d5ba3c592377', 'Maki Yoshiro', 'ea3fe910ffab21e0c99443830995e57f0d2b2083d8dcd2ceffeeb86248cb3b92', '2022-07-10 13:51:05.576507-04', B'0', null, 'e2980080-452a-4861-ac62-719bed89b5e7', 'c8128f65-890a-46c1-82b5-7f3abcb0838c', 'bdeffd9a-3cab-408c-9cd7-32fce1124f7a', '{"factionEntries": {"27a53dfc-a321-4c12-bf7c-bb177955c95b": {"FactionID": "27a53dfc-a321-4c12-bf7c-bb177955c95b", "StandingValue": -4, "AreOpenlyHostile": true}, "30bc70eb-2692-47e6-a7e3-2772e131c3d7": {"FactionID": "30bc70eb-2692-47e6-a7e3-2772e131c3d7", "StandingValue": -0.5, "AreOpenlyHostile": false}, "506286f5-6613-4481-ac26-caa9940fbe68": {"FactionID": "506286f5-6613-4481-ac26-caa9940fbe68", "StandingValue": -0.5, "AreOpenlyHostile": false}, "559d7fc1-5470-4ab4-8c66-fa2f0b89a523": {"FactionID": "559d7fc1-5470-4ab4-8c66-fa2f0b89a523", "StandingValue": 0.5, "AreOpenlyHostile": false}, "5db2bec7-37c3-4f1c-ab88-21024c12d639": {"FactionID": "5db2bec7-37c3-4f1c-ab88-21024c12d639", "StandingValue": 5, "AreOpenlyHostile": false}, "7decfd86-9c82-4a17-af3b-5d4af8c4e2ad": {"FactionID": "7decfd86-9c82-4a17-af3b-5d4af8c4e2ad", "StandingValue": -3, "AreOpenlyHostile": true}, "a0152cbb-8a78-45a4-ae9b-2ad2b60b583b": {"FactionID": "a0152cbb-8a78-45a4-ae9b-2ad2b60b583b", "StandingValue": -5, "AreOpenlyHostile": true}, "b3d3fa9c-b21e-490f-b39e-128b3af12128": {"FactionID": "b3d3fa9c-b21e-490f-b39e-128b3af12128", "StandingValue": 0, "AreOpenlyHostile": false}, "bdeffd9a-3cab-408c-9cd7-32fce1124f7a": {"FactionID": "bdeffd9a-3cab-408c-9cd7-32fce1124f7a", "StandingValue": 10, "AreOpenlyHostile": false}}}', true, 2, NULL, '{}', '[::1]:59802', false);
INSERT INTO public.users (id, charactername, hashpass, registered, banned, current_shipid, startid, escrow_containerid, current_factionid, reputationsheet, isnpc, behaviourmode, emailaddress, experiencesheet, registeredip, isdev) VALUES ('4e439231-922d-4046-bb96-756a146ba03c', 'Nergis Akgün', 'e156e9309c197f82dfe18df38a9d3526f45bec555d620ae7d6a83e4c3d0f3534', '2022-07-10 13:51:05.714461-04', B'0', null, 'e2980080-452a-4861-ac62-719bed89b5e7', '9650c0ce-a1c2-434f-bcae-b8a8245f28d3', 'bdeffd9a-3cab-408c-9cd7-32fce1124f7a', '{"factionEntries": {"27a53dfc-a321-4c12-bf7c-bb177955c95b": {"FactionID": "27a53dfc-a321-4c12-bf7c-bb177955c95b", "StandingValue": -4, "AreOpenlyHostile": true}, "30bc70eb-2692-47e6-a7e3-2772e131c3d7": {"FactionID": "30bc70eb-2692-47e6-a7e3-2772e131c3d7", "StandingValue": -0.5, "AreOpenlyHostile": false}, "506286f5-6613-4481-ac26-caa9940fbe68": {"FactionID": "506286f5-6613-4481-ac26-caa9940fbe68", "StandingValue": -0.5, "AreOpenlyHostile": false}, "559d7fc1-5470-4ab4-8c66-fa2f0b89a523": {"FactionID": "559d7fc1-5470-4ab4-8c66-fa2f0b89a523", "StandingValue": 0.5, "AreOpenlyHostile": false}, "5db2bec7-37c3-4f1c-ab88-21024c12d639": {"FactionID": "5db2bec7-37c3-4f1c-ab88-21024c12d639", "StandingValue": 5, "AreOpenlyHostile": false}, "7decfd86-9c82-4a17-af3b-5d4af8c4e2ad": {"FactionID": "7decfd86-9c82-4a17-af3b-5d4af8c4e2ad", "StandingValue": -3, "AreOpenlyHostile": true}, "a0152cbb-8a78-45a4-ae9b-2ad2b60b583b": {"FactionID": "a0152cbb-8a78-45a4-ae9b-2ad2b60b583b", "StandingValue": -5, "AreOpenlyHostile": true}, "b3d3fa9c-b21e-490f-b39e-128b3af12128": {"FactionID": "b3d3fa9c-b21e-490f-b39e-128b3af12128", "StandingValue": 0, "AreOpenlyHostile": false}, "bdeffd9a-3cab-408c-9cd7-32fce1124f7a": {"FactionID": "bdeffd9a-3cab-408c-9cd7-32fce1124f7a", "StandingValue": 10, "AreOpenlyHostile": false}}}', true, 2, NULL, '{}', '[::1]:59802', false);
INSERT INTO public.users (id, charactername, hashpass, registered, banned, current_shipid, startid, escrow_containerid, current_factionid, reputationsheet, isnpc, behaviourmode, emailaddress, experiencesheet, registeredip, isdev) VALUES ('cf8afc4c-41e4-4db8-bc05-89ca5cfbf5ff', 'Konya Tamiko', '83037d84738d71b1e2b768520d74e7e393c234c02eed2cfb15e973c600aa14a6', '2022-07-10 13:51:05.602882-04', B'0', null, 'e2980080-452a-4861-ac62-719bed89b5e7', '16aac4e4-2e68-40c8-9dcc-1c58d1490a58', 'bdeffd9a-3cab-408c-9cd7-32fce1124f7a', '{"factionEntries": {"27a53dfc-a321-4c12-bf7c-bb177955c95b": {"FactionID": "27a53dfc-a321-4c12-bf7c-bb177955c95b", "StandingValue": -4, "AreOpenlyHostile": true}, "30bc70eb-2692-47e6-a7e3-2772e131c3d7": {"FactionID": "30bc70eb-2692-47e6-a7e3-2772e131c3d7", "StandingValue": -0.5, "AreOpenlyHostile": false}, "506286f5-6613-4481-ac26-caa9940fbe68": {"FactionID": "506286f5-6613-4481-ac26-caa9940fbe68", "StandingValue": -0.5, "AreOpenlyHostile": false}, "559d7fc1-5470-4ab4-8c66-fa2f0b89a523": {"FactionID": "559d7fc1-5470-4ab4-8c66-fa2f0b89a523", "StandingValue": 0.5, "AreOpenlyHostile": false}, "5db2bec7-37c3-4f1c-ab88-21024c12d639": {"FactionID": "5db2bec7-37c3-4f1c-ab88-21024c12d639", "StandingValue": 5, "AreOpenlyHostile": false}, "7decfd86-9c82-4a17-af3b-5d4af8c4e2ad": {"FactionID": "7decfd86-9c82-4a17-af3b-5d4af8c4e2ad", "StandingValue": -3, "AreOpenlyHostile": true}, "a0152cbb-8a78-45a4-ae9b-2ad2b60b583b": {"FactionID": "a0152cbb-8a78-45a4-ae9b-2ad2b60b583b", "StandingValue": -5, "AreOpenlyHostile": true}, "b3d3fa9c-b21e-490f-b39e-128b3af12128": {"FactionID": "b3d3fa9c-b21e-490f-b39e-128b3af12128", "StandingValue": 0, "AreOpenlyHostile": false}, "bdeffd9a-3cab-408c-9cd7-32fce1124f7a": {"FactionID": "bdeffd9a-3cab-408c-9cd7-32fce1124f7a", "StandingValue": 10, "AreOpenlyHostile": false}}}', true, 2, NULL, '{}', '[::1]:59802', false);
INSERT INTO public.users (id, charactername, hashpass, registered, banned, current_shipid, startid, escrow_containerid, current_factionid, reputationsheet, isnpc, behaviourmode, emailaddress, experiencesheet, registeredip, isdev) VALUES ('8d074735-8171-482e-94dd-303b975e3bef', 'Giada Boni', '5eb67a0bfd60140e18dfbdf9aaa5de1ba2eca274dddd0f8e963e0c8acc6afa3e', '2022-07-10 13:51:05.629736-04', B'0', null, 'e2980080-452a-4861-ac62-719bed89b5e7', '827129cb-b1b8-4078-b3c0-ad5010bdd110', 'bdeffd9a-3cab-408c-9cd7-32fce1124f7a', '{"factionEntries": {"27a53dfc-a321-4c12-bf7c-bb177955c95b": {"FactionID": "27a53dfc-a321-4c12-bf7c-bb177955c95b", "StandingValue": -4, "AreOpenlyHostile": true}, "30bc70eb-2692-47e6-a7e3-2772e131c3d7": {"FactionID": "30bc70eb-2692-47e6-a7e3-2772e131c3d7", "StandingValue": -0.5, "AreOpenlyHostile": false}, "506286f5-6613-4481-ac26-caa9940fbe68": {"FactionID": "506286f5-6613-4481-ac26-caa9940fbe68", "StandingValue": -0.5, "AreOpenlyHostile": false}, "559d7fc1-5470-4ab4-8c66-fa2f0b89a523": {"FactionID": "559d7fc1-5470-4ab4-8c66-fa2f0b89a523", "StandingValue": 0.5, "AreOpenlyHostile": false}, "5db2bec7-37c3-4f1c-ab88-21024c12d639": {"FactionID": "5db2bec7-37c3-4f1c-ab88-21024c12d639", "StandingValue": 5, "AreOpenlyHostile": false}, "7decfd86-9c82-4a17-af3b-5d4af8c4e2ad": {"FactionID": "7decfd86-9c82-4a17-af3b-5d4af8c4e2ad", "StandingValue": -3, "AreOpenlyHostile": true}, "a0152cbb-8a78-45a4-ae9b-2ad2b60b583b": {"FactionID": "a0152cbb-8a78-45a4-ae9b-2ad2b60b583b", "StandingValue": -5, "AreOpenlyHostile": true}, "b3d3fa9c-b21e-490f-b39e-128b3af12128": {"FactionID": "b3d3fa9c-b21e-490f-b39e-128b3af12128", "StandingValue": 0, "AreOpenlyHostile": false}, "bdeffd9a-3cab-408c-9cd7-32fce1124f7a": {"FactionID": "bdeffd9a-3cab-408c-9cd7-32fce1124f7a", "StandingValue": 10, "AreOpenlyHostile": false}}}', true, 2, NULL, '{}', '[::1]:59802', false);
INSERT INTO public.users (id, charactername, hashpass, registered, banned, current_shipid, startid, escrow_containerid, current_factionid, reputationsheet, isnpc, behaviourmode, emailaddress, experiencesheet, registeredip, isdev) VALUES ('cb31a370-add8-4ad7-9490-27472933a6c6', 'Girolamo Luoni', '470a20051bf16a4ed50663b00c8eb4e963132ab6286bf7eec0f9058dcb713a68', '2022-07-10 13:51:05.656859-04', B'0', null, 'e2980080-452a-4861-ac62-719bed89b5e7', 'eb15435a-6328-4726-9b79-9062cde24473', 'bdeffd9a-3cab-408c-9cd7-32fce1124f7a', '{"factionEntries": {"27a53dfc-a321-4c12-bf7c-bb177955c95b": {"FactionID": "27a53dfc-a321-4c12-bf7c-bb177955c95b", "StandingValue": -4, "AreOpenlyHostile": true}, "30bc70eb-2692-47e6-a7e3-2772e131c3d7": {"FactionID": "30bc70eb-2692-47e6-a7e3-2772e131c3d7", "StandingValue": -0.5, "AreOpenlyHostile": false}, "506286f5-6613-4481-ac26-caa9940fbe68": {"FactionID": "506286f5-6613-4481-ac26-caa9940fbe68", "StandingValue": -0.5, "AreOpenlyHostile": false}, "559d7fc1-5470-4ab4-8c66-fa2f0b89a523": {"FactionID": "559d7fc1-5470-4ab4-8c66-fa2f0b89a523", "StandingValue": 0.5, "AreOpenlyHostile": false}, "5db2bec7-37c3-4f1c-ab88-21024c12d639": {"FactionID": "5db2bec7-37c3-4f1c-ab88-21024c12d639", "StandingValue": 5, "AreOpenlyHostile": false}, "7decfd86-9c82-4a17-af3b-5d4af8c4e2ad": {"FactionID": "7decfd86-9c82-4a17-af3b-5d4af8c4e2ad", "StandingValue": -3, "AreOpenlyHostile": true}, "a0152cbb-8a78-45a4-ae9b-2ad2b60b583b": {"FactionID": "a0152cbb-8a78-45a4-ae9b-2ad2b60b583b", "StandingValue": -5, "AreOpenlyHostile": true}, "b3d3fa9c-b21e-490f-b39e-128b3af12128": {"FactionID": "b3d3fa9c-b21e-490f-b39e-128b3af12128", "StandingValue": 0, "AreOpenlyHostile": false}, "bdeffd9a-3cab-408c-9cd7-32fce1124f7a": {"FactionID": "bdeffd9a-3cab-408c-9cd7-32fce1124f7a", "StandingValue": 10, "AreOpenlyHostile": false}}}', true, 2, NULL, '{}', '[::1]:59802', false);
INSERT INTO public.users (id, charactername, hashpass, registered, banned, current_shipid, startid, escrow_containerid, current_factionid, reputationsheet, isnpc, behaviourmode, emailaddress, experiencesheet, registeredip, isdev) VALUES ('d9635812-8eaf-4a0f-af63-6cdd0940fb6d', 'Savaş Budak', 'bd419a585ad478fd3028140e9274701d73ec15abf2a689c152364613ede16506', '2022-07-10 13:51:05.684308-04', B'0', null, 'e2980080-452a-4861-ac62-719bed89b5e7', 'ba299892-d8dc-47d1-b8ec-4e0dda0e9372', 'bdeffd9a-3cab-408c-9cd7-32fce1124f7a', '{"factionEntries": {"27a53dfc-a321-4c12-bf7c-bb177955c95b": {"FactionID": "27a53dfc-a321-4c12-bf7c-bb177955c95b", "StandingValue": -4, "AreOpenlyHostile": true}, "30bc70eb-2692-47e6-a7e3-2772e131c3d7": {"FactionID": "30bc70eb-2692-47e6-a7e3-2772e131c3d7", "StandingValue": -0.5, "AreOpenlyHostile": false}, "506286f5-6613-4481-ac26-caa9940fbe68": {"FactionID": "506286f5-6613-4481-ac26-caa9940fbe68", "StandingValue": -0.5, "AreOpenlyHostile": false}, "559d7fc1-5470-4ab4-8c66-fa2f0b89a523": {"FactionID": "559d7fc1-5470-4ab4-8c66-fa2f0b89a523", "StandingValue": 0.5, "AreOpenlyHostile": false}, "5db2bec7-37c3-4f1c-ab88-21024c12d639": {"FactionID": "5db2bec7-37c3-4f1c-ab88-21024c12d639", "StandingValue": 5, "AreOpenlyHostile": false}, "7decfd86-9c82-4a17-af3b-5d4af8c4e2ad": {"FactionID": "7decfd86-9c82-4a17-af3b-5d4af8c4e2ad", "StandingValue": -3, "AreOpenlyHostile": true}, "a0152cbb-8a78-45a4-ae9b-2ad2b60b583b": {"FactionID": "a0152cbb-8a78-45a4-ae9b-2ad2b60b583b", "StandingValue": -5, "AreOpenlyHostile": true}, "b3d3fa9c-b21e-490f-b39e-128b3af12128": {"FactionID": "b3d3fa9c-b21e-490f-b39e-128b3af12128", "StandingValue": 0, "AreOpenlyHostile": false}, "bdeffd9a-3cab-408c-9cd7-32fce1124f7a": {"FactionID": "bdeffd9a-3cab-408c-9cd7-32fce1124f7a", "StandingValue": 10, "AreOpenlyHostile": false}}}', true, 2, NULL, '{}', '[::1]:59802', false);

--   ships
INSERT INTO public.ships (id, universe_systemid, userid, pos_x, pos_y, created, shipname, texture, theta, vel_x, vel_y, shield, armor, hull, fuel, heat, energy, shiptemplateid, dockedat_stationid, fitting, destroyed, destroyedat, cargobay_containerid, fittingbay_containerid, remaxdirty, trash_containerid, wallet, noload, flightexperiencemodifier) VALUES ('d6f36512-5c48-479c-b307-32e17e9c638a', '5aa036f7-14ed-4273-a5ac-e7457ecabdaa', 'f8eb99f9-5ee5-4441-bfdc-0b4ec25ece18', 0, 0, '2022-07-10 13:51:05.544248-04', 'Olivia Martin''s Starter Ship', 'Spectre', 0, 0, 0, 785, 760, 537, 246, 0, 606, '62100eb8-a7fb-4241-a157-c6d783cb15d9', '3efc7fb3-6f61-4b06-b2f1-ea7c4529449f', '{"a_rack": [{"item_id": "05e8bad1-813a-4064-8648-5d8d1166a2be", "slot_idx": 0, "item_type_id": "ba48329e-0ae5-499f-ad0f-abd609ee04b9"}, {"item_id": "f759f939-3cb5-4497-9cb8-8e3b3e8f9b43", "slot_idx": 1, "item_type_id": "ba48329e-0ae5-499f-ad0f-abd609ee04b9"}, {"item_id": "37c9733a-8d63-476d-925e-d89b61145403", "slot_idx": 2, "item_type_id": "ba48329e-0ae5-499f-ad0f-abd609ee04b9"}, {"item_id": "db7416ee-3b0b-4301-92c9-f66584ad2d8d", "slot_idx": 3, "item_type_id": "37f6f712-427d-4951-a311-c2557f994290"}, {"item_id": "f1af3ac1-8d0c-48e0-8865-9f6a50cef76a", "slot_idx": 4, "item_type_id": "30928542-bd58-404a-ba1c-3286424f17b3"}], "b_rack": [{"item_id": "b70fedb2-2772-449b-98af-ec1b742b03b3", "slot_idx": 0, "item_type_id": "fef05ee8-1cf9-42d0-97e8-4feadf94a852"}, {"item_id": "6f480864-0657-4387-9cf1-5ea32fecad5f", "slot_idx": 1, "item_type_id": "aab8ec7b-6031-4f54-9ab4-434ab5e7b47c"}, {"item_id": "6dc69a09-058e-441e-9358-643235a49d95", "slot_idx": 2, "item_type_id": "643b06f8-3df2-40d4-abfe-37d55287d628"}], "c_rack": [{"item_id": "2cb4e190-8435-467f-bee9-d1fbded9cce4", "slot_idx": 0, "item_type_id": "7a187110-ae8d-47d0-ab7d-1e318424284e"}, {"item_id": "23f76032-22a7-460e-bd7f-0f8f84896d82", "slot_idx": 1, "item_type_id": "7a187110-ae8d-47d0-ab7d-1e318424284e"}, {"item_id": "7a9265a8-1c29-44fc-a27a-40b049709232", "slot_idx": 2, "item_type_id": "0d0d134c-2b7d-4888-839a-d043d6aedca6"}]}', false, NULL, 'fba4d970-a306-402a-a267-83ad14e8fc81', 'ffe72727-ef84-4e22-bb62-fbbdafd04548', true, '31607d07-1cdd-4524-a2d0-f7b3508ff066', 10000, false, 1);
INSERT INTO public.ships (id, universe_systemid, userid, pos_x, pos_y, created, shipname, texture, theta, vel_x, vel_y, shield, armor, hull, fuel, heat, energy, shiptemplateid, dockedat_stationid, fitting, destroyed, destroyedat, cargobay_containerid, fittingbay_containerid, remaxdirty, trash_containerid, wallet, noload, flightexperiencemodifier) VALUES ('d9afc0ab-413e-4790-9066-03286caeec0b', '5aa036f7-14ed-4273-a5ac-e7457ecabdaa', 'd685af83-3647-4faf-98d0-807abb7b117f', 0, 0, '2022-07-10 13:51:05.570709-04', 'Sebastian Heath''s Starter Ship', 'Spectre', 0, 0, 0, 785, 760, 537, 246, 0, 606, '62100eb8-a7fb-4241-a157-c6d783cb15d9', '3efc7fb3-6f61-4b06-b2f1-ea7c4529449f', '{"a_rack": [{"item_id": "3ad63ac0-74b9-4f6c-b2a7-58b7c78f76dc", "slot_idx": 0, "item_type_id": "ba48329e-0ae5-499f-ad0f-abd609ee04b9"}, {"item_id": "03d0693a-840e-417b-9a15-6020c99178f6", "slot_idx": 1, "item_type_id": "ba48329e-0ae5-499f-ad0f-abd609ee04b9"}, {"item_id": "031b7707-21e6-41ed-a29d-16388c1b1e46", "slot_idx": 2, "item_type_id": "ba48329e-0ae5-499f-ad0f-abd609ee04b9"}, {"item_id": "856b798f-ed2b-4ecf-b3a4-be45a67f364f", "slot_idx": 3, "item_type_id": "37f6f712-427d-4951-a311-c2557f994290"}, {"item_id": "c0abd61c-b062-4b60-9cae-47bdeedc6f69", "slot_idx": 4, "item_type_id": "30928542-bd58-404a-ba1c-3286424f17b3"}], "b_rack": [{"item_id": "eb7b8030-0383-49c4-9341-e6e93f707ce9", "slot_idx": 0, "item_type_id": "fef05ee8-1cf9-42d0-97e8-4feadf94a852"}, {"item_id": "113a46b1-0268-4b0e-86ee-e49b1afbedbe", "slot_idx": 1, "item_type_id": "aab8ec7b-6031-4f54-9ab4-434ab5e7b47c"}, {"item_id": "f1fca986-7ff5-422e-812b-182f5a046884", "slot_idx": 2, "item_type_id": "643b06f8-3df2-40d4-abfe-37d55287d628"}], "c_rack": [{"item_id": "4bd9059f-eb3d-4279-ad5c-317fa95455f3", "slot_idx": 0, "item_type_id": "7a187110-ae8d-47d0-ab7d-1e318424284e"}, {"item_id": "dede5e34-83d2-4784-867e-79ddd298d673", "slot_idx": 1, "item_type_id": "7a187110-ae8d-47d0-ab7d-1e318424284e"}, {"item_id": "8d548572-ce31-44c2-a4f3-589393353c33", "slot_idx": 2, "item_type_id": "0d0d134c-2b7d-4888-839a-d043d6aedca6"}]}', false, NULL, 'fa151945-4fce-4959-b447-31cf22b6e1d3', '7ed8ad95-5058-4f10-84fe-1e41940175f6', true, '0c948ca6-d4a6-46cc-95f3-092fa2d1fff9', 10000, false, 1);
INSERT INTO public.ships (id, universe_systemid, userid, pos_x, pos_y, created, shipname, texture, theta, vel_x, vel_y, shield, armor, hull, fuel, heat, energy, shiptemplateid, dockedat_stationid, fitting, destroyed, destroyedat, cargobay_containerid, fittingbay_containerid, remaxdirty, trash_containerid, wallet, noload, flightexperiencemodifier) VALUES ('cfc8fe1a-58d6-4e77-9049-dbca8fc69102', '5aa036f7-14ed-4273-a5ac-e7457ecabdaa', 'd852daa8-01b1-4007-935d-d5ba3c592377', 0, 0, '2022-07-10 13:51:05.597826-04', 'Maki Yoshiro''s Starter Ship', 'Spectre', 0, 0, 0, 785, 760, 537, 246, 0, 606, '62100eb8-a7fb-4241-a157-c6d783cb15d9', '3efc7fb3-6f61-4b06-b2f1-ea7c4529449f', '{"a_rack": [{"item_id": "e3741c60-a287-466b-9d61-f33004921a3a", "slot_idx": 0, "item_type_id": "ba48329e-0ae5-499f-ad0f-abd609ee04b9"}, {"item_id": "d9e48904-4c9a-42a0-9fab-6eb798ae9664", "slot_idx": 1, "item_type_id": "ba48329e-0ae5-499f-ad0f-abd609ee04b9"}, {"item_id": "75f9974d-17b0-4c11-83d4-7104e4971e21", "slot_idx": 2, "item_type_id": "ba48329e-0ae5-499f-ad0f-abd609ee04b9"}, {"item_id": "016a4a81-14a3-4fb5-a48f-2bf9f3cb0047", "slot_idx": 3, "item_type_id": "37f6f712-427d-4951-a311-c2557f994290"}, {"item_id": "1117cfb9-6c78-4379-bdb7-5dedae9e4bb2", "slot_idx": 4, "item_type_id": "30928542-bd58-404a-ba1c-3286424f17b3"}], "b_rack": [{"item_id": "0491aba7-ec1e-4726-9aac-c16c5442be0c", "slot_idx": 0, "item_type_id": "fef05ee8-1cf9-42d0-97e8-4feadf94a852"}, {"item_id": "a803a850-c3c7-4ac3-82b8-4bfb4d519552", "slot_idx": 1, "item_type_id": "aab8ec7b-6031-4f54-9ab4-434ab5e7b47c"}, {"item_id": "dd14eb52-b3aa-4481-83e4-5f8b50181465", "slot_idx": 2, "item_type_id": "643b06f8-3df2-40d4-abfe-37d55287d628"}], "c_rack": [{"item_id": "0fa41503-81db-4437-a03a-abac8147be67", "slot_idx": 0, "item_type_id": "7a187110-ae8d-47d0-ab7d-1e318424284e"}, {"item_id": "5666bcc4-a011-426c-bf6a-d3f2b072e349", "slot_idx": 1, "item_type_id": "7a187110-ae8d-47d0-ab7d-1e318424284e"}, {"item_id": "3ffb0b6e-1f7b-4d07-8352-aa6b89206cf6", "slot_idx": 2, "item_type_id": "0d0d134c-2b7d-4888-839a-d043d6aedca6"}]}', false, NULL, 'f1e093f7-3107-42b2-9819-bb262d9e9cac', '726040bb-b604-487f-9c6d-ef1ccbaaa6e2', true, 'a06e0223-675c-435c-928a-db152d58d162', 10000, false, 1);
INSERT INTO public.ships (id, universe_systemid, userid, pos_x, pos_y, created, shipname, texture, theta, vel_x, vel_y, shield, armor, hull, fuel, heat, energy, shiptemplateid, dockedat_stationid, fitting, destroyed, destroyedat, cargobay_containerid, fittingbay_containerid, remaxdirty, trash_containerid, wallet, noload, flightexperiencemodifier) VALUES ('840853de-726c-4ebe-a535-d1aa15bccd65', '5aa036f7-14ed-4273-a5ac-e7457ecabdaa', 'cf8afc4c-41e4-4db8-bc05-89ca5cfbf5ff', 0, 0, '2022-07-10 13:51:05.62409-04', 'Konya Tamiko''s Starter Ship', 'Spectre', 0, 0, 0, 785, 760, 537, 246, 0, 606, '62100eb8-a7fb-4241-a157-c6d783cb15d9', '3efc7fb3-6f61-4b06-b2f1-ea7c4529449f', '{"a_rack": [{"item_id": "1d9b565d-8bee-4dce-bbf0-d26ee0dbcef4", "slot_idx": 0, "item_type_id": "ba48329e-0ae5-499f-ad0f-abd609ee04b9"}, {"item_id": "1f05ae56-740e-4082-8f85-3d2b8ee499b0", "slot_idx": 1, "item_type_id": "ba48329e-0ae5-499f-ad0f-abd609ee04b9"}, {"item_id": "33060a80-57e4-488e-aedc-e911968afb88", "slot_idx": 2, "item_type_id": "ba48329e-0ae5-499f-ad0f-abd609ee04b9"}, {"item_id": "d6324842-e6cb-40c8-8daa-fe971b8391a1", "slot_idx": 3, "item_type_id": "37f6f712-427d-4951-a311-c2557f994290"}, {"item_id": "971cb1bb-e7d7-4f72-80e4-8187d187ee40", "slot_idx": 4, "item_type_id": "30928542-bd58-404a-ba1c-3286424f17b3"}], "b_rack": [{"item_id": "c22c7929-fcbc-43b1-8dce-29c5edf46389", "slot_idx": 0, "item_type_id": "fef05ee8-1cf9-42d0-97e8-4feadf94a852"}, {"item_id": "4f2d4c92-aae6-4bbb-93d0-ec4f0b8d4483", "slot_idx": 1, "item_type_id": "aab8ec7b-6031-4f54-9ab4-434ab5e7b47c"}, {"item_id": "fbdafef3-3eef-40e0-935e-f35217de4b20", "slot_idx": 2, "item_type_id": "643b06f8-3df2-40d4-abfe-37d55287d628"}], "c_rack": [{"item_id": "229d32f6-16c5-48f8-acca-c785dc3c3266", "slot_idx": 0, "item_type_id": "7a187110-ae8d-47d0-ab7d-1e318424284e"}, {"item_id": "ce88c43a-af4d-47fd-94c6-383e2e4f3547", "slot_idx": 1, "item_type_id": "7a187110-ae8d-47d0-ab7d-1e318424284e"}, {"item_id": "cdfae0ae-b125-4bd3-96b9-6ea775b49166", "slot_idx": 2, "item_type_id": "0d0d134c-2b7d-4888-839a-d043d6aedca6"}]}', false, NULL, '1d077042-edcf-40fe-b628-6df1346ec139', 'a8dbd6fb-9f6d-43bf-b9d1-7abd2bb27577', true, 'ad9c6b00-e551-4315-857c-448d67c2d98a', 10000, false, 1);
INSERT INTO public.ships (id, universe_systemid, userid, pos_x, pos_y, created, shipname, texture, theta, vel_x, vel_y, shield, armor, hull, fuel, heat, energy, shiptemplateid, dockedat_stationid, fitting, destroyed, destroyedat, cargobay_containerid, fittingbay_containerid, remaxdirty, trash_containerid, wallet, noload, flightexperiencemodifier) VALUES ('2c737244-ea5e-41f3-b9b9-7b904b237fc7', '5aa036f7-14ed-4273-a5ac-e7457ecabdaa', '8d074735-8171-482e-94dd-303b975e3bef', 0, 0, '2022-07-10 13:51:05.651531-04', 'Giada Boni''s Starter Ship', 'Spectre', 0, 0, 0, 785, 760, 537, 246, 0, 606, '62100eb8-a7fb-4241-a157-c6d783cb15d9', '3efc7fb3-6f61-4b06-b2f1-ea7c4529449f', '{"a_rack": [{"item_id": "f6b8f29a-d65d-42d8-84b4-c96cc2187f88", "slot_idx": 0, "item_type_id": "ba48329e-0ae5-499f-ad0f-abd609ee04b9"}, {"item_id": "4d80ea7b-b96a-455c-b8f0-16fd6829fff7", "slot_idx": 1, "item_type_id": "ba48329e-0ae5-499f-ad0f-abd609ee04b9"}, {"item_id": "a99e0824-b800-46f7-91b6-aa8e266248bd", "slot_idx": 2, "item_type_id": "ba48329e-0ae5-499f-ad0f-abd609ee04b9"}, {"item_id": "7a5c7ddd-ac00-4c6d-a266-131e832537d6", "slot_idx": 3, "item_type_id": "37f6f712-427d-4951-a311-c2557f994290"}, {"item_id": "4ed7ed66-6847-4d8c-9f90-cfd0d54fc4eb", "slot_idx": 4, "item_type_id": "30928542-bd58-404a-ba1c-3286424f17b3"}], "b_rack": [{"item_id": "f914177b-95d2-4b89-9394-538155bd8e7c", "slot_idx": 0, "item_type_id": "fef05ee8-1cf9-42d0-97e8-4feadf94a852"}, {"item_id": "4caec296-c972-42fb-8561-58e56b6d7bfb", "slot_idx": 1, "item_type_id": "aab8ec7b-6031-4f54-9ab4-434ab5e7b47c"}, {"item_id": "e8aa8889-8be0-4208-a974-a8941d4017ac", "slot_idx": 2, "item_type_id": "643b06f8-3df2-40d4-abfe-37d55287d628"}], "c_rack": [{"item_id": "bf62bd06-e1fe-4071-bf79-69eb07cc1485", "slot_idx": 0, "item_type_id": "7a187110-ae8d-47d0-ab7d-1e318424284e"}, {"item_id": "06fb421a-d4b8-41d2-a8f9-6bd6969b1d3e", "slot_idx": 1, "item_type_id": "7a187110-ae8d-47d0-ab7d-1e318424284e"}, {"item_id": "3c37960b-71f8-4509-9aaa-762b7bbe73d4", "slot_idx": 2, "item_type_id": "0d0d134c-2b7d-4888-839a-d043d6aedca6"}]}', false, NULL, '2bdff684-231b-4cb5-a464-2c1575f8714d', 'e23f3d4f-76a2-4262-b7cf-6859a403dc06', true, 'ebb7fc07-e28b-4c2c-aa62-c4dbe1f910f4', 10000, false, 1);
INSERT INTO public.ships (id, universe_systemid, userid, pos_x, pos_y, created, shipname, texture, theta, vel_x, vel_y, shield, armor, hull, fuel, heat, energy, shiptemplateid, dockedat_stationid, fitting, destroyed, destroyedat, cargobay_containerid, fittingbay_containerid, remaxdirty, trash_containerid, wallet, noload, flightexperiencemodifier) VALUES ('190fe8d3-c4f1-4b92-b8db-b55f975abc2d', '5aa036f7-14ed-4273-a5ac-e7457ecabdaa', 'cb31a370-add8-4ad7-9490-27472933a6c6', 0, 0, '2022-07-10 13:51:05.678467-04', 'Girolamo Luoni''s Starter Ship', 'Spectre', 0, 0, 0, 785, 760, 537, 246, 0, 606, '62100eb8-a7fb-4241-a157-c6d783cb15d9', '3efc7fb3-6f61-4b06-b2f1-ea7c4529449f', '{"a_rack": [{"item_id": "62e92b49-aa6d-4867-b8f7-e8b5bbdba61c", "slot_idx": 0, "item_type_id": "ba48329e-0ae5-499f-ad0f-abd609ee04b9"}, {"item_id": "52dce7fd-6110-4fcd-9445-b62b814fb23a", "slot_idx": 1, "item_type_id": "ba48329e-0ae5-499f-ad0f-abd609ee04b9"}, {"item_id": "c5ae86a5-01a8-4989-9f65-0eaabd63e006", "slot_idx": 2, "item_type_id": "ba48329e-0ae5-499f-ad0f-abd609ee04b9"}, {"item_id": "fb9db910-ef7f-41b3-bcca-bcd84a8200b2", "slot_idx": 3, "item_type_id": "37f6f712-427d-4951-a311-c2557f994290"}, {"item_id": "a95d8bd5-b4c8-420a-b0b2-0aee0f2a693e", "slot_idx": 4, "item_type_id": "30928542-bd58-404a-ba1c-3286424f17b3"}], "b_rack": [{"item_id": "0851e88e-0285-47d5-8550-5768e81f5e5a", "slot_idx": 0, "item_type_id": "fef05ee8-1cf9-42d0-97e8-4feadf94a852"}, {"item_id": "649d0345-9c4c-4004-bb47-f80a5c91dfda", "slot_idx": 1, "item_type_id": "aab8ec7b-6031-4f54-9ab4-434ab5e7b47c"}, {"item_id": "f4e16846-8f6b-43bc-9de3-e6a000dace94", "slot_idx": 2, "item_type_id": "643b06f8-3df2-40d4-abfe-37d55287d628"}], "c_rack": [{"item_id": "23774628-5b93-4fae-9599-12aa986b1b8e", "slot_idx": 0, "item_type_id": "7a187110-ae8d-47d0-ab7d-1e318424284e"}, {"item_id": "5292bc61-119c-4307-ae92-8fd5bea7485b", "slot_idx": 1, "item_type_id": "7a187110-ae8d-47d0-ab7d-1e318424284e"}, {"item_id": "331c7efa-5326-461c-89c2-f85f39be3126", "slot_idx": 2, "item_type_id": "0d0d134c-2b7d-4888-839a-d043d6aedca6"}]}', false, NULL, '8d26e37a-10fe-498e-a616-385d4c682b18', '922d0632-7e28-4e93-89cd-1c78f2b91bab', true, 'a9598dea-8dfa-4371-a5ea-1dee516da38d', 10000, false, 1);
INSERT INTO public.ships (id, universe_systemid, userid, pos_x, pos_y, created, shipname, texture, theta, vel_x, vel_y, shield, armor, hull, fuel, heat, energy, shiptemplateid, dockedat_stationid, fitting, destroyed, destroyedat, cargobay_containerid, fittingbay_containerid, remaxdirty, trash_containerid, wallet, noload, flightexperiencemodifier) VALUES ('cea67bf6-84dd-4ce1-a4d7-2bf2123dad78', '5aa036f7-14ed-4273-a5ac-e7457ecabdaa', 'd9635812-8eaf-4a0f-af63-6cdd0940fb6d', 0, 0, '2022-07-10 13:51:05.708482-04', 'Savaş Budak''s Starter Ship', 'Spectre', 0, 0, 0, 785, 760, 537, 246, 0, 606, '62100eb8-a7fb-4241-a157-c6d783cb15d9', '3efc7fb3-6f61-4b06-b2f1-ea7c4529449f', '{"a_rack": [{"item_id": "6dc7e69a-50fc-4e61-8a2e-1642baaaaf68", "slot_idx": 0, "item_type_id": "ba48329e-0ae5-499f-ad0f-abd609ee04b9"}, {"item_id": "0258f750-1b43-43dd-b87a-4896defe1817", "slot_idx": 1, "item_type_id": "ba48329e-0ae5-499f-ad0f-abd609ee04b9"}, {"item_id": "65511653-cd2c-44ea-b702-384132dc1bd5", "slot_idx": 2, "item_type_id": "ba48329e-0ae5-499f-ad0f-abd609ee04b9"}, {"item_id": "cc9302bf-4b19-4ec8-829b-8061205af334", "slot_idx": 3, "item_type_id": "37f6f712-427d-4951-a311-c2557f994290"}, {"item_id": "aafa2d0a-4b65-4aa3-8f30-cab987b4120c", "slot_idx": 4, "item_type_id": "30928542-bd58-404a-ba1c-3286424f17b3"}], "b_rack": [{"item_id": "7277dc41-ae83-4e85-8f0e-ae05e9712bc2", "slot_idx": 0, "item_type_id": "fef05ee8-1cf9-42d0-97e8-4feadf94a852"}, {"item_id": "8e08bb45-36e3-43f7-9f10-25d861b37a1e", "slot_idx": 1, "item_type_id": "aab8ec7b-6031-4f54-9ab4-434ab5e7b47c"}, {"item_id": "5ad699ba-e789-4d0e-a171-cbda2bc1b6df", "slot_idx": 2, "item_type_id": "643b06f8-3df2-40d4-abfe-37d55287d628"}], "c_rack": [{"item_id": "01c334c2-8be7-4847-9110-d90716d702dc", "slot_idx": 0, "item_type_id": "7a187110-ae8d-47d0-ab7d-1e318424284e"}, {"item_id": "6d604ec9-6ba0-4580-8a19-7b2225a45192", "slot_idx": 1, "item_type_id": "7a187110-ae8d-47d0-ab7d-1e318424284e"}, {"item_id": "dbe74e6c-e95a-4ebb-9208-1a3f8a9bdf6c", "slot_idx": 2, "item_type_id": "0d0d134c-2b7d-4888-839a-d043d6aedca6"}]}', false, NULL, '1ae00cd5-1e53-48a9-973c-63021898c6ed', '92d9895d-92fc-4f34-96d2-8909b235f332', true, 'da25ab45-ec69-4340-a048-aa7d01b987b6', 10000, false, 1);
INSERT INTO public.ships (id, universe_systemid, userid, pos_x, pos_y, created, shipname, texture, theta, vel_x, vel_y, shield, armor, hull, fuel, heat, energy, shiptemplateid, dockedat_stationid, fitting, destroyed, destroyedat, cargobay_containerid, fittingbay_containerid, remaxdirty, trash_containerid, wallet, noload, flightexperiencemodifier) VALUES ('68591e88-68ec-46ed-9a18-45c7188c6d89', '5aa036f7-14ed-4273-a5ac-e7457ecabdaa', '4e439231-922d-4046-bb96-756a146ba03c', 0, 0, '2022-07-10 13:51:05.737583-04', 'Nergis Akgün''s Starter Ship', 'Spectre', 0, 0, 0, 785, 760, 537, 246, 0, 606, '62100eb8-a7fb-4241-a157-c6d783cb15d9', '3efc7fb3-6f61-4b06-b2f1-ea7c4529449f', '{"a_rack": [{"item_id": "af189232-f806-4f2c-b27c-0913fb49521a", "slot_idx": 0, "item_type_id": "ba48329e-0ae5-499f-ad0f-abd609ee04b9"}, {"item_id": "78c78196-79dc-4f27-af5b-9be45540b07e", "slot_idx": 1, "item_type_id": "ba48329e-0ae5-499f-ad0f-abd609ee04b9"}, {"item_id": "58f7f161-8e3b-4a4f-83fd-9fc82bc04318", "slot_idx": 2, "item_type_id": "ba48329e-0ae5-499f-ad0f-abd609ee04b9"}, {"item_id": "0c339477-a653-4941-8fec-2ad312675433", "slot_idx": 3, "item_type_id": "37f6f712-427d-4951-a311-c2557f994290"}, {"item_id": "12492f6b-2d94-4447-8a81-4344f1678397", "slot_idx": 4, "item_type_id": "30928542-bd58-404a-ba1c-3286424f17b3"}], "b_rack": [{"item_id": "ec9cb1cc-99d1-473f-a08a-bed2cfcb4221", "slot_idx": 0, "item_type_id": "fef05ee8-1cf9-42d0-97e8-4feadf94a852"}, {"item_id": "c58adf0f-0db6-4f6c-968d-c32588c37f17", "slot_idx": 1, "item_type_id": "aab8ec7b-6031-4f54-9ab4-434ab5e7b47c"}, {"item_id": "aaa16938-9ad5-434c-96b9-2d4878f94f9c", "slot_idx": 2, "item_type_id": "643b06f8-3df2-40d4-abfe-37d55287d628"}], "c_rack": [{"item_id": "02b48bfa-fea5-42dc-a04d-00a6e4053bfc", "slot_idx": 0, "item_type_id": "7a187110-ae8d-47d0-ab7d-1e318424284e"}, {"item_id": "5ffa2093-2af7-4add-8240-38d11f0257bd", "slot_idx": 1, "item_type_id": "7a187110-ae8d-47d0-ab7d-1e318424284e"}, {"item_id": "faf54fdf-0448-4ff4-82d4-9d4adecf9fd4", "slot_idx": 2, "item_type_id": "0d0d134c-2b7d-4888-839a-d043d6aedca6"}]}', false, NULL, 'b6311b93-9e50-4d7e-adcb-4e220061f467', 'f3d88a10-5b74-44de-b597-46077fe67432', true, 'b5a99008-7209-4815-be15-cf876c941d6f', 10000, false, 1);

--   items
INSERT INTO public.items (id, itemtypeid, meta, created, createdby, createdreason, containerid, quantity, ispackaged) VALUES ('05e8bad1-813a-4064-8648-5d8d1166a2be', 'ba48329e-0ae5-499f-ad0f-abd609ee04b9', '{"hp": 22, "rack": "a", "range": 805, "volume": 36, "falloff": "linear", "cooldown": 1.85, "tracking": 217.8, "hull_damage": 460, "armor_damage": 310, "can_mine_gas": false, "can_mine_ice": false, "can_mine_ore": false, "needs_target": true, "shield_damage": 85, "activation_heat": 3.7, "ammunition_name": "Auto-5 Belt", "ammunition_type": "812bddab-db8f-4444-a787-e39e59b92256", "industrialmarket": {"maxprice": 17899, "minprice": 6700, "silosize": 1000}, "activation_energy": 1.7, "ore_mining_volume": 0, "activation_gfx_effect": "small_auto-5_cannon"}', '2022-07-10 13:51:05.528334-04', 'f8eb99f9-5ee5-4441-bfdc-0b4ec25ece18', 'Module for new noob ship for player', 'ffe72727-ef84-4e22-bb62-fbbdafd04548', 1, false);
INSERT INTO public.items (id, itemtypeid, meta, created, createdby, createdreason, containerid, quantity, ispackaged) VALUES ('f759f939-3cb5-4497-9cb8-8e3b3e8f9b43', 'ba48329e-0ae5-499f-ad0f-abd609ee04b9', '{"hp": 22, "rack": "a", "range": 805, "volume": 36, "falloff": "linear", "cooldown": 1.85, "tracking": 217.8, "hull_damage": 460, "armor_damage": 310, "can_mine_gas": false, "can_mine_ice": false, "can_mine_ore": false, "needs_target": true, "shield_damage": 85, "activation_heat": 3.7, "ammunition_name": "Auto-5 Belt", "ammunition_type": "812bddab-db8f-4444-a787-e39e59b92256", "industrialmarket": {"maxprice": 17899, "minprice": 6700, "silosize": 1000}, "activation_energy": 1.7, "ore_mining_volume": 0, "activation_gfx_effect": "small_auto-5_cannon"}', '2022-07-10 13:51:05.530063-04', 'f8eb99f9-5ee5-4441-bfdc-0b4ec25ece18', 'Module for new noob ship for player', 'ffe72727-ef84-4e22-bb62-fbbdafd04548', 1, false);
INSERT INTO public.items (id, itemtypeid, meta, created, createdby, createdreason, containerid, quantity, ispackaged) VALUES ('37c9733a-8d63-476d-925e-d89b61145403', 'ba48329e-0ae5-499f-ad0f-abd609ee04b9', '{"hp": 22, "rack": "a", "range": 805, "volume": 36, "falloff": "linear", "cooldown": 1.85, "tracking": 217.8, "hull_damage": 460, "armor_damage": 310, "can_mine_gas": false, "can_mine_ice": false, "can_mine_ore": false, "needs_target": true, "shield_damage": 85, "activation_heat": 3.7, "ammunition_name": "Auto-5 Belt", "ammunition_type": "812bddab-db8f-4444-a787-e39e59b92256", "industrialmarket": {"maxprice": 17899, "minprice": 6700, "silosize": 1000}, "activation_energy": 1.7, "ore_mining_volume": 0, "activation_gfx_effect": "small_auto-5_cannon"}', '2022-07-10 13:51:05.531467-04', 'f8eb99f9-5ee5-4441-bfdc-0b4ec25ece18', 'Module for new noob ship for player', 'ffe72727-ef84-4e22-bb62-fbbdafd04548', 1, false);
INSERT INTO public.items (id, itemtypeid, meta, created, createdby, createdreason, containerid, quantity, ispackaged) VALUES ('db7416ee-3b0b-4301-92c9-f66584ad2d8d', '37f6f712-427d-4951-a311-c2557f994290', '{"hp": 9, "rack": "a", "volume": 38, "cooldown": 67.9, "activation_heat": 106.7, "industrialmarket": {"maxprice": 16709, "minprice": 8292, "silosize": 1000}, "activation_energy": 910}', '2022-07-10 13:51:05.532902-04', 'f8eb99f9-5ee5-4441-bfdc-0b4ec25ece18', 'Module for new noob ship for player', 'ffe72727-ef84-4e22-bb62-fbbdafd04548', 1, false);
INSERT INTO public.items (id, itemtypeid, meta, created, createdby, createdreason, containerid, quantity, ispackaged) VALUES ('f1af3ac1-8d0c-48e0-8865-9f6a50cef76a', '30928542-bd58-404a-ba1c-3286424f17b3', '{"hp": 23, "rack": "a", "range": 2256, "volume": 37, "falloff": "linear", "cooldown": 8.1, "hull_damage": 0.2, "armor_damage": 0.1, "needs_target": false, "shield_damage": 17.7, "activation_heat": 117, "drag_multiplier": 3.7, "industrialmarket": {"maxprice": 84701, "minprice": 62309, "silosize": 1000}, "activation_energy": 128, "activation_gfx_effect": "small_add_aether", "missile_destruction_chance": 0.08}', '2022-07-10 13:51:05.534331-04', 'f8eb99f9-5ee5-4441-bfdc-0b4ec25ece18', 'Module for new noob ship for player', 'ffe72727-ef84-4e22-bb62-fbbdafd04548', 1, false);
INSERT INTO public.items (id, itemtypeid, meta, created, createdby, createdreason, containerid, quantity, ispackaged) VALUES ('b70fedb2-2772-449b-98af-ec1b742b03b3', 'fef05ee8-1cf9-42d0-97e8-4feadf94a852', '{"hp": 17, "rack": "b", "volume": 25, "cooldown": 8.7, "needs_target": false, "activation_heat": 559, "industrialmarket": {"maxprice": 6298, "minprice": 2357, "silosize": 1000}, "activation_energy": 179}', '2022-07-10 13:51:05.535809-04', 'f8eb99f9-5ee5-4441-bfdc-0b4ec25ece18', 'Module for new noob ship for player', 'ffe72727-ef84-4e22-bb62-fbbdafd04548', 1, false);
INSERT INTO public.items (id, itemtypeid, meta, created, createdby, createdreason, containerid, quantity, ispackaged) VALUES ('6f480864-0657-4387-9cf1-5ea32fecad5f', 'aab8ec7b-6031-4f54-9ab4-434ab5e7b47c', '{"hp": 35, "rack": "b", "volume": 35, "cooldown": 27.5, "needs_target": false, "activation_heat": 490, "industrialmarket": {"maxprice": 7319, "minprice": 4250, "silosize": 1000}, "activation_energy": 385}', '2022-07-10 13:51:05.537238-04', 'f8eb99f9-5ee5-4441-bfdc-0b4ec25ece18', 'Module for new noob ship for player', 'ffe72727-ef84-4e22-bb62-fbbdafd04548', 1, false);
INSERT INTO public.items (id, itemtypeid, meta, created, createdby, createdreason, containerid, quantity, ispackaged) VALUES ('6dc69a09-058e-441e-9358-643235a49d95', '643b06f8-3df2-40d4-abfe-37d55287d628', '{"hp": 13, "rack": "b", "range": 5487, "volume": 33, "falloff": "linear", "cooldown": 21.2, "needs_target": true, "activation_heat": 687, "drag_multiplier": 29.5, "industrialmarket": {"maxprice": 14075, "minprice": 10233, "silosize": 500}, "activation_energy": 760, "activation_gfx_effect": "small_aether_dragger"}', '2022-07-10 13:51:05.538606-04', 'f8eb99f9-5ee5-4441-bfdc-0b4ec25ece18', 'Module for new noob ship for player', 'ffe72727-ef84-4e22-bb62-fbbdafd04548', 1, false);
INSERT INTO public.items (id, itemtypeid, meta, created, createdby, createdreason, containerid, quantity, ispackaged) VALUES ('2cb4e190-8435-467f-bee9-d1fbded9cce4', '7a187110-ae8d-47d0-ab7d-1e318424284e', '{"hp": 15, "rack": "c", "volume": 28, "energy_max_add": 251, "industrialmarket": {"maxprice": 4689, "minprice": 2210, "silosize": 1000}}', '2022-07-10 13:51:05.539969-04', 'f8eb99f9-5ee5-4441-bfdc-0b4ec25ece18', 'Module for new noob ship for player', 'ffe72727-ef84-4e22-bb62-fbbdafd04548', 1, false);
INSERT INTO public.items (id, itemtypeid, meta, created, createdby, createdreason, containerid, quantity, ispackaged) VALUES ('23f76032-22a7-460e-bd7f-0f8f84896d82', '7a187110-ae8d-47d0-ab7d-1e318424284e', '{"hp": 15, "rack": "c", "volume": 28, "energy_max_add": 251, "industrialmarket": {"maxprice": 4689, "minprice": 2210, "silosize": 1000}}', '2022-07-10 13:51:05.541347-04', 'f8eb99f9-5ee5-4441-bfdc-0b4ec25ece18', 'Module for new noob ship for player', 'ffe72727-ef84-4e22-bb62-fbbdafd04548', 1, false);
INSERT INTO public.items (id, itemtypeid, meta, created, createdby, createdreason, containerid, quantity, ispackaged) VALUES ('7a9265a8-1c29-44fc-a27a-40b049709232', '0d0d134c-2b7d-4888-839a-d043d6aedca6', '{"hp": 30, "rack": "c", "volume": 22, "fuel_max_add": 850, "industrialmarket": {"maxprice": 712, "minprice": 314, "silosize": 1000}}', '2022-07-10 13:51:05.542932-04', 'f8eb99f9-5ee5-4441-bfdc-0b4ec25ece18', 'Module for new noob ship for player', 'ffe72727-ef84-4e22-bb62-fbbdafd04548', 1, false);
INSERT INTO public.items (id, itemtypeid, meta, created, createdby, createdreason, containerid, quantity, ispackaged) VALUES ('3ad63ac0-74b9-4f6c-b2a7-58b7c78f76dc', 'ba48329e-0ae5-499f-ad0f-abd609ee04b9', '{"hp": 22, "rack": "a", "range": 805, "volume": 36, "falloff": "linear", "cooldown": 1.85, "tracking": 217.8, "hull_damage": 460, "armor_damage": 310, "can_mine_gas": false, "can_mine_ice": false, "can_mine_ore": false, "needs_target": true, "shield_damage": 85, "activation_heat": 3.7, "ammunition_name": "Auto-5 Belt", "ammunition_type": "812bddab-db8f-4444-a787-e39e59b92256", "industrialmarket": {"maxprice": 17899, "minprice": 6700, "silosize": 1000}, "activation_energy": 1.7, "ore_mining_volume": 0, "activation_gfx_effect": "small_auto-5_cannon"}', '2022-07-10 13:51:05.555136-04', 'd685af83-3647-4faf-98d0-807abb7b117f', 'Module for new noob ship for player', '7ed8ad95-5058-4f10-84fe-1e41940175f6', 1, false);
INSERT INTO public.items (id, itemtypeid, meta, created, createdby, createdreason, containerid, quantity, ispackaged) VALUES ('03d0693a-840e-417b-9a15-6020c99178f6', 'ba48329e-0ae5-499f-ad0f-abd609ee04b9', '{"hp": 22, "rack": "a", "range": 805, "volume": 36, "falloff": "linear", "cooldown": 1.85, "tracking": 217.8, "hull_damage": 460, "armor_damage": 310, "can_mine_gas": false, "can_mine_ice": false, "can_mine_ore": false, "needs_target": true, "shield_damage": 85, "activation_heat": 3.7, "ammunition_name": "Auto-5 Belt", "ammunition_type": "812bddab-db8f-4444-a787-e39e59b92256", "industrialmarket": {"maxprice": 17899, "minprice": 6700, "silosize": 1000}, "activation_energy": 1.7, "ore_mining_volume": 0, "activation_gfx_effect": "small_auto-5_cannon"}', '2022-07-10 13:51:05.556534-04', 'd685af83-3647-4faf-98d0-807abb7b117f', 'Module for new noob ship for player', '7ed8ad95-5058-4f10-84fe-1e41940175f6', 1, false);
INSERT INTO public.items (id, itemtypeid, meta, created, createdby, createdreason, containerid, quantity, ispackaged) VALUES ('031b7707-21e6-41ed-a29d-16388c1b1e46', 'ba48329e-0ae5-499f-ad0f-abd609ee04b9', '{"hp": 22, "rack": "a", "range": 805, "volume": 36, "falloff": "linear", "cooldown": 1.85, "tracking": 217.8, "hull_damage": 460, "armor_damage": 310, "can_mine_gas": false, "can_mine_ice": false, "can_mine_ore": false, "needs_target": true, "shield_damage": 85, "activation_heat": 3.7, "ammunition_name": "Auto-5 Belt", "ammunition_type": "812bddab-db8f-4444-a787-e39e59b92256", "industrialmarket": {"maxprice": 17899, "minprice": 6700, "silosize": 1000}, "activation_energy": 1.7, "ore_mining_volume": 0, "activation_gfx_effect": "small_auto-5_cannon"}', '2022-07-10 13:51:05.557907-04', 'd685af83-3647-4faf-98d0-807abb7b117f', 'Module for new noob ship for player', '7ed8ad95-5058-4f10-84fe-1e41940175f6', 1, false);
INSERT INTO public.items (id, itemtypeid, meta, created, createdby, createdreason, containerid, quantity, ispackaged) VALUES ('856b798f-ed2b-4ecf-b3a4-be45a67f364f', '37f6f712-427d-4951-a311-c2557f994290', '{"hp": 9, "rack": "a", "volume": 38, "cooldown": 67.9, "activation_heat": 106.7, "industrialmarket": {"maxprice": 16709, "minprice": 8292, "silosize": 1000}, "activation_energy": 910}', '2022-07-10 13:51:05.559705-04', 'd685af83-3647-4faf-98d0-807abb7b117f', 'Module for new noob ship for player', '7ed8ad95-5058-4f10-84fe-1e41940175f6', 1, false);
INSERT INTO public.items (id, itemtypeid, meta, created, createdby, createdreason, containerid, quantity, ispackaged) VALUES ('c0abd61c-b062-4b60-9cae-47bdeedc6f69', '30928542-bd58-404a-ba1c-3286424f17b3', '{"hp": 23, "rack": "a", "range": 2256, "volume": 37, "falloff": "linear", "cooldown": 8.1, "hull_damage": 0.2, "armor_damage": 0.1, "needs_target": false, "shield_damage": 17.7, "activation_heat": 117, "drag_multiplier": 3.7, "industrialmarket": {"maxprice": 84701, "minprice": 62309, "silosize": 1000}, "activation_energy": 128, "activation_gfx_effect": "small_add_aether", "missile_destruction_chance": 0.08}', '2022-07-10 13:51:05.561258-04', 'd685af83-3647-4faf-98d0-807abb7b117f', 'Module for new noob ship for player', '7ed8ad95-5058-4f10-84fe-1e41940175f6', 1, false);
INSERT INTO public.items (id, itemtypeid, meta, created, createdby, createdreason, containerid, quantity, ispackaged) VALUES ('eb7b8030-0383-49c4-9341-e6e93f707ce9', 'fef05ee8-1cf9-42d0-97e8-4feadf94a852', '{"hp": 17, "rack": "b", "volume": 25, "cooldown": 8.7, "needs_target": false, "activation_heat": 559, "industrialmarket": {"maxprice": 6298, "minprice": 2357, "silosize": 1000}, "activation_energy": 179}', '2022-07-10 13:51:05.562688-04', 'd685af83-3647-4faf-98d0-807abb7b117f', 'Module for new noob ship for player', '7ed8ad95-5058-4f10-84fe-1e41940175f6', 1, false);
INSERT INTO public.items (id, itemtypeid, meta, created, createdby, createdreason, containerid, quantity, ispackaged) VALUES ('113a46b1-0268-4b0e-86ee-e49b1afbedbe', 'aab8ec7b-6031-4f54-9ab4-434ab5e7b47c', '{"hp": 35, "rack": "b", "volume": 35, "cooldown": 27.5, "needs_target": false, "activation_heat": 490, "industrialmarket": {"maxprice": 7319, "minprice": 4250, "silosize": 1000}, "activation_energy": 385}', '2022-07-10 13:51:05.564013-04', 'd685af83-3647-4faf-98d0-807abb7b117f', 'Module for new noob ship for player', '7ed8ad95-5058-4f10-84fe-1e41940175f6', 1, false);
INSERT INTO public.items (id, itemtypeid, meta, created, createdby, createdreason, containerid, quantity, ispackaged) VALUES ('f1fca986-7ff5-422e-812b-182f5a046884', '643b06f8-3df2-40d4-abfe-37d55287d628', '{"hp": 13, "rack": "b", "range": 5487, "volume": 33, "falloff": "linear", "cooldown": 21.2, "needs_target": true, "activation_heat": 687, "drag_multiplier": 29.5, "industrialmarket": {"maxprice": 14075, "minprice": 10233, "silosize": 500}, "activation_energy": 760, "activation_gfx_effect": "small_aether_dragger"}', '2022-07-10 13:51:05.565312-04', 'd685af83-3647-4faf-98d0-807abb7b117f', 'Module for new noob ship for player', '7ed8ad95-5058-4f10-84fe-1e41940175f6', 1, false);
INSERT INTO public.items (id, itemtypeid, meta, created, createdby, createdreason, containerid, quantity, ispackaged) VALUES ('4bd9059f-eb3d-4279-ad5c-317fa95455f3', '7a187110-ae8d-47d0-ab7d-1e318424284e', '{"hp": 15, "rack": "c", "volume": 28, "energy_max_add": 251, "industrialmarket": {"maxprice": 4689, "minprice": 2210, "silosize": 1000}}', '2022-07-10 13:51:05.566642-04', 'd685af83-3647-4faf-98d0-807abb7b117f', 'Module for new noob ship for player', '7ed8ad95-5058-4f10-84fe-1e41940175f6', 1, false);
INSERT INTO public.items (id, itemtypeid, meta, created, createdby, createdreason, containerid, quantity, ispackaged) VALUES ('dede5e34-83d2-4784-867e-79ddd298d673', '7a187110-ae8d-47d0-ab7d-1e318424284e', '{"hp": 15, "rack": "c", "volume": 28, "energy_max_add": 251, "industrialmarket": {"maxprice": 4689, "minprice": 2210, "silosize": 1000}}', '2022-07-10 13:51:05.56806-04', 'd685af83-3647-4faf-98d0-807abb7b117f', 'Module for new noob ship for player', '7ed8ad95-5058-4f10-84fe-1e41940175f6', 1, false);
INSERT INTO public.items (id, itemtypeid, meta, created, createdby, createdreason, containerid, quantity, ispackaged) VALUES ('8d548572-ce31-44c2-a4f3-589393353c33', '0d0d134c-2b7d-4888-839a-d043d6aedca6', '{"hp": 30, "rack": "c", "volume": 22, "fuel_max_add": 850, "industrialmarket": {"maxprice": 712, "minprice": 314, "silosize": 1000}}', '2022-07-10 13:51:05.569522-04', 'd685af83-3647-4faf-98d0-807abb7b117f', 'Module for new noob ship for player', '7ed8ad95-5058-4f10-84fe-1e41940175f6', 1, false);
INSERT INTO public.items (id, itemtypeid, meta, created, createdby, createdreason, containerid, quantity, ispackaged) VALUES ('e3741c60-a287-466b-9d61-f33004921a3a', 'ba48329e-0ae5-499f-ad0f-abd609ee04b9', '{"hp": 22, "rack": "a", "range": 805, "volume": 36, "falloff": "linear", "cooldown": 1.85, "tracking": 217.8, "hull_damage": 460, "armor_damage": 310, "can_mine_gas": false, "can_mine_ice": false, "can_mine_ore": false, "needs_target": true, "shield_damage": 85, "activation_heat": 3.7, "ammunition_name": "Auto-5 Belt", "ammunition_type": "812bddab-db8f-4444-a787-e39e59b92256", "industrialmarket": {"maxprice": 17899, "minprice": 6700, "silosize": 1000}, "activation_energy": 1.7, "ore_mining_volume": 0, "activation_gfx_effect": "small_auto-5_cannon"}', '2022-07-10 13:51:05.581945-04', 'd852daa8-01b1-4007-935d-d5ba3c592377', 'Module for new noob ship for player', '726040bb-b604-487f-9c6d-ef1ccbaaa6e2', 1, false);
INSERT INTO public.items (id, itemtypeid, meta, created, createdby, createdreason, containerid, quantity, ispackaged) VALUES ('d9e48904-4c9a-42a0-9fab-6eb798ae9664', 'ba48329e-0ae5-499f-ad0f-abd609ee04b9', '{"hp": 22, "rack": "a", "range": 805, "volume": 36, "falloff": "linear", "cooldown": 1.85, "tracking": 217.8, "hull_damage": 460, "armor_damage": 310, "can_mine_gas": false, "can_mine_ice": false, "can_mine_ore": false, "needs_target": true, "shield_damage": 85, "activation_heat": 3.7, "ammunition_name": "Auto-5 Belt", "ammunition_type": "812bddab-db8f-4444-a787-e39e59b92256", "industrialmarket": {"maxprice": 17899, "minprice": 6700, "silosize": 1000}, "activation_energy": 1.7, "ore_mining_volume": 0, "activation_gfx_effect": "small_auto-5_cannon"}', '2022-07-10 13:51:05.583504-04', 'd852daa8-01b1-4007-935d-d5ba3c592377', 'Module for new noob ship for player', '726040bb-b604-487f-9c6d-ef1ccbaaa6e2', 1, false);
INSERT INTO public.items (id, itemtypeid, meta, created, createdby, createdreason, containerid, quantity, ispackaged) VALUES ('75f9974d-17b0-4c11-83d4-7104e4971e21', 'ba48329e-0ae5-499f-ad0f-abd609ee04b9', '{"hp": 22, "rack": "a", "range": 805, "volume": 36, "falloff": "linear", "cooldown": 1.85, "tracking": 217.8, "hull_damage": 460, "armor_damage": 310, "can_mine_gas": false, "can_mine_ice": false, "can_mine_ore": false, "needs_target": true, "shield_damage": 85, "activation_heat": 3.7, "ammunition_name": "Auto-5 Belt", "ammunition_type": "812bddab-db8f-4444-a787-e39e59b92256", "industrialmarket": {"maxprice": 17899, "minprice": 6700, "silosize": 1000}, "activation_energy": 1.7, "ore_mining_volume": 0, "activation_gfx_effect": "small_auto-5_cannon"}', '2022-07-10 13:51:05.584935-04', 'd852daa8-01b1-4007-935d-d5ba3c592377', 'Module for new noob ship for player', '726040bb-b604-487f-9c6d-ef1ccbaaa6e2', 1, false);
INSERT INTO public.items (id, itemtypeid, meta, created, createdby, createdreason, containerid, quantity, ispackaged) VALUES ('016a4a81-14a3-4fb5-a48f-2bf9f3cb0047', '37f6f712-427d-4951-a311-c2557f994290', '{"hp": 9, "rack": "a", "volume": 38, "cooldown": 67.9, "activation_heat": 106.7, "industrialmarket": {"maxprice": 16709, "minprice": 8292, "silosize": 1000}, "activation_energy": 910}', '2022-07-10 13:51:05.586407-04', 'd852daa8-01b1-4007-935d-d5ba3c592377', 'Module for new noob ship for player', '726040bb-b604-487f-9c6d-ef1ccbaaa6e2', 1, false);
INSERT INTO public.items (id, itemtypeid, meta, created, createdby, createdreason, containerid, quantity, ispackaged) VALUES ('1117cfb9-6c78-4379-bdb7-5dedae9e4bb2', '30928542-bd58-404a-ba1c-3286424f17b3', '{"hp": 23, "rack": "a", "range": 2256, "volume": 37, "falloff": "linear", "cooldown": 8.1, "hull_damage": 0.2, "armor_damage": 0.1, "needs_target": false, "shield_damage": 17.7, "activation_heat": 117, "drag_multiplier": 3.7, "industrialmarket": {"maxprice": 84701, "minprice": 62309, "silosize": 1000}, "activation_energy": 128, "activation_gfx_effect": "small_add_aether", "missile_destruction_chance": 0.08}', '2022-07-10 13:51:05.587853-04', 'd852daa8-01b1-4007-935d-d5ba3c592377', 'Module for new noob ship for player', '726040bb-b604-487f-9c6d-ef1ccbaaa6e2', 1, false);
INSERT INTO public.items (id, itemtypeid, meta, created, createdby, createdreason, containerid, quantity, ispackaged) VALUES ('0491aba7-ec1e-4726-9aac-c16c5442be0c', 'fef05ee8-1cf9-42d0-97e8-4feadf94a852', '{"hp": 17, "rack": "b", "volume": 25, "cooldown": 8.7, "needs_target": false, "activation_heat": 559, "industrialmarket": {"maxprice": 6298, "minprice": 2357, "silosize": 1000}, "activation_energy": 179}', '2022-07-10 13:51:05.589183-04', 'd852daa8-01b1-4007-935d-d5ba3c592377', 'Module for new noob ship for player', '726040bb-b604-487f-9c6d-ef1ccbaaa6e2', 1, false);
INSERT INTO public.items (id, itemtypeid, meta, created, createdby, createdreason, containerid, quantity, ispackaged) VALUES ('a803a850-c3c7-4ac3-82b8-4bfb4d519552', 'aab8ec7b-6031-4f54-9ab4-434ab5e7b47c', '{"hp": 35, "rack": "b", "volume": 35, "cooldown": 27.5, "needs_target": false, "activation_heat": 490, "industrialmarket": {"maxprice": 7319, "minprice": 4250, "silosize": 1000}, "activation_energy": 385}', '2022-07-10 13:51:05.590567-04', 'd852daa8-01b1-4007-935d-d5ba3c592377', 'Module for new noob ship for player', '726040bb-b604-487f-9c6d-ef1ccbaaa6e2', 1, false);
INSERT INTO public.items (id, itemtypeid, meta, created, createdby, createdreason, containerid, quantity, ispackaged) VALUES ('dd14eb52-b3aa-4481-83e4-5f8b50181465', '643b06f8-3df2-40d4-abfe-37d55287d628', '{"hp": 13, "rack": "b", "range": 5487, "volume": 33, "falloff": "linear", "cooldown": 21.2, "needs_target": true, "activation_heat": 687, "drag_multiplier": 29.5, "industrialmarket": {"maxprice": 14075, "minprice": 10233, "silosize": 500}, "activation_energy": 760, "activation_gfx_effect": "small_aether_dragger"}', '2022-07-10 13:51:05.59194-04', 'd852daa8-01b1-4007-935d-d5ba3c592377', 'Module for new noob ship for player', '726040bb-b604-487f-9c6d-ef1ccbaaa6e2', 1, false);
INSERT INTO public.items (id, itemtypeid, meta, created, createdby, createdreason, containerid, quantity, ispackaged) VALUES ('0fa41503-81db-4437-a03a-abac8147be67', '7a187110-ae8d-47d0-ab7d-1e318424284e', '{"hp": 15, "rack": "c", "volume": 28, "energy_max_add": 251, "industrialmarket": {"maxprice": 4689, "minprice": 2210, "silosize": 1000}}', '2022-07-10 13:51:05.593624-04', 'd852daa8-01b1-4007-935d-d5ba3c592377', 'Module for new noob ship for player', '726040bb-b604-487f-9c6d-ef1ccbaaa6e2', 1, false);
INSERT INTO public.items (id, itemtypeid, meta, created, createdby, createdreason, containerid, quantity, ispackaged) VALUES ('5666bcc4-a011-426c-bf6a-d3f2b072e349', '7a187110-ae8d-47d0-ab7d-1e318424284e', '{"hp": 15, "rack": "c", "volume": 28, "energy_max_add": 251, "industrialmarket": {"maxprice": 4689, "minprice": 2210, "silosize": 1000}}', '2022-07-10 13:51:05.595188-04', 'd852daa8-01b1-4007-935d-d5ba3c592377', 'Module for new noob ship for player', '726040bb-b604-487f-9c6d-ef1ccbaaa6e2', 1, false);
INSERT INTO public.items (id, itemtypeid, meta, created, createdby, createdreason, containerid, quantity, ispackaged) VALUES ('3ffb0b6e-1f7b-4d07-8352-aa6b89206cf6', '0d0d134c-2b7d-4888-839a-d043d6aedca6', '{"hp": 30, "rack": "c", "volume": 22, "fuel_max_add": 850, "industrialmarket": {"maxprice": 712, "minprice": 314, "silosize": 1000}}', '2022-07-10 13:51:05.596634-04', 'd852daa8-01b1-4007-935d-d5ba3c592377', 'Module for new noob ship for player', '726040bb-b604-487f-9c6d-ef1ccbaaa6e2', 1, false);
INSERT INTO public.items (id, itemtypeid, meta, created, createdby, createdreason, containerid, quantity, ispackaged) VALUES ('1d9b565d-8bee-4dce-bbf0-d26ee0dbcef4', 'ba48329e-0ae5-499f-ad0f-abd609ee04b9', '{"hp": 22, "rack": "a", "range": 805, "volume": 36, "falloff": "linear", "cooldown": 1.85, "tracking": 217.8, "hull_damage": 460, "armor_damage": 310, "can_mine_gas": false, "can_mine_ice": false, "can_mine_ore": false, "needs_target": true, "shield_damage": 85, "activation_heat": 3.7, "ammunition_name": "Auto-5 Belt", "ammunition_type": "812bddab-db8f-4444-a787-e39e59b92256", "industrialmarket": {"maxprice": 17899, "minprice": 6700, "silosize": 1000}, "activation_energy": 1.7, "ore_mining_volume": 0, "activation_gfx_effect": "small_auto-5_cannon"}', '2022-07-10 13:51:05.608116-04', 'cf8afc4c-41e4-4db8-bc05-89ca5cfbf5ff', 'Module for new noob ship for player', 'a8dbd6fb-9f6d-43bf-b9d1-7abd2bb27577', 1, false);
INSERT INTO public.items (id, itemtypeid, meta, created, createdby, createdreason, containerid, quantity, ispackaged) VALUES ('1f05ae56-740e-4082-8f85-3d2b8ee499b0', 'ba48329e-0ae5-499f-ad0f-abd609ee04b9', '{"hp": 22, "rack": "a", "range": 805, "volume": 36, "falloff": "linear", "cooldown": 1.85, "tracking": 217.8, "hull_damage": 460, "armor_damage": 310, "can_mine_gas": false, "can_mine_ice": false, "can_mine_ore": false, "needs_target": true, "shield_damage": 85, "activation_heat": 3.7, "ammunition_name": "Auto-5 Belt", "ammunition_type": "812bddab-db8f-4444-a787-e39e59b92256", "industrialmarket": {"maxprice": 17899, "minprice": 6700, "silosize": 1000}, "activation_energy": 1.7, "ore_mining_volume": 0, "activation_gfx_effect": "small_auto-5_cannon"}', '2022-07-10 13:51:05.609844-04', 'cf8afc4c-41e4-4db8-bc05-89ca5cfbf5ff', 'Module for new noob ship for player', 'a8dbd6fb-9f6d-43bf-b9d1-7abd2bb27577', 1, false);
INSERT INTO public.items (id, itemtypeid, meta, created, createdby, createdreason, containerid, quantity, ispackaged) VALUES ('33060a80-57e4-488e-aedc-e911968afb88', 'ba48329e-0ae5-499f-ad0f-abd609ee04b9', '{"hp": 22, "rack": "a", "range": 805, "volume": 36, "falloff": "linear", "cooldown": 1.85, "tracking": 217.8, "hull_damage": 460, "armor_damage": 310, "can_mine_gas": false, "can_mine_ice": false, "can_mine_ore": false, "needs_target": true, "shield_damage": 85, "activation_heat": 3.7, "ammunition_name": "Auto-5 Belt", "ammunition_type": "812bddab-db8f-4444-a787-e39e59b92256", "industrialmarket": {"maxprice": 17899, "minprice": 6700, "silosize": 1000}, "activation_energy": 1.7, "ore_mining_volume": 0, "activation_gfx_effect": "small_auto-5_cannon"}', '2022-07-10 13:51:05.611388-04', 'cf8afc4c-41e4-4db8-bc05-89ca5cfbf5ff', 'Module for new noob ship for player', 'a8dbd6fb-9f6d-43bf-b9d1-7abd2bb27577', 1, false);
INSERT INTO public.items (id, itemtypeid, meta, created, createdby, createdreason, containerid, quantity, ispackaged) VALUES ('d6324842-e6cb-40c8-8daa-fe971b8391a1', '37f6f712-427d-4951-a311-c2557f994290', '{"hp": 9, "rack": "a", "volume": 38, "cooldown": 67.9, "activation_heat": 106.7, "industrialmarket": {"maxprice": 16709, "minprice": 8292, "silosize": 1000}, "activation_energy": 910}', '2022-07-10 13:51:05.612829-04', 'cf8afc4c-41e4-4db8-bc05-89ca5cfbf5ff', 'Module for new noob ship for player', 'a8dbd6fb-9f6d-43bf-b9d1-7abd2bb27577', 1, false);
INSERT INTO public.items (id, itemtypeid, meta, created, createdby, createdreason, containerid, quantity, ispackaged) VALUES ('971cb1bb-e7d7-4f72-80e4-8187d187ee40', '30928542-bd58-404a-ba1c-3286424f17b3', '{"hp": 23, "rack": "a", "range": 2256, "volume": 37, "falloff": "linear", "cooldown": 8.1, "hull_damage": 0.2, "armor_damage": 0.1, "needs_target": false, "shield_damage": 17.7, "activation_heat": 117, "drag_multiplier": 3.7, "industrialmarket": {"maxprice": 84701, "minprice": 62309, "silosize": 1000}, "activation_energy": 128, "activation_gfx_effect": "small_add_aether", "missile_destruction_chance": 0.08}', '2022-07-10 13:51:05.614246-04', 'cf8afc4c-41e4-4db8-bc05-89ca5cfbf5ff', 'Module for new noob ship for player', 'a8dbd6fb-9f6d-43bf-b9d1-7abd2bb27577', 1, false);
INSERT INTO public.items (id, itemtypeid, meta, created, createdby, createdreason, containerid, quantity, ispackaged) VALUES ('c22c7929-fcbc-43b1-8dce-29c5edf46389', 'fef05ee8-1cf9-42d0-97e8-4feadf94a852', '{"hp": 17, "rack": "b", "volume": 25, "cooldown": 8.7, "needs_target": false, "activation_heat": 559, "industrialmarket": {"maxprice": 6298, "minprice": 2357, "silosize": 1000}, "activation_energy": 179}', '2022-07-10 13:51:05.615817-04', 'cf8afc4c-41e4-4db8-bc05-89ca5cfbf5ff', 'Module for new noob ship for player', 'a8dbd6fb-9f6d-43bf-b9d1-7abd2bb27577', 1, false);
INSERT INTO public.items (id, itemtypeid, meta, created, createdby, createdreason, containerid, quantity, ispackaged) VALUES ('4f2d4c92-aae6-4bbb-93d0-ec4f0b8d4483', 'aab8ec7b-6031-4f54-9ab4-434ab5e7b47c', '{"hp": 35, "rack": "b", "volume": 35, "cooldown": 27.5, "needs_target": false, "activation_heat": 490, "industrialmarket": {"maxprice": 7319, "minprice": 4250, "silosize": 1000}, "activation_energy": 385}', '2022-07-10 13:51:05.617206-04', 'cf8afc4c-41e4-4db8-bc05-89ca5cfbf5ff', 'Module for new noob ship for player', 'a8dbd6fb-9f6d-43bf-b9d1-7abd2bb27577', 1, false);
INSERT INTO public.items (id, itemtypeid, meta, created, createdby, createdreason, containerid, quantity, ispackaged) VALUES ('fbdafef3-3eef-40e0-935e-f35217de4b20', '643b06f8-3df2-40d4-abfe-37d55287d628', '{"hp": 13, "rack": "b", "range": 5487, "volume": 33, "falloff": "linear", "cooldown": 21.2, "needs_target": true, "activation_heat": 687, "drag_multiplier": 29.5, "industrialmarket": {"maxprice": 14075, "minprice": 10233, "silosize": 500}, "activation_energy": 760, "activation_gfx_effect": "small_aether_dragger"}', '2022-07-10 13:51:05.618652-04', 'cf8afc4c-41e4-4db8-bc05-89ca5cfbf5ff', 'Module for new noob ship for player', 'a8dbd6fb-9f6d-43bf-b9d1-7abd2bb27577', 1, false);
INSERT INTO public.items (id, itemtypeid, meta, created, createdby, createdreason, containerid, quantity, ispackaged) VALUES ('229d32f6-16c5-48f8-acca-c785dc3c3266', '7a187110-ae8d-47d0-ab7d-1e318424284e', '{"hp": 15, "rack": "c", "volume": 28, "energy_max_add": 251, "industrialmarket": {"maxprice": 4689, "minprice": 2210, "silosize": 1000}}', '2022-07-10 13:51:05.620154-04', 'cf8afc4c-41e4-4db8-bc05-89ca5cfbf5ff', 'Module for new noob ship for player', 'a8dbd6fb-9f6d-43bf-b9d1-7abd2bb27577', 1, false);
INSERT INTO public.items (id, itemtypeid, meta, created, createdby, createdreason, containerid, quantity, ispackaged) VALUES ('ce88c43a-af4d-47fd-94c6-383e2e4f3547', '7a187110-ae8d-47d0-ab7d-1e318424284e', '{"hp": 15, "rack": "c", "volume": 28, "energy_max_add": 251, "industrialmarket": {"maxprice": 4689, "minprice": 2210, "silosize": 1000}}', '2022-07-10 13:51:05.621487-04', 'cf8afc4c-41e4-4db8-bc05-89ca5cfbf5ff', 'Module for new noob ship for player', 'a8dbd6fb-9f6d-43bf-b9d1-7abd2bb27577', 1, false);
INSERT INTO public.items (id, itemtypeid, meta, created, createdby, createdreason, containerid, quantity, ispackaged) VALUES ('cdfae0ae-b125-4bd3-96b9-6ea775b49166', '0d0d134c-2b7d-4888-839a-d043d6aedca6', '{"hp": 30, "rack": "c", "volume": 22, "fuel_max_add": 850, "industrialmarket": {"maxprice": 712, "minprice": 314, "silosize": 1000}}', '2022-07-10 13:51:05.622924-04', 'cf8afc4c-41e4-4db8-bc05-89ca5cfbf5ff', 'Module for new noob ship for player', 'a8dbd6fb-9f6d-43bf-b9d1-7abd2bb27577', 1, false);
INSERT INTO public.items (id, itemtypeid, meta, created, createdby, createdreason, containerid, quantity, ispackaged) VALUES ('f6b8f29a-d65d-42d8-84b4-c96cc2187f88', 'ba48329e-0ae5-499f-ad0f-abd609ee04b9', '{"hp": 22, "rack": "a", "range": 805, "volume": 36, "falloff": "linear", "cooldown": 1.85, "tracking": 217.8, "hull_damage": 460, "armor_damage": 310, "can_mine_gas": false, "can_mine_ice": false, "can_mine_ore": false, "needs_target": true, "shield_damage": 85, "activation_heat": 3.7, "ammunition_name": "Auto-5 Belt", "ammunition_type": "812bddab-db8f-4444-a787-e39e59b92256", "industrialmarket": {"maxprice": 17899, "minprice": 6700, "silosize": 1000}, "activation_energy": 1.7, "ore_mining_volume": 0, "activation_gfx_effect": "small_auto-5_cannon"}', '2022-07-10 13:51:05.635332-04', '8d074735-8171-482e-94dd-303b975e3bef', 'Module for new noob ship for player', 'e23f3d4f-76a2-4262-b7cf-6859a403dc06', 1, false);
INSERT INTO public.items (id, itemtypeid, meta, created, createdby, createdreason, containerid, quantity, ispackaged) VALUES ('4d80ea7b-b96a-455c-b8f0-16fd6829fff7', 'ba48329e-0ae5-499f-ad0f-abd609ee04b9', '{"hp": 22, "rack": "a", "range": 805, "volume": 36, "falloff": "linear", "cooldown": 1.85, "tracking": 217.8, "hull_damage": 460, "armor_damage": 310, "can_mine_gas": false, "can_mine_ice": false, "can_mine_ore": false, "needs_target": true, "shield_damage": 85, "activation_heat": 3.7, "ammunition_name": "Auto-5 Belt", "ammunition_type": "812bddab-db8f-4444-a787-e39e59b92256", "industrialmarket": {"maxprice": 17899, "minprice": 6700, "silosize": 1000}, "activation_energy": 1.7, "ore_mining_volume": 0, "activation_gfx_effect": "small_auto-5_cannon"}', '2022-07-10 13:51:05.636799-04', '8d074735-8171-482e-94dd-303b975e3bef', 'Module for new noob ship for player', 'e23f3d4f-76a2-4262-b7cf-6859a403dc06', 1, false);
INSERT INTO public.items (id, itemtypeid, meta, created, createdby, createdreason, containerid, quantity, ispackaged) VALUES ('a99e0824-b800-46f7-91b6-aa8e266248bd', 'ba48329e-0ae5-499f-ad0f-abd609ee04b9', '{"hp": 22, "rack": "a", "range": 805, "volume": 36, "falloff": "linear", "cooldown": 1.85, "tracking": 217.8, "hull_damage": 460, "armor_damage": 310, "can_mine_gas": false, "can_mine_ice": false, "can_mine_ore": false, "needs_target": true, "shield_damage": 85, "activation_heat": 3.7, "ammunition_name": "Auto-5 Belt", "ammunition_type": "812bddab-db8f-4444-a787-e39e59b92256", "industrialmarket": {"maxprice": 17899, "minprice": 6700, "silosize": 1000}, "activation_energy": 1.7, "ore_mining_volume": 0, "activation_gfx_effect": "small_auto-5_cannon"}', '2022-07-10 13:51:05.638226-04', '8d074735-8171-482e-94dd-303b975e3bef', 'Module for new noob ship for player', 'e23f3d4f-76a2-4262-b7cf-6859a403dc06', 1, false);
INSERT INTO public.items (id, itemtypeid, meta, created, createdby, createdreason, containerid, quantity, ispackaged) VALUES ('7a5c7ddd-ac00-4c6d-a266-131e832537d6', '37f6f712-427d-4951-a311-c2557f994290', '{"hp": 9, "rack": "a", "volume": 38, "cooldown": 67.9, "activation_heat": 106.7, "industrialmarket": {"maxprice": 16709, "minprice": 8292, "silosize": 1000}, "activation_energy": 910}', '2022-07-10 13:51:05.639758-04', '8d074735-8171-482e-94dd-303b975e3bef', 'Module for new noob ship for player', 'e23f3d4f-76a2-4262-b7cf-6859a403dc06', 1, false);
INSERT INTO public.items (id, itemtypeid, meta, created, createdby, createdreason, containerid, quantity, ispackaged) VALUES ('4ed7ed66-6847-4d8c-9f90-cfd0d54fc4eb', '30928542-bd58-404a-ba1c-3286424f17b3', '{"hp": 23, "rack": "a", "range": 2256, "volume": 37, "falloff": "linear", "cooldown": 8.1, "hull_damage": 0.2, "armor_damage": 0.1, "needs_target": false, "shield_damage": 17.7, "activation_heat": 117, "drag_multiplier": 3.7, "industrialmarket": {"maxprice": 84701, "minprice": 62309, "silosize": 1000}, "activation_energy": 128, "activation_gfx_effect": "small_add_aether", "missile_destruction_chance": 0.08}', '2022-07-10 13:51:05.641326-04', '8d074735-8171-482e-94dd-303b975e3bef', 'Module for new noob ship for player', 'e23f3d4f-76a2-4262-b7cf-6859a403dc06', 1, false);
INSERT INTO public.items (id, itemtypeid, meta, created, createdby, createdreason, containerid, quantity, ispackaged) VALUES ('f914177b-95d2-4b89-9394-538155bd8e7c', 'fef05ee8-1cf9-42d0-97e8-4feadf94a852', '{"hp": 17, "rack": "b", "volume": 25, "cooldown": 8.7, "needs_target": false, "activation_heat": 559, "industrialmarket": {"maxprice": 6298, "minprice": 2357, "silosize": 1000}, "activation_energy": 179}', '2022-07-10 13:51:05.643011-04', '8d074735-8171-482e-94dd-303b975e3bef', 'Module for new noob ship for player', 'e23f3d4f-76a2-4262-b7cf-6859a403dc06', 1, false);
INSERT INTO public.items (id, itemtypeid, meta, created, createdby, createdreason, containerid, quantity, ispackaged) VALUES ('4caec296-c972-42fb-8561-58e56b6d7bfb', 'aab8ec7b-6031-4f54-9ab4-434ab5e7b47c', '{"hp": 35, "rack": "b", "volume": 35, "cooldown": 27.5, "needs_target": false, "activation_heat": 490, "industrialmarket": {"maxprice": 7319, "minprice": 4250, "silosize": 1000}, "activation_energy": 385}', '2022-07-10 13:51:05.644502-04', '8d074735-8171-482e-94dd-303b975e3bef', 'Module for new noob ship for player', 'e23f3d4f-76a2-4262-b7cf-6859a403dc06', 1, false);
INSERT INTO public.items (id, itemtypeid, meta, created, createdby, createdreason, containerid, quantity, ispackaged) VALUES ('e8aa8889-8be0-4208-a974-a8941d4017ac', '643b06f8-3df2-40d4-abfe-37d55287d628', '{"hp": 13, "rack": "b", "range": 5487, "volume": 33, "falloff": "linear", "cooldown": 21.2, "needs_target": true, "activation_heat": 687, "drag_multiplier": 29.5, "industrialmarket": {"maxprice": 14075, "minprice": 10233, "silosize": 500}, "activation_energy": 760, "activation_gfx_effect": "small_aether_dragger"}', '2022-07-10 13:51:05.645944-04', '8d074735-8171-482e-94dd-303b975e3bef', 'Module for new noob ship for player', 'e23f3d4f-76a2-4262-b7cf-6859a403dc06', 1, false);
INSERT INTO public.items (id, itemtypeid, meta, created, createdby, createdreason, containerid, quantity, ispackaged) VALUES ('bf62bd06-e1fe-4071-bf79-69eb07cc1485', '7a187110-ae8d-47d0-ab7d-1e318424284e', '{"hp": 15, "rack": "c", "volume": 28, "energy_max_add": 251, "industrialmarket": {"maxprice": 4689, "minprice": 2210, "silosize": 1000}}', '2022-07-10 13:51:05.647386-04', '8d074735-8171-482e-94dd-303b975e3bef', 'Module for new noob ship for player', 'e23f3d4f-76a2-4262-b7cf-6859a403dc06', 1, false);
INSERT INTO public.items (id, itemtypeid, meta, created, createdby, createdreason, containerid, quantity, ispackaged) VALUES ('06fb421a-d4b8-41d2-a8f9-6bd6969b1d3e', '7a187110-ae8d-47d0-ab7d-1e318424284e', '{"hp": 15, "rack": "c", "volume": 28, "energy_max_add": 251, "industrialmarket": {"maxprice": 4689, "minprice": 2210, "silosize": 1000}}', '2022-07-10 13:51:05.64887-04', '8d074735-8171-482e-94dd-303b975e3bef', 'Module for new noob ship for player', 'e23f3d4f-76a2-4262-b7cf-6859a403dc06', 1, false);
INSERT INTO public.items (id, itemtypeid, meta, created, createdby, createdreason, containerid, quantity, ispackaged) VALUES ('3c37960b-71f8-4509-9aaa-762b7bbe73d4', '0d0d134c-2b7d-4888-839a-d043d6aedca6', '{"hp": 30, "rack": "c", "volume": 22, "fuel_max_add": 850, "industrialmarket": {"maxprice": 712, "minprice": 314, "silosize": 1000}}', '2022-07-10 13:51:05.650284-04', '8d074735-8171-482e-94dd-303b975e3bef', 'Module for new noob ship for player', 'e23f3d4f-76a2-4262-b7cf-6859a403dc06', 1, false);
INSERT INTO public.items (id, itemtypeid, meta, created, createdby, createdreason, containerid, quantity, ispackaged) VALUES ('62e92b49-aa6d-4867-b8f7-e8b5bbdba61c', 'ba48329e-0ae5-499f-ad0f-abd609ee04b9', '{"hp": 22, "rack": "a", "range": 805, "volume": 36, "falloff": "linear", "cooldown": 1.85, "tracking": 217.8, "hull_damage": 460, "armor_damage": 310, "can_mine_gas": false, "can_mine_ice": false, "can_mine_ore": false, "needs_target": true, "shield_damage": 85, "activation_heat": 3.7, "ammunition_name": "Auto-5 Belt", "ammunition_type": "812bddab-db8f-4444-a787-e39e59b92256", "industrialmarket": {"maxprice": 17899, "minprice": 6700, "silosize": 1000}, "activation_energy": 1.7, "ore_mining_volume": 0, "activation_gfx_effect": "small_auto-5_cannon"}', '2022-07-10 13:51:05.662493-04', 'cb31a370-add8-4ad7-9490-27472933a6c6', 'Module for new noob ship for player', '922d0632-7e28-4e93-89cd-1c78f2b91bab', 1, false);
INSERT INTO public.items (id, itemtypeid, meta, created, createdby, createdreason, containerid, quantity, ispackaged) VALUES ('52dce7fd-6110-4fcd-9445-b62b814fb23a', 'ba48329e-0ae5-499f-ad0f-abd609ee04b9', '{"hp": 22, "rack": "a", "range": 805, "volume": 36, "falloff": "linear", "cooldown": 1.85, "tracking": 217.8, "hull_damage": 460, "armor_damage": 310, "can_mine_gas": false, "can_mine_ice": false, "can_mine_ore": false, "needs_target": true, "shield_damage": 85, "activation_heat": 3.7, "ammunition_name": "Auto-5 Belt", "ammunition_type": "812bddab-db8f-4444-a787-e39e59b92256", "industrialmarket": {"maxprice": 17899, "minprice": 6700, "silosize": 1000}, "activation_energy": 1.7, "ore_mining_volume": 0, "activation_gfx_effect": "small_auto-5_cannon"}', '2022-07-10 13:51:05.663994-04', 'cb31a370-add8-4ad7-9490-27472933a6c6', 'Module for new noob ship for player', '922d0632-7e28-4e93-89cd-1c78f2b91bab', 1, false);
INSERT INTO public.items (id, itemtypeid, meta, created, createdby, createdreason, containerid, quantity, ispackaged) VALUES ('c5ae86a5-01a8-4989-9f65-0eaabd63e006', 'ba48329e-0ae5-499f-ad0f-abd609ee04b9', '{"hp": 22, "rack": "a", "range": 805, "volume": 36, "falloff": "linear", "cooldown": 1.85, "tracking": 217.8, "hull_damage": 460, "armor_damage": 310, "can_mine_gas": false, "can_mine_ice": false, "can_mine_ore": false, "needs_target": true, "shield_damage": 85, "activation_heat": 3.7, "ammunition_name": "Auto-5 Belt", "ammunition_type": "812bddab-db8f-4444-a787-e39e59b92256", "industrialmarket": {"maxprice": 17899, "minprice": 6700, "silosize": 1000}, "activation_energy": 1.7, "ore_mining_volume": 0, "activation_gfx_effect": "small_auto-5_cannon"}', '2022-07-10 13:51:05.665572-04', 'cb31a370-add8-4ad7-9490-27472933a6c6', 'Module for new noob ship for player', '922d0632-7e28-4e93-89cd-1c78f2b91bab', 1, false);
INSERT INTO public.items (id, itemtypeid, meta, created, createdby, createdreason, containerid, quantity, ispackaged) VALUES ('fb9db910-ef7f-41b3-bcca-bcd84a8200b2', '37f6f712-427d-4951-a311-c2557f994290', '{"hp": 9, "rack": "a", "volume": 38, "cooldown": 67.9, "activation_heat": 106.7, "industrialmarket": {"maxprice": 16709, "minprice": 8292, "silosize": 1000}, "activation_energy": 910}', '2022-07-10 13:51:05.667017-04', 'cb31a370-add8-4ad7-9490-27472933a6c6', 'Module for new noob ship for player', '922d0632-7e28-4e93-89cd-1c78f2b91bab', 1, false);
INSERT INTO public.items (id, itemtypeid, meta, created, createdby, createdreason, containerid, quantity, ispackaged) VALUES ('a95d8bd5-b4c8-420a-b0b2-0aee0f2a693e', '30928542-bd58-404a-ba1c-3286424f17b3', '{"hp": 23, "rack": "a", "range": 2256, "volume": 37, "falloff": "linear", "cooldown": 8.1, "hull_damage": 0.2, "armor_damage": 0.1, "needs_target": false, "shield_damage": 17.7, "activation_heat": 117, "drag_multiplier": 3.7, "industrialmarket": {"maxprice": 84701, "minprice": 62309, "silosize": 1000}, "activation_energy": 128, "activation_gfx_effect": "small_add_aether", "missile_destruction_chance": 0.08}', '2022-07-10 13:51:05.66843-04', 'cb31a370-add8-4ad7-9490-27472933a6c6', 'Module for new noob ship for player', '922d0632-7e28-4e93-89cd-1c78f2b91bab', 1, false);
INSERT INTO public.items (id, itemtypeid, meta, created, createdby, createdreason, containerid, quantity, ispackaged) VALUES ('0851e88e-0285-47d5-8550-5768e81f5e5a', 'fef05ee8-1cf9-42d0-97e8-4feadf94a852', '{"hp": 17, "rack": "b", "volume": 25, "cooldown": 8.7, "needs_target": false, "activation_heat": 559, "industrialmarket": {"maxprice": 6298, "minprice": 2357, "silosize": 1000}, "activation_energy": 179}', '2022-07-10 13:51:05.669909-04', 'cb31a370-add8-4ad7-9490-27472933a6c6', 'Module for new noob ship for player', '922d0632-7e28-4e93-89cd-1c78f2b91bab', 1, false);
INSERT INTO public.items (id, itemtypeid, meta, created, createdby, createdreason, containerid, quantity, ispackaged) VALUES ('649d0345-9c4c-4004-bb47-f80a5c91dfda', 'aab8ec7b-6031-4f54-9ab4-434ab5e7b47c', '{"hp": 35, "rack": "b", "volume": 35, "cooldown": 27.5, "needs_target": false, "activation_heat": 490, "industrialmarket": {"maxprice": 7319, "minprice": 4250, "silosize": 1000}, "activation_energy": 385}', '2022-07-10 13:51:05.671356-04', 'cb31a370-add8-4ad7-9490-27472933a6c6', 'Module for new noob ship for player', '922d0632-7e28-4e93-89cd-1c78f2b91bab', 1, false);
INSERT INTO public.items (id, itemtypeid, meta, created, createdby, createdreason, containerid, quantity, ispackaged) VALUES ('f4e16846-8f6b-43bc-9de3-e6a000dace94', '643b06f8-3df2-40d4-abfe-37d55287d628', '{"hp": 13, "rack": "b", "range": 5487, "volume": 33, "falloff": "linear", "cooldown": 21.2, "needs_target": true, "activation_heat": 687, "drag_multiplier": 29.5, "industrialmarket": {"maxprice": 14075, "minprice": 10233, "silosize": 500}, "activation_energy": 760, "activation_gfx_effect": "small_aether_dragger"}', '2022-07-10 13:51:05.672786-04', 'cb31a370-add8-4ad7-9490-27472933a6c6', 'Module for new noob ship for player', '922d0632-7e28-4e93-89cd-1c78f2b91bab', 1, false);
INSERT INTO public.items (id, itemtypeid, meta, created, createdby, createdreason, containerid, quantity, ispackaged) VALUES ('23774628-5b93-4fae-9599-12aa986b1b8e', '7a187110-ae8d-47d0-ab7d-1e318424284e', '{"hp": 15, "rack": "c", "volume": 28, "energy_max_add": 251, "industrialmarket": {"maxprice": 4689, "minprice": 2210, "silosize": 1000}}', '2022-07-10 13:51:05.674227-04', 'cb31a370-add8-4ad7-9490-27472933a6c6', 'Module for new noob ship for player', '922d0632-7e28-4e93-89cd-1c78f2b91bab', 1, false);
INSERT INTO public.items (id, itemtypeid, meta, created, createdby, createdreason, containerid, quantity, ispackaged) VALUES ('5292bc61-119c-4307-ae92-8fd5bea7485b', '7a187110-ae8d-47d0-ab7d-1e318424284e', '{"hp": 15, "rack": "c", "volume": 28, "energy_max_add": 251, "industrialmarket": {"maxprice": 4689, "minprice": 2210, "silosize": 1000}}', '2022-07-10 13:51:05.675685-04', 'cb31a370-add8-4ad7-9490-27472933a6c6', 'Module for new noob ship for player', '922d0632-7e28-4e93-89cd-1c78f2b91bab', 1, false);
INSERT INTO public.items (id, itemtypeid, meta, created, createdby, createdreason, containerid, quantity, ispackaged) VALUES ('331c7efa-5326-461c-89c2-f85f39be3126', '0d0d134c-2b7d-4888-839a-d043d6aedca6', '{"hp": 30, "rack": "c", "volume": 22, "fuel_max_add": 850, "industrialmarket": {"maxprice": 712, "minprice": 314, "silosize": 1000}}', '2022-07-10 13:51:05.677167-04', 'cb31a370-add8-4ad7-9490-27472933a6c6', 'Module for new noob ship for player', '922d0632-7e28-4e93-89cd-1c78f2b91bab', 1, false);
INSERT INTO public.items (id, itemtypeid, meta, created, createdby, createdreason, containerid, quantity, ispackaged) VALUES ('6dc7e69a-50fc-4e61-8a2e-1642baaaaf68', 'ba48329e-0ae5-499f-ad0f-abd609ee04b9', '{"hp": 22, "rack": "a", "range": 805, "volume": 36, "falloff": "linear", "cooldown": 1.85, "tracking": 217.8, "hull_damage": 460, "armor_damage": 310, "can_mine_gas": false, "can_mine_ice": false, "can_mine_ore": false, "needs_target": true, "shield_damage": 85, "activation_heat": 3.7, "ammunition_name": "Auto-5 Belt", "ammunition_type": "812bddab-db8f-4444-a787-e39e59b92256", "industrialmarket": {"maxprice": 17899, "minprice": 6700, "silosize": 1000}, "activation_energy": 1.7, "ore_mining_volume": 0, "activation_gfx_effect": "small_auto-5_cannon"}', '2022-07-10 13:51:05.69017-04', 'd9635812-8eaf-4a0f-af63-6cdd0940fb6d', 'Module for new noob ship for player', '92d9895d-92fc-4f34-96d2-8909b235f332', 1, false);
INSERT INTO public.items (id, itemtypeid, meta, created, createdby, createdreason, containerid, quantity, ispackaged) VALUES ('0258f750-1b43-43dd-b87a-4896defe1817', 'ba48329e-0ae5-499f-ad0f-abd609ee04b9', '{"hp": 22, "rack": "a", "range": 805, "volume": 36, "falloff": "linear", "cooldown": 1.85, "tracking": 217.8, "hull_damage": 460, "armor_damage": 310, "can_mine_gas": false, "can_mine_ice": false, "can_mine_ore": false, "needs_target": true, "shield_damage": 85, "activation_heat": 3.7, "ammunition_name": "Auto-5 Belt", "ammunition_type": "812bddab-db8f-4444-a787-e39e59b92256", "industrialmarket": {"maxprice": 17899, "minprice": 6700, "silosize": 1000}, "activation_energy": 1.7, "ore_mining_volume": 0, "activation_gfx_effect": "small_auto-5_cannon"}', '2022-07-10 13:51:05.691863-04', 'd9635812-8eaf-4a0f-af63-6cdd0940fb6d', 'Module for new noob ship for player', '92d9895d-92fc-4f34-96d2-8909b235f332', 1, false);
INSERT INTO public.items (id, itemtypeid, meta, created, createdby, createdreason, containerid, quantity, ispackaged) VALUES ('65511653-cd2c-44ea-b702-384132dc1bd5', 'ba48329e-0ae5-499f-ad0f-abd609ee04b9', '{"hp": 22, "rack": "a", "range": 805, "volume": 36, "falloff": "linear", "cooldown": 1.85, "tracking": 217.8, "hull_damage": 460, "armor_damage": 310, "can_mine_gas": false, "can_mine_ice": false, "can_mine_ore": false, "needs_target": true, "shield_damage": 85, "activation_heat": 3.7, "ammunition_name": "Auto-5 Belt", "ammunition_type": "812bddab-db8f-4444-a787-e39e59b92256", "industrialmarket": {"maxprice": 17899, "minprice": 6700, "silosize": 1000}, "activation_energy": 1.7, "ore_mining_volume": 0, "activation_gfx_effect": "small_auto-5_cannon"}', '2022-07-10 13:51:05.693532-04', 'd9635812-8eaf-4a0f-af63-6cdd0940fb6d', 'Module for new noob ship for player', '92d9895d-92fc-4f34-96d2-8909b235f332', 1, false);
INSERT INTO public.items (id, itemtypeid, meta, created, createdby, createdreason, containerid, quantity, ispackaged) VALUES ('cc9302bf-4b19-4ec8-829b-8061205af334', '37f6f712-427d-4951-a311-c2557f994290', '{"hp": 9, "rack": "a", "volume": 38, "cooldown": 67.9, "activation_heat": 106.7, "industrialmarket": {"maxprice": 16709, "minprice": 8292, "silosize": 1000}, "activation_energy": 910}', '2022-07-10 13:51:05.69513-04', 'd9635812-8eaf-4a0f-af63-6cdd0940fb6d', 'Module for new noob ship for player', '92d9895d-92fc-4f34-96d2-8909b235f332', 1, false);
INSERT INTO public.items (id, itemtypeid, meta, created, createdby, createdreason, containerid, quantity, ispackaged) VALUES ('aafa2d0a-4b65-4aa3-8f30-cab987b4120c', '30928542-bd58-404a-ba1c-3286424f17b3', '{"hp": 23, "rack": "a", "range": 2256, "volume": 37, "falloff": "linear", "cooldown": 8.1, "hull_damage": 0.2, "armor_damage": 0.1, "needs_target": false, "shield_damage": 17.7, "activation_heat": 117, "drag_multiplier": 3.7, "industrialmarket": {"maxprice": 84701, "minprice": 62309, "silosize": 1000}, "activation_energy": 128, "activation_gfx_effect": "small_add_aether", "missile_destruction_chance": 0.08}', '2022-07-10 13:51:05.696756-04', 'd9635812-8eaf-4a0f-af63-6cdd0940fb6d', 'Module for new noob ship for player', '92d9895d-92fc-4f34-96d2-8909b235f332', 1, false);
INSERT INTO public.items (id, itemtypeid, meta, created, createdby, createdreason, containerid, quantity, ispackaged) VALUES ('7277dc41-ae83-4e85-8f0e-ae05e9712bc2', 'fef05ee8-1cf9-42d0-97e8-4feadf94a852', '{"hp": 17, "rack": "b", "volume": 25, "cooldown": 8.7, "needs_target": false, "activation_heat": 559, "industrialmarket": {"maxprice": 6298, "minprice": 2357, "silosize": 1000}, "activation_energy": 179}', '2022-07-10 13:51:05.698441-04', 'd9635812-8eaf-4a0f-af63-6cdd0940fb6d', 'Module for new noob ship for player', '92d9895d-92fc-4f34-96d2-8909b235f332', 1, false);
INSERT INTO public.items (id, itemtypeid, meta, created, createdby, createdreason, containerid, quantity, ispackaged) VALUES ('8e08bb45-36e3-43f7-9f10-25d861b37a1e', 'aab8ec7b-6031-4f54-9ab4-434ab5e7b47c', '{"hp": 35, "rack": "b", "volume": 35, "cooldown": 27.5, "needs_target": false, "activation_heat": 490, "industrialmarket": {"maxprice": 7319, "minprice": 4250, "silosize": 1000}, "activation_energy": 385}', '2022-07-10 13:51:05.700066-04', 'd9635812-8eaf-4a0f-af63-6cdd0940fb6d', 'Module for new noob ship for player', '92d9895d-92fc-4f34-96d2-8909b235f332', 1, false);
INSERT INTO public.items (id, itemtypeid, meta, created, createdby, createdreason, containerid, quantity, ispackaged) VALUES ('5ad699ba-e789-4d0e-a171-cbda2bc1b6df', '643b06f8-3df2-40d4-abfe-37d55287d628', '{"hp": 13, "rack": "b", "range": 5487, "volume": 33, "falloff": "linear", "cooldown": 21.2, "needs_target": true, "activation_heat": 687, "drag_multiplier": 29.5, "industrialmarket": {"maxprice": 14075, "minprice": 10233, "silosize": 500}, "activation_energy": 760, "activation_gfx_effect": "small_aether_dragger"}', '2022-07-10 13:51:05.701721-04', 'd9635812-8eaf-4a0f-af63-6cdd0940fb6d', 'Module for new noob ship for player', '92d9895d-92fc-4f34-96d2-8909b235f332', 1, false);
INSERT INTO public.items (id, itemtypeid, meta, created, createdby, createdreason, containerid, quantity, ispackaged) VALUES ('01c334c2-8be7-4847-9110-d90716d702dc', '7a187110-ae8d-47d0-ab7d-1e318424284e', '{"hp": 15, "rack": "c", "volume": 28, "energy_max_add": 251, "industrialmarket": {"maxprice": 4689, "minprice": 2210, "silosize": 1000}}', '2022-07-10 13:51:05.703472-04', 'd9635812-8eaf-4a0f-af63-6cdd0940fb6d', 'Module for new noob ship for player', '92d9895d-92fc-4f34-96d2-8909b235f332', 1, false);
INSERT INTO public.items (id, itemtypeid, meta, created, createdby, createdreason, containerid, quantity, ispackaged) VALUES ('6d604ec9-6ba0-4580-8a19-7b2225a45192', '7a187110-ae8d-47d0-ab7d-1e318424284e', '{"hp": 15, "rack": "c", "volume": 28, "energy_max_add": 251, "industrialmarket": {"maxprice": 4689, "minprice": 2210, "silosize": 1000}}', '2022-07-10 13:51:05.705136-04', 'd9635812-8eaf-4a0f-af63-6cdd0940fb6d', 'Module for new noob ship for player', '92d9895d-92fc-4f34-96d2-8909b235f332', 1, false);
INSERT INTO public.items (id, itemtypeid, meta, created, createdby, createdreason, containerid, quantity, ispackaged) VALUES ('dbe74e6c-e95a-4ebb-9208-1a3f8a9bdf6c', '0d0d134c-2b7d-4888-839a-d043d6aedca6', '{"hp": 30, "rack": "c", "volume": 22, "fuel_max_add": 850, "industrialmarket": {"maxprice": 712, "minprice": 314, "silosize": 1000}}', '2022-07-10 13:51:05.706782-04', 'd9635812-8eaf-4a0f-af63-6cdd0940fb6d', 'Module for new noob ship for player', '92d9895d-92fc-4f34-96d2-8909b235f332', 1, false);
INSERT INTO public.items (id, itemtypeid, meta, created, createdby, createdreason, containerid, quantity, ispackaged) VALUES ('af189232-f806-4f2c-b27c-0913fb49521a', 'ba48329e-0ae5-499f-ad0f-abd609ee04b9', '{"hp": 22, "rack": "a", "range": 805, "volume": 36, "falloff": "linear", "cooldown": 1.85, "tracking": 217.8, "hull_damage": 460, "armor_damage": 310, "can_mine_gas": false, "can_mine_ice": false, "can_mine_ore": false, "needs_target": true, "shield_damage": 85, "activation_heat": 3.7, "ammunition_name": "Auto-5 Belt", "ammunition_type": "812bddab-db8f-4444-a787-e39e59b92256", "industrialmarket": {"maxprice": 17899, "minprice": 6700, "silosize": 1000}, "activation_energy": 1.7, "ore_mining_volume": 0, "activation_gfx_effect": "small_auto-5_cannon"}', '2022-07-10 13:51:05.720397-04', '4e439231-922d-4046-bb96-756a146ba03c', 'Module for new noob ship for player', 'f3d88a10-5b74-44de-b597-46077fe67432', 1, false);
INSERT INTO public.items (id, itemtypeid, meta, created, createdby, createdreason, containerid, quantity, ispackaged) VALUES ('78c78196-79dc-4f27-af5b-9be45540b07e', 'ba48329e-0ae5-499f-ad0f-abd609ee04b9', '{"hp": 22, "rack": "a", "range": 805, "volume": 36, "falloff": "linear", "cooldown": 1.85, "tracking": 217.8, "hull_damage": 460, "armor_damage": 310, "can_mine_gas": false, "can_mine_ice": false, "can_mine_ore": false, "needs_target": true, "shield_damage": 85, "activation_heat": 3.7, "ammunition_name": "Auto-5 Belt", "ammunition_type": "812bddab-db8f-4444-a787-e39e59b92256", "industrialmarket": {"maxprice": 17899, "minprice": 6700, "silosize": 1000}, "activation_energy": 1.7, "ore_mining_volume": 0, "activation_gfx_effect": "small_auto-5_cannon"}', '2022-07-10 13:51:05.722004-04', '4e439231-922d-4046-bb96-756a146ba03c', 'Module for new noob ship for player', 'f3d88a10-5b74-44de-b597-46077fe67432', 1, false);
INSERT INTO public.items (id, itemtypeid, meta, created, createdby, createdreason, containerid, quantity, ispackaged) VALUES ('58f7f161-8e3b-4a4f-83fd-9fc82bc04318', 'ba48329e-0ae5-499f-ad0f-abd609ee04b9', '{"hp": 22, "rack": "a", "range": 805, "volume": 36, "falloff": "linear", "cooldown": 1.85, "tracking": 217.8, "hull_damage": 460, "armor_damage": 310, "can_mine_gas": false, "can_mine_ice": false, "can_mine_ore": false, "needs_target": true, "shield_damage": 85, "activation_heat": 3.7, "ammunition_name": "Auto-5 Belt", "ammunition_type": "812bddab-db8f-4444-a787-e39e59b92256", "industrialmarket": {"maxprice": 17899, "minprice": 6700, "silosize": 1000}, "activation_energy": 1.7, "ore_mining_volume": 0, "activation_gfx_effect": "small_auto-5_cannon"}', '2022-07-10 13:51:05.723625-04', '4e439231-922d-4046-bb96-756a146ba03c', 'Module for new noob ship for player', 'f3d88a10-5b74-44de-b597-46077fe67432', 1, false);
INSERT INTO public.items (id, itemtypeid, meta, created, createdby, createdreason, containerid, quantity, ispackaged) VALUES ('0c339477-a653-4941-8fec-2ad312675433', '37f6f712-427d-4951-a311-c2557f994290', '{"hp": 9, "rack": "a", "volume": 38, "cooldown": 67.9, "activation_heat": 106.7, "industrialmarket": {"maxprice": 16709, "minprice": 8292, "silosize": 1000}, "activation_energy": 910}', '2022-07-10 13:51:05.725251-04', '4e439231-922d-4046-bb96-756a146ba03c', 'Module for new noob ship for player', 'f3d88a10-5b74-44de-b597-46077fe67432', 1, false);
INSERT INTO public.items (id, itemtypeid, meta, created, createdby, createdreason, containerid, quantity, ispackaged) VALUES ('12492f6b-2d94-4447-8a81-4344f1678397', '30928542-bd58-404a-ba1c-3286424f17b3', '{"hp": 23, "rack": "a", "range": 2256, "volume": 37, "falloff": "linear", "cooldown": 8.1, "hull_damage": 0.2, "armor_damage": 0.1, "needs_target": false, "shield_damage": 17.7, "activation_heat": 117, "drag_multiplier": 3.7, "industrialmarket": {"maxprice": 84701, "minprice": 62309, "silosize": 1000}, "activation_energy": 128, "activation_gfx_effect": "small_add_aether", "missile_destruction_chance": 0.08}', '2022-07-10 13:51:05.726915-04', '4e439231-922d-4046-bb96-756a146ba03c', 'Module for new noob ship for player', 'f3d88a10-5b74-44de-b597-46077fe67432', 1, false);
INSERT INTO public.items (id, itemtypeid, meta, created, createdby, createdreason, containerid, quantity, ispackaged) VALUES ('ec9cb1cc-99d1-473f-a08a-bed2cfcb4221', 'fef05ee8-1cf9-42d0-97e8-4feadf94a852', '{"hp": 17, "rack": "b", "volume": 25, "cooldown": 8.7, "needs_target": false, "activation_heat": 559, "industrialmarket": {"maxprice": 6298, "minprice": 2357, "silosize": 1000}, "activation_energy": 179}', '2022-07-10 13:51:05.728483-04', '4e439231-922d-4046-bb96-756a146ba03c', 'Module for new noob ship for player', 'f3d88a10-5b74-44de-b597-46077fe67432', 1, false);
INSERT INTO public.items (id, itemtypeid, meta, created, createdby, createdreason, containerid, quantity, ispackaged) VALUES ('c58adf0f-0db6-4f6c-968d-c32588c37f17', 'aab8ec7b-6031-4f54-9ab4-434ab5e7b47c', '{"hp": 35, "rack": "b", "volume": 35, "cooldown": 27.5, "needs_target": false, "activation_heat": 490, "industrialmarket": {"maxprice": 7319, "minprice": 4250, "silosize": 1000}, "activation_energy": 385}', '2022-07-10 13:51:05.730073-04', '4e439231-922d-4046-bb96-756a146ba03c', 'Module for new noob ship for player', 'f3d88a10-5b74-44de-b597-46077fe67432', 1, false);
INSERT INTO public.items (id, itemtypeid, meta, created, createdby, createdreason, containerid, quantity, ispackaged) VALUES ('aaa16938-9ad5-434c-96b9-2d4878f94f9c', '643b06f8-3df2-40d4-abfe-37d55287d628', '{"hp": 13, "rack": "b", "range": 5487, "volume": 33, "falloff": "linear", "cooldown": 21.2, "needs_target": true, "activation_heat": 687, "drag_multiplier": 29.5, "industrialmarket": {"maxprice": 14075, "minprice": 10233, "silosize": 500}, "activation_energy": 760, "activation_gfx_effect": "small_aether_dragger"}', '2022-07-10 13:51:05.731757-04', '4e439231-922d-4046-bb96-756a146ba03c', 'Module for new noob ship for player', 'f3d88a10-5b74-44de-b597-46077fe67432', 1, false);
INSERT INTO public.items (id, itemtypeid, meta, created, createdby, createdreason, containerid, quantity, ispackaged) VALUES ('02b48bfa-fea5-42dc-a04d-00a6e4053bfc', '7a187110-ae8d-47d0-ab7d-1e318424284e', '{"hp": 15, "rack": "c", "volume": 28, "energy_max_add": 251, "industrialmarket": {"maxprice": 4689, "minprice": 2210, "silosize": 1000}}', '2022-07-10 13:51:05.733384-04', '4e439231-922d-4046-bb96-756a146ba03c', 'Module for new noob ship for player', 'f3d88a10-5b74-44de-b597-46077fe67432', 1, false);
INSERT INTO public.items (id, itemtypeid, meta, created, createdby, createdreason, containerid, quantity, ispackaged) VALUES ('5ffa2093-2af7-4add-8240-38d11f0257bd', '7a187110-ae8d-47d0-ab7d-1e318424284e', '{"hp": 15, "rack": "c", "volume": 28, "energy_max_add": 251, "industrialmarket": {"maxprice": 4689, "minprice": 2210, "silosize": 1000}}', '2022-07-10 13:51:05.734909-04', '4e439231-922d-4046-bb96-756a146ba03c', 'Module for new noob ship for player', 'f3d88a10-5b74-44de-b597-46077fe67432', 1, false);
INSERT INTO public.items (id, itemtypeid, meta, created, createdby, createdreason, containerid, quantity, ispackaged) VALUES ('faf54fdf-0448-4ff4-82d4-9d4adecf9fd4', '0d0d134c-2b7d-4888-839a-d043d6aedca6', '{"hp": 30, "rack": "c", "volume": 22, "fuel_max_add": 850, "industrialmarket": {"maxprice": 712, "minprice": 314, "silosize": 1000}}', '2022-07-10 13:51:05.736388-04', '4e439231-922d-4046-bb96-756a146ba03c', 'Module for new noob ship for player', 'f3d88a10-5b74-44de-b597-46077fe67432', 1, false);

--   fix current ship ids
update public.users set current_shipid = 'd6f36512-5c48-479c-b307-32e17e9c638a'	where id = 'f8eb99f9-5ee5-4441-bfdc-0b4ec25ece18';
update public.users set current_shipid = 'd9afc0ab-413e-4790-9066-03286caeec0b'	where id = 'd685af83-3647-4faf-98d0-807abb7b117f';
update public.users set current_shipid = 'cfc8fe1a-58d6-4e77-9049-dbca8fc69102'	where id = 'd852daa8-01b1-4007-935d-d5ba3c592377';
update public.users set current_shipid = '68591e88-68ec-46ed-9a18-45c7188c6d89'	where id = '4e439231-922d-4046-bb96-756a146ba03c';
update public.users set current_shipid = '840853de-726c-4ebe-a535-d1aa15bccd65'	where id = 'cf8afc4c-41e4-4db8-bc05-89ca5cfbf5ff';
update public.users set current_shipid = '2c737244-ea5e-41f3-b9b9-7b904b237fc7'	where id = '8d074735-8171-482e-94dd-303b975e3bef';
update public.users set current_shipid = '190fe8d3-c4f1-4b92-b8db-b55f975abc2d'	where id = 'cb31a370-add8-4ad7-9490-27472933a6c6';
update public.users set current_shipid = 'cea67bf6-84dd-4ce1-a4d7-2bf2123dad78'	where id = 'd9635812-8eaf-4a0f-af63-6cdd0940fb6d';

-- federation npcs

--   containers
INSERT INTO public.containers (id, meta, created) VALUES ('883b2519-3457-4792-9ddd-c55167320f92', '{}', '2022-07-10 14:11:38.825811-04');
INSERT INTO public.containers (id, meta, created) VALUES ('8fdd1d0d-ce01-45c1-a4a2-41819f9eff20', '{}', '2022-07-10 14:11:38.840895-04');
INSERT INTO public.containers (id, meta, created) VALUES ('fd3a5a74-6c5b-4467-8c3a-96c8008caba2', '{}', '2022-07-10 14:11:38.842296-04');
INSERT INTO public.containers (id, meta, created) VALUES ('7266ed3d-74d9-4f2a-8c6f-dad3b70bb40a', '{}', '2022-07-10 14:11:38.843772-04');
INSERT INTO public.containers (id, meta, created) VALUES ('615ee920-3001-4d33-ac98-9d727478865e', '{}', '2022-07-10 14:11:38.866149-04');
INSERT INTO public.containers (id, meta, created) VALUES ('ab0bb7f8-f3c5-409c-a0a3-d43615942b8f', '{}', '2022-07-10 14:11:38.869107-04');
INSERT INTO public.containers (id, meta, created) VALUES ('79c2ac99-bce2-4829-b30e-e41947474f69', '{}', '2022-07-10 14:11:38.870207-04');
INSERT INTO public.containers (id, meta, created) VALUES ('a3374a5f-19cd-4ad4-a663-a4e9c5960316', '{}', '2022-07-10 14:11:38.871308-04');
INSERT INTO public.containers (id, meta, created) VALUES ('aa86ed04-d2b4-49db-9074-f9bacf5e5d08', '{}', '2022-07-10 14:11:38.891699-04');
INSERT INTO public.containers (id, meta, created) VALUES ('aa4fffad-c563-43ab-9089-a9f09049ea9a', '{}', '2022-07-10 14:11:38.894557-04');
INSERT INTO public.containers (id, meta, created) VALUES ('79a73ecd-b215-4dad-836a-7fa6f2d29ee3', '{}', '2022-07-10 14:11:38.895599-04');
INSERT INTO public.containers (id, meta, created) VALUES ('f58610fb-8cfe-440c-9da9-f359388a4ef7', '{}', '2022-07-10 14:11:38.896702-04');
INSERT INTO public.containers (id, meta, created) VALUES ('a146e4a5-f45c-445a-9910-efb3d35d9abb', '{}', '2022-07-10 14:11:38.917622-04');
INSERT INTO public.containers (id, meta, created) VALUES ('9bf7b3f7-57dc-4cea-819a-44cb18ae0864', '{}', '2022-07-10 14:11:38.920427-04');
INSERT INTO public.containers (id, meta, created) VALUES ('093d1a1a-face-4aa6-82cb-b2ca06439eba', '{}', '2022-07-10 14:11:38.921505-04');
INSERT INTO public.containers (id, meta, created) VALUES ('13826184-951e-4159-8466-924c43459d9a', '{}', '2022-07-10 14:11:38.922626-04');
INSERT INTO public.containers (id, meta, created) VALUES ('24760c5b-76bd-4b6a-802b-067be72d665a', '{}', '2022-07-10 14:11:38.943751-04');
INSERT INTO public.containers (id, meta, created) VALUES ('cddd3296-a714-4715-9d53-bdd5d6669e71', '{}', '2022-07-10 14:11:38.946968-04');
INSERT INTO public.containers (id, meta, created) VALUES ('b0229586-e655-4217-9e97-94afd7da4a15', '{}', '2022-07-10 14:11:38.948564-04');
INSERT INTO public.containers (id, meta, created) VALUES ('3285e51a-d744-4e7e-be3f-564177638026', '{}', '2022-07-10 14:11:38.949761-04');
INSERT INTO public.containers (id, meta, created) VALUES ('b4fd5a8b-93cc-4612-ac11-6751a8ba50b5', '{}', '2022-07-10 14:11:38.970864-04');
INSERT INTO public.containers (id, meta, created) VALUES ('31884628-4d09-4c76-9653-67402b13cd8e', '{}', '2022-07-10 14:11:38.973715-04');
INSERT INTO public.containers (id, meta, created) VALUES ('9c89b8bd-5812-4424-85f3-79ab706943d5', '{}', '2022-07-10 14:11:38.974883-04');
INSERT INTO public.containers (id, meta, created) VALUES ('b4ead072-24d8-4e81-ac3c-f97eb3203197', '{}', '2022-07-10 14:11:38.975931-04');
INSERT INTO public.containers (id, meta, created) VALUES ('2fb2a672-a641-458c-b07f-0176d152c805', '{}', '2022-07-10 14:11:38.996785-04');
INSERT INTO public.containers (id, meta, created) VALUES ('8471b962-aff3-4a78-8ea1-11bd487f26e9', '{}', '2022-07-10 14:11:38.999895-04');
INSERT INTO public.containers (id, meta, created) VALUES ('538d2f0d-80c4-4f2d-921d-61e8bcd1bd2c', '{}', '2022-07-10 14:11:39.001026-04');
INSERT INTO public.containers (id, meta, created) VALUES ('13e7c366-0847-47ff-9eba-47eae3e30a48', '{}', '2022-07-10 14:11:39.0021-04');
INSERT INTO public.containers (id, meta, created) VALUES ('cb159840-9140-4288-a430-1c24d688b0af', '{}', '2022-07-10 14:11:39.022858-04');
INSERT INTO public.containers (id, meta, created) VALUES ('f9f9486b-50a3-4070-ae00-ba2421d7b919', '{}', '2022-07-10 14:11:39.025632-04');
INSERT INTO public.containers (id, meta, created) VALUES ('ea50801b-aff4-403b-879f-d1ae9395d877', '{}', '2022-07-10 14:11:39.026702-04');
INSERT INTO public.containers (id, meta, created) VALUES ('5c677e0f-6c4d-4b99-bd19-39ba547aaf9b', '{}', '2022-07-10 14:11:39.027779-04');

--   users
INSERT INTO public.users (id, charactername, hashpass, registered, banned, current_shipid, startid, escrow_containerid, current_factionid, reputationsheet, isnpc, behaviourmode, emailaddress, experiencesheet, registeredip, isdev) VALUES ('6c9dd9db-c2a4-4a8b-a02d-f9fc0388a437', 'Yu Junjie', '525e483d59e77d51bfe0b02369e188b4ae1cd00199a64d469bb3b00928b05aab', '2022-07-10 14:11:38.838097-04', B'0', null, '49cfc062-64ff-40ac-bc44-04887896da3a', '883b2519-3457-4792-9ddd-c55167320f92', '27a53dfc-a321-4c12-bf7c-bb177955c95b', '{"factionEntries": {"27a53dfc-a321-4c12-bf7c-bb177955c95b": {"FactionID": "27a53dfc-a321-4c12-bf7c-bb177955c95b", "StandingValue": 10, "AreOpenlyHostile": false}, "30bc70eb-2692-47e6-a7e3-2772e131c3d7": {"FactionID": "30bc70eb-2692-47e6-a7e3-2772e131c3d7", "StandingValue": -3, "AreOpenlyHostile": true}, "506286f5-6613-4481-ac26-caa9940fbe68": {"FactionID": "506286f5-6613-4481-ac26-caa9940fbe68", "StandingValue": 0.5, "AreOpenlyHostile": false}, "559d7fc1-5470-4ab4-8c66-fa2f0b89a523": {"FactionID": "559d7fc1-5470-4ab4-8c66-fa2f0b89a523", "StandingValue": -0.5, "AreOpenlyHostile": false}, "5db2bec7-37c3-4f1c-ab88-21024c12d639": {"FactionID": "5db2bec7-37c3-4f1c-ab88-21024c12d639", "StandingValue": -3, "AreOpenlyHostile": true}, "7decfd86-9c82-4a17-af3b-5d4af8c4e2ad": {"FactionID": "7decfd86-9c82-4a17-af3b-5d4af8c4e2ad", "StandingValue": -0.5, "AreOpenlyHostile": false}, "a0152cbb-8a78-45a4-ae9b-2ad2b60b583b": {"FactionID": "a0152cbb-8a78-45a4-ae9b-2ad2b60b583b", "StandingValue": 5, "AreOpenlyHostile": false}, "b3d3fa9c-b21e-490f-b39e-128b3af12128": {"FactionID": "b3d3fa9c-b21e-490f-b39e-128b3af12128", "StandingValue": 0, "AreOpenlyHostile": false}, "bdeffd9a-3cab-408c-9cd7-32fce1124f7a": {"FactionID": "bdeffd9a-3cab-408c-9cd7-32fce1124f7a", "StandingValue": -4, "AreOpenlyHostile": true}}}', true, 2, NULL, '{}', '[::1]:36036', false);
INSERT INTO public.users (id, charactername, hashpass, registered, banned, current_shipid, startid, escrow_containerid, current_factionid, reputationsheet, isnpc, behaviourmode, emailaddress, experiencesheet, registeredip, isdev) VALUES ('27c1ec07-5c21-4254-86d0-ca93fb22446e', 'Deng Tung-Mei', '5177db9c773756821e22d2eaafe54b8eda04df5a2d2bcd30dcda18befde86fee', '2022-07-10 14:11:38.867363-04', B'0', null, '49cfc062-64ff-40ac-bc44-04887896da3a', '615ee920-3001-4d33-ac98-9d727478865e', '27a53dfc-a321-4c12-bf7c-bb177955c95b', '{"factionEntries": {"27a53dfc-a321-4c12-bf7c-bb177955c95b": {"FactionID": "27a53dfc-a321-4c12-bf7c-bb177955c95b", "StandingValue": 10, "AreOpenlyHostile": false}, "30bc70eb-2692-47e6-a7e3-2772e131c3d7": {"FactionID": "30bc70eb-2692-47e6-a7e3-2772e131c3d7", "StandingValue": -3, "AreOpenlyHostile": true}, "506286f5-6613-4481-ac26-caa9940fbe68": {"FactionID": "506286f5-6613-4481-ac26-caa9940fbe68", "StandingValue": 0.5, "AreOpenlyHostile": false}, "559d7fc1-5470-4ab4-8c66-fa2f0b89a523": {"FactionID": "559d7fc1-5470-4ab4-8c66-fa2f0b89a523", "StandingValue": -0.5, "AreOpenlyHostile": false}, "5db2bec7-37c3-4f1c-ab88-21024c12d639": {"FactionID": "5db2bec7-37c3-4f1c-ab88-21024c12d639", "StandingValue": -3, "AreOpenlyHostile": true}, "7decfd86-9c82-4a17-af3b-5d4af8c4e2ad": {"FactionID": "7decfd86-9c82-4a17-af3b-5d4af8c4e2ad", "StandingValue": -0.5, "AreOpenlyHostile": false}, "a0152cbb-8a78-45a4-ae9b-2ad2b60b583b": {"FactionID": "a0152cbb-8a78-45a4-ae9b-2ad2b60b583b", "StandingValue": 5, "AreOpenlyHostile": false}, "b3d3fa9c-b21e-490f-b39e-128b3af12128": {"FactionID": "b3d3fa9c-b21e-490f-b39e-128b3af12128", "StandingValue": 0, "AreOpenlyHostile": false}, "bdeffd9a-3cab-408c-9cd7-32fce1124f7a": {"FactionID": "bdeffd9a-3cab-408c-9cd7-32fce1124f7a", "StandingValue": -4, "AreOpenlyHostile": true}}}', true, 2, NULL, '{}', '[::1]:36036', false);
INSERT INTO public.users (id, charactername, hashpass, registered, banned, current_shipid, startid, escrow_containerid, current_factionid, reputationsheet, isnpc, behaviourmode, emailaddress, experiencesheet, registeredip, isdev) VALUES ('d8be09c6-8cfe-4143-93a0-81c5a854dc02', 'Cheryl Turner', '6dba876eca7881f3f6d0b1b06583e652c7232a9206e0ca27a1cd5eb64464413f', '2022-07-10 14:11:38.892784-04', B'0', null, '49cfc062-64ff-40ac-bc44-04887896da3a', 'aa86ed04-d2b4-49db-9074-f9bacf5e5d08', '27a53dfc-a321-4c12-bf7c-bb177955c95b', '{"factionEntries": {"27a53dfc-a321-4c12-bf7c-bb177955c95b": {"FactionID": "27a53dfc-a321-4c12-bf7c-bb177955c95b", "StandingValue": 10, "AreOpenlyHostile": false}, "30bc70eb-2692-47e6-a7e3-2772e131c3d7": {"FactionID": "30bc70eb-2692-47e6-a7e3-2772e131c3d7", "StandingValue": -3, "AreOpenlyHostile": true}, "506286f5-6613-4481-ac26-caa9940fbe68": {"FactionID": "506286f5-6613-4481-ac26-caa9940fbe68", "StandingValue": 0.5, "AreOpenlyHostile": false}, "559d7fc1-5470-4ab4-8c66-fa2f0b89a523": {"FactionID": "559d7fc1-5470-4ab4-8c66-fa2f0b89a523", "StandingValue": -0.5, "AreOpenlyHostile": false}, "5db2bec7-37c3-4f1c-ab88-21024c12d639": {"FactionID": "5db2bec7-37c3-4f1c-ab88-21024c12d639", "StandingValue": -3, "AreOpenlyHostile": true}, "7decfd86-9c82-4a17-af3b-5d4af8c4e2ad": {"FactionID": "7decfd86-9c82-4a17-af3b-5d4af8c4e2ad", "StandingValue": -0.5, "AreOpenlyHostile": false}, "a0152cbb-8a78-45a4-ae9b-2ad2b60b583b": {"FactionID": "a0152cbb-8a78-45a4-ae9b-2ad2b60b583b", "StandingValue": 5, "AreOpenlyHostile": false}, "b3d3fa9c-b21e-490f-b39e-128b3af12128": {"FactionID": "b3d3fa9c-b21e-490f-b39e-128b3af12128", "StandingValue": 0, "AreOpenlyHostile": false}, "bdeffd9a-3cab-408c-9cd7-32fce1124f7a": {"FactionID": "bdeffd9a-3cab-408c-9cd7-32fce1124f7a", "StandingValue": -4, "AreOpenlyHostile": true}}}', true, 2, NULL, '{}', '[::1]:36036', false);
INSERT INTO public.users (id, charactername, hashpass, registered, banned, current_shipid, startid, escrow_containerid, current_factionid, reputationsheet, isnpc, behaviourmode, emailaddress, experiencesheet, registeredip, isdev) VALUES ('ad431b8d-3ba3-4dc4-9283-14260dfe5f65', 'Kaseem Kaba', 'ff350d64b4a67766aece9bae552eb3ac55c1a0b951a648ba013aced8a8989e84', '2022-07-10 14:11:39.02395-04', B'0', null, '49cfc062-64ff-40ac-bc44-04887896da3a', 'cb159840-9140-4288-a430-1c24d688b0af', '27a53dfc-a321-4c12-bf7c-bb177955c95b', '{"factionEntries": {"27a53dfc-a321-4c12-bf7c-bb177955c95b": {"FactionID": "27a53dfc-a321-4c12-bf7c-bb177955c95b", "StandingValue": 10, "AreOpenlyHostile": false}, "30bc70eb-2692-47e6-a7e3-2772e131c3d7": {"FactionID": "30bc70eb-2692-47e6-a7e3-2772e131c3d7", "StandingValue": -3, "AreOpenlyHostile": true}, "506286f5-6613-4481-ac26-caa9940fbe68": {"FactionID": "506286f5-6613-4481-ac26-caa9940fbe68", "StandingValue": 0.5, "AreOpenlyHostile": false}, "559d7fc1-5470-4ab4-8c66-fa2f0b89a523": {"FactionID": "559d7fc1-5470-4ab4-8c66-fa2f0b89a523", "StandingValue": -0.5, "AreOpenlyHostile": false}, "5db2bec7-37c3-4f1c-ab88-21024c12d639": {"FactionID": "5db2bec7-37c3-4f1c-ab88-21024c12d639", "StandingValue": -3, "AreOpenlyHostile": true}, "7decfd86-9c82-4a17-af3b-5d4af8c4e2ad": {"FactionID": "7decfd86-9c82-4a17-af3b-5d4af8c4e2ad", "StandingValue": -0.5, "AreOpenlyHostile": false}, "a0152cbb-8a78-45a4-ae9b-2ad2b60b583b": {"FactionID": "a0152cbb-8a78-45a4-ae9b-2ad2b60b583b", "StandingValue": 5, "AreOpenlyHostile": false}, "b3d3fa9c-b21e-490f-b39e-128b3af12128": {"FactionID": "b3d3fa9c-b21e-490f-b39e-128b3af12128", "StandingValue": 0, "AreOpenlyHostile": false}, "bdeffd9a-3cab-408c-9cd7-32fce1124f7a": {"FactionID": "bdeffd9a-3cab-408c-9cd7-32fce1124f7a", "StandingValue": -4, "AreOpenlyHostile": true}}}', true, 2, NULL, '{}', '[::1]:36036', false);
INSERT INTO public.users (id, charactername, hashpass, registered, banned, current_shipid, startid, escrow_containerid, current_factionid, reputationsheet, isnpc, behaviourmode, emailaddress, experiencesheet, registeredip, isdev) VALUES ('b75b586b-3846-4ff3-9313-083977561dbe', 'Derek Holmes', 'e59e750c44d1d56c93bf8e9094cf2a0345b3184f2b93e72a2e159f7d3dc118d4', '2022-07-10 14:11:38.918711-04', B'0', null, '49cfc062-64ff-40ac-bc44-04887896da3a', 'a146e4a5-f45c-445a-9910-efb3d35d9abb', '27a53dfc-a321-4c12-bf7c-bb177955c95b', '{"factionEntries": {"27a53dfc-a321-4c12-bf7c-bb177955c95b": {"FactionID": "27a53dfc-a321-4c12-bf7c-bb177955c95b", "StandingValue": 10, "AreOpenlyHostile": false}, "30bc70eb-2692-47e6-a7e3-2772e131c3d7": {"FactionID": "30bc70eb-2692-47e6-a7e3-2772e131c3d7", "StandingValue": -3, "AreOpenlyHostile": true}, "506286f5-6613-4481-ac26-caa9940fbe68": {"FactionID": "506286f5-6613-4481-ac26-caa9940fbe68", "StandingValue": 0.5, "AreOpenlyHostile": false}, "559d7fc1-5470-4ab4-8c66-fa2f0b89a523": {"FactionID": "559d7fc1-5470-4ab4-8c66-fa2f0b89a523", "StandingValue": -0.5, "AreOpenlyHostile": false}, "5db2bec7-37c3-4f1c-ab88-21024c12d639": {"FactionID": "5db2bec7-37c3-4f1c-ab88-21024c12d639", "StandingValue": -3, "AreOpenlyHostile": true}, "7decfd86-9c82-4a17-af3b-5d4af8c4e2ad": {"FactionID": "7decfd86-9c82-4a17-af3b-5d4af8c4e2ad", "StandingValue": -0.5, "AreOpenlyHostile": false}, "a0152cbb-8a78-45a4-ae9b-2ad2b60b583b": {"FactionID": "a0152cbb-8a78-45a4-ae9b-2ad2b60b583b", "StandingValue": 5, "AreOpenlyHostile": false}, "b3d3fa9c-b21e-490f-b39e-128b3af12128": {"FactionID": "b3d3fa9c-b21e-490f-b39e-128b3af12128", "StandingValue": 0, "AreOpenlyHostile": false}, "bdeffd9a-3cab-408c-9cd7-32fce1124f7a": {"FactionID": "bdeffd9a-3cab-408c-9cd7-32fce1124f7a", "StandingValue": -4, "AreOpenlyHostile": true}}}', true, 2, NULL, '{}', '[::1]:36036', false);
INSERT INTO public.users (id, charactername, hashpass, registered, banned, current_shipid, startid, escrow_containerid, current_factionid, reputationsheet, isnpc, behaviourmode, emailaddress, experiencesheet, registeredip, isdev) VALUES ('e462c3a8-fbdf-45a8-a678-87f036204fd5', 'Cayo Triana', 'b2edd337bda58dc45281aa314ebf88ba725896113d233977ea4ed7a2f0904ca6', '2022-07-10 14:11:38.94508-04', B'0', null, '49cfc062-64ff-40ac-bc44-04887896da3a', '24760c5b-76bd-4b6a-802b-067be72d665a', '27a53dfc-a321-4c12-bf7c-bb177955c95b', '{"factionEntries": {"27a53dfc-a321-4c12-bf7c-bb177955c95b": {"FactionID": "27a53dfc-a321-4c12-bf7c-bb177955c95b", "StandingValue": 10, "AreOpenlyHostile": false}, "30bc70eb-2692-47e6-a7e3-2772e131c3d7": {"FactionID": "30bc70eb-2692-47e6-a7e3-2772e131c3d7", "StandingValue": -3, "AreOpenlyHostile": true}, "506286f5-6613-4481-ac26-caa9940fbe68": {"FactionID": "506286f5-6613-4481-ac26-caa9940fbe68", "StandingValue": 0.5, "AreOpenlyHostile": false}, "559d7fc1-5470-4ab4-8c66-fa2f0b89a523": {"FactionID": "559d7fc1-5470-4ab4-8c66-fa2f0b89a523", "StandingValue": -0.5, "AreOpenlyHostile": false}, "5db2bec7-37c3-4f1c-ab88-21024c12d639": {"FactionID": "5db2bec7-37c3-4f1c-ab88-21024c12d639", "StandingValue": -3, "AreOpenlyHostile": true}, "7decfd86-9c82-4a17-af3b-5d4af8c4e2ad": {"FactionID": "7decfd86-9c82-4a17-af3b-5d4af8c4e2ad", "StandingValue": -0.5, "AreOpenlyHostile": false}, "a0152cbb-8a78-45a4-ae9b-2ad2b60b583b": {"FactionID": "a0152cbb-8a78-45a4-ae9b-2ad2b60b583b", "StandingValue": 5, "AreOpenlyHostile": false}, "b3d3fa9c-b21e-490f-b39e-128b3af12128": {"FactionID": "b3d3fa9c-b21e-490f-b39e-128b3af12128", "StandingValue": 0, "AreOpenlyHostile": false}, "bdeffd9a-3cab-408c-9cd7-32fce1124f7a": {"FactionID": "bdeffd9a-3cab-408c-9cd7-32fce1124f7a", "StandingValue": -4, "AreOpenlyHostile": true}}}', true, 2, NULL, '{}', '[::1]:36036', false);
INSERT INTO public.users (id, charactername, hashpass, registered, banned, current_shipid, startid, escrow_containerid, current_factionid, reputationsheet, isnpc, behaviourmode, emailaddress, experiencesheet, registeredip, isdev) VALUES ('80bfbd51-3e8b-431e-aaef-a54995b15735', 'Essua Calleja', 'ea9314892e1b0dece4f172abd26e60e75eb22801c1b229a99a200bbe5285527e', '2022-07-10 14:11:38.971925-04', B'0', null, '49cfc062-64ff-40ac-bc44-04887896da3a', 'b4fd5a8b-93cc-4612-ac11-6751a8ba50b5', '27a53dfc-a321-4c12-bf7c-bb177955c95b', '{"factionEntries": {"27a53dfc-a321-4c12-bf7c-bb177955c95b": {"FactionID": "27a53dfc-a321-4c12-bf7c-bb177955c95b", "StandingValue": 10, "AreOpenlyHostile": false}, "30bc70eb-2692-47e6-a7e3-2772e131c3d7": {"FactionID": "30bc70eb-2692-47e6-a7e3-2772e131c3d7", "StandingValue": -3, "AreOpenlyHostile": true}, "506286f5-6613-4481-ac26-caa9940fbe68": {"FactionID": "506286f5-6613-4481-ac26-caa9940fbe68", "StandingValue": 0.5, "AreOpenlyHostile": false}, "559d7fc1-5470-4ab4-8c66-fa2f0b89a523": {"FactionID": "559d7fc1-5470-4ab4-8c66-fa2f0b89a523", "StandingValue": -0.5, "AreOpenlyHostile": false}, "5db2bec7-37c3-4f1c-ab88-21024c12d639": {"FactionID": "5db2bec7-37c3-4f1c-ab88-21024c12d639", "StandingValue": -3, "AreOpenlyHostile": true}, "7decfd86-9c82-4a17-af3b-5d4af8c4e2ad": {"FactionID": "7decfd86-9c82-4a17-af3b-5d4af8c4e2ad", "StandingValue": -0.5, "AreOpenlyHostile": false}, "a0152cbb-8a78-45a4-ae9b-2ad2b60b583b": {"FactionID": "a0152cbb-8a78-45a4-ae9b-2ad2b60b583b", "StandingValue": 5, "AreOpenlyHostile": false}, "b3d3fa9c-b21e-490f-b39e-128b3af12128": {"FactionID": "b3d3fa9c-b21e-490f-b39e-128b3af12128", "StandingValue": 0, "AreOpenlyHostile": false}, "bdeffd9a-3cab-408c-9cd7-32fce1124f7a": {"FactionID": "bdeffd9a-3cab-408c-9cd7-32fce1124f7a", "StandingValue": -4, "AreOpenlyHostile": true}}}', true, 2, NULL, '{}', '[::1]:36036', false);
INSERT INTO public.users (id, charactername, hashpass, registered, banned, current_shipid, startid, escrow_containerid, current_factionid, reputationsheet, isnpc, behaviourmode, emailaddress, experiencesheet, registeredip, isdev) VALUES ('00cd9457-85ed-47db-af52-30a025546711', 'Haroon Habibi', '1ac58f3119eac429e924f2a9e7f58ff6c40119740ad4eefc2f47450a4712d031', '2022-07-10 14:11:38.997873-04', B'0', null, '49cfc062-64ff-40ac-bc44-04887896da3a', '2fb2a672-a641-458c-b07f-0176d152c805', '27a53dfc-a321-4c12-bf7c-bb177955c95b', '{"factionEntries": {"27a53dfc-a321-4c12-bf7c-bb177955c95b": {"FactionID": "27a53dfc-a321-4c12-bf7c-bb177955c95b", "StandingValue": 10, "AreOpenlyHostile": false}, "30bc70eb-2692-47e6-a7e3-2772e131c3d7": {"FactionID": "30bc70eb-2692-47e6-a7e3-2772e131c3d7", "StandingValue": -3, "AreOpenlyHostile": true}, "506286f5-6613-4481-ac26-caa9940fbe68": {"FactionID": "506286f5-6613-4481-ac26-caa9940fbe68", "StandingValue": 0.5, "AreOpenlyHostile": false}, "559d7fc1-5470-4ab4-8c66-fa2f0b89a523": {"FactionID": "559d7fc1-5470-4ab4-8c66-fa2f0b89a523", "StandingValue": -0.5, "AreOpenlyHostile": false}, "5db2bec7-37c3-4f1c-ab88-21024c12d639": {"FactionID": "5db2bec7-37c3-4f1c-ab88-21024c12d639", "StandingValue": -3, "AreOpenlyHostile": true}, "7decfd86-9c82-4a17-af3b-5d4af8c4e2ad": {"FactionID": "7decfd86-9c82-4a17-af3b-5d4af8c4e2ad", "StandingValue": -0.5, "AreOpenlyHostile": false}, "a0152cbb-8a78-45a4-ae9b-2ad2b60b583b": {"FactionID": "a0152cbb-8a78-45a4-ae9b-2ad2b60b583b", "StandingValue": 5, "AreOpenlyHostile": false}, "b3d3fa9c-b21e-490f-b39e-128b3af12128": {"FactionID": "b3d3fa9c-b21e-490f-b39e-128b3af12128", "StandingValue": 0, "AreOpenlyHostile": false}, "bdeffd9a-3cab-408c-9cd7-32fce1124f7a": {"FactionID": "bdeffd9a-3cab-408c-9cd7-32fce1124f7a", "StandingValue": -4, "AreOpenlyHostile": true}}}', true, 2, NULL, '{}', '[::1]:36036', false);

--   ships
INSERT INTO public.ships (id, universe_systemid, userid, pos_x, pos_y, created, shipname, texture, theta, vel_x, vel_y, shield, armor, hull, fuel, heat, energy, shiptemplateid, dockedat_stationid, fitting, destroyed, destroyedat, cargobay_containerid, fittingbay_containerid, remaxdirty, trash_containerid, wallet, noload, flightexperiencemodifier) VALUES ('aca323fa-28ac-45fa-8670-223612bc23b2', '0078c73f-1b40-4b22-bdf0-f4927d8bd7bd', '6c9dd9db-c2a4-4a8b-a02d-f9fc0388a437', 0, 0, '2022-07-10 14:11:38.861606-04', 'Yu Junjie''s Starter Ship', 'Alligator', 0, 0, 0, 305, 1656, 570, 1107, 0, 503, '9982af33-2a17-4ec9-87b8-85eb6cd857d2', '306c0fcd-cf01-43fc-850f-172191fe1582', '{"a_rack": [{"item_id": "78658211-e80f-4336-b0ff-c66cbd3feb22", "slot_idx": 0, "item_type_id": "5152cbb2-5c36-4935-bba3-14046c01eece"}, {"item_id": "ee6cac68-db6f-4be4-a8ba-e9b1afc96219", "slot_idx": 1, "item_type_id": "5152cbb2-5c36-4935-bba3-14046c01eece"}, {"item_id": "0073cb1a-6160-463a-ac68-94161e040336", "slot_idx": 2, "item_type_id": "837dbdf3-8af8-47c1-9c81-f8088695e6a7"}, {"item_id": "a5f07534-70f4-41ea-bfdd-2d8852df7c00", "slot_idx": 3, "item_type_id": "465fe6dc-513a-48e7-9960-94dd383b0387"}, {"item_id": "75929427-4961-4679-8013-602d9a9ee252", "slot_idx": 4, "item_type_id": "a4c0f0cd-d8be-42eb-b80c-0ebc11f0c64d"}], "b_rack": [{"item_id": "a499e7e5-f5c4-4a10-b431-65717523642a", "slot_idx": 0, "item_type_id": "7ce15993-1030-4134-9e3e-3f5dfe4fb969"}, {"item_id": "1fc676f5-ecd2-4346-be50-1bc591a3ff47", "slot_idx": 1, "item_type_id": "fef05ee8-1cf9-42d0-97e8-4feadf94a852"}], "c_rack": [{"item_id": "9577115b-9420-4956-bbbd-1a7ab397354e", "slot_idx": 0, "item_type_id": "a7298b27-bca0-40f8-8c68-427ae19a1620"}, {"item_id": "ce5318c1-e25e-4ce3-ad8e-f08cb6a3e47b", "slot_idx": 1, "item_type_id": "a7298b27-bca0-40f8-8c68-427ae19a1620"}, {"item_id": "27e5e47f-c2c9-490a-9cc8-95d43eb2cd1e", "slot_idx": 2, "item_type_id": "f9e2d3d2-d7da-4573-a3b9-424dc34d882e"}, {"item_id": "2140effe-5608-4ceb-90ee-07de30ee60fd", "slot_idx": 3, "item_type_id": "f9e2d3d2-d7da-4573-a3b9-424dc34d882e"}]}', false, NULL, 'fd3a5a74-6c5b-4467-8c3a-96c8008caba2', '7266ed3d-74d9-4f2a-8c6f-dad3b70bb40a', true, '8fdd1d0d-ce01-45c1-a4a2-41819f9eff20', 10000, false, 1);
INSERT INTO public.ships (id, universe_systemid, userid, pos_x, pos_y, created, shipname, texture, theta, vel_x, vel_y, shield, armor, hull, fuel, heat, energy, shiptemplateid, dockedat_stationid, fitting, destroyed, destroyedat, cargobay_containerid, fittingbay_containerid, remaxdirty, trash_containerid, wallet, noload, flightexperiencemodifier) VALUES ('b0bff54e-60f2-476d-b77c-20e7b2fdab54', '0078c73f-1b40-4b22-bdf0-f4927d8bd7bd', '27c1ec07-5c21-4254-86d0-ca93fb22446e', 0, 0, '2022-07-10 14:11:38.88772-04', 'Deng Tung-Mei''s Starter Ship', 'Alligator', 0, 0, 0, 305, 1656, 570, 1107, 0, 503, '9982af33-2a17-4ec9-87b8-85eb6cd857d2', '306c0fcd-cf01-43fc-850f-172191fe1582', '{"a_rack": [{"item_id": "7101bf2d-f8d2-4dac-98d8-cf5bfb2e98a3", "slot_idx": 0, "item_type_id": "5152cbb2-5c36-4935-bba3-14046c01eece"}, {"item_id": "c5ce4995-6f6b-426a-a19c-a70c1b7ad9af", "slot_idx": 1, "item_type_id": "5152cbb2-5c36-4935-bba3-14046c01eece"}, {"item_id": "cab89fda-bf19-4735-88bf-7756a8d92ec1", "slot_idx": 2, "item_type_id": "837dbdf3-8af8-47c1-9c81-f8088695e6a7"}, {"item_id": "902f747e-bef5-4d6e-98d3-323a01577381", "slot_idx": 3, "item_type_id": "465fe6dc-513a-48e7-9960-94dd383b0387"}, {"item_id": "da56ccbb-9d74-4150-92cd-6b846ae560ad", "slot_idx": 4, "item_type_id": "a4c0f0cd-d8be-42eb-b80c-0ebc11f0c64d"}], "b_rack": [{"item_id": "5c7f6345-09db-4d08-8bad-aa81e98da31f", "slot_idx": 0, "item_type_id": "7ce15993-1030-4134-9e3e-3f5dfe4fb969"}, {"item_id": "543323a8-404f-421d-bc77-04c18b0814fa", "slot_idx": 1, "item_type_id": "fef05ee8-1cf9-42d0-97e8-4feadf94a852"}], "c_rack": [{"item_id": "790a758e-fc6b-4099-8fa0-cbec8d7feb49", "slot_idx": 0, "item_type_id": "a7298b27-bca0-40f8-8c68-427ae19a1620"}, {"item_id": "37e7dc0f-f72e-447a-9928-ae1f3d3902e7", "slot_idx": 1, "item_type_id": "a7298b27-bca0-40f8-8c68-427ae19a1620"}, {"item_id": "ca07b53b-cc19-4c8b-9858-5fa052a02774", "slot_idx": 2, "item_type_id": "f9e2d3d2-d7da-4573-a3b9-424dc34d882e"}, {"item_id": "6a35a747-8cc4-41fa-80af-d28e89d3a812", "slot_idx": 3, "item_type_id": "f9e2d3d2-d7da-4573-a3b9-424dc34d882e"}]}', false, NULL, '79c2ac99-bce2-4829-b30e-e41947474f69', 'a3374a5f-19cd-4ad4-a663-a4e9c5960316', true, 'ab0bb7f8-f3c5-409c-a0a3-d43615942b8f', 10000, false, 1);
INSERT INTO public.ships (id, universe_systemid, userid, pos_x, pos_y, created, shipname, texture, theta, vel_x, vel_y, shield, armor, hull, fuel, heat, energy, shiptemplateid, dockedat_stationid, fitting, destroyed, destroyedat, cargobay_containerid, fittingbay_containerid, remaxdirty, trash_containerid, wallet, noload, flightexperiencemodifier) VALUES ('f71091d0-7d8b-45b5-b065-d5f87246a7b4', '0078c73f-1b40-4b22-bdf0-f4927d8bd7bd', 'd8be09c6-8cfe-4143-93a0-81c5a854dc02', 0, 0, '2022-07-10 14:11:38.913363-04', 'Cheryl Turner''s Starter Ship', 'Alligator', 0, 0, 0, 305, 1656, 570, 1107, 0, 503, '9982af33-2a17-4ec9-87b8-85eb6cd857d2', '306c0fcd-cf01-43fc-850f-172191fe1582', '{"a_rack": [{"item_id": "e6c626dc-a1e8-4a6b-b89e-0a1d05e2529f", "slot_idx": 0, "item_type_id": "5152cbb2-5c36-4935-bba3-14046c01eece"}, {"item_id": "464b19af-a6e2-448d-99ea-cca9daba9fa2", "slot_idx": 1, "item_type_id": "5152cbb2-5c36-4935-bba3-14046c01eece"}, {"item_id": "1592df31-14d7-46c0-b44b-8850257e1202", "slot_idx": 2, "item_type_id": "837dbdf3-8af8-47c1-9c81-f8088695e6a7"}, {"item_id": "920ee26d-2010-4214-98a1-dd76f0e5ddb3", "slot_idx": 3, "item_type_id": "465fe6dc-513a-48e7-9960-94dd383b0387"}, {"item_id": "07d6dfaf-30d0-4b2f-9804-78073b4b912f", "slot_idx": 4, "item_type_id": "a4c0f0cd-d8be-42eb-b80c-0ebc11f0c64d"}], "b_rack": [{"item_id": "4bc4f078-8ee1-4ebc-8f21-a74442043ddc", "slot_idx": 0, "item_type_id": "7ce15993-1030-4134-9e3e-3f5dfe4fb969"}, {"item_id": "8b2cfcf9-8a1f-4f7e-8a76-63e06c4b81f2", "slot_idx": 1, "item_type_id": "fef05ee8-1cf9-42d0-97e8-4feadf94a852"}], "c_rack": [{"item_id": "5d0f2501-4835-452d-991f-b537b36920a8", "slot_idx": 0, "item_type_id": "a7298b27-bca0-40f8-8c68-427ae19a1620"}, {"item_id": "b473dbb9-3103-4468-98e0-7491a4e0b9a1", "slot_idx": 1, "item_type_id": "a7298b27-bca0-40f8-8c68-427ae19a1620"}, {"item_id": "57f7477f-3485-4487-b610-b887b070698c", "slot_idx": 2, "item_type_id": "f9e2d3d2-d7da-4573-a3b9-424dc34d882e"}, {"item_id": "30aac62b-518b-492b-9fca-ecab19083820", "slot_idx": 3, "item_type_id": "f9e2d3d2-d7da-4573-a3b9-424dc34d882e"}]}', false, NULL, '79a73ecd-b215-4dad-836a-7fa6f2d29ee3', 'f58610fb-8cfe-440c-9da9-f359388a4ef7', true, 'aa4fffad-c563-43ab-9089-a9f09049ea9a', 10000, false, 1);
INSERT INTO public.ships (id, universe_systemid, userid, pos_x, pos_y, created, shipname, texture, theta, vel_x, vel_y, shield, armor, hull, fuel, heat, energy, shiptemplateid, dockedat_stationid, fitting, destroyed, destroyedat, cargobay_containerid, fittingbay_containerid, remaxdirty, trash_containerid, wallet, noload, flightexperiencemodifier) VALUES ('9cf0bede-c3e7-4eda-9e93-bf8c2bbaf231', '0078c73f-1b40-4b22-bdf0-f4927d8bd7bd', 'b75b586b-3846-4ff3-9313-083977561dbe', 0, 0, '2022-07-10 14:11:38.93973-04', 'Derek Holmes''s Starter Ship', 'Alligator', 0, 0, 0, 305, 1656, 570, 1107, 0, 503, '9982af33-2a17-4ec9-87b8-85eb6cd857d2', '306c0fcd-cf01-43fc-850f-172191fe1582', '{"a_rack": [{"item_id": "87726f31-cb21-425d-b5bb-900cb193ce1b", "slot_idx": 0, "item_type_id": "5152cbb2-5c36-4935-bba3-14046c01eece"}, {"item_id": "4ed6625b-ced5-4835-9115-e120dd6d0f49", "slot_idx": 1, "item_type_id": "5152cbb2-5c36-4935-bba3-14046c01eece"}, {"item_id": "6103eeeb-121d-4a69-9a0b-9cca63e30108", "slot_idx": 2, "item_type_id": "837dbdf3-8af8-47c1-9c81-f8088695e6a7"}, {"item_id": "7ca7a20b-28c0-4ee3-b584-91552237d91c", "slot_idx": 3, "item_type_id": "465fe6dc-513a-48e7-9960-94dd383b0387"}, {"item_id": "3e995711-d92e-4060-891c-d02b63729ae1", "slot_idx": 4, "item_type_id": "a4c0f0cd-d8be-42eb-b80c-0ebc11f0c64d"}], "b_rack": [{"item_id": "a69ed52f-622a-4a96-bac6-cc007bec3204", "slot_idx": 0, "item_type_id": "7ce15993-1030-4134-9e3e-3f5dfe4fb969"}, {"item_id": "9f067960-2fc1-493c-9434-ba80d6d378d6", "slot_idx": 1, "item_type_id": "fef05ee8-1cf9-42d0-97e8-4feadf94a852"}], "c_rack": [{"item_id": "97a72451-30b3-4b3d-9bb5-3586f918b11d", "slot_idx": 0, "item_type_id": "a7298b27-bca0-40f8-8c68-427ae19a1620"}, {"item_id": "be7b6991-9050-4ab9-9f35-66d04fa82dfa", "slot_idx": 1, "item_type_id": "a7298b27-bca0-40f8-8c68-427ae19a1620"}, {"item_id": "c2cd7085-047e-446c-aab3-0f7e7c54619a", "slot_idx": 2, "item_type_id": "f9e2d3d2-d7da-4573-a3b9-424dc34d882e"}, {"item_id": "ce99a35e-5525-4e74-8046-f665ec0f1cdd", "slot_idx": 3, "item_type_id": "f9e2d3d2-d7da-4573-a3b9-424dc34d882e"}]}', false, NULL, '093d1a1a-face-4aa6-82cb-b2ca06439eba', '13826184-951e-4159-8466-924c43459d9a', true, '9bf7b3f7-57dc-4cea-819a-44cb18ae0864', 10000, false, 1);
INSERT INTO public.ships (id, universe_systemid, userid, pos_x, pos_y, created, shipname, texture, theta, vel_x, vel_y, shield, armor, hull, fuel, heat, energy, shiptemplateid, dockedat_stationid, fitting, destroyed, destroyedat, cargobay_containerid, fittingbay_containerid, remaxdirty, trash_containerid, wallet, noload, flightexperiencemodifier) VALUES ('6acf1eed-1643-43f0-95e9-46b300b97799', '0078c73f-1b40-4b22-bdf0-f4927d8bd7bd', 'e462c3a8-fbdf-45a8-a678-87f036204fd5', 0, 0, '2022-07-10 14:11:38.966786-04', 'Cayo Triana''s Starter Ship', 'Alligator', 0, 0, 0, 305, 1656, 570, 1107, 0, 503, '9982af33-2a17-4ec9-87b8-85eb6cd857d2', '306c0fcd-cf01-43fc-850f-172191fe1582', '{"a_rack": [{"item_id": "a2b44953-a5e0-4bef-8873-574ff6883554", "slot_idx": 0, "item_type_id": "5152cbb2-5c36-4935-bba3-14046c01eece"}, {"item_id": "dc54cc4a-1cc1-42ca-8cd2-e0e798dd0236", "slot_idx": 1, "item_type_id": "5152cbb2-5c36-4935-bba3-14046c01eece"}, {"item_id": "11a4f928-01df-43e9-94ca-b6b5901c0d69", "slot_idx": 2, "item_type_id": "837dbdf3-8af8-47c1-9c81-f8088695e6a7"}, {"item_id": "b4b8956e-13bd-4338-b3f3-396929ff682b", "slot_idx": 3, "item_type_id": "465fe6dc-513a-48e7-9960-94dd383b0387"}, {"item_id": "3f5ad545-8a9d-4591-8792-479f5ca649d0", "slot_idx": 4, "item_type_id": "a4c0f0cd-d8be-42eb-b80c-0ebc11f0c64d"}], "b_rack": [{"item_id": "05a00955-086f-41a7-af1e-1418d51db975", "slot_idx": 0, "item_type_id": "7ce15993-1030-4134-9e3e-3f5dfe4fb969"}, {"item_id": "d600f226-7737-47bd-877c-a787051dd5e0", "slot_idx": 1, "item_type_id": "fef05ee8-1cf9-42d0-97e8-4feadf94a852"}], "c_rack": [{"item_id": "6bb900a2-f751-4bb3-b0de-0cd2d85d7e4d", "slot_idx": 0, "item_type_id": "a7298b27-bca0-40f8-8c68-427ae19a1620"}, {"item_id": "80279d14-11de-4e82-b037-c40154b5541b", "slot_idx": 1, "item_type_id": "a7298b27-bca0-40f8-8c68-427ae19a1620"}, {"item_id": "2bf17f67-53b5-4f2a-af5d-d3f07c409bdb", "slot_idx": 2, "item_type_id": "f9e2d3d2-d7da-4573-a3b9-424dc34d882e"}, {"item_id": "6b8deefc-f3ff-4327-9203-b5cf378c866e", "slot_idx": 3, "item_type_id": "f9e2d3d2-d7da-4573-a3b9-424dc34d882e"}]}', false, NULL, 'b0229586-e655-4217-9e97-94afd7da4a15', '3285e51a-d744-4e7e-be3f-564177638026', true, 'cddd3296-a714-4715-9d53-bdd5d6669e71', 10000, false, 1);
INSERT INTO public.ships (id, universe_systemid, userid, pos_x, pos_y, created, shipname, texture, theta, vel_x, vel_y, shield, armor, hull, fuel, heat, energy, shiptemplateid, dockedat_stationid, fitting, destroyed, destroyedat, cargobay_containerid, fittingbay_containerid, remaxdirty, trash_containerid, wallet, noload, flightexperiencemodifier) VALUES ('003a5c28-ac6d-4a3a-b837-e050f1dc1adf', '0078c73f-1b40-4b22-bdf0-f4927d8bd7bd', '80bfbd51-3e8b-431e-aaef-a54995b15735', 0, 0, '2022-07-10 14:11:38.992588-04', 'Essua Calleja''s Starter Ship', 'Alligator', 0, 0, 0, 305, 1656, 570, 1107, 0, 503, '9982af33-2a17-4ec9-87b8-85eb6cd857d2', '306c0fcd-cf01-43fc-850f-172191fe1582', '{"a_rack": [{"item_id": "3deb8b06-cc78-4444-8269-11687d337900", "slot_idx": 0, "item_type_id": "5152cbb2-5c36-4935-bba3-14046c01eece"}, {"item_id": "b352babf-4316-4f80-9cbf-10ca1f8a83d3", "slot_idx": 1, "item_type_id": "5152cbb2-5c36-4935-bba3-14046c01eece"}, {"item_id": "e9ff4169-b3d1-453f-be6f-5451e4779b2e", "slot_idx": 2, "item_type_id": "837dbdf3-8af8-47c1-9c81-f8088695e6a7"}, {"item_id": "f1f7f488-0300-47d3-9fd2-5371a5fe151b", "slot_idx": 3, "item_type_id": "465fe6dc-513a-48e7-9960-94dd383b0387"}, {"item_id": "0c7a33df-a8ee-4613-91de-2244dc1b10a0", "slot_idx": 4, "item_type_id": "a4c0f0cd-d8be-42eb-b80c-0ebc11f0c64d"}], "b_rack": [{"item_id": "714d1c28-0b19-4aad-86b2-3d728eaa8b78", "slot_idx": 0, "item_type_id": "7ce15993-1030-4134-9e3e-3f5dfe4fb969"}, {"item_id": "bedb6ef2-9394-4263-a98e-ff813062be38", "slot_idx": 1, "item_type_id": "fef05ee8-1cf9-42d0-97e8-4feadf94a852"}], "c_rack": [{"item_id": "ca02d780-1510-46c8-b5a9-993d8c7b78d6", "slot_idx": 0, "item_type_id": "a7298b27-bca0-40f8-8c68-427ae19a1620"}, {"item_id": "afd8fa61-c40b-497b-b13d-a8f3ed535053", "slot_idx": 1, "item_type_id": "a7298b27-bca0-40f8-8c68-427ae19a1620"}, {"item_id": "51e59839-1839-40c1-9b6d-fbc2178a064a", "slot_idx": 2, "item_type_id": "f9e2d3d2-d7da-4573-a3b9-424dc34d882e"}, {"item_id": "00c654a1-f6a0-4505-880f-4e3623bfe2dc", "slot_idx": 3, "item_type_id": "f9e2d3d2-d7da-4573-a3b9-424dc34d882e"}]}', false, NULL, '9c89b8bd-5812-4424-85f3-79ab706943d5', 'b4ead072-24d8-4e81-ac3c-f97eb3203197', true, '31884628-4d09-4c76-9653-67402b13cd8e', 10000, false, 1);
INSERT INTO public.ships (id, universe_systemid, userid, pos_x, pos_y, created, shipname, texture, theta, vel_x, vel_y, shield, armor, hull, fuel, heat, energy, shiptemplateid, dockedat_stationid, fitting, destroyed, destroyedat, cargobay_containerid, fittingbay_containerid, remaxdirty, trash_containerid, wallet, noload, flightexperiencemodifier) VALUES ('60ecbfbe-1185-416d-9149-c3b43bc734c2', '0078c73f-1b40-4b22-bdf0-f4927d8bd7bd', '00cd9457-85ed-47db-af52-30a025546711', 0, 0, '2022-07-10 14:11:39.018918-04', 'Haroon Habibi''s Starter Ship', 'Alligator', 0, 0, 0, 305, 1656, 570, 1107, 0, 503, '9982af33-2a17-4ec9-87b8-85eb6cd857d2', '306c0fcd-cf01-43fc-850f-172191fe1582', '{"a_rack": [{"item_id": "1afb3dcc-1f70-4a58-8972-57ed9e669d96", "slot_idx": 0, "item_type_id": "5152cbb2-5c36-4935-bba3-14046c01eece"}, {"item_id": "0479630b-25ac-4227-ac9d-7fd18c422a55", "slot_idx": 1, "item_type_id": "5152cbb2-5c36-4935-bba3-14046c01eece"}, {"item_id": "8076e01a-a5d7-4128-b990-778f8615da82", "slot_idx": 2, "item_type_id": "837dbdf3-8af8-47c1-9c81-f8088695e6a7"}, {"item_id": "c9e51b09-dc43-413a-9c46-8ad26bc026ed", "slot_idx": 3, "item_type_id": "465fe6dc-513a-48e7-9960-94dd383b0387"}, {"item_id": "10cae477-fed2-4d3d-a26d-42d5990708e0", "slot_idx": 4, "item_type_id": "a4c0f0cd-d8be-42eb-b80c-0ebc11f0c64d"}], "b_rack": [{"item_id": "71c72a3c-4add-41d5-b9a8-dbe1975c3ce5", "slot_idx": 0, "item_type_id": "7ce15993-1030-4134-9e3e-3f5dfe4fb969"}, {"item_id": "1800534a-b968-40aa-b497-a252f0aab45a", "slot_idx": 1, "item_type_id": "fef05ee8-1cf9-42d0-97e8-4feadf94a852"}], "c_rack": [{"item_id": "138d1f48-e353-46bb-a44c-c6b7862d1fe1", "slot_idx": 0, "item_type_id": "a7298b27-bca0-40f8-8c68-427ae19a1620"}, {"item_id": "6c281dfc-01f5-4563-917d-eb3643deea71", "slot_idx": 1, "item_type_id": "a7298b27-bca0-40f8-8c68-427ae19a1620"}, {"item_id": "8ada2b14-4ee1-4718-b4ef-8e8638fbf238", "slot_idx": 2, "item_type_id": "f9e2d3d2-d7da-4573-a3b9-424dc34d882e"}, {"item_id": "d512c348-cf48-4227-9437-2f886b0f4f6f", "slot_idx": 3, "item_type_id": "f9e2d3d2-d7da-4573-a3b9-424dc34d882e"}]}', false, NULL, '538d2f0d-80c4-4f2d-921d-61e8bcd1bd2c', '13e7c366-0847-47ff-9eba-47eae3e30a48', true, '8471b962-aff3-4a78-8ea1-11bd487f26e9', 10000, false, 1);
INSERT INTO public.ships (id, universe_systemid, userid, pos_x, pos_y, created, shipname, texture, theta, vel_x, vel_y, shield, armor, hull, fuel, heat, energy, shiptemplateid, dockedat_stationid, fitting, destroyed, destroyedat, cargobay_containerid, fittingbay_containerid, remaxdirty, trash_containerid, wallet, noload, flightexperiencemodifier) VALUES ('59c07402-45ea-4215-b09c-b05f2c2363ac', '0078c73f-1b40-4b22-bdf0-f4927d8bd7bd', 'ad431b8d-3ba3-4dc4-9283-14260dfe5f65', 0, 0, '2022-07-10 14:11:39.04461-04', 'Kaseem Kaba''s Starter Ship', 'Alligator', 0, 0, 0, 305, 1656, 570, 1107, 0, 503, '9982af33-2a17-4ec9-87b8-85eb6cd857d2', '306c0fcd-cf01-43fc-850f-172191fe1582', '{"a_rack": [{"item_id": "4714bcbd-31d0-4f34-a77a-9e46cf73224c", "slot_idx": 0, "item_type_id": "5152cbb2-5c36-4935-bba3-14046c01eece"}, {"item_id": "d3a3e81a-00e0-4ad2-946b-470ae6fe6aa6", "slot_idx": 1, "item_type_id": "5152cbb2-5c36-4935-bba3-14046c01eece"}, {"item_id": "4616c623-797d-4640-9023-a9030fc4c5fa", "slot_idx": 2, "item_type_id": "837dbdf3-8af8-47c1-9c81-f8088695e6a7"}, {"item_id": "92b3f688-4938-4b42-9b4f-2af091a85565", "slot_idx": 3, "item_type_id": "465fe6dc-513a-48e7-9960-94dd383b0387"}, {"item_id": "e80824f0-ab3b-4849-a326-95551a89cbc8", "slot_idx": 4, "item_type_id": "a4c0f0cd-d8be-42eb-b80c-0ebc11f0c64d"}], "b_rack": [{"item_id": "de07e4cb-d612-4742-993d-a0274b54b7a0", "slot_idx": 0, "item_type_id": "7ce15993-1030-4134-9e3e-3f5dfe4fb969"}, {"item_id": "85770fbb-21d2-4deb-a771-f326e7c903df", "slot_idx": 1, "item_type_id": "fef05ee8-1cf9-42d0-97e8-4feadf94a852"}], "c_rack": [{"item_id": "c34605dc-a43a-4781-9bba-44a2d51b63a7", "slot_idx": 0, "item_type_id": "a7298b27-bca0-40f8-8c68-427ae19a1620"}, {"item_id": "e0d77b51-2780-48fd-b2f2-6df0d109e94b", "slot_idx": 1, "item_type_id": "a7298b27-bca0-40f8-8c68-427ae19a1620"}, {"item_id": "fe1ef2b0-6eae-4633-a19a-1c47b3f85c63", "slot_idx": 2, "item_type_id": "f9e2d3d2-d7da-4573-a3b9-424dc34d882e"}, {"item_id": "2ade43d5-2ae3-4f8e-a2bc-a1785397de4b", "slot_idx": 3, "item_type_id": "f9e2d3d2-d7da-4573-a3b9-424dc34d882e"}]}', false, NULL, 'ea50801b-aff4-403b-879f-d1ae9395d877', '5c677e0f-6c4d-4b99-bd19-39ba547aaf9b', true, 'f9f9486b-50a3-4070-ae00-ba2421d7b919', 10000, false, 1);

--   items
INSERT INTO public.items (id, itemtypeid, meta, created, createdby, createdreason, containerid, quantity, ispackaged) VALUES ('78658211-e80f-4336-b0ff-c66cbd3feb22', '5152cbb2-5c36-4935-bba3-14046c01eece', '{"hp": 19, "rack": "a", "range": 5710, "volume": 37, "cooldown": 13.5, "flight_time": 14, "hull_damage": 812, "armor_damage": 791, "needs_target": true, "shield_damage": 795, "missile_radius": 2.5, "activation_heat": 16.5, "ammunition_name": "LGPM-4", "ammunition_type": "b9b274c4-d938-4155-8c69-ecb6c4df054f", "fault_tolerance": 0.97, "industrialmarket": {"maxprice": 4672, "minprice": 2216, "silosize": 1000}, "activation_energy": 0.15, "missile_gfx_effect": "lgpm-4", "missile_explosion_effect": "basic_explosion", "missile_explosion_radius": 5}', '2022-07-10 14:11:38.845403-04', '6c9dd9db-c2a4-4a8b-a02d-f9fc0388a437', 'Module for new noob ship for player', '7266ed3d-74d9-4f2a-8c6f-dad3b70bb40a', 1, false);
INSERT INTO public.items (id, itemtypeid, meta, created, createdby, createdreason, containerid, quantity, ispackaged) VALUES ('ee6cac68-db6f-4be4-a8ba-e9b1afc96219', '5152cbb2-5c36-4935-bba3-14046c01eece', '{"hp": 19, "rack": "a", "range": 5710, "volume": 37, "cooldown": 13.5, "flight_time": 14, "hull_damage": 812, "armor_damage": 791, "needs_target": true, "shield_damage": 795, "missile_radius": 2.5, "activation_heat": 16.5, "ammunition_name": "LGPM-4", "ammunition_type": "b9b274c4-d938-4155-8c69-ecb6c4df054f", "fault_tolerance": 0.97, "industrialmarket": {"maxprice": 4672, "minprice": 2216, "silosize": 1000}, "activation_energy": 0.15, "missile_gfx_effect": "lgpm-4", "missile_explosion_effect": "basic_explosion", "missile_explosion_radius": 5}', '2022-07-10 14:11:38.847325-04', '6c9dd9db-c2a4-4a8b-a02d-f9fc0388a437', 'Module for new noob ship for player', '7266ed3d-74d9-4f2a-8c6f-dad3b70bb40a', 1, false);
INSERT INTO public.items (id, itemtypeid, meta, created, createdby, createdreason, containerid, quantity, ispackaged) VALUES ('0073cb1a-6160-463a-ac68-94161e040336', '837dbdf3-8af8-47c1-9c81-f8088695e6a7', '{"hp": 17, "rack": "a", "range": 6398, "volume": 34, "cooldown": 14, "flight_time": 6.3, "hull_damage": 430, "armor_damage": 352, "needs_target": true, "shield_damage": 387, "missile_radius": 2.5, "activation_heat": 19, "ammunition_name": "LHVM-3", "ammunition_type": "8aa4d28b-e02b-4630-86eb-ab46d0ed7fc7", "fault_tolerance": 0.95, "industrialmarket": {"maxprice": 9671, "minprice": 4603, "silosize": 1000}, "activation_energy": 0.11, "missile_gfx_effect": "lhvm-3", "missile_explosion_effect": "basic_explosion", "missile_explosion_radius": 3.6}', '2022-07-10 14:11:38.84924-04', '6c9dd9db-c2a4-4a8b-a02d-f9fc0388a437', 'Module for new noob ship for player', '7266ed3d-74d9-4f2a-8c6f-dad3b70bb40a', 1, false);
INSERT INTO public.items (id, itemtypeid, meta, created, createdby, createdreason, containerid, quantity, ispackaged) VALUES ('a5f07534-70f4-41ea-bfdd-2d8852df7c00', '465fe6dc-513a-48e7-9960-94dd383b0387', '{"hp": 12, "rack": "a", "volume": 40, "cooldown": 45.8, "activation_heat": 47, "industrialmarket": {"maxprice": 39607, "minprice": 24891, "silosize": 1000}, "activation_energy": 452}', '2022-07-10 14:11:38.851033-04', '6c9dd9db-c2a4-4a8b-a02d-f9fc0388a437', 'Module for new noob ship for player', '7266ed3d-74d9-4f2a-8c6f-dad3b70bb40a', 1, false);
INSERT INTO public.items (id, itemtypeid, meta, created, createdby, createdreason, containerid, quantity, ispackaged) VALUES ('75929427-4961-4679-8013-602d9a9ee252', 'a4c0f0cd-d8be-42eb-b80c-0ebc11f0c64d', '{"hp": 42, "rack": "a", "range": 1868, "volume": 35, "falloff": "linear", "cooldown": 3.9, "heat_damage": 515, "hull_damage": 28.7, "armor_damage": 22.9, "needs_target": false, "shield_damage": 8.4, "activation_heat": 517, "industrialmarket": {"maxprice": 28433, "minprice": 15791, "silosize": 1000}, "activation_energy": 311, "activation_gfx_effect": "small_add_thermal", "missile_destruction_chance": 0.45}', '2022-07-10 14:11:38.852504-04', '6c9dd9db-c2a4-4a8b-a02d-f9fc0388a437', 'Module for new noob ship for player', '7266ed3d-74d9-4f2a-8c6f-dad3b70bb40a', 1, false);
INSERT INTO public.items (id, itemtypeid, meta, created, createdby, createdreason, containerid, quantity, ispackaged) VALUES ('a499e7e5-f5c4-4a10-b431-65717523642a', '7ce15993-1030-4134-9e3e-3f5dfe4fb969', '{"hp": 19, "rack": "b", "volume": 30, "cooldown": 32.1, "needs_target": false, "activation_heat": 468, "industrialmarket": {"maxprice": 49319, "minprice": 38840, "silosize": 200}, "activation_energy": 320}', '2022-07-10 14:11:38.853889-04', '6c9dd9db-c2a4-4a8b-a02d-f9fc0388a437', 'Module for new noob ship for player', '7266ed3d-74d9-4f2a-8c6f-dad3b70bb40a', 1, false);
INSERT INTO public.items (id, itemtypeid, meta, created, createdby, createdreason, containerid, quantity, ispackaged) VALUES ('1fc676f5-ecd2-4346-be50-1bc591a3ff47', 'fef05ee8-1cf9-42d0-97e8-4feadf94a852', '{"hp": 17, "rack": "b", "volume": 25, "cooldown": 8.7, "needs_target": false, "activation_heat": 559, "industrialmarket": {"maxprice": 6298, "minprice": 2357, "silosize": 1000}, "activation_energy": 179}', '2022-07-10 14:11:38.855287-04', '6c9dd9db-c2a4-4a8b-a02d-f9fc0388a437', 'Module for new noob ship for player', '7266ed3d-74d9-4f2a-8c6f-dad3b70bb40a', 1, false);
INSERT INTO public.items (id, itemtypeid, meta, created, createdby, createdreason, containerid, quantity, ispackaged) VALUES ('9577115b-9420-4956-bbbd-1a7ab397354e', 'a7298b27-bca0-40f8-8c68-427ae19a1620', '{"hp": 155, "rack": "c", "volume": 30, "armor_max_add": 770, "industrialmarket": {"maxprice": 2780, "minprice": 913, "silosize": 1000}}', '2022-07-10 14:11:38.856663-04', '6c9dd9db-c2a4-4a8b-a02d-f9fc0388a437', 'Module for new noob ship for player', '7266ed3d-74d9-4f2a-8c6f-dad3b70bb40a', 1, false);
INSERT INTO public.items (id, itemtypeid, meta, created, createdby, createdreason, containerid, quantity, ispackaged) VALUES ('ce5318c1-e25e-4ce3-ad8e-f08cb6a3e47b', 'a7298b27-bca0-40f8-8c68-427ae19a1620', '{"hp": 155, "rack": "c", "volume": 30, "armor_max_add": 770, "industrialmarket": {"maxprice": 2780, "minprice": 913, "silosize": 1000}}', '2022-07-10 14:11:38.857999-04', '6c9dd9db-c2a4-4a8b-a02d-f9fc0388a437', 'Module for new noob ship for player', '7266ed3d-74d9-4f2a-8c6f-dad3b70bb40a', 1, false);
INSERT INTO public.items (id, itemtypeid, meta, created, createdby, createdreason, containerid, quantity, ispackaged) VALUES ('27e5e47f-c2c9-490a-9cc8-95d43eb2cd1e', 'f9e2d3d2-d7da-4573-a3b9-424dc34d882e', '{"hp": 16, "rack": "c", "volume": 32, "industrialmarket": {"maxprice": 11780, "minprice": 7710, "silosize": 1000}, "energy_regen_max_add": 20}', '2022-07-10 14:11:38.859335-04', '6c9dd9db-c2a4-4a8b-a02d-f9fc0388a437', 'Module for new noob ship for player', '7266ed3d-74d9-4f2a-8c6f-dad3b70bb40a', 1, false);
INSERT INTO public.items (id, itemtypeid, meta, created, createdby, createdreason, containerid, quantity, ispackaged) VALUES ('2140effe-5608-4ceb-90ee-07de30ee60fd', 'f9e2d3d2-d7da-4573-a3b9-424dc34d882e', '{"hp": 16, "rack": "c", "volume": 32, "industrialmarket": {"maxprice": 11780, "minprice": 7710, "silosize": 1000}, "energy_regen_max_add": 20}', '2022-07-10 14:11:38.860562-04', '6c9dd9db-c2a4-4a8b-a02d-f9fc0388a437', 'Module for new noob ship for player', '7266ed3d-74d9-4f2a-8c6f-dad3b70bb40a', 1, false);
INSERT INTO public.items (id, itemtypeid, meta, created, createdby, createdreason, containerid, quantity, ispackaged) VALUES ('7101bf2d-f8d2-4dac-98d8-cf5bfb2e98a3', '5152cbb2-5c36-4935-bba3-14046c01eece', '{"hp": 19, "rack": "a", "range": 5710, "volume": 37, "cooldown": 13.5, "flight_time": 14, "hull_damage": 812, "armor_damage": 791, "needs_target": true, "shield_damage": 795, "missile_radius": 2.5, "activation_heat": 16.5, "ammunition_name": "LGPM-4", "ammunition_type": "b9b274c4-d938-4155-8c69-ecb6c4df054f", "fault_tolerance": 0.97, "industrialmarket": {"maxprice": 4672, "minprice": 2216, "silosize": 1000}, "activation_energy": 0.15, "missile_gfx_effect": "lgpm-4", "missile_explosion_effect": "basic_explosion", "missile_explosion_radius": 5}', '2022-07-10 14:11:38.872667-04', '27c1ec07-5c21-4254-86d0-ca93fb22446e', 'Module for new noob ship for player', 'a3374a5f-19cd-4ad4-a663-a4e9c5960316', 1, false);
INSERT INTO public.items (id, itemtypeid, meta, created, createdby, createdreason, containerid, quantity, ispackaged) VALUES ('c5ce4995-6f6b-426a-a19c-a70c1b7ad9af', '5152cbb2-5c36-4935-bba3-14046c01eece', '{"hp": 19, "rack": "a", "range": 5710, "volume": 37, "cooldown": 13.5, "flight_time": 14, "hull_damage": 812, "armor_damage": 791, "needs_target": true, "shield_damage": 795, "missile_radius": 2.5, "activation_heat": 16.5, "ammunition_name": "LGPM-4", "ammunition_type": "b9b274c4-d938-4155-8c69-ecb6c4df054f", "fault_tolerance": 0.97, "industrialmarket": {"maxprice": 4672, "minprice": 2216, "silosize": 1000}, "activation_energy": 0.15, "missile_gfx_effect": "lgpm-4", "missile_explosion_effect": "basic_explosion", "missile_explosion_radius": 5}', '2022-07-10 14:11:38.873985-04', '27c1ec07-5c21-4254-86d0-ca93fb22446e', 'Module for new noob ship for player', 'a3374a5f-19cd-4ad4-a663-a4e9c5960316', 1, false);
INSERT INTO public.items (id, itemtypeid, meta, created, createdby, createdreason, containerid, quantity, ispackaged) VALUES ('4bc4f078-8ee1-4ebc-8f21-a74442043ddc', '7ce15993-1030-4134-9e3e-3f5dfe4fb969', '{"hp": 19, "rack": "b", "volume": 30, "cooldown": 32.1, "needs_target": false, "activation_heat": 468, "industrialmarket": {"maxprice": 49319, "minprice": 38840, "silosize": 200}, "activation_energy": 320}', '2022-07-10 14:11:38.905427-04', 'd8be09c6-8cfe-4143-93a0-81c5a854dc02', 'Module for new noob ship for player', 'f58610fb-8cfe-440c-9da9-f359388a4ef7', 1, false);
INSERT INTO public.items (id, itemtypeid, meta, created, createdby, createdreason, containerid, quantity, ispackaged) VALUES ('cab89fda-bf19-4735-88bf-7756a8d92ec1', '837dbdf3-8af8-47c1-9c81-f8088695e6a7', '{"hp": 17, "rack": "a", "range": 6398, "volume": 34, "cooldown": 14, "flight_time": 6.3, "hull_damage": 430, "armor_damage": 352, "needs_target": true, "shield_damage": 387, "missile_radius": 2.5, "activation_heat": 19, "ammunition_name": "LHVM-3", "ammunition_type": "8aa4d28b-e02b-4630-86eb-ab46d0ed7fc7", "fault_tolerance": 0.95, "industrialmarket": {"maxprice": 9671, "minprice": 4603, "silosize": 1000}, "activation_energy": 0.11, "missile_gfx_effect": "lhvm-3", "missile_explosion_effect": "basic_explosion", "missile_explosion_radius": 3.6}', '2022-07-10 14:11:38.875435-04', '27c1ec07-5c21-4254-86d0-ca93fb22446e', 'Module for new noob ship for player', 'a3374a5f-19cd-4ad4-a663-a4e9c5960316', 1, false);
INSERT INTO public.items (id, itemtypeid, meta, created, createdby, createdreason, containerid, quantity, ispackaged) VALUES ('902f747e-bef5-4d6e-98d3-323a01577381', '465fe6dc-513a-48e7-9960-94dd383b0387', '{"hp": 12, "rack": "a", "volume": 40, "cooldown": 45.8, "activation_heat": 47, "industrialmarket": {"maxprice": 39607, "minprice": 24891, "silosize": 1000}, "activation_energy": 452}', '2022-07-10 14:11:38.876834-04', '27c1ec07-5c21-4254-86d0-ca93fb22446e', 'Module for new noob ship for player', 'a3374a5f-19cd-4ad4-a663-a4e9c5960316', 1, false);
INSERT INTO public.items (id, itemtypeid, meta, created, createdby, createdreason, containerid, quantity, ispackaged) VALUES ('da56ccbb-9d74-4150-92cd-6b846ae560ad', 'a4c0f0cd-d8be-42eb-b80c-0ebc11f0c64d', '{"hp": 42, "rack": "a", "range": 1868, "volume": 35, "falloff": "linear", "cooldown": 3.9, "heat_damage": 515, "hull_damage": 28.7, "armor_damage": 22.9, "needs_target": false, "shield_damage": 8.4, "activation_heat": 517, "industrialmarket": {"maxprice": 28433, "minprice": 15791, "silosize": 1000}, "activation_energy": 311, "activation_gfx_effect": "small_add_thermal", "missile_destruction_chance": 0.45}', '2022-07-10 14:11:38.878248-04', '27c1ec07-5c21-4254-86d0-ca93fb22446e', 'Module for new noob ship for player', 'a3374a5f-19cd-4ad4-a663-a4e9c5960316', 1, false);
INSERT INTO public.items (id, itemtypeid, meta, created, createdby, createdreason, containerid, quantity, ispackaged) VALUES ('5c7f6345-09db-4d08-8bad-aa81e98da31f', '7ce15993-1030-4134-9e3e-3f5dfe4fb969', '{"hp": 19, "rack": "b", "volume": 30, "cooldown": 32.1, "needs_target": false, "activation_heat": 468, "industrialmarket": {"maxprice": 49319, "minprice": 38840, "silosize": 200}, "activation_energy": 320}', '2022-07-10 14:11:38.879497-04', '27c1ec07-5c21-4254-86d0-ca93fb22446e', 'Module for new noob ship for player', 'a3374a5f-19cd-4ad4-a663-a4e9c5960316', 1, false);
INSERT INTO public.items (id, itemtypeid, meta, created, createdby, createdreason, containerid, quantity, ispackaged) VALUES ('543323a8-404f-421d-bc77-04c18b0814fa', 'fef05ee8-1cf9-42d0-97e8-4feadf94a852', '{"hp": 17, "rack": "b", "volume": 25, "cooldown": 8.7, "needs_target": false, "activation_heat": 559, "industrialmarket": {"maxprice": 6298, "minprice": 2357, "silosize": 1000}, "activation_energy": 179}', '2022-07-10 14:11:38.880851-04', '27c1ec07-5c21-4254-86d0-ca93fb22446e', 'Module for new noob ship for player', 'a3374a5f-19cd-4ad4-a663-a4e9c5960316', 1, false);
INSERT INTO public.items (id, itemtypeid, meta, created, createdby, createdreason, containerid, quantity, ispackaged) VALUES ('790a758e-fc6b-4099-8fa0-cbec8d7feb49', 'a7298b27-bca0-40f8-8c68-427ae19a1620', '{"hp": 155, "rack": "c", "volume": 30, "armor_max_add": 770, "industrialmarket": {"maxprice": 2780, "minprice": 913, "silosize": 1000}}', '2022-07-10 14:11:38.882451-04', '27c1ec07-5c21-4254-86d0-ca93fb22446e', 'Module for new noob ship for player', 'a3374a5f-19cd-4ad4-a663-a4e9c5960316', 1, false);
INSERT INTO public.items (id, itemtypeid, meta, created, createdby, createdreason, containerid, quantity, ispackaged) VALUES ('37e7dc0f-f72e-447a-9928-ae1f3d3902e7', 'a7298b27-bca0-40f8-8c68-427ae19a1620', '{"hp": 155, "rack": "c", "volume": 30, "armor_max_add": 770, "industrialmarket": {"maxprice": 2780, "minprice": 913, "silosize": 1000}}', '2022-07-10 14:11:38.883864-04', '27c1ec07-5c21-4254-86d0-ca93fb22446e', 'Module for new noob ship for player', 'a3374a5f-19cd-4ad4-a663-a4e9c5960316', 1, false);
INSERT INTO public.items (id, itemtypeid, meta, created, createdby, createdreason, containerid, quantity, ispackaged) VALUES ('ca07b53b-cc19-4c8b-9858-5fa052a02774', 'f9e2d3d2-d7da-4573-a3b9-424dc34d882e', '{"hp": 16, "rack": "c", "volume": 32, "industrialmarket": {"maxprice": 11780, "minprice": 7710, "silosize": 1000}, "energy_regen_max_add": 20}', '2022-07-10 14:11:38.885253-04', '27c1ec07-5c21-4254-86d0-ca93fb22446e', 'Module for new noob ship for player', 'a3374a5f-19cd-4ad4-a663-a4e9c5960316', 1, false);
INSERT INTO public.items (id, itemtypeid, meta, created, createdby, createdreason, containerid, quantity, ispackaged) VALUES ('6a35a747-8cc4-41fa-80af-d28e89d3a812', 'f9e2d3d2-d7da-4573-a3b9-424dc34d882e', '{"hp": 16, "rack": "c", "volume": 32, "industrialmarket": {"maxprice": 11780, "minprice": 7710, "silosize": 1000}, "energy_regen_max_add": 20}', '2022-07-10 14:11:38.886585-04', '27c1ec07-5c21-4254-86d0-ca93fb22446e', 'Module for new noob ship for player', 'a3374a5f-19cd-4ad4-a663-a4e9c5960316', 1, false);
INSERT INTO public.items (id, itemtypeid, meta, created, createdby, createdreason, containerid, quantity, ispackaged) VALUES ('e6c626dc-a1e8-4a6b-b89e-0a1d05e2529f', '5152cbb2-5c36-4935-bba3-14046c01eece', '{"hp": 19, "rack": "a", "range": 5710, "volume": 37, "cooldown": 13.5, "flight_time": 14, "hull_damage": 812, "armor_damage": 791, "needs_target": true, "shield_damage": 795, "missile_radius": 2.5, "activation_heat": 16.5, "ammunition_name": "LGPM-4", "ammunition_type": "b9b274c4-d938-4155-8c69-ecb6c4df054f", "fault_tolerance": 0.97, "industrialmarket": {"maxprice": 4672, "minprice": 2216, "silosize": 1000}, "activation_energy": 0.15, "missile_gfx_effect": "lgpm-4", "missile_explosion_effect": "basic_explosion", "missile_explosion_radius": 5}', '2022-07-10 14:11:38.898051-04', 'd8be09c6-8cfe-4143-93a0-81c5a854dc02', 'Module for new noob ship for player', 'f58610fb-8cfe-440c-9da9-f359388a4ef7', 1, false);
INSERT INTO public.items (id, itemtypeid, meta, created, createdby, createdreason, containerid, quantity, ispackaged) VALUES ('464b19af-a6e2-448d-99ea-cca9daba9fa2', '5152cbb2-5c36-4935-bba3-14046c01eece', '{"hp": 19, "rack": "a", "range": 5710, "volume": 37, "cooldown": 13.5, "flight_time": 14, "hull_damage": 812, "armor_damage": 791, "needs_target": true, "shield_damage": 795, "missile_radius": 2.5, "activation_heat": 16.5, "ammunition_name": "LGPM-4", "ammunition_type": "b9b274c4-d938-4155-8c69-ecb6c4df054f", "fault_tolerance": 0.97, "industrialmarket": {"maxprice": 4672, "minprice": 2216, "silosize": 1000}, "activation_energy": 0.15, "missile_gfx_effect": "lgpm-4", "missile_explosion_effect": "basic_explosion", "missile_explosion_radius": 5}', '2022-07-10 14:11:38.899572-04', 'd8be09c6-8cfe-4143-93a0-81c5a854dc02', 'Module for new noob ship for player', 'f58610fb-8cfe-440c-9da9-f359388a4ef7', 1, false);
INSERT INTO public.items (id, itemtypeid, meta, created, createdby, createdreason, containerid, quantity, ispackaged) VALUES ('1592df31-14d7-46c0-b44b-8850257e1202', '837dbdf3-8af8-47c1-9c81-f8088695e6a7', '{"hp": 17, "rack": "a", "range": 6398, "volume": 34, "cooldown": 14, "flight_time": 6.3, "hull_damage": 430, "armor_damage": 352, "needs_target": true, "shield_damage": 387, "missile_radius": 2.5, "activation_heat": 19, "ammunition_name": "LHVM-3", "ammunition_type": "8aa4d28b-e02b-4630-86eb-ab46d0ed7fc7", "fault_tolerance": 0.95, "industrialmarket": {"maxprice": 9671, "minprice": 4603, "silosize": 1000}, "activation_energy": 0.11, "missile_gfx_effect": "lhvm-3", "missile_explosion_effect": "basic_explosion", "missile_explosion_radius": 3.6}', '2022-07-10 14:11:38.901052-04', 'd8be09c6-8cfe-4143-93a0-81c5a854dc02', 'Module for new noob ship for player', 'f58610fb-8cfe-440c-9da9-f359388a4ef7', 1, false);
INSERT INTO public.items (id, itemtypeid, meta, created, createdby, createdreason, containerid, quantity, ispackaged) VALUES ('920ee26d-2010-4214-98a1-dd76f0e5ddb3', '465fe6dc-513a-48e7-9960-94dd383b0387', '{"hp": 12, "rack": "a", "volume": 40, "cooldown": 45.8, "activation_heat": 47, "industrialmarket": {"maxprice": 39607, "minprice": 24891, "silosize": 1000}, "activation_energy": 452}', '2022-07-10 14:11:38.902572-04', 'd8be09c6-8cfe-4143-93a0-81c5a854dc02', 'Module for new noob ship for player', 'f58610fb-8cfe-440c-9da9-f359388a4ef7', 1, false);
INSERT INTO public.items (id, itemtypeid, meta, created, createdby, createdreason, containerid, quantity, ispackaged) VALUES ('07d6dfaf-30d0-4b2f-9804-78073b4b912f', 'a4c0f0cd-d8be-42eb-b80c-0ebc11f0c64d', '{"hp": 42, "rack": "a", "range": 1868, "volume": 35, "falloff": "linear", "cooldown": 3.9, "heat_damage": 515, "hull_damage": 28.7, "armor_damage": 22.9, "needs_target": false, "shield_damage": 8.4, "activation_heat": 517, "industrialmarket": {"maxprice": 28433, "minprice": 15791, "silosize": 1000}, "activation_energy": 311, "activation_gfx_effect": "small_add_thermal", "missile_destruction_chance": 0.45}', '2022-07-10 14:11:38.903981-04', 'd8be09c6-8cfe-4143-93a0-81c5a854dc02', 'Module for new noob ship for player', 'f58610fb-8cfe-440c-9da9-f359388a4ef7', 1, false);
INSERT INTO public.items (id, itemtypeid, meta, created, createdby, createdreason, containerid, quantity, ispackaged) VALUES ('8b2cfcf9-8a1f-4f7e-8a76-63e06c4b81f2', 'fef05ee8-1cf9-42d0-97e8-4feadf94a852', '{"hp": 17, "rack": "b", "volume": 25, "cooldown": 8.7, "needs_target": false, "activation_heat": 559, "industrialmarket": {"maxprice": 6298, "minprice": 2357, "silosize": 1000}, "activation_energy": 179}', '2022-07-10 14:11:38.906866-04', 'd8be09c6-8cfe-4143-93a0-81c5a854dc02', 'Module for new noob ship for player', 'f58610fb-8cfe-440c-9da9-f359388a4ef7', 1, false);
INSERT INTO public.items (id, itemtypeid, meta, created, createdby, createdreason, containerid, quantity, ispackaged) VALUES ('5d0f2501-4835-452d-991f-b537b36920a8', 'a7298b27-bca0-40f8-8c68-427ae19a1620', '{"hp": 155, "rack": "c", "volume": 30, "armor_max_add": 770, "industrialmarket": {"maxprice": 2780, "minprice": 913, "silosize": 1000}}', '2022-07-10 14:11:38.908321-04', 'd8be09c6-8cfe-4143-93a0-81c5a854dc02', 'Module for new noob ship for player', 'f58610fb-8cfe-440c-9da9-f359388a4ef7', 1, false);
INSERT INTO public.items (id, itemtypeid, meta, created, createdby, createdreason, containerid, quantity, ispackaged) VALUES ('b473dbb9-3103-4468-98e0-7491a4e0b9a1', 'a7298b27-bca0-40f8-8c68-427ae19a1620', '{"hp": 155, "rack": "c", "volume": 30, "armor_max_add": 770, "industrialmarket": {"maxprice": 2780, "minprice": 913, "silosize": 1000}}', '2022-07-10 14:11:38.909651-04', 'd8be09c6-8cfe-4143-93a0-81c5a854dc02', 'Module for new noob ship for player', 'f58610fb-8cfe-440c-9da9-f359388a4ef7', 1, false);
INSERT INTO public.items (id, itemtypeid, meta, created, createdby, createdreason, containerid, quantity, ispackaged) VALUES ('57f7477f-3485-4487-b610-b887b070698c', 'f9e2d3d2-d7da-4573-a3b9-424dc34d882e', '{"hp": 16, "rack": "c", "volume": 32, "industrialmarket": {"maxprice": 11780, "minprice": 7710, "silosize": 1000}, "energy_regen_max_add": 20}', '2022-07-10 14:11:38.910964-04', 'd8be09c6-8cfe-4143-93a0-81c5a854dc02', 'Module for new noob ship for player', 'f58610fb-8cfe-440c-9da9-f359388a4ef7', 1, false);
INSERT INTO public.items (id, itemtypeid, meta, created, createdby, createdreason, containerid, quantity, ispackaged) VALUES ('30aac62b-518b-492b-9fca-ecab19083820', 'f9e2d3d2-d7da-4573-a3b9-424dc34d882e', '{"hp": 16, "rack": "c", "volume": 32, "industrialmarket": {"maxprice": 11780, "minprice": 7710, "silosize": 1000}, "energy_regen_max_add": 20}', '2022-07-10 14:11:38.912251-04', 'd8be09c6-8cfe-4143-93a0-81c5a854dc02', 'Module for new noob ship for player', 'f58610fb-8cfe-440c-9da9-f359388a4ef7', 1, false);
INSERT INTO public.items (id, itemtypeid, meta, created, createdby, createdreason, containerid, quantity, ispackaged) VALUES ('87726f31-cb21-425d-b5bb-900cb193ce1b', '5152cbb2-5c36-4935-bba3-14046c01eece', '{"hp": 19, "rack": "a", "range": 5710, "volume": 37, "cooldown": 13.5, "flight_time": 14, "hull_damage": 812, "armor_damage": 791, "needs_target": true, "shield_damage": 795, "missile_radius": 2.5, "activation_heat": 16.5, "ammunition_name": "LGPM-4", "ammunition_type": "b9b274c4-d938-4155-8c69-ecb6c4df054f", "fault_tolerance": 0.97, "industrialmarket": {"maxprice": 4672, "minprice": 2216, "silosize": 1000}, "activation_energy": 0.15, "missile_gfx_effect": "lgpm-4", "missile_explosion_effect": "basic_explosion", "missile_explosion_radius": 5}', '2022-07-10 14:11:38.923871-04', 'b75b586b-3846-4ff3-9313-083977561dbe', 'Module for new noob ship for player', '13826184-951e-4159-8466-924c43459d9a', 1, false);
INSERT INTO public.items (id, itemtypeid, meta, created, createdby, createdreason, containerid, quantity, ispackaged) VALUES ('4ed6625b-ced5-4835-9115-e120dd6d0f49', '5152cbb2-5c36-4935-bba3-14046c01eece', '{"hp": 19, "rack": "a", "range": 5710, "volume": 37, "cooldown": 13.5, "flight_time": 14, "hull_damage": 812, "armor_damage": 791, "needs_target": true, "shield_damage": 795, "missile_radius": 2.5, "activation_heat": 16.5, "ammunition_name": "LGPM-4", "ammunition_type": "b9b274c4-d938-4155-8c69-ecb6c4df054f", "fault_tolerance": 0.97, "industrialmarket": {"maxprice": 4672, "minprice": 2216, "silosize": 1000}, "activation_energy": 0.15, "missile_gfx_effect": "lgpm-4", "missile_explosion_effect": "basic_explosion", "missile_explosion_radius": 5}', '2022-07-10 14:11:38.925346-04', 'b75b586b-3846-4ff3-9313-083977561dbe', 'Module for new noob ship for player', '13826184-951e-4159-8466-924c43459d9a', 1, false);
INSERT INTO public.items (id, itemtypeid, meta, created, createdby, createdreason, containerid, quantity, ispackaged) VALUES ('6103eeeb-121d-4a69-9a0b-9cca63e30108', '837dbdf3-8af8-47c1-9c81-f8088695e6a7', '{"hp": 17, "rack": "a", "range": 6398, "volume": 34, "cooldown": 14, "flight_time": 6.3, "hull_damage": 430, "armor_damage": 352, "needs_target": true, "shield_damage": 387, "missile_radius": 2.5, "activation_heat": 19, "ammunition_name": "LHVM-3", "ammunition_type": "8aa4d28b-e02b-4630-86eb-ab46d0ed7fc7", "fault_tolerance": 0.95, "industrialmarket": {"maxprice": 9671, "minprice": 4603, "silosize": 1000}, "activation_energy": 0.11, "missile_gfx_effect": "lhvm-3", "missile_explosion_effect": "basic_explosion", "missile_explosion_radius": 3.6}', '2022-07-10 14:11:38.926731-04', 'b75b586b-3846-4ff3-9313-083977561dbe', 'Module for new noob ship for player', '13826184-951e-4159-8466-924c43459d9a', 1, false);
INSERT INTO public.items (id, itemtypeid, meta, created, createdby, createdreason, containerid, quantity, ispackaged) VALUES ('7ca7a20b-28c0-4ee3-b584-91552237d91c', '465fe6dc-513a-48e7-9960-94dd383b0387', '{"hp": 12, "rack": "a", "volume": 40, "cooldown": 45.8, "activation_heat": 47, "industrialmarket": {"maxprice": 39607, "minprice": 24891, "silosize": 1000}, "activation_energy": 452}', '2022-07-10 14:11:38.928125-04', 'b75b586b-3846-4ff3-9313-083977561dbe', 'Module for new noob ship for player', '13826184-951e-4159-8466-924c43459d9a', 1, false);
INSERT INTO public.items (id, itemtypeid, meta, created, createdby, createdreason, containerid, quantity, ispackaged) VALUES ('3e995711-d92e-4060-891c-d02b63729ae1', 'a4c0f0cd-d8be-42eb-b80c-0ebc11f0c64d', '{"hp": 42, "rack": "a", "range": 1868, "volume": 35, "falloff": "linear", "cooldown": 3.9, "heat_damage": 515, "hull_damage": 28.7, "armor_damage": 22.9, "needs_target": false, "shield_damage": 8.4, "activation_heat": 517, "industrialmarket": {"maxprice": 28433, "minprice": 15791, "silosize": 1000}, "activation_energy": 311, "activation_gfx_effect": "small_add_thermal", "missile_destruction_chance": 0.45}', '2022-07-10 14:11:38.929617-04', 'b75b586b-3846-4ff3-9313-083977561dbe', 'Module for new noob ship for player', '13826184-951e-4159-8466-924c43459d9a', 1, false);
INSERT INTO public.items (id, itemtypeid, meta, created, createdby, createdreason, containerid, quantity, ispackaged) VALUES ('a69ed52f-622a-4a96-bac6-cc007bec3204', '7ce15993-1030-4134-9e3e-3f5dfe4fb969', '{"hp": 19, "rack": "b", "volume": 30, "cooldown": 32.1, "needs_target": false, "activation_heat": 468, "industrialmarket": {"maxprice": 49319, "minprice": 38840, "silosize": 200}, "activation_energy": 320}', '2022-07-10 14:11:38.931101-04', 'b75b586b-3846-4ff3-9313-083977561dbe', 'Module for new noob ship for player', '13826184-951e-4159-8466-924c43459d9a', 1, false);
INSERT INTO public.items (id, itemtypeid, meta, created, createdby, createdreason, containerid, quantity, ispackaged) VALUES ('9f067960-2fc1-493c-9434-ba80d6d378d6', 'fef05ee8-1cf9-42d0-97e8-4feadf94a852', '{"hp": 17, "rack": "b", "volume": 25, "cooldown": 8.7, "needs_target": false, "activation_heat": 559, "industrialmarket": {"maxprice": 6298, "minprice": 2357, "silosize": 1000}, "activation_energy": 179}', '2022-07-10 14:11:38.932962-04', 'b75b586b-3846-4ff3-9313-083977561dbe', 'Module for new noob ship for player', '13826184-951e-4159-8466-924c43459d9a', 1, false);
INSERT INTO public.items (id, itemtypeid, meta, created, createdby, createdreason, containerid, quantity, ispackaged) VALUES ('97a72451-30b3-4b3d-9bb5-3586f918b11d', 'a7298b27-bca0-40f8-8c68-427ae19a1620', '{"hp": 155, "rack": "c", "volume": 30, "armor_max_add": 770, "industrialmarket": {"maxprice": 2780, "minprice": 913, "silosize": 1000}}', '2022-07-10 14:11:38.934589-04', 'b75b586b-3846-4ff3-9313-083977561dbe', 'Module for new noob ship for player', '13826184-951e-4159-8466-924c43459d9a', 1, false);
INSERT INTO public.items (id, itemtypeid, meta, created, createdby, createdreason, containerid, quantity, ispackaged) VALUES ('be7b6991-9050-4ab9-9f35-66d04fa82dfa', 'a7298b27-bca0-40f8-8c68-427ae19a1620', '{"hp": 155, "rack": "c", "volume": 30, "armor_max_add": 770, "industrialmarket": {"maxprice": 2780, "minprice": 913, "silosize": 1000}}', '2022-07-10 14:11:38.935973-04', 'b75b586b-3846-4ff3-9313-083977561dbe', 'Module for new noob ship for player', '13826184-951e-4159-8466-924c43459d9a', 1, false);
INSERT INTO public.items (id, itemtypeid, meta, created, createdby, createdreason, containerid, quantity, ispackaged) VALUES ('c2cd7085-047e-446c-aab3-0f7e7c54619a', 'f9e2d3d2-d7da-4573-a3b9-424dc34d882e', '{"hp": 16, "rack": "c", "volume": 32, "industrialmarket": {"maxprice": 11780, "minprice": 7710, "silosize": 1000}, "energy_regen_max_add": 20}', '2022-07-10 14:11:38.937304-04', 'b75b586b-3846-4ff3-9313-083977561dbe', 'Module for new noob ship for player', '13826184-951e-4159-8466-924c43459d9a', 1, false);
INSERT INTO public.items (id, itemtypeid, meta, created, createdby, createdreason, containerid, quantity, ispackaged) VALUES ('ce99a35e-5525-4e74-8046-f665ec0f1cdd', 'f9e2d3d2-d7da-4573-a3b9-424dc34d882e', '{"hp": 16, "rack": "c", "volume": 32, "industrialmarket": {"maxprice": 11780, "minprice": 7710, "silosize": 1000}, "energy_regen_max_add": 20}', '2022-07-10 14:11:38.938629-04', 'b75b586b-3846-4ff3-9313-083977561dbe', 'Module for new noob ship for player', '13826184-951e-4159-8466-924c43459d9a', 1, false);
INSERT INTO public.items (id, itemtypeid, meta, created, createdby, createdreason, containerid, quantity, ispackaged) VALUES ('a2b44953-a5e0-4bef-8873-574ff6883554', '5152cbb2-5c36-4935-bba3-14046c01eece', '{"hp": 19, "rack": "a", "range": 5710, "volume": 37, "cooldown": 13.5, "flight_time": 14, "hull_damage": 812, "armor_damage": 791, "needs_target": true, "shield_damage": 795, "missile_radius": 2.5, "activation_heat": 16.5, "ammunition_name": "LGPM-4", "ammunition_type": "b9b274c4-d938-4155-8c69-ecb6c4df054f", "fault_tolerance": 0.97, "industrialmarket": {"maxprice": 4672, "minprice": 2216, "silosize": 1000}, "activation_energy": 0.15, "missile_gfx_effect": "lgpm-4", "missile_explosion_effect": "basic_explosion", "missile_explosion_radius": 5}', '2022-07-10 14:11:38.951137-04', 'e462c3a8-fbdf-45a8-a678-87f036204fd5', 'Module for new noob ship for player', '3285e51a-d744-4e7e-be3f-564177638026', 1, false);
INSERT INTO public.items (id, itemtypeid, meta, created, createdby, createdreason, containerid, quantity, ispackaged) VALUES ('dc54cc4a-1cc1-42ca-8cd2-e0e798dd0236', '5152cbb2-5c36-4935-bba3-14046c01eece', '{"hp": 19, "rack": "a", "range": 5710, "volume": 37, "cooldown": 13.5, "flight_time": 14, "hull_damage": 812, "armor_damage": 791, "needs_target": true, "shield_damage": 795, "missile_radius": 2.5, "activation_heat": 16.5, "ammunition_name": "LGPM-4", "ammunition_type": "b9b274c4-d938-4155-8c69-ecb6c4df054f", "fault_tolerance": 0.97, "industrialmarket": {"maxprice": 4672, "minprice": 2216, "silosize": 1000}, "activation_energy": 0.15, "missile_gfx_effect": "lgpm-4", "missile_explosion_effect": "basic_explosion", "missile_explosion_radius": 5}', '2022-07-10 14:11:38.952583-04', 'e462c3a8-fbdf-45a8-a678-87f036204fd5', 'Module for new noob ship for player', '3285e51a-d744-4e7e-be3f-564177638026', 1, false);
INSERT INTO public.items (id, itemtypeid, meta, created, createdby, createdreason, containerid, quantity, ispackaged) VALUES ('11a4f928-01df-43e9-94ca-b6b5901c0d69', '837dbdf3-8af8-47c1-9c81-f8088695e6a7', '{"hp": 17, "rack": "a", "range": 6398, "volume": 34, "cooldown": 14, "flight_time": 6.3, "hull_damage": 430, "armor_damage": 352, "needs_target": true, "shield_damage": 387, "missile_radius": 2.5, "activation_heat": 19, "ammunition_name": "LHVM-3", "ammunition_type": "8aa4d28b-e02b-4630-86eb-ab46d0ed7fc7", "fault_tolerance": 0.95, "industrialmarket": {"maxprice": 9671, "minprice": 4603, "silosize": 1000}, "activation_energy": 0.11, "missile_gfx_effect": "lhvm-3", "missile_explosion_effect": "basic_explosion", "missile_explosion_radius": 3.6}', '2022-07-10 14:11:38.954019-04', 'e462c3a8-fbdf-45a8-a678-87f036204fd5', 'Module for new noob ship for player', '3285e51a-d744-4e7e-be3f-564177638026', 1, false);
INSERT INTO public.items (id, itemtypeid, meta, created, createdby, createdreason, containerid, quantity, ispackaged) VALUES ('b4b8956e-13bd-4338-b3f3-396929ff682b', '465fe6dc-513a-48e7-9960-94dd383b0387', '{"hp": 12, "rack": "a", "volume": 40, "cooldown": 45.8, "activation_heat": 47, "industrialmarket": {"maxprice": 39607, "minprice": 24891, "silosize": 1000}, "activation_energy": 452}', '2022-07-10 14:11:38.955605-04', 'e462c3a8-fbdf-45a8-a678-87f036204fd5', 'Module for new noob ship for player', '3285e51a-d744-4e7e-be3f-564177638026', 1, false);
INSERT INTO public.items (id, itemtypeid, meta, created, createdby, createdreason, containerid, quantity, ispackaged) VALUES ('3f5ad545-8a9d-4591-8792-479f5ca649d0', 'a4c0f0cd-d8be-42eb-b80c-0ebc11f0c64d', '{"hp": 42, "rack": "a", "range": 1868, "volume": 35, "falloff": "linear", "cooldown": 3.9, "heat_damage": 515, "hull_damage": 28.7, "armor_damage": 22.9, "needs_target": false, "shield_damage": 8.4, "activation_heat": 517, "industrialmarket": {"maxprice": 28433, "minprice": 15791, "silosize": 1000}, "activation_energy": 311, "activation_gfx_effect": "small_add_thermal", "missile_destruction_chance": 0.45}', '2022-07-10 14:11:38.957044-04', 'e462c3a8-fbdf-45a8-a678-87f036204fd5', 'Module for new noob ship for player', '3285e51a-d744-4e7e-be3f-564177638026', 1, false);
INSERT INTO public.items (id, itemtypeid, meta, created, createdby, createdreason, containerid, quantity, ispackaged) VALUES ('05a00955-086f-41a7-af1e-1418d51db975', '7ce15993-1030-4134-9e3e-3f5dfe4fb969', '{"hp": 19, "rack": "b", "volume": 30, "cooldown": 32.1, "needs_target": false, "activation_heat": 468, "industrialmarket": {"maxprice": 49319, "minprice": 38840, "silosize": 200}, "activation_energy": 320}', '2022-07-10 14:11:38.9585-04', 'e462c3a8-fbdf-45a8-a678-87f036204fd5', 'Module for new noob ship for player', '3285e51a-d744-4e7e-be3f-564177638026', 1, false);
INSERT INTO public.items (id, itemtypeid, meta, created, createdby, createdreason, containerid, quantity, ispackaged) VALUES ('d600f226-7737-47bd-877c-a787051dd5e0', 'fef05ee8-1cf9-42d0-97e8-4feadf94a852', '{"hp": 17, "rack": "b", "volume": 25, "cooldown": 8.7, "needs_target": false, "activation_heat": 559, "industrialmarket": {"maxprice": 6298, "minprice": 2357, "silosize": 1000}, "activation_energy": 179}', '2022-07-10 14:11:38.959907-04', 'e462c3a8-fbdf-45a8-a678-87f036204fd5', 'Module for new noob ship for player', '3285e51a-d744-4e7e-be3f-564177638026', 1, false);
INSERT INTO public.items (id, itemtypeid, meta, created, createdby, createdreason, containerid, quantity, ispackaged) VALUES ('6bb900a2-f751-4bb3-b0de-0cd2d85d7e4d', 'a7298b27-bca0-40f8-8c68-427ae19a1620', '{"hp": 155, "rack": "c", "volume": 30, "armor_max_add": 770, "industrialmarket": {"maxprice": 2780, "minprice": 913, "silosize": 1000}}', '2022-07-10 14:11:38.96132-04', 'e462c3a8-fbdf-45a8-a678-87f036204fd5', 'Module for new noob ship for player', '3285e51a-d744-4e7e-be3f-564177638026', 1, false);
INSERT INTO public.items (id, itemtypeid, meta, created, createdby, createdreason, containerid, quantity, ispackaged) VALUES ('80279d14-11de-4e82-b037-c40154b5541b', 'a7298b27-bca0-40f8-8c68-427ae19a1620', '{"hp": 155, "rack": "c", "volume": 30, "armor_max_add": 770, "industrialmarket": {"maxprice": 2780, "minprice": 913, "silosize": 1000}}', '2022-07-10 14:11:38.962748-04', 'e462c3a8-fbdf-45a8-a678-87f036204fd5', 'Module for new noob ship for player', '3285e51a-d744-4e7e-be3f-564177638026', 1, false);
INSERT INTO public.items (id, itemtypeid, meta, created, createdby, createdreason, containerid, quantity, ispackaged) VALUES ('2bf17f67-53b5-4f2a-af5d-d3f07c409bdb', 'f9e2d3d2-d7da-4573-a3b9-424dc34d882e', '{"hp": 16, "rack": "c", "volume": 32, "industrialmarket": {"maxprice": 11780, "minprice": 7710, "silosize": 1000}, "energy_regen_max_add": 20}', '2022-07-10 14:11:38.964078-04', 'e462c3a8-fbdf-45a8-a678-87f036204fd5', 'Module for new noob ship for player', '3285e51a-d744-4e7e-be3f-564177638026', 1, false);
INSERT INTO public.items (id, itemtypeid, meta, created, createdby, createdreason, containerid, quantity, ispackaged) VALUES ('6b8deefc-f3ff-4327-9203-b5cf378c866e', 'f9e2d3d2-d7da-4573-a3b9-424dc34d882e', '{"hp": 16, "rack": "c", "volume": 32, "industrialmarket": {"maxprice": 11780, "minprice": 7710, "silosize": 1000}, "energy_regen_max_add": 20}', '2022-07-10 14:11:38.965558-04', 'e462c3a8-fbdf-45a8-a678-87f036204fd5', 'Module for new noob ship for player', '3285e51a-d744-4e7e-be3f-564177638026', 1, false);
INSERT INTO public.items (id, itemtypeid, meta, created, createdby, createdreason, containerid, quantity, ispackaged) VALUES ('3deb8b06-cc78-4444-8269-11687d337900', '5152cbb2-5c36-4935-bba3-14046c01eece', '{"hp": 19, "rack": "a", "range": 5710, "volume": 37, "cooldown": 13.5, "flight_time": 14, "hull_damage": 812, "armor_damage": 791, "needs_target": true, "shield_damage": 795, "missile_radius": 2.5, "activation_heat": 16.5, "ammunition_name": "LGPM-4", "ammunition_type": "b9b274c4-d938-4155-8c69-ecb6c4df054f", "fault_tolerance": 0.97, "industrialmarket": {"maxprice": 4672, "minprice": 2216, "silosize": 1000}, "activation_energy": 0.15, "missile_gfx_effect": "lgpm-4", "missile_explosion_effect": "basic_explosion", "missile_explosion_radius": 5}', '2022-07-10 14:11:38.977192-04', '80bfbd51-3e8b-431e-aaef-a54995b15735', 'Module for new noob ship for player', 'b4ead072-24d8-4e81-ac3c-f97eb3203197', 1, false);
INSERT INTO public.items (id, itemtypeid, meta, created, createdby, createdreason, containerid, quantity, ispackaged) VALUES ('b352babf-4316-4f80-9cbf-10ca1f8a83d3', '5152cbb2-5c36-4935-bba3-14046c01eece', '{"hp": 19, "rack": "a", "range": 5710, "volume": 37, "cooldown": 13.5, "flight_time": 14, "hull_damage": 812, "armor_damage": 791, "needs_target": true, "shield_damage": 795, "missile_radius": 2.5, "activation_heat": 16.5, "ammunition_name": "LGPM-4", "ammunition_type": "b9b274c4-d938-4155-8c69-ecb6c4df054f", "fault_tolerance": 0.97, "industrialmarket": {"maxprice": 4672, "minprice": 2216, "silosize": 1000}, "activation_energy": 0.15, "missile_gfx_effect": "lgpm-4", "missile_explosion_effect": "basic_explosion", "missile_explosion_radius": 5}', '2022-07-10 14:11:38.978556-04', '80bfbd51-3e8b-431e-aaef-a54995b15735', 'Module for new noob ship for player', 'b4ead072-24d8-4e81-ac3c-f97eb3203197', 1, false);
INSERT INTO public.items (id, itemtypeid, meta, created, createdby, createdreason, containerid, quantity, ispackaged) VALUES ('71c72a3c-4add-41d5-b9a8-dbe1975c3ce5', '7ce15993-1030-4134-9e3e-3f5dfe4fb969', '{"hp": 19, "rack": "b", "volume": 30, "cooldown": 32.1, "needs_target": false, "activation_heat": 468, "industrialmarket": {"maxprice": 49319, "minprice": 38840, "silosize": 200}, "activation_energy": 320}', '2022-07-10 14:11:39.010735-04', '00cd9457-85ed-47db-af52-30a025546711', 'Module for new noob ship for player', '13e7c366-0847-47ff-9eba-47eae3e30a48', 1, false);
INSERT INTO public.items (id, itemtypeid, meta, created, createdby, createdreason, containerid, quantity, ispackaged) VALUES ('e9ff4169-b3d1-453f-be6f-5451e4779b2e', '837dbdf3-8af8-47c1-9c81-f8088695e6a7', '{"hp": 17, "rack": "a", "range": 6398, "volume": 34, "cooldown": 14, "flight_time": 6.3, "hull_damage": 430, "armor_damage": 352, "needs_target": true, "shield_damage": 387, "missile_radius": 2.5, "activation_heat": 19, "ammunition_name": "LHVM-3", "ammunition_type": "8aa4d28b-e02b-4630-86eb-ab46d0ed7fc7", "fault_tolerance": 0.95, "industrialmarket": {"maxprice": 9671, "minprice": 4603, "silosize": 1000}, "activation_energy": 0.11, "missile_gfx_effect": "lhvm-3", "missile_explosion_effect": "basic_explosion", "missile_explosion_radius": 3.6}', '2022-07-10 14:11:38.97998-04', '80bfbd51-3e8b-431e-aaef-a54995b15735', 'Module for new noob ship for player', 'b4ead072-24d8-4e81-ac3c-f97eb3203197', 1, false);
INSERT INTO public.items (id, itemtypeid, meta, created, createdby, createdreason, containerid, quantity, ispackaged) VALUES ('f1f7f488-0300-47d3-9fd2-5371a5fe151b', '465fe6dc-513a-48e7-9960-94dd383b0387', '{"hp": 12, "rack": "a", "volume": 40, "cooldown": 45.8, "activation_heat": 47, "industrialmarket": {"maxprice": 39607, "minprice": 24891, "silosize": 1000}, "activation_energy": 452}', '2022-07-10 14:11:38.981414-04', '80bfbd51-3e8b-431e-aaef-a54995b15735', 'Module for new noob ship for player', 'b4ead072-24d8-4e81-ac3c-f97eb3203197', 1, false);
INSERT INTO public.items (id, itemtypeid, meta, created, createdby, createdreason, containerid, quantity, ispackaged) VALUES ('0c7a33df-a8ee-4613-91de-2244dc1b10a0', 'a4c0f0cd-d8be-42eb-b80c-0ebc11f0c64d', '{"hp": 42, "rack": "a", "range": 1868, "volume": 35, "falloff": "linear", "cooldown": 3.9, "heat_damage": 515, "hull_damage": 28.7, "armor_damage": 22.9, "needs_target": false, "shield_damage": 8.4, "activation_heat": 517, "industrialmarket": {"maxprice": 28433, "minprice": 15791, "silosize": 1000}, "activation_energy": 311, "activation_gfx_effect": "small_add_thermal", "missile_destruction_chance": 0.45}', '2022-07-10 14:11:38.982929-04', '80bfbd51-3e8b-431e-aaef-a54995b15735', 'Module for new noob ship for player', 'b4ead072-24d8-4e81-ac3c-f97eb3203197', 1, false);
INSERT INTO public.items (id, itemtypeid, meta, created, createdby, createdreason, containerid, quantity, ispackaged) VALUES ('714d1c28-0b19-4aad-86b2-3d728eaa8b78', '7ce15993-1030-4134-9e3e-3f5dfe4fb969', '{"hp": 19, "rack": "b", "volume": 30, "cooldown": 32.1, "needs_target": false, "activation_heat": 468, "industrialmarket": {"maxprice": 49319, "minprice": 38840, "silosize": 200}, "activation_energy": 320}', '2022-07-10 14:11:38.984361-04', '80bfbd51-3e8b-431e-aaef-a54995b15735', 'Module for new noob ship for player', 'b4ead072-24d8-4e81-ac3c-f97eb3203197', 1, false);
INSERT INTO public.items (id, itemtypeid, meta, created, createdby, createdreason, containerid, quantity, ispackaged) VALUES ('bedb6ef2-9394-4263-a98e-ff813062be38', 'fef05ee8-1cf9-42d0-97e8-4feadf94a852', '{"hp": 17, "rack": "b", "volume": 25, "cooldown": 8.7, "needs_target": false, "activation_heat": 559, "industrialmarket": {"maxprice": 6298, "minprice": 2357, "silosize": 1000}, "activation_energy": 179}', '2022-07-10 14:11:38.985805-04', '80bfbd51-3e8b-431e-aaef-a54995b15735', 'Module for new noob ship for player', 'b4ead072-24d8-4e81-ac3c-f97eb3203197', 1, false);
INSERT INTO public.items (id, itemtypeid, meta, created, createdby, createdreason, containerid, quantity, ispackaged) VALUES ('ca02d780-1510-46c8-b5a9-993d8c7b78d6', 'a7298b27-bca0-40f8-8c68-427ae19a1620', '{"hp": 155, "rack": "c", "volume": 30, "armor_max_add": 770, "industrialmarket": {"maxprice": 2780, "minprice": 913, "silosize": 1000}}', '2022-07-10 14:11:38.987211-04', '80bfbd51-3e8b-431e-aaef-a54995b15735', 'Module for new noob ship for player', 'b4ead072-24d8-4e81-ac3c-f97eb3203197', 1, false);
INSERT INTO public.items (id, itemtypeid, meta, created, createdby, createdreason, containerid, quantity, ispackaged) VALUES ('afd8fa61-c40b-497b-b13d-a8f3ed535053', 'a7298b27-bca0-40f8-8c68-427ae19a1620', '{"hp": 155, "rack": "c", "volume": 30, "armor_max_add": 770, "industrialmarket": {"maxprice": 2780, "minprice": 913, "silosize": 1000}}', '2022-07-10 14:11:38.988647-04', '80bfbd51-3e8b-431e-aaef-a54995b15735', 'Module for new noob ship for player', 'b4ead072-24d8-4e81-ac3c-f97eb3203197', 1, false);
INSERT INTO public.items (id, itemtypeid, meta, created, createdby, createdreason, containerid, quantity, ispackaged) VALUES ('51e59839-1839-40c1-9b6d-fbc2178a064a', 'f9e2d3d2-d7da-4573-a3b9-424dc34d882e', '{"hp": 16, "rack": "c", "volume": 32, "industrialmarket": {"maxprice": 11780, "minprice": 7710, "silosize": 1000}, "energy_regen_max_add": 20}', '2022-07-10 14:11:38.989999-04', '80bfbd51-3e8b-431e-aaef-a54995b15735', 'Module for new noob ship for player', 'b4ead072-24d8-4e81-ac3c-f97eb3203197', 1, false);
INSERT INTO public.items (id, itemtypeid, meta, created, createdby, createdreason, containerid, quantity, ispackaged) VALUES ('00c654a1-f6a0-4505-880f-4e3623bfe2dc', 'f9e2d3d2-d7da-4573-a3b9-424dc34d882e', '{"hp": 16, "rack": "c", "volume": 32, "industrialmarket": {"maxprice": 11780, "minprice": 7710, "silosize": 1000}, "energy_regen_max_add": 20}', '2022-07-10 14:11:38.991385-04', '80bfbd51-3e8b-431e-aaef-a54995b15735', 'Module for new noob ship for player', 'b4ead072-24d8-4e81-ac3c-f97eb3203197', 1, false);
INSERT INTO public.items (id, itemtypeid, meta, created, createdby, createdreason, containerid, quantity, ispackaged) VALUES ('1afb3dcc-1f70-4a58-8972-57ed9e669d96', '5152cbb2-5c36-4935-bba3-14046c01eece', '{"hp": 19, "rack": "a", "range": 5710, "volume": 37, "cooldown": 13.5, "flight_time": 14, "hull_damage": 812, "armor_damage": 791, "needs_target": true, "shield_damage": 795, "missile_radius": 2.5, "activation_heat": 16.5, "ammunition_name": "LGPM-4", "ammunition_type": "b9b274c4-d938-4155-8c69-ecb6c4df054f", "fault_tolerance": 0.97, "industrialmarket": {"maxprice": 4672, "minprice": 2216, "silosize": 1000}, "activation_energy": 0.15, "missile_gfx_effect": "lgpm-4", "missile_explosion_effect": "basic_explosion", "missile_explosion_radius": 5}', '2022-07-10 14:11:39.003497-04', '00cd9457-85ed-47db-af52-30a025546711', 'Module for new noob ship for player', '13e7c366-0847-47ff-9eba-47eae3e30a48', 1, false);
INSERT INTO public.items (id, itemtypeid, meta, created, createdby, createdreason, containerid, quantity, ispackaged) VALUES ('0479630b-25ac-4227-ac9d-7fd18c422a55', '5152cbb2-5c36-4935-bba3-14046c01eece', '{"hp": 19, "rack": "a", "range": 5710, "volume": 37, "cooldown": 13.5, "flight_time": 14, "hull_damage": 812, "armor_damage": 791, "needs_target": true, "shield_damage": 795, "missile_radius": 2.5, "activation_heat": 16.5, "ammunition_name": "LGPM-4", "ammunition_type": "b9b274c4-d938-4155-8c69-ecb6c4df054f", "fault_tolerance": 0.97, "industrialmarket": {"maxprice": 4672, "minprice": 2216, "silosize": 1000}, "activation_energy": 0.15, "missile_gfx_effect": "lgpm-4", "missile_explosion_effect": "basic_explosion", "missile_explosion_radius": 5}', '2022-07-10 14:11:39.004896-04', '00cd9457-85ed-47db-af52-30a025546711', 'Module for new noob ship for player', '13e7c366-0847-47ff-9eba-47eae3e30a48', 1, false);
INSERT INTO public.items (id, itemtypeid, meta, created, createdby, createdreason, containerid, quantity, ispackaged) VALUES ('8076e01a-a5d7-4128-b990-778f8615da82', '837dbdf3-8af8-47c1-9c81-f8088695e6a7', '{"hp": 17, "rack": "a", "range": 6398, "volume": 34, "cooldown": 14, "flight_time": 6.3, "hull_damage": 430, "armor_damage": 352, "needs_target": true, "shield_damage": 387, "missile_radius": 2.5, "activation_heat": 19, "ammunition_name": "LHVM-3", "ammunition_type": "8aa4d28b-e02b-4630-86eb-ab46d0ed7fc7", "fault_tolerance": 0.95, "industrialmarket": {"maxprice": 9671, "minprice": 4603, "silosize": 1000}, "activation_energy": 0.11, "missile_gfx_effect": "lhvm-3", "missile_explosion_effect": "basic_explosion", "missile_explosion_radius": 3.6}', '2022-07-10 14:11:39.006333-04', '00cd9457-85ed-47db-af52-30a025546711', 'Module for new noob ship for player', '13e7c366-0847-47ff-9eba-47eae3e30a48', 1, false);
INSERT INTO public.items (id, itemtypeid, meta, created, createdby, createdreason, containerid, quantity, ispackaged) VALUES ('c9e51b09-dc43-413a-9c46-8ad26bc026ed', '465fe6dc-513a-48e7-9960-94dd383b0387', '{"hp": 12, "rack": "a", "volume": 40, "cooldown": 45.8, "activation_heat": 47, "industrialmarket": {"maxprice": 39607, "minprice": 24891, "silosize": 1000}, "activation_energy": 452}', '2022-07-10 14:11:39.007764-04', '00cd9457-85ed-47db-af52-30a025546711', 'Module for new noob ship for player', '13e7c366-0847-47ff-9eba-47eae3e30a48', 1, false);
INSERT INTO public.items (id, itemtypeid, meta, created, createdby, createdreason, containerid, quantity, ispackaged) VALUES ('10cae477-fed2-4d3d-a26d-42d5990708e0', 'a4c0f0cd-d8be-42eb-b80c-0ebc11f0c64d', '{"hp": 42, "rack": "a", "range": 1868, "volume": 35, "falloff": "linear", "cooldown": 3.9, "heat_damage": 515, "hull_damage": 28.7, "armor_damage": 22.9, "needs_target": false, "shield_damage": 8.4, "activation_heat": 517, "industrialmarket": {"maxprice": 28433, "minprice": 15791, "silosize": 1000}, "activation_energy": 311, "activation_gfx_effect": "small_add_thermal", "missile_destruction_chance": 0.45}', '2022-07-10 14:11:39.00922-04', '00cd9457-85ed-47db-af52-30a025546711', 'Module for new noob ship for player', '13e7c366-0847-47ff-9eba-47eae3e30a48', 1, false);
INSERT INTO public.items (id, itemtypeid, meta, created, createdby, createdreason, containerid, quantity, ispackaged) VALUES ('1800534a-b968-40aa-b497-a252f0aab45a', 'fef05ee8-1cf9-42d0-97e8-4feadf94a852', '{"hp": 17, "rack": "b", "volume": 25, "cooldown": 8.7, "needs_target": false, "activation_heat": 559, "industrialmarket": {"maxprice": 6298, "minprice": 2357, "silosize": 1000}, "activation_energy": 179}', '2022-07-10 14:11:39.012085-04', '00cd9457-85ed-47db-af52-30a025546711', 'Module for new noob ship for player', '13e7c366-0847-47ff-9eba-47eae3e30a48', 1, false);
INSERT INTO public.items (id, itemtypeid, meta, created, createdby, createdreason, containerid, quantity, ispackaged) VALUES ('138d1f48-e353-46bb-a44c-c6b7862d1fe1', 'a7298b27-bca0-40f8-8c68-427ae19a1620', '{"hp": 155, "rack": "c", "volume": 30, "armor_max_add": 770, "industrialmarket": {"maxprice": 2780, "minprice": 913, "silosize": 1000}}', '2022-07-10 14:11:39.013503-04', '00cd9457-85ed-47db-af52-30a025546711', 'Module for new noob ship for player', '13e7c366-0847-47ff-9eba-47eae3e30a48', 1, false);
INSERT INTO public.items (id, itemtypeid, meta, created, createdby, createdreason, containerid, quantity, ispackaged) VALUES ('6c281dfc-01f5-4563-917d-eb3643deea71', 'a7298b27-bca0-40f8-8c68-427ae19a1620', '{"hp": 155, "rack": "c", "volume": 30, "armor_max_add": 770, "industrialmarket": {"maxprice": 2780, "minprice": 913, "silosize": 1000}}', '2022-07-10 14:11:39.014847-04', '00cd9457-85ed-47db-af52-30a025546711', 'Module for new noob ship for player', '13e7c366-0847-47ff-9eba-47eae3e30a48', 1, false);
INSERT INTO public.items (id, itemtypeid, meta, created, createdby, createdreason, containerid, quantity, ispackaged) VALUES ('8ada2b14-4ee1-4718-b4ef-8e8638fbf238', 'f9e2d3d2-d7da-4573-a3b9-424dc34d882e', '{"hp": 16, "rack": "c", "volume": 32, "industrialmarket": {"maxprice": 11780, "minprice": 7710, "silosize": 1000}, "energy_regen_max_add": 20}', '2022-07-10 14:11:39.016285-04', '00cd9457-85ed-47db-af52-30a025546711', 'Module for new noob ship for player', '13e7c366-0847-47ff-9eba-47eae3e30a48', 1, false);
INSERT INTO public.items (id, itemtypeid, meta, created, createdby, createdreason, containerid, quantity, ispackaged) VALUES ('d512c348-cf48-4227-9437-2f886b0f4f6f', 'f9e2d3d2-d7da-4573-a3b9-424dc34d882e', '{"hp": 16, "rack": "c", "volume": 32, "industrialmarket": {"maxprice": 11780, "minprice": 7710, "silosize": 1000}, "energy_regen_max_add": 20}', '2022-07-10 14:11:39.017713-04', '00cd9457-85ed-47db-af52-30a025546711', 'Module for new noob ship for player', '13e7c366-0847-47ff-9eba-47eae3e30a48', 1, false);
INSERT INTO public.items (id, itemtypeid, meta, created, createdby, createdreason, containerid, quantity, ispackaged) VALUES ('4714bcbd-31d0-4f34-a77a-9e46cf73224c', '5152cbb2-5c36-4935-bba3-14046c01eece', '{"hp": 19, "rack": "a", "range": 5710, "volume": 37, "cooldown": 13.5, "flight_time": 14, "hull_damage": 812, "armor_damage": 791, "needs_target": true, "shield_damage": 795, "missile_radius": 2.5, "activation_heat": 16.5, "ammunition_name": "LGPM-4", "ammunition_type": "b9b274c4-d938-4155-8c69-ecb6c4df054f", "fault_tolerance": 0.97, "industrialmarket": {"maxprice": 4672, "minprice": 2216, "silosize": 1000}, "activation_energy": 0.15, "missile_gfx_effect": "lgpm-4", "missile_explosion_effect": "basic_explosion", "missile_explosion_radius": 5}', '2022-07-10 14:11:39.029067-04', 'ad431b8d-3ba3-4dc4-9283-14260dfe5f65', 'Module for new noob ship for player', '5c677e0f-6c4d-4b99-bd19-39ba547aaf9b', 1, false);
INSERT INTO public.items (id, itemtypeid, meta, created, createdby, createdreason, containerid, quantity, ispackaged) VALUES ('d3a3e81a-00e0-4ad2-946b-470ae6fe6aa6', '5152cbb2-5c36-4935-bba3-14046c01eece', '{"hp": 19, "rack": "a", "range": 5710, "volume": 37, "cooldown": 13.5, "flight_time": 14, "hull_damage": 812, "armor_damage": 791, "needs_target": true, "shield_damage": 795, "missile_radius": 2.5, "activation_heat": 16.5, "ammunition_name": "LGPM-4", "ammunition_type": "b9b274c4-d938-4155-8c69-ecb6c4df054f", "fault_tolerance": 0.97, "industrialmarket": {"maxprice": 4672, "minprice": 2216, "silosize": 1000}, "activation_energy": 0.15, "missile_gfx_effect": "lgpm-4", "missile_explosion_effect": "basic_explosion", "missile_explosion_radius": 5}', '2022-07-10 14:11:39.030516-04', 'ad431b8d-3ba3-4dc4-9283-14260dfe5f65', 'Module for new noob ship for player', '5c677e0f-6c4d-4b99-bd19-39ba547aaf9b', 1, false);
INSERT INTO public.items (id, itemtypeid, meta, created, createdby, createdreason, containerid, quantity, ispackaged) VALUES ('4616c623-797d-4640-9023-a9030fc4c5fa', '837dbdf3-8af8-47c1-9c81-f8088695e6a7', '{"hp": 17, "rack": "a", "range": 6398, "volume": 34, "cooldown": 14, "flight_time": 6.3, "hull_damage": 430, "armor_damage": 352, "needs_target": true, "shield_damage": 387, "missile_radius": 2.5, "activation_heat": 19, "ammunition_name": "LHVM-3", "ammunition_type": "8aa4d28b-e02b-4630-86eb-ab46d0ed7fc7", "fault_tolerance": 0.95, "industrialmarket": {"maxprice": 9671, "minprice": 4603, "silosize": 1000}, "activation_energy": 0.11, "missile_gfx_effect": "lhvm-3", "missile_explosion_effect": "basic_explosion", "missile_explosion_radius": 3.6}', '2022-07-10 14:11:39.031964-04', 'ad431b8d-3ba3-4dc4-9283-14260dfe5f65', 'Module for new noob ship for player', '5c677e0f-6c4d-4b99-bd19-39ba547aaf9b', 1, false);
INSERT INTO public.items (id, itemtypeid, meta, created, createdby, createdreason, containerid, quantity, ispackaged) VALUES ('92b3f688-4938-4b42-9b4f-2af091a85565', '465fe6dc-513a-48e7-9960-94dd383b0387', '{"hp": 12, "rack": "a", "volume": 40, "cooldown": 45.8, "activation_heat": 47, "industrialmarket": {"maxprice": 39607, "minprice": 24891, "silosize": 1000}, "activation_energy": 452}', '2022-07-10 14:11:39.033456-04', 'ad431b8d-3ba3-4dc4-9283-14260dfe5f65', 'Module for new noob ship for player', '5c677e0f-6c4d-4b99-bd19-39ba547aaf9b', 1, false);
INSERT INTO public.items (id, itemtypeid, meta, created, createdby, createdreason, containerid, quantity, ispackaged) VALUES ('e80824f0-ab3b-4849-a326-95551a89cbc8', 'a4c0f0cd-d8be-42eb-b80c-0ebc11f0c64d', '{"hp": 42, "rack": "a", "range": 1868, "volume": 35, "falloff": "linear", "cooldown": 3.9, "heat_damage": 515, "hull_damage": 28.7, "armor_damage": 22.9, "needs_target": false, "shield_damage": 8.4, "activation_heat": 517, "industrialmarket": {"maxprice": 28433, "minprice": 15791, "silosize": 1000}, "activation_energy": 311, "activation_gfx_effect": "small_add_thermal", "missile_destruction_chance": 0.45}', '2022-07-10 14:11:39.034835-04', 'ad431b8d-3ba3-4dc4-9283-14260dfe5f65', 'Module for new noob ship for player', '5c677e0f-6c4d-4b99-bd19-39ba547aaf9b', 1, false);
INSERT INTO public.items (id, itemtypeid, meta, created, createdby, createdreason, containerid, quantity, ispackaged) VALUES ('de07e4cb-d612-4742-993d-a0274b54b7a0', '7ce15993-1030-4134-9e3e-3f5dfe4fb969', '{"hp": 19, "rack": "b", "volume": 30, "cooldown": 32.1, "needs_target": false, "activation_heat": 468, "industrialmarket": {"maxprice": 49319, "minprice": 38840, "silosize": 200}, "activation_energy": 320}', '2022-07-10 14:11:39.036304-04', 'ad431b8d-3ba3-4dc4-9283-14260dfe5f65', 'Module for new noob ship for player', '5c677e0f-6c4d-4b99-bd19-39ba547aaf9b', 1, false);
INSERT INTO public.items (id, itemtypeid, meta, created, createdby, createdreason, containerid, quantity, ispackaged) VALUES ('85770fbb-21d2-4deb-a771-f326e7c903df', 'fef05ee8-1cf9-42d0-97e8-4feadf94a852', '{"hp": 17, "rack": "b", "volume": 25, "cooldown": 8.7, "needs_target": false, "activation_heat": 559, "industrialmarket": {"maxprice": 6298, "minprice": 2357, "silosize": 1000}, "activation_energy": 179}', '2022-07-10 14:11:39.037671-04', 'ad431b8d-3ba3-4dc4-9283-14260dfe5f65', 'Module for new noob ship for player', '5c677e0f-6c4d-4b99-bd19-39ba547aaf9b', 1, false);
INSERT INTO public.items (id, itemtypeid, meta, created, createdby, createdreason, containerid, quantity, ispackaged) VALUES ('c34605dc-a43a-4781-9bba-44a2d51b63a7', 'a7298b27-bca0-40f8-8c68-427ae19a1620', '{"hp": 155, "rack": "c", "volume": 30, "armor_max_add": 770, "industrialmarket": {"maxprice": 2780, "minprice": 913, "silosize": 1000}}', '2022-07-10 14:11:39.039087-04', 'ad431b8d-3ba3-4dc4-9283-14260dfe5f65', 'Module for new noob ship for player', '5c677e0f-6c4d-4b99-bd19-39ba547aaf9b', 1, false);
INSERT INTO public.items (id, itemtypeid, meta, created, createdby, createdreason, containerid, quantity, ispackaged) VALUES ('e0d77b51-2780-48fd-b2f2-6df0d109e94b', 'a7298b27-bca0-40f8-8c68-427ae19a1620', '{"hp": 155, "rack": "c", "volume": 30, "armor_max_add": 770, "industrialmarket": {"maxprice": 2780, "minprice": 913, "silosize": 1000}}', '2022-07-10 14:11:39.040407-04', 'ad431b8d-3ba3-4dc4-9283-14260dfe5f65', 'Module for new noob ship for player', '5c677e0f-6c4d-4b99-bd19-39ba547aaf9b', 1, false);
INSERT INTO public.items (id, itemtypeid, meta, created, createdby, createdreason, containerid, quantity, ispackaged) VALUES ('fe1ef2b0-6eae-4633-a19a-1c47b3f85c63', 'f9e2d3d2-d7da-4573-a3b9-424dc34d882e', '{"hp": 16, "rack": "c", "volume": 32, "industrialmarket": {"maxprice": 11780, "minprice": 7710, "silosize": 1000}, "energy_regen_max_add": 20}', '2022-07-10 14:11:39.041945-04', 'ad431b8d-3ba3-4dc4-9283-14260dfe5f65', 'Module for new noob ship for player', '5c677e0f-6c4d-4b99-bd19-39ba547aaf9b', 1, false);
INSERT INTO public.items (id, itemtypeid, meta, created, createdby, createdreason, containerid, quantity, ispackaged) VALUES ('2ade43d5-2ae3-4f8e-a2bc-a1785397de4b', 'f9e2d3d2-d7da-4573-a3b9-424dc34d882e', '{"hp": 16, "rack": "c", "volume": 32, "industrialmarket": {"maxprice": 11780, "minprice": 7710, "silosize": 1000}, "energy_regen_max_add": 20}', '2022-07-10 14:11:39.043433-04', 'ad431b8d-3ba3-4dc4-9283-14260dfe5f65', 'Module for new noob ship for player', '5c677e0f-6c4d-4b99-bd19-39ba547aaf9b', 1, false);

--   fix current ship ids
update public.users set current_shipid = 'aca323fa-28ac-45fa-8670-223612bc23b2'	where id = '6c9dd9db-c2a4-4a8b-a02d-f9fc0388a437';
update public.users set current_shipid = 'b0bff54e-60f2-476d-b77c-20e7b2fdab54'	where id = '27c1ec07-5c21-4254-86d0-ca93fb22446e';
update public.users set current_shipid = 'f71091d0-7d8b-45b5-b065-d5f87246a7b4'	where id = 'd8be09c6-8cfe-4143-93a0-81c5a854dc02';
update public.users set current_shipid = '59c07402-45ea-4215-b09c-b05f2c2363ac'	where id = 'ad431b8d-3ba3-4dc4-9283-14260dfe5f65';
update public.users set current_shipid = '9cf0bede-c3e7-4eda-9e93-bf8c2bbaf231'	where id = 'b75b586b-3846-4ff3-9313-083977561dbe';
update public.users set current_shipid = '6acf1eed-1643-43f0-95e9-46b300b97799'	where id = 'e462c3a8-fbdf-45a8-a678-87f036204fd5';
update public.users set current_shipid = '003a5c28-ac6d-4a3a-b837-e050f1dc1adf'	where id = '80bfbd51-3e8b-431e-aaef-a54995b15735';
update public.users set current_shipid = '60ecbfbe-1185-416d-9149-c3b43bc734c2'	where id = '00cd9457-85ed-47db-af52-30a025546711';

-- coalition npcs

--   containers

--   users

--   ships

--   items

--   fix current ship ids
