-- meta modules
INSERT INTO public.itemtypes (id, family, name, meta) VALUES ('15291fcb-6edf-43d4-85e1-6cabc958251b', 'battery_pack', '`Hayday` Battery Pack', '{"hp": 17, "rack": "c", "volume": 45, "energy_max_add": 363, "industrialmarket": {"maxprice": 19284, "minprice": 8763, "silosize": 200}}');
INSERT INTO public.itemtypes (id, family, name, meta) VALUES ('eeac9bfc-70f1-45da-965c-fa9101bede4e', 'aux_generator', '`Jolt` APU', '{"hp": 19, "rack": "c", "volume": 47, "industrialmarket": {"maxprice": 67923, "minprice": 38444, "silosize": 200}, "energy_regen_max_add": 48}');
INSERT INTO public.itemtypes (id, family, name, meta) VALUES ('9bcc7d45-b70f-4b99-a01e-c1768c264f76', 'utility_siphon', '`Waltz` Energy Siphon', '{"hp": 23, "rack": "a", "range": 8274, "volume": 87, "falloff": "linear", "cooldown": 42.3, "tracking": 47, "needs_target": true, "activation_heat": 519, "industrialmarket": {"maxprice": 89247, "minprice": 67809, "silosize": 200}, "activation_energy": 167, "energy_siphon_amount": 989, "activation_gfx_effect": "medium_energy_siphon"}');
INSERT INTO public.itemtypes (id, family, name, meta) VALUES ('b637a000-684d-4864-a700-d19f11fe5d6a', 'utility_siphon', '`Underdog` Energy Siphon', '{"hp": 16, "rack": "a", "range": 1273, "volume": 70, "falloff": "linear", "cooldown": 16.5, "tracking": 75, "needs_target": true, "activation_heat": 235, "industrialmarket": {"maxprice": 92603, "minprice": 77832, "silosize": 200}, "activation_energy": 62, "energy_siphon_amount": 1001, "activation_gfx_effect": "medium_energy_siphon"}');
INSERT INTO public.itemtypes (id, family, name, meta) VALUES ('ed1c23cd-50fc-4fb1-9b61-945e7178081c', 'utility_veil', '`Rooster` Hardening Veil', '{"hp": 13, "rack": "a", "volume": 70, "cooldown": 104.5, "activation_heat": 255.7, "industrialmarket": {"maxprice": 67903, "minprice": 42950, "silosize": 200}, "activation_energy": 862}');
INSERT INTO public.itemtypes (id, family, name, meta) VALUES ('35183be9-e4b0-40dd-8b05-a6e1b97f66f6', 'drag_amp', '`Longshot` Aether Dragger', '{"hp": 11, "rack": "b", "range": 11376, "volume": 80, "falloff": "linear", "cooldown": 54.2, "needs_target": true, "activation_heat": 1780, "drag_multiplier": 9.5, "industrialmarket": {"maxprice": 60677, "minprice": 58800, "silosize": 200}, "activation_energy": 1665, "activation_gfx_effect": "medium_aether_dragger"}');
INSERT INTO public.itemtypes (id, family, name, meta) VALUES ('e465105a-30fd-480c-97fa-74659532b6dc', 'aux_generator', '`Mush` APU', '{"hp": 21, "rack": "c", "volume": 59, "industrialmarket": {"maxprice": 44798, "minprice": 28901, "silosize": 200}, "energy_regen_max_add": 37}');

-- loadouts
INSERT INTO public.starts (id, name, shiptemplateid, shipfitting, created, available, systemid, homestationid, wallet, factionid) VALUES ('53b5a455-ed12-4d65-81bf-6deea0606f33', 'King. Crus.', '211646ef-a445-4e5d-b3e1-708b7a1d4817', '{"a_rack": [{"item_type_id": "c1fab418-79aa-44e0-9f0b-70375171af25"}, {"item_type_id": "c1fab418-79aa-44e0-9f0b-70375171af25"}, {"item_type_id": "c1fab418-79aa-44e0-9f0b-70375171af25"}, {"item_type_id": "c1fab418-79aa-44e0-9f0b-70375171af25"}, {"item_type_id": "fe071049-81a6-4d51-8660-e0a3c32b3853"}, {"item_type_id": "06afcde3-3c8a-4d9f-9e31-7e4a6c75bbd8"}], "b_rack": [{"item_type_id": "434d961e-09a3-4ba7-90d5-aa702c4e5fdf"}, {"item_type_id": "434d961e-09a3-4ba7-90d5-aa702c4e5fdf"}, {"item_type_id": "aab8ec7b-6031-4f54-9ab4-434ab5e7b47c"}, {"item_type_id": "643b06f8-3df2-40d4-abfe-37d55287d628"}], "c_rack": [{"item_type_id": "15291fcb-6edf-43d4-85e1-6cabc958251b"}, {"item_type_id": "15291fcb-6edf-43d4-85e1-6cabc958251b"}, {"item_type_id": "dd980070-1f58-4e2e-a997-5aed73a38c80"}, {"item_type_id": "eeac9bfc-70f1-45da-965c-fa9101bede4e"}]}', '2022-12-05 18:57:51.936699-05', false, '0074f593-df14-47c4-8971-336b81a86fb8', 'ab91015b-fb32-47fd-bf38-d15af5933bab', 10000, 'a0152cbb-8a78-45a4-ae9b-2ad2b60b583b');
INSERT INTO public.starts (id, name, shiptemplateid, shipfitting, created, available, systemid, homestationid, wallet, factionid) VALUES ('2c6cdef1-351b-4eb3-b664-8c8fc113aaa9', 'Fed. Crus.', '754743cf-d534-4d6f-a46a-6d0e94d62d69', '{"a_rack": [{"item_type_id": "5e19ae7f-4725-45f3-b95b-eb849bb59416"}, {"item_type_id": "5e19ae7f-4725-45f3-b95b-eb849bb59416"}, {"item_type_id": "a8403283-b4c4-4735-9c68-5ca4fb895266"}, {"item_type_id": "a8403283-b4c4-4735-9c68-5ca4fb895266"}, {"item_type_id": "9bcc7d45-b70f-4b99-a01e-c1768c264f76"}, {"item_type_id": "9bcc7d45-b70f-4b99-a01e-c1768c264f76"}], "b_rack": [{"item_type_id": "242b4af2-1384-4976-a8c2-3b0561398341"}, {"item_type_id": "6789f483-7a7c-49a1-a5a1-4509ecdeea5d"}, {"item_type_id": "caa1322a-0c9e-4d8a-9a3b-00dc2e41cc76"}], "c_rack": [{"item_type_id": "fab39b1f-bab3-4cd2-9b80-e7e48f35fe9d"}, {"item_type_id": "fab39b1f-bab3-4cd2-9b80-e7e48f35fe9d"}, {"item_type_id": "fab39b1f-bab3-4cd2-9b80-e7e48f35fe9d"}, {"item_type_id": "9777cd84-0f16-4b65-8ab3-e139a44b8fbc"}, {"item_type_id": "a033c394-10ae-4a50-8eec-7ee7ea43b321"}]}', '2022-12-05 19:59:26.766781-05', false, '0078c73f-1b40-4b22-bdf0-f4927d8bd7bd', '306c0fcd-cf01-43fc-850f-172191fe1582', 10000, '27a53dfc-a321-4c12-bf7c-bb177955c95b');
INSERT INTO public.starts (id, name, shiptemplateid, shipfitting, created, available, systemid, homestationid, wallet, factionid) VALUES ('7c33813c-1c5e-4067-8dc6-e02a735f1ced', 'Col. Crus.', 'baa7d3dd-4261-43d7-94b5-d9e058e03b5d', '{"a_rack": [{"item_type_id": "5e19ae7f-4725-45f3-b95b-eb849bb59416"}, {"item_type_id": "5e19ae7f-4725-45f3-b95b-eb849bb59416"}, {"item_type_id": "a8403283-b4c4-4735-9c68-5ca4fb895266"}, {"item_type_id": "a8403283-b4c4-4735-9c68-5ca4fb895266"}, {"item_type_id": "ed1c23cd-50fc-4fb1-9b61-945e7178081c"}, {"item_type_id": "b637a000-684d-4864-a700-d19f11fe5d6a"}], "b_rack": [{"item_type_id": "434d961e-09a3-4ba7-90d5-aa702c4e5fdf"}, {"item_type_id": "434d961e-09a3-4ba7-90d5-aa702c4e5fdf"}, {"item_type_id": "242b4af2-1384-4976-a8c2-3b0561398341"}, {"item_type_id": "caa1322a-0c9e-4d8a-9a3b-00dc2e41cc76"}, {"item_type_id": "643b06f8-3df2-40d4-abfe-37d55287d628"}], "c_rack": [{"item_type_id": "eeac9bfc-70f1-45da-965c-fa9101bede4e"}, {"item_type_id": "eeac9bfc-70f1-45da-965c-fa9101bede4e"}, {"item_type_id": "15291fcb-6edf-43d4-85e1-6cabc958251b"}]}', '2022-12-05 20:11:38.098907-05', false, '5e829d81-6d7a-4f4e-827c-2f57d7e8311b', '92edfcf5-b348-4cdf-b8b6-4fe41acc6f75', 10000, '5db2bec7-37c3-4f1c-ab88-21024c12d639');
INSERT INTO public.starts (id, name, shiptemplateid, shipfitting, created, available, systemid, homestationid, wallet, factionid) VALUES ('450469af-4c7c-4746-8b47-803158211bbc', 'Acc. Crus.', '472151e7-7a53-47af-a16f-7eb4f4d7776d', '{"a_rack": [{"item_type_id": "7527672b-3b02-4aca-8d48-1f104da5ce77"}, {"item_type_id": "7527672b-3b02-4aca-8d48-1f104da5ce77"}, {"item_type_id": "7527672b-3b02-4aca-8d48-1f104da5ce77"}, {"item_type_id": "7527672b-3b02-4aca-8d48-1f104da5ce77"}, {"item_type_id": "fe071049-81a6-4d51-8660-e0a3c32b3853"}, {"item_type_id": "fe071049-81a6-4d51-8660-e0a3c32b3853"}], "b_rack": [{"item_type_id": "35183be9-e4b0-40dd-8b05-a6e1b97f66f6"}, {"item_type_id": "6789f483-7a7c-49a1-a5a1-4509ecdeea5d"}, {"item_type_id": "caa1322a-0c9e-4d8a-9a3b-00dc2e41cc76"}, {"item_type_id": "242b4af2-1384-4976-a8c2-3b0561398341"}], "c_rack": [{"item_type_id": "e465105a-30fd-480c-97fa-74659532b6dc"}, {"item_type_id": "e465105a-30fd-480c-97fa-74659532b6dc"}, {"item_type_id": "a033c394-10ae-4a50-8eec-7ee7ea43b321"}, {"item_type_id": "a033c394-10ae-4a50-8eec-7ee7ea43b321"}]}', '2022-12-05 20:43:04.802986-05', false, '5aa036f7-14ed-4273-a5ac-e7457ecabdaa', '3efc7fb3-6f61-4b06-b2f1-ea7c4529449f', 10000, 'bdeffd9a-3cab-408c-9cd7-32fce1124f7a');

-- kingdom

    -- containers
    INSERT INTO public.containers (id, meta, created) VALUES ('9fdd6c3e-8689-4d4c-9f64-b75f16143a75', '{}', '2022-12-06 16:36:45.898915-05');
    INSERT INTO public.containers (id, meta, created) VALUES ('ee76cb33-ba84-4859-8a95-cc21a0a7b793', '{}', '2022-12-06 16:36:45.905162-05');
    INSERT INTO public.containers (id, meta, created) VALUES ('571befde-48c5-4480-af64-b7d8eccacc3b', '{}', '2022-12-06 16:36:45.906493-05');
    INSERT INTO public.containers (id, meta, created) VALUES ('4be2640e-0f28-4e1d-b6ad-2d6222dd64e5', '{}', '2022-12-06 16:36:45.907896-05');
    INSERT INTO public.containers (id, meta, created) VALUES ('4adb2380-618a-4a78-bd52-87ba7cdd80de', '{}', '2022-12-06 16:36:45.946148-05');
    INSERT INTO public.containers (id, meta, created) VALUES ('df6d903d-1829-4002-a6cf-81fe9e51b6c1', '{}', '2022-12-06 16:36:45.949638-05');
    INSERT INTO public.containers (id, meta, created) VALUES ('b8ac5df5-4396-4400-959a-2dbb0d92f0b9', '{}', '2022-12-06 16:36:45.951108-05');
    INSERT INTO public.containers (id, meta, created) VALUES ('cf85965f-7984-4402-b35a-3565805731d4', '{}', '2022-12-06 16:36:45.952436-05');
    INSERT INTO public.containers (id, meta, created) VALUES ('8d5fb43a-7b9e-455d-9a53-0d486f0448cc', '{}', '2022-12-06 16:36:45.981748-05');
    INSERT INTO public.containers (id, meta, created) VALUES ('203dacd6-4bab-4745-9f09-a8ac5a9c7e5e', '{}', '2022-12-06 16:36:45.985162-05');
    INSERT INTO public.containers (id, meta, created) VALUES ('32575210-1b50-4fdc-abb9-049fe23ca759', '{}', '2022-12-06 16:36:45.986519-05');
    INSERT INTO public.containers (id, meta, created) VALUES ('98182cbc-3167-42b9-a710-5db8728f9927', '{}', '2022-12-06 16:36:45.987976-05');
    INSERT INTO public.containers (id, meta, created) VALUES ('405d1f27-a6f7-4e01-a93f-eeaeb8229c9b', '{}', '2022-12-06 16:36:46.01904-05');
    INSERT INTO public.containers (id, meta, created) VALUES ('dc9cdc9d-0cd5-4e2e-99f6-70fb54bf824b', '{}', '2022-12-06 16:36:46.022716-05');
    INSERT INTO public.containers (id, meta, created) VALUES ('9c2459a7-ae75-40c7-b841-a2d7bc208e0a', '{}', '2022-12-06 16:36:46.024143-05');
    INSERT INTO public.containers (id, meta, created) VALUES ('18ba825f-7618-4669-adb1-f11481b86ac9', '{}', '2022-12-06 16:36:46.025508-05');

    -- users
    INSERT INTO public.users (id, charactername, hashpass, registered, banned, current_shipid, startid, escrow_containerid, current_factionid, reputationsheet, isnpc, behaviourmode, emailaddress, experiencesheet, registeredip, isdev, resettoken) VALUES ('57af0455-964a-45c8-9fe4-9f90e5678860', 'Trix Jenkins', '1256183c5a2e3cecb33cacbf7606de2edfdccc29bffd06346e2db2122fb8fa63', '2022-12-06 16:36:45.90176-05', B'0', NULL, '53b5a455-ed12-4d65-81bf-6deea0606f33', '9fdd6c3e-8689-4d4c-9f64-b75f16143a75', 'a0152cbb-8a78-45a4-ae9b-2ad2b60b583b', '{"factionEntries": {"27a53dfc-a321-4c12-bf7c-bb177955c95b": {"FactionID": "27a53dfc-a321-4c12-bf7c-bb177955c95b", "StandingValue": 5, "AreOpenlyHostile": false}, "30bc70eb-2692-47e6-a7e3-2772e131c3d7": {"FactionID": "30bc70eb-2692-47e6-a7e3-2772e131c3d7", "StandingValue": -3, "AreOpenlyHostile": true}, "506286f5-6613-4481-ac26-caa9940fbe68": {"FactionID": "506286f5-6613-4481-ac26-caa9940fbe68", "StandingValue": -0.5, "AreOpenlyHostile": false}, "559d7fc1-5470-4ab4-8c66-fa2f0b89a523": {"FactionID": "559d7fc1-5470-4ab4-8c66-fa2f0b89a523", "StandingValue": 0.5, "AreOpenlyHostile": false}, "5db2bec7-37c3-4f1c-ab88-21024c12d639": {"FactionID": "5db2bec7-37c3-4f1c-ab88-21024c12d639", "StandingValue": -4, "AreOpenlyHostile": true}, "7decfd86-9c82-4a17-af3b-5d4af8c4e2ad": {"FactionID": "7decfd86-9c82-4a17-af3b-5d4af8c4e2ad", "StandingValue": -0.5, "AreOpenlyHostile": false}, "a0152cbb-8a78-45a4-ae9b-2ad2b60b583b": {"FactionID": "a0152cbb-8a78-45a4-ae9b-2ad2b60b583b", "StandingValue": 10, "AreOpenlyHostile": false}, "b3d3fa9c-b21e-490f-b39e-128b3af12128": {"FactionID": "b3d3fa9c-b21e-490f-b39e-128b3af12128", "StandingValue": 0, "AreOpenlyHostile": false}, "bdeffd9a-3cab-408c-9cd7-32fce1124f7a": {"FactionID": "bdeffd9a-3cab-408c-9cd7-32fce1124f7a", "StandingValue": -5, "AreOpenlyHostile": true}}}', true, 2, NULL, '{}', '[::1]:39706', false, NULL);
    INSERT INTO public.users (id, charactername, hashpass, registered, banned, current_shipid, startid, escrow_containerid, current_factionid, reputationsheet, isnpc, behaviourmode, emailaddress, experiencesheet, registeredip, isdev, resettoken) VALUES ('79890293-3e1a-4ee0-a988-5222d251452c', 'Rosaire Petit', '54d22f143034bb7b3a545c884353f4a1887a1a9235d51931595e0ce9d91b7f41', '2022-12-06 16:36:45.947474-05', B'0', NULL, '53b5a455-ed12-4d65-81bf-6deea0606f33', '4adb2380-618a-4a78-bd52-87ba7cdd80de', 'a0152cbb-8a78-45a4-ae9b-2ad2b60b583b', '{"factionEntries": {"27a53dfc-a321-4c12-bf7c-bb177955c95b": {"FactionID": "27a53dfc-a321-4c12-bf7c-bb177955c95b", "StandingValue": 5, "AreOpenlyHostile": false}, "30bc70eb-2692-47e6-a7e3-2772e131c3d7": {"FactionID": "30bc70eb-2692-47e6-a7e3-2772e131c3d7", "StandingValue": -3, "AreOpenlyHostile": true}, "506286f5-6613-4481-ac26-caa9940fbe68": {"FactionID": "506286f5-6613-4481-ac26-caa9940fbe68", "StandingValue": -0.5, "AreOpenlyHostile": false}, "559d7fc1-5470-4ab4-8c66-fa2f0b89a523": {"FactionID": "559d7fc1-5470-4ab4-8c66-fa2f0b89a523", "StandingValue": 0.5, "AreOpenlyHostile": false}, "5db2bec7-37c3-4f1c-ab88-21024c12d639": {"FactionID": "5db2bec7-37c3-4f1c-ab88-21024c12d639", "StandingValue": -4, "AreOpenlyHostile": true}, "7decfd86-9c82-4a17-af3b-5d4af8c4e2ad": {"FactionID": "7decfd86-9c82-4a17-af3b-5d4af8c4e2ad", "StandingValue": -0.5, "AreOpenlyHostile": false}, "a0152cbb-8a78-45a4-ae9b-2ad2b60b583b": {"FactionID": "a0152cbb-8a78-45a4-ae9b-2ad2b60b583b", "StandingValue": 10, "AreOpenlyHostile": false}, "b3d3fa9c-b21e-490f-b39e-128b3af12128": {"FactionID": "b3d3fa9c-b21e-490f-b39e-128b3af12128", "StandingValue": 0, "AreOpenlyHostile": false}, "bdeffd9a-3cab-408c-9cd7-32fce1124f7a": {"FactionID": "bdeffd9a-3cab-408c-9cd7-32fce1124f7a", "StandingValue": -5, "AreOpenlyHostile": true}}}', true, 2, NULL, '{}', '[::1]:39706', false, NULL);
    INSERT INTO public.users (id, charactername, hashpass, registered, banned, current_shipid, startid, escrow_containerid, current_factionid, reputationsheet, isnpc, behaviourmode, emailaddress, experiencesheet, registeredip, isdev, resettoken) VALUES ('d7b814c9-9755-4b46-bdb1-edbaa4551193', 'Je In', '9f1c1bd8475883ba5cc8ce8e18a10ffb8e78c6b6ecf59d53d33896beaad24e72', '2022-12-06 16:36:45.983187-05', B'0', NULL, '53b5a455-ed12-4d65-81bf-6deea0606f33', '8d5fb43a-7b9e-455d-9a53-0d486f0448cc', 'a0152cbb-8a78-45a4-ae9b-2ad2b60b583b', '{"factionEntries": {"27a53dfc-a321-4c12-bf7c-bb177955c95b": {"FactionID": "27a53dfc-a321-4c12-bf7c-bb177955c95b", "StandingValue": 5, "AreOpenlyHostile": false}, "30bc70eb-2692-47e6-a7e3-2772e131c3d7": {"FactionID": "30bc70eb-2692-47e6-a7e3-2772e131c3d7", "StandingValue": -3, "AreOpenlyHostile": true}, "506286f5-6613-4481-ac26-caa9940fbe68": {"FactionID": "506286f5-6613-4481-ac26-caa9940fbe68", "StandingValue": -0.5, "AreOpenlyHostile": false}, "559d7fc1-5470-4ab4-8c66-fa2f0b89a523": {"FactionID": "559d7fc1-5470-4ab4-8c66-fa2f0b89a523", "StandingValue": 0.5, "AreOpenlyHostile": false}, "5db2bec7-37c3-4f1c-ab88-21024c12d639": {"FactionID": "5db2bec7-37c3-4f1c-ab88-21024c12d639", "StandingValue": -4, "AreOpenlyHostile": true}, "7decfd86-9c82-4a17-af3b-5d4af8c4e2ad": {"FactionID": "7decfd86-9c82-4a17-af3b-5d4af8c4e2ad", "StandingValue": -0.5, "AreOpenlyHostile": false}, "a0152cbb-8a78-45a4-ae9b-2ad2b60b583b": {"FactionID": "a0152cbb-8a78-45a4-ae9b-2ad2b60b583b", "StandingValue": 10, "AreOpenlyHostile": false}, "b3d3fa9c-b21e-490f-b39e-128b3af12128": {"FactionID": "b3d3fa9c-b21e-490f-b39e-128b3af12128", "StandingValue": 0, "AreOpenlyHostile": false}, "bdeffd9a-3cab-408c-9cd7-32fce1124f7a": {"FactionID": "bdeffd9a-3cab-408c-9cd7-32fce1124f7a", "StandingValue": -5, "AreOpenlyHostile": true}}}', true, 2, NULL, '{}', '[::1]:39706', false, NULL);
    INSERT INTO public.users (id, charactername, hashpass, registered, banned, current_shipid, startid, escrow_containerid, current_factionid, reputationsheet, isnpc, behaviourmode, emailaddress, experiencesheet, registeredip, isdev, resettoken) VALUES ('f2fddab4-2044-4b5a-9397-78263329563b', 'Joshi Akiloye', '058ffb24b421dd666ea8a09ade6382893b1e4808299d01dfbe61882011b66768', '2022-12-06 16:36:46.020473-05', B'0', NULL, '53b5a455-ed12-4d65-81bf-6deea0606f33', '405d1f27-a6f7-4e01-a93f-eeaeb8229c9b', 'a0152cbb-8a78-45a4-ae9b-2ad2b60b583b', '{"factionEntries": {"27a53dfc-a321-4c12-bf7c-bb177955c95b": {"FactionID": "27a53dfc-a321-4c12-bf7c-bb177955c95b", "StandingValue": 5, "AreOpenlyHostile": false}, "30bc70eb-2692-47e6-a7e3-2772e131c3d7": {"FactionID": "30bc70eb-2692-47e6-a7e3-2772e131c3d7", "StandingValue": -3, "AreOpenlyHostile": true}, "506286f5-6613-4481-ac26-caa9940fbe68": {"FactionID": "506286f5-6613-4481-ac26-caa9940fbe68", "StandingValue": -0.5, "AreOpenlyHostile": false}, "559d7fc1-5470-4ab4-8c66-fa2f0b89a523": {"FactionID": "559d7fc1-5470-4ab4-8c66-fa2f0b89a523", "StandingValue": 0.5, "AreOpenlyHostile": false}, "5db2bec7-37c3-4f1c-ab88-21024c12d639": {"FactionID": "5db2bec7-37c3-4f1c-ab88-21024c12d639", "StandingValue": -4, "AreOpenlyHostile": true}, "7decfd86-9c82-4a17-af3b-5d4af8c4e2ad": {"FactionID": "7decfd86-9c82-4a17-af3b-5d4af8c4e2ad", "StandingValue": -0.5, "AreOpenlyHostile": false}, "a0152cbb-8a78-45a4-ae9b-2ad2b60b583b": {"FactionID": "a0152cbb-8a78-45a4-ae9b-2ad2b60b583b", "StandingValue": 10, "AreOpenlyHostile": false}, "b3d3fa9c-b21e-490f-b39e-128b3af12128": {"FactionID": "b3d3fa9c-b21e-490f-b39e-128b3af12128", "StandingValue": 0, "AreOpenlyHostile": false}, "bdeffd9a-3cab-408c-9cd7-32fce1124f7a": {"FactionID": "bdeffd9a-3cab-408c-9cd7-32fce1124f7a", "StandingValue": -5, "AreOpenlyHostile": true}}}', true, 2, NULL, '{}', '[::1]:39706', false, NULL);

    -- ships
    INSERT INTO public.ships (id, universe_systemid, userid, pos_x, pos_y, created, shipname, texture, theta, vel_x, vel_y, shield, armor, hull, fuel, heat, energy, shiptemplateid, dockedat_stationid, fitting, destroyed, destroyedat, cargobay_containerid, fittingbay_containerid, remaxdirty, trash_containerid, wallet, noload, flightexperiencemodifier) VALUES ('c0140d01-a0ac-4475-a423-095cfe5f739f', '0074f593-df14-47c4-8971-336b81a86fb8', '57af0455-964a-45c8-9fe4-9f90e5678860', 0, 0, '2022-12-06 16:36:45.938591-05', 'Trix Jenkins''s Starter Ship', 'Kea', 0, 0, 0, 3375, 2713, 2165, 4166, 0, 1439, '211646ef-a445-4e5d-b3e1-708b7a1d4817', 'ab91015b-fb32-47fd-bf38-d15af5933bab', '{"a_rack": [{"item_id": "6c78b8ba-2e7a-45d7-bfbc-399a74197ebd", "slot_idx": 0, "item_type_id": "c1fab418-79aa-44e0-9f0b-70375171af25"}, {"item_id": "47123aa7-eeb8-4d85-86ba-200f6ca54e4d", "slot_idx": 1, "item_type_id": "c1fab418-79aa-44e0-9f0b-70375171af25"}, {"item_id": "e59fc628-684f-45b1-a82c-81454e2edd8f", "slot_idx": 2, "item_type_id": "c1fab418-79aa-44e0-9f0b-70375171af25"}, {"item_id": "2bafc43e-dd96-49a6-b9cc-ba1734f1ae49", "slot_idx": 3, "item_type_id": "c1fab418-79aa-44e0-9f0b-70375171af25"}, {"item_id": "e7ee4cee-44f2-4314-91df-23fe7e46f82f", "slot_idx": 4, "item_type_id": "fe071049-81a6-4d51-8660-e0a3c32b3853"}, {"item_id": "defa0b41-f144-4b7f-bc89-7d53f1d4be24", "slot_idx": 5, "item_type_id": "06afcde3-3c8a-4d9f-9e31-7e4a6c75bbd8"}], "b_rack": [{"item_id": "a9277a08-cfb4-4bec-95e5-2d5214c7fbce", "slot_idx": 0, "item_type_id": "434d961e-09a3-4ba7-90d5-aa702c4e5fdf"}, {"item_id": "61cbe617-b1ba-415b-b254-bc50acb0f441", "slot_idx": 1, "item_type_id": "434d961e-09a3-4ba7-90d5-aa702c4e5fdf"}, {"item_id": "ed3564d1-ea0a-4c5c-83f1-5582ee456ce3", "slot_idx": 2, "item_type_id": "aab8ec7b-6031-4f54-9ab4-434ab5e7b47c"}, {"item_id": "559dc0fa-0c89-4220-bcc5-4bcc7c1e03f9", "slot_idx": 3, "item_type_id": "643b06f8-3df2-40d4-abfe-37d55287d628"}], "c_rack": [{"item_id": "866b355f-2782-43c0-8cb6-9ff44c266ed5", "slot_idx": 0, "item_type_id": "15291fcb-6edf-43d4-85e1-6cabc958251b"}, {"item_id": "77a5e0ea-7c80-4a65-b4d8-1d2acc70d3b8", "slot_idx": 1, "item_type_id": "15291fcb-6edf-43d4-85e1-6cabc958251b"}, {"item_id": "7c1056c3-f9bc-4889-b403-b377f3308757", "slot_idx": 2, "item_type_id": "dd980070-1f58-4e2e-a997-5aed73a38c80"}, {"item_id": "7bd15625-1dd0-4928-87f8-37b3fd78deb2", "slot_idx": 3, "item_type_id": "eeac9bfc-70f1-45da-965c-fa9101bede4e"}]}', false, NULL, '571befde-48c5-4480-af64-b7d8eccacc3b', '4be2640e-0f28-4e1d-b6ad-2d6222dd64e5', true, 'ee76cb33-ba84-4859-8a95-cc21a0a7b793', 10000, false, 1);
    INSERT INTO public.ships (id, universe_systemid, userid, pos_x, pos_y, created, shipname, texture, theta, vel_x, vel_y, shield, armor, hull, fuel, heat, energy, shiptemplateid, dockedat_stationid, fitting, destroyed, destroyedat, cargobay_containerid, fittingbay_containerid, remaxdirty, trash_containerid, wallet, noload, flightexperiencemodifier) VALUES ('c27f3004-1653-4b87-82ca-ca2d692f9067', '0074f593-df14-47c4-8971-336b81a86fb8', '79890293-3e1a-4ee0-a988-5222d251452c', 0, 0, '2022-12-06 16:36:45.976842-05', 'Rosaire Petit''s Starter Ship', 'Kea', 0, 0, 0, 3375, 2713, 2165, 4166, 0, 1439, '211646ef-a445-4e5d-b3e1-708b7a1d4817', 'ab91015b-fb32-47fd-bf38-d15af5933bab', '{"a_rack": [{"item_id": "f4a7054e-4a2c-4b28-8c9c-f20014726570", "slot_idx": 0, "item_type_id": "c1fab418-79aa-44e0-9f0b-70375171af25"}, {"item_id": "88fcefd9-e2bd-432b-8819-74156e0afcf9", "slot_idx": 1, "item_type_id": "c1fab418-79aa-44e0-9f0b-70375171af25"}, {"item_id": "dee5d140-803b-4d0b-af56-803761e03e3d", "slot_idx": 2, "item_type_id": "c1fab418-79aa-44e0-9f0b-70375171af25"}, {"item_id": "efb3e726-4cf3-4f9b-9093-47ae37182e39", "slot_idx": 3, "item_type_id": "c1fab418-79aa-44e0-9f0b-70375171af25"}, {"item_id": "698be293-3e0d-45de-9322-149b37014ee9", "slot_idx": 4, "item_type_id": "fe071049-81a6-4d51-8660-e0a3c32b3853"}, {"item_id": "7ff08c14-1238-4743-9b23-3fbd1b4be0e1", "slot_idx": 5, "item_type_id": "06afcde3-3c8a-4d9f-9e31-7e4a6c75bbd8"}], "b_rack": [{"item_id": "0d9ab2a9-4f3a-4fb8-8f54-decec21c86bc", "slot_idx": 0, "item_type_id": "434d961e-09a3-4ba7-90d5-aa702c4e5fdf"}, {"item_id": "5460cdb5-5788-4718-8ef2-1a71648b78e0", "slot_idx": 1, "item_type_id": "434d961e-09a3-4ba7-90d5-aa702c4e5fdf"}, {"item_id": "b0da7e8a-f52e-4dd5-aeac-06549c2c4b14", "slot_idx": 2, "item_type_id": "aab8ec7b-6031-4f54-9ab4-434ab5e7b47c"}, {"item_id": "b4c63509-4164-4312-a9e4-fc88c0767902", "slot_idx": 3, "item_type_id": "643b06f8-3df2-40d4-abfe-37d55287d628"}], "c_rack": [{"item_id": "8e8a3c98-cf7e-4a52-ac7d-465084eec875", "slot_idx": 0, "item_type_id": "15291fcb-6edf-43d4-85e1-6cabc958251b"}, {"item_id": "e8b994ee-2656-4875-8c94-3e9ce5e3493d", "slot_idx": 1, "item_type_id": "15291fcb-6edf-43d4-85e1-6cabc958251b"}, {"item_id": "22e81ade-9736-4788-97a4-8d0e9ba90453", "slot_idx": 2, "item_type_id": "dd980070-1f58-4e2e-a997-5aed73a38c80"}, {"item_id": "3cd9da3c-5efc-453e-a186-d4d31e091a06", "slot_idx": 3, "item_type_id": "eeac9bfc-70f1-45da-965c-fa9101bede4e"}]}', false, NULL, 'b8ac5df5-4396-4400-959a-2dbb0d92f0b9', 'cf85965f-7984-4402-b35a-3565805731d4', true, 'df6d903d-1829-4002-a6cf-81fe9e51b6c1', 10000, false, 1);
    INSERT INTO public.ships (id, universe_systemid, userid, pos_x, pos_y, created, shipname, texture, theta, vel_x, vel_y, shield, armor, hull, fuel, heat, energy, shiptemplateid, dockedat_stationid, fitting, destroyed, destroyedat, cargobay_containerid, fittingbay_containerid, remaxdirty, trash_containerid, wallet, noload, flightexperiencemodifier) VALUES ('ffc9f760-50f3-40b1-b214-57f9b5e5bbde', '0074f593-df14-47c4-8971-336b81a86fb8', 'd7b814c9-9755-4b46-bdb1-edbaa4551193', 0, 0, '2022-12-06 16:36:46.014102-05', 'Je In''s Starter Ship', 'Kea', 0, 0, 0, 3375, 2713, 2165, 4166, 0, 1439, '211646ef-a445-4e5d-b3e1-708b7a1d4817', 'ab91015b-fb32-47fd-bf38-d15af5933bab', '{"a_rack": [{"item_id": "110f80f3-509d-465b-81b0-b8613f369078", "slot_idx": 0, "item_type_id": "c1fab418-79aa-44e0-9f0b-70375171af25"}, {"item_id": "f41e81f0-205b-49ec-9adc-82c27c419d01", "slot_idx": 1, "item_type_id": "c1fab418-79aa-44e0-9f0b-70375171af25"}, {"item_id": "605e78f6-f63b-4686-a840-730a6de0970c", "slot_idx": 2, "item_type_id": "c1fab418-79aa-44e0-9f0b-70375171af25"}, {"item_id": "317f4ced-45b5-4974-b521-9aebc9eaac3b", "slot_idx": 3, "item_type_id": "c1fab418-79aa-44e0-9f0b-70375171af25"}, {"item_id": "5361e5f4-3758-4696-bc76-6b49159b238b", "slot_idx": 4, "item_type_id": "fe071049-81a6-4d51-8660-e0a3c32b3853"}, {"item_id": "a119a52e-00ff-442c-a3b4-8ccad0c95e62", "slot_idx": 5, "item_type_id": "06afcde3-3c8a-4d9f-9e31-7e4a6c75bbd8"}], "b_rack": [{"item_id": "76c9f511-b8dd-4e4b-9eb7-86752b480bfe", "slot_idx": 0, "item_type_id": "434d961e-09a3-4ba7-90d5-aa702c4e5fdf"}, {"item_id": "92bcd94c-2f68-4320-ba9e-8d08e857fa84", "slot_idx": 1, "item_type_id": "434d961e-09a3-4ba7-90d5-aa702c4e5fdf"}, {"item_id": "89d9d69e-9c6e-42f2-a588-867f6d3975da", "slot_idx": 2, "item_type_id": "aab8ec7b-6031-4f54-9ab4-434ab5e7b47c"}, {"item_id": "968b929d-2f43-4177-9c3a-82cea5a9ec66", "slot_idx": 3, "item_type_id": "643b06f8-3df2-40d4-abfe-37d55287d628"}], "c_rack": [{"item_id": "ce2c973a-82e6-4c5c-a42a-34953400a59f", "slot_idx": 0, "item_type_id": "15291fcb-6edf-43d4-85e1-6cabc958251b"}, {"item_id": "98eafef0-aec3-47d6-a771-0e547f043023", "slot_idx": 1, "item_type_id": "15291fcb-6edf-43d4-85e1-6cabc958251b"}, {"item_id": "1b8d8e95-c257-4c78-be50-747b75276b40", "slot_idx": 2, "item_type_id": "dd980070-1f58-4e2e-a997-5aed73a38c80"}, {"item_id": "3a32e1c5-2439-4739-b1a0-d3986da6c854", "slot_idx": 3, "item_type_id": "eeac9bfc-70f1-45da-965c-fa9101bede4e"}]}', false, NULL, '32575210-1b50-4fdc-abb9-049fe23ca759', '98182cbc-3167-42b9-a710-5db8728f9927', true, '203dacd6-4bab-4745-9f09-a8ac5a9c7e5e', 10000, false, 1);
    INSERT INTO public.ships (id, universe_systemid, userid, pos_x, pos_y, created, shipname, texture, theta, vel_x, vel_y, shield, armor, hull, fuel, heat, energy, shiptemplateid, dockedat_stationid, fitting, destroyed, destroyedat, cargobay_containerid, fittingbay_containerid, remaxdirty, trash_containerid, wallet, noload, flightexperiencemodifier) VALUES ('13a8ab5b-5660-46ef-867c-57b3b7de8661', '0074f593-df14-47c4-8971-336b81a86fb8', 'f2fddab4-2044-4b5a-9397-78263329563b', 0, 0, '2022-12-06 16:36:46.050688-05', 'Joshi Akiloye''s Starter Ship', 'Kea', 0, 0, 0, 3375, 2713, 2165, 4166, 0, 1439, '211646ef-a445-4e5d-b3e1-708b7a1d4817', 'ab91015b-fb32-47fd-bf38-d15af5933bab', '{"a_rack": [{"item_id": "1d083e3f-ebe3-47b2-b79f-feef4983a14f", "slot_idx": 0, "item_type_id": "c1fab418-79aa-44e0-9f0b-70375171af25"}, {"item_id": "54b7cd74-b6fe-4720-be04-4f8381d9e079", "slot_idx": 1, "item_type_id": "c1fab418-79aa-44e0-9f0b-70375171af25"}, {"item_id": "50db02d0-c04d-4d34-98f4-d5ab25bcd634", "slot_idx": 2, "item_type_id": "c1fab418-79aa-44e0-9f0b-70375171af25"}, {"item_id": "add472f7-a5e2-44b8-8795-009439d5554c", "slot_idx": 3, "item_type_id": "c1fab418-79aa-44e0-9f0b-70375171af25"}, {"item_id": "c9fff1c8-0602-4e55-9476-50c5970615ef", "slot_idx": 4, "item_type_id": "fe071049-81a6-4d51-8660-e0a3c32b3853"}, {"item_id": "31499592-2a6e-473c-8377-e3505a4b1e9a", "slot_idx": 5, "item_type_id": "06afcde3-3c8a-4d9f-9e31-7e4a6c75bbd8"}], "b_rack": [{"item_id": "95d33866-e585-4c05-b4ab-63a81282dc97", "slot_idx": 0, "item_type_id": "434d961e-09a3-4ba7-90d5-aa702c4e5fdf"}, {"item_id": "468de1c7-f6dd-40ad-9d59-2f683a9553b9", "slot_idx": 1, "item_type_id": "434d961e-09a3-4ba7-90d5-aa702c4e5fdf"}, {"item_id": "717134a2-17c4-4009-8687-03bd32edd7c4", "slot_idx": 2, "item_type_id": "aab8ec7b-6031-4f54-9ab4-434ab5e7b47c"}, {"item_id": "af819ac3-4867-4495-8ff0-8548a942f14c", "slot_idx": 3, "item_type_id": "643b06f8-3df2-40d4-abfe-37d55287d628"}], "c_rack": [{"item_id": "425ac771-01f1-4f5c-acd1-316ceda2e6d9", "slot_idx": 0, "item_type_id": "15291fcb-6edf-43d4-85e1-6cabc958251b"}, {"item_id": "5b0e189a-24ae-475b-9541-2d81dcfaa3f5", "slot_idx": 1, "item_type_id": "15291fcb-6edf-43d4-85e1-6cabc958251b"}, {"item_id": "904a65fa-3ecc-4dfc-8ae1-ba6d563ef0c4", "slot_idx": 2, "item_type_id": "dd980070-1f58-4e2e-a997-5aed73a38c80"}, {"item_id": "01803d9b-75ab-404b-b1be-c23cbeaa38c4", "slot_idx": 3, "item_type_id": "eeac9bfc-70f1-45da-965c-fa9101bede4e"}]}', false, NULL, '9c2459a7-ae75-40c7-b841-a2d7bc208e0a', '18ba825f-7618-4669-adb1-f11481b86ac9', true, 'dc9cdc9d-0cd5-4e2e-99f6-70fb54bf824b', 10000, false, 1);

    -- items
    INSERT INTO public.items (id, itemtypeid, meta, created, createdby, createdreason, containerid, quantity, ispackaged) VALUES ('6c78b8ba-2e7a-45d7-bfbc-399a74197ebd', 'c1fab418-79aa-44e0-9f0b-70375171af25', '{"hp": 38, "rack": "a", "range": 15226, "volume": 76, "falloff": "linear", "cooldown": 22.7, "tracking": 25.8, "hull_damage": 5035, "armor_damage": 3677, "can_mine_gas": false, "can_mine_ice": false, "can_mine_ore": false, "needs_target": true, "shield_damage": 2495, "activation_heat": 188.6, "ammunition_name": "Medium Gauss Shell", "ammunition_type": "81fc758a-9a44-41b6-8265-9649332957b9", "industrialmarket": {"maxprice": 37725, "minprice": 17233, "silosize": 1000}, "activation_energy": 81, "ore_mining_volume": 0, "activation_gfx_effect": "medium_gauss_rifle"}', '2022-12-06 16:36:45.909826-05', '57af0455-964a-45c8-9fe4-9f90e5678860', 'Module for new noob ship for player', '4be2640e-0f28-4e1d-b6ad-2d6222dd64e5', 1, false);
    INSERT INTO public.items (id, itemtypeid, meta, created, createdby, createdreason, containerid, quantity, ispackaged) VALUES ('47123aa7-eeb8-4d85-86ba-200f6ca54e4d', 'c1fab418-79aa-44e0-9f0b-70375171af25', '{"hp": 38, "rack": "a", "range": 15226, "volume": 76, "falloff": "linear", "cooldown": 22.7, "tracking": 25.8, "hull_damage": 5035, "armor_damage": 3677, "can_mine_gas": false, "can_mine_ice": false, "can_mine_ore": false, "needs_target": true, "shield_damage": 2495, "activation_heat": 188.6, "ammunition_name": "Medium Gauss Shell", "ammunition_type": "81fc758a-9a44-41b6-8265-9649332957b9", "industrialmarket": {"maxprice": 37725, "minprice": 17233, "silosize": 1000}, "activation_energy": 81, "ore_mining_volume": 0, "activation_gfx_effect": "medium_gauss_rifle"}', '2022-12-06 16:36:45.911779-05', '57af0455-964a-45c8-9fe4-9f90e5678860', 'Module for new noob ship for player', '4be2640e-0f28-4e1d-b6ad-2d6222dd64e5', 1, false);
    INSERT INTO public.items (id, itemtypeid, meta, created, createdby, createdreason, containerid, quantity, ispackaged) VALUES ('e59fc628-684f-45b1-a82c-81454e2edd8f', 'c1fab418-79aa-44e0-9f0b-70375171af25', '{"hp": 38, "rack": "a", "range": 15226, "volume": 76, "falloff": "linear", "cooldown": 22.7, "tracking": 25.8, "hull_damage": 5035, "armor_damage": 3677, "can_mine_gas": false, "can_mine_ice": false, "can_mine_ore": false, "needs_target": true, "shield_damage": 2495, "activation_heat": 188.6, "ammunition_name": "Medium Gauss Shell", "ammunition_type": "81fc758a-9a44-41b6-8265-9649332957b9", "industrialmarket": {"maxprice": 37725, "minprice": 17233, "silosize": 1000}, "activation_energy": 81, "ore_mining_volume": 0, "activation_gfx_effect": "medium_gauss_rifle"}', '2022-12-06 16:36:45.913488-05', '57af0455-964a-45c8-9fe4-9f90e5678860', 'Module for new noob ship for player', '4be2640e-0f28-4e1d-b6ad-2d6222dd64e5', 1, false);
    INSERT INTO public.items (id, itemtypeid, meta, created, createdby, createdreason, containerid, quantity, ispackaged) VALUES ('2bafc43e-dd96-49a6-b9cc-ba1734f1ae49', 'c1fab418-79aa-44e0-9f0b-70375171af25', '{"hp": 38, "rack": "a", "range": 15226, "volume": 76, "falloff": "linear", "cooldown": 22.7, "tracking": 25.8, "hull_damage": 5035, "armor_damage": 3677, "can_mine_gas": false, "can_mine_ice": false, "can_mine_ore": false, "needs_target": true, "shield_damage": 2495, "activation_heat": 188.6, "ammunition_name": "Medium Gauss Shell", "ammunition_type": "81fc758a-9a44-41b6-8265-9649332957b9", "industrialmarket": {"maxprice": 37725, "minprice": 17233, "silosize": 1000}, "activation_energy": 81, "ore_mining_volume": 0, "activation_gfx_effect": "medium_gauss_rifle"}', '2022-12-06 16:36:45.915337-05', '57af0455-964a-45c8-9fe4-9f90e5678860', 'Module for new noob ship for player', '4be2640e-0f28-4e1d-b6ad-2d6222dd64e5', 1, false);
    INSERT INTO public.items (id, itemtypeid, meta, created, createdby, createdreason, containerid, quantity, ispackaged) VALUES ('e7ee4cee-44f2-4314-91df-23fe7e46f82f', 'fe071049-81a6-4d51-8660-e0a3c32b3853', '{"hp": 20, "rack": "a", "volume": 80, "cooldown": 125.4, "activation_heat": 214.3, "industrialmarket": {"maxprice": 34503, "minprice": 16849, "silosize": 1000}, "activation_energy": 1825}', '2022-12-06 16:36:45.917319-05', '57af0455-964a-45c8-9fe4-9f90e5678860', 'Module for new noob ship for player', '4be2640e-0f28-4e1d-b6ad-2d6222dd64e5', 1, false);
    INSERT INTO public.items (id, itemtypeid, meta, created, createdby, createdreason, containerid, quantity, ispackaged) VALUES ('defa0b41-f144-4b7f-bc89-7d53f1d4be24', '06afcde3-3c8a-4d9f-9e31-7e4a6c75bbd8', '{"hp": 42, "rack": "a", "range": 2799, "volume": 77, "falloff": "linear", "cooldown": 38.5, "tracking": 55, "needs_target": true, "activation_heat": 360, "industrialmarket": {"maxprice": 34677, "minprice": 23904, "silosize": 1000}, "activation_energy": 98, "energy_siphon_amount": 1785, "activation_gfx_effect": "medium_energy_siphon"}', '2022-12-06 16:36:45.919213-05', '57af0455-964a-45c8-9fe4-9f90e5678860', 'Module for new noob ship for player', '4be2640e-0f28-4e1d-b6ad-2d6222dd64e5', 1, false);
    INSERT INTO public.items (id, itemtypeid, meta, created, createdby, createdreason, containerid, quantity, ispackaged) VALUES ('a9277a08-cfb4-4bec-95e5-2d5214c7fbce', '434d961e-09a3-4ba7-90d5-aa702c4e5fdf', '{"hp": 21, "rack": "b", "volume": 63, "cooldown": 27.8, "needs_target": false, "activation_heat": 1134, "industrialmarket": {"maxprice": 5680, "minprice": 1755, "silosize": 1000}, "activation_energy": 225, "shield_boost_amount": 400, "activation_gfx_effect": "medium_shield_booster"}', '2022-12-06 16:36:45.922472-05', '57af0455-964a-45c8-9fe4-9f90e5678860', 'Module for new noob ship for player', '4be2640e-0f28-4e1d-b6ad-2d6222dd64e5', 1, false);
    INSERT INTO public.items (id, itemtypeid, meta, created, createdby, createdreason, containerid, quantity, ispackaged) VALUES ('61cbe617-b1ba-415b-b254-bc50acb0f441', '434d961e-09a3-4ba7-90d5-aa702c4e5fdf', '{"hp": 21, "rack": "b", "volume": 63, "cooldown": 27.8, "needs_target": false, "activation_heat": 1134, "industrialmarket": {"maxprice": 5680, "minprice": 1755, "silosize": 1000}, "activation_energy": 225, "shield_boost_amount": 400, "activation_gfx_effect": "medium_shield_booster"}', '2022-12-06 16:36:45.924551-05', '57af0455-964a-45c8-9fe4-9f90e5678860', 'Module for new noob ship for player', '4be2640e-0f28-4e1d-b6ad-2d6222dd64e5', 1, false);
    INSERT INTO public.items (id, itemtypeid, meta, created, createdby, createdreason, containerid, quantity, ispackaged) VALUES ('ed3564d1-ea0a-4c5c-83f1-5582ee456ce3', 'aab8ec7b-6031-4f54-9ab4-434ab5e7b47c', '{"hp": 35, "rack": "b", "volume": 35, "cooldown": 27.5, "needs_target": false, "activation_heat": 490, "industrialmarket": {"maxprice": 7319, "minprice": 4250, "silosize": 1000}, "activation_energy": 385}', '2022-12-06 16:36:45.926526-05', '57af0455-964a-45c8-9fe4-9f90e5678860', 'Module for new noob ship for player', '4be2640e-0f28-4e1d-b6ad-2d6222dd64e5', 1, false);
    INSERT INTO public.items (id, itemtypeid, meta, created, createdby, createdreason, containerid, quantity, ispackaged) VALUES ('559dc0fa-0c89-4220-bcc5-4bcc7c1e03f9', '643b06f8-3df2-40d4-abfe-37d55287d628', '{"hp": 13, "rack": "b", "range": 5487, "volume": 33, "falloff": "linear", "cooldown": 21.2, "needs_target": true, "activation_heat": 687, "drag_multiplier": 29.5, "industrialmarket": {"maxprice": 14075, "minprice": 10233, "silosize": 500}, "activation_energy": 760, "activation_gfx_effect": "small_aether_dragger"}', '2022-12-06 16:36:45.928307-05', '57af0455-964a-45c8-9fe4-9f90e5678860', 'Module for new noob ship for player', '4be2640e-0f28-4e1d-b6ad-2d6222dd64e5', 1, false);
    INSERT INTO public.items (id, itemtypeid, meta, created, createdby, createdreason, containerid, quantity, ispackaged) VALUES ('866b355f-2782-43c0-8cb6-9ff44c266ed5', '15291fcb-6edf-43d4-85e1-6cabc958251b', '{"hp": 17, "rack": "c", "volume": 45, "energy_max_add": 363, "industrialmarket": {"maxprice": 19284, "minprice": 8763, "silosize": 200}}', '2022-12-06 16:36:45.930261-05', '57af0455-964a-45c8-9fe4-9f90e5678860', 'Module for new noob ship for player', '4be2640e-0f28-4e1d-b6ad-2d6222dd64e5', 1, false);
    INSERT INTO public.items (id, itemtypeid, meta, created, createdby, createdreason, containerid, quantity, ispackaged) VALUES ('77a5e0ea-7c80-4a65-b4d8-1d2acc70d3b8', '15291fcb-6edf-43d4-85e1-6cabc958251b', '{"hp": 17, "rack": "c", "volume": 45, "energy_max_add": 363, "industrialmarket": {"maxprice": 19284, "minprice": 8763, "silosize": 200}}', '2022-12-06 16:36:45.932449-05', '57af0455-964a-45c8-9fe4-9f90e5678860', 'Module for new noob ship for player', '4be2640e-0f28-4e1d-b6ad-2d6222dd64e5', 1, false);
    INSERT INTO public.items (id, itemtypeid, meta, created, createdby, createdreason, containerid, quantity, ispackaged) VALUES ('7c1056c3-f9bc-4889-b403-b377f3308757', 'dd980070-1f58-4e2e-a997-5aed73a38c80', '{"hp": 95, "rack": "c", "volume": 40, "heat_cap_max_add": 925, "industrialmarket": {"maxprice": 7745, "minprice": 4412, "silosize": 1000}}', '2022-12-06 16:36:45.934596-05', '57af0455-964a-45c8-9fe4-9f90e5678860', 'Module for new noob ship for player', '4be2640e-0f28-4e1d-b6ad-2d6222dd64e5', 1, false);
    INSERT INTO public.items (id, itemtypeid, meta, created, createdby, createdreason, containerid, quantity, ispackaged) VALUES ('7bd15625-1dd0-4928-87f8-37b3fd78deb2', 'eeac9bfc-70f1-45da-965c-fa9101bede4e', '{"hp": 19, "rack": "c", "volume": 47, "industrialmarket": {"maxprice": 67923, "minprice": 38444, "silosize": 200}, "energy_regen_max_add": 48}', '2022-12-06 16:36:45.936696-05', '57af0455-964a-45c8-9fe4-9f90e5678860', 'Module for new noob ship for player', '4be2640e-0f28-4e1d-b6ad-2d6222dd64e5', 1, false);
    INSERT INTO public.items (id, itemtypeid, meta, created, createdby, createdreason, containerid, quantity, ispackaged) VALUES ('f4a7054e-4a2c-4b28-8c9c-f20014726570', 'c1fab418-79aa-44e0-9f0b-70375171af25', '{"hp": 38, "rack": "a", "range": 15226, "volume": 76, "falloff": "linear", "cooldown": 22.7, "tracking": 25.8, "hull_damage": 5035, "armor_damage": 3677, "can_mine_gas": false, "can_mine_ice": false, "can_mine_ore": false, "needs_target": true, "shield_damage": 2495, "activation_heat": 188.6, "ammunition_name": "Medium Gauss Shell", "ammunition_type": "81fc758a-9a44-41b6-8265-9649332957b9", "industrialmarket": {"maxprice": 37725, "minprice": 17233, "silosize": 1000}, "activation_energy": 81, "ore_mining_volume": 0, "activation_gfx_effect": "medium_gauss_rifle"}', '2022-12-06 16:36:45.954023-05', '79890293-3e1a-4ee0-a988-5222d251452c', 'Module for new noob ship for player', 'cf85965f-7984-4402-b35a-3565805731d4', 1, false);
    INSERT INTO public.items (id, itemtypeid, meta, created, createdby, createdreason, containerid, quantity, ispackaged) VALUES ('88fcefd9-e2bd-432b-8819-74156e0afcf9', 'c1fab418-79aa-44e0-9f0b-70375171af25', '{"hp": 38, "rack": "a", "range": 15226, "volume": 76, "falloff": "linear", "cooldown": 22.7, "tracking": 25.8, "hull_damage": 5035, "armor_damage": 3677, "can_mine_gas": false, "can_mine_ice": false, "can_mine_ore": false, "needs_target": true, "shield_damage": 2495, "activation_heat": 188.6, "ammunition_name": "Medium Gauss Shell", "ammunition_type": "81fc758a-9a44-41b6-8265-9649332957b9", "industrialmarket": {"maxprice": 37725, "minprice": 17233, "silosize": 1000}, "activation_energy": 81, "ore_mining_volume": 0, "activation_gfx_effect": "medium_gauss_rifle"}', '2022-12-06 16:36:45.955769-05', '79890293-3e1a-4ee0-a988-5222d251452c', 'Module for new noob ship for player', 'cf85965f-7984-4402-b35a-3565805731d4', 1, false);
    INSERT INTO public.items (id, itemtypeid, meta, created, createdby, createdreason, containerid, quantity, ispackaged) VALUES ('dee5d140-803b-4d0b-af56-803761e03e3d', 'c1fab418-79aa-44e0-9f0b-70375171af25', '{"hp": 38, "rack": "a", "range": 15226, "volume": 76, "falloff": "linear", "cooldown": 22.7, "tracking": 25.8, "hull_damage": 5035, "armor_damage": 3677, "can_mine_gas": false, "can_mine_ice": false, "can_mine_ore": false, "needs_target": true, "shield_damage": 2495, "activation_heat": 188.6, "ammunition_name": "Medium Gauss Shell", "ammunition_type": "81fc758a-9a44-41b6-8265-9649332957b9", "industrialmarket": {"maxprice": 37725, "minprice": 17233, "silosize": 1000}, "activation_energy": 81, "ore_mining_volume": 0, "activation_gfx_effect": "medium_gauss_rifle"}', '2022-12-06 16:36:45.957446-05', '79890293-3e1a-4ee0-a988-5222d251452c', 'Module for new noob ship for player', 'cf85965f-7984-4402-b35a-3565805731d4', 1, false);
    INSERT INTO public.items (id, itemtypeid, meta, created, createdby, createdreason, containerid, quantity, ispackaged) VALUES ('efb3e726-4cf3-4f9b-9093-47ae37182e39', 'c1fab418-79aa-44e0-9f0b-70375171af25', '{"hp": 38, "rack": "a", "range": 15226, "volume": 76, "falloff": "linear", "cooldown": 22.7, "tracking": 25.8, "hull_damage": 5035, "armor_damage": 3677, "can_mine_gas": false, "can_mine_ice": false, "can_mine_ore": false, "needs_target": true, "shield_damage": 2495, "activation_heat": 188.6, "ammunition_name": "Medium Gauss Shell", "ammunition_type": "81fc758a-9a44-41b6-8265-9649332957b9", "industrialmarket": {"maxprice": 37725, "minprice": 17233, "silosize": 1000}, "activation_energy": 81, "ore_mining_volume": 0, "activation_gfx_effect": "medium_gauss_rifle"}', '2022-12-06 16:36:45.959166-05', '79890293-3e1a-4ee0-a988-5222d251452c', 'Module for new noob ship for player', 'cf85965f-7984-4402-b35a-3565805731d4', 1, false);
    INSERT INTO public.items (id, itemtypeid, meta, created, createdby, createdreason, containerid, quantity, ispackaged) VALUES ('698be293-3e0d-45de-9322-149b37014ee9', 'fe071049-81a6-4d51-8660-e0a3c32b3853', '{"hp": 20, "rack": "a", "volume": 80, "cooldown": 125.4, "activation_heat": 214.3, "industrialmarket": {"maxprice": 34503, "minprice": 16849, "silosize": 1000}, "activation_energy": 1825}', '2022-12-06 16:36:45.960878-05', '79890293-3e1a-4ee0-a988-5222d251452c', 'Module for new noob ship for player', 'cf85965f-7984-4402-b35a-3565805731d4', 1, false);
    INSERT INTO public.items (id, itemtypeid, meta, created, createdby, createdreason, containerid, quantity, ispackaged) VALUES ('7ff08c14-1238-4743-9b23-3fbd1b4be0e1', '06afcde3-3c8a-4d9f-9e31-7e4a6c75bbd8', '{"hp": 42, "rack": "a", "range": 2799, "volume": 77, "falloff": "linear", "cooldown": 38.5, "tracking": 55, "needs_target": true, "activation_heat": 360, "industrialmarket": {"maxprice": 34677, "minprice": 23904, "silosize": 1000}, "activation_energy": 98, "energy_siphon_amount": 1785, "activation_gfx_effect": "medium_energy_siphon"}', '2022-12-06 16:36:45.962512-05', '79890293-3e1a-4ee0-a988-5222d251452c', 'Module for new noob ship for player', 'cf85965f-7984-4402-b35a-3565805731d4', 1, false);
    INSERT INTO public.items (id, itemtypeid, meta, created, createdby, createdreason, containerid, quantity, ispackaged) VALUES ('0d9ab2a9-4f3a-4fb8-8f54-decec21c86bc', '434d961e-09a3-4ba7-90d5-aa702c4e5fdf', '{"hp": 21, "rack": "b", "volume": 63, "cooldown": 27.8, "needs_target": false, "activation_heat": 1134, "industrialmarket": {"maxprice": 5680, "minprice": 1755, "silosize": 1000}, "activation_energy": 225, "shield_boost_amount": 400, "activation_gfx_effect": "medium_shield_booster"}', '2022-12-06 16:36:45.964157-05', '79890293-3e1a-4ee0-a988-5222d251452c', 'Module for new noob ship for player', 'cf85965f-7984-4402-b35a-3565805731d4', 1, false);
    INSERT INTO public.items (id, itemtypeid, meta, created, createdby, createdreason, containerid, quantity, ispackaged) VALUES ('5460cdb5-5788-4718-8ef2-1a71648b78e0', '434d961e-09a3-4ba7-90d5-aa702c4e5fdf', '{"hp": 21, "rack": "b", "volume": 63, "cooldown": 27.8, "needs_target": false, "activation_heat": 1134, "industrialmarket": {"maxprice": 5680, "minprice": 1755, "silosize": 1000}, "activation_energy": 225, "shield_boost_amount": 400, "activation_gfx_effect": "medium_shield_booster"}', '2022-12-06 16:36:45.965746-05', '79890293-3e1a-4ee0-a988-5222d251452c', 'Module for new noob ship for player', 'cf85965f-7984-4402-b35a-3565805731d4', 1, false);
    INSERT INTO public.items (id, itemtypeid, meta, created, createdby, createdreason, containerid, quantity, ispackaged) VALUES ('b0da7e8a-f52e-4dd5-aeac-06549c2c4b14', 'aab8ec7b-6031-4f54-9ab4-434ab5e7b47c', '{"hp": 35, "rack": "b", "volume": 35, "cooldown": 27.5, "needs_target": false, "activation_heat": 490, "industrialmarket": {"maxprice": 7319, "minprice": 4250, "silosize": 1000}, "activation_energy": 385}', '2022-12-06 16:36:45.967364-05', '79890293-3e1a-4ee0-a988-5222d251452c', 'Module for new noob ship for player', 'cf85965f-7984-4402-b35a-3565805731d4', 1, false);
    INSERT INTO public.items (id, itemtypeid, meta, created, createdby, createdreason, containerid, quantity, ispackaged) VALUES ('b4c63509-4164-4312-a9e4-fc88c0767902', '643b06f8-3df2-40d4-abfe-37d55287d628', '{"hp": 13, "rack": "b", "range": 5487, "volume": 33, "falloff": "linear", "cooldown": 21.2, "needs_target": true, "activation_heat": 687, "drag_multiplier": 29.5, "industrialmarket": {"maxprice": 14075, "minprice": 10233, "silosize": 500}, "activation_energy": 760, "activation_gfx_effect": "small_aether_dragger"}', '2022-12-06 16:36:45.968937-05', '79890293-3e1a-4ee0-a988-5222d251452c', 'Module for new noob ship for player', 'cf85965f-7984-4402-b35a-3565805731d4', 1, false);
    INSERT INTO public.items (id, itemtypeid, meta, created, createdby, createdreason, containerid, quantity, ispackaged) VALUES ('8e8a3c98-cf7e-4a52-ac7d-465084eec875', '15291fcb-6edf-43d4-85e1-6cabc958251b', '{"hp": 17, "rack": "c", "volume": 45, "energy_max_add": 363, "industrialmarket": {"maxprice": 19284, "minprice": 8763, "silosize": 200}}', '2022-12-06 16:36:45.970519-05', '79890293-3e1a-4ee0-a988-5222d251452c', 'Module for new noob ship for player', 'cf85965f-7984-4402-b35a-3565805731d4', 1, false);
    INSERT INTO public.items (id, itemtypeid, meta, created, createdby, createdreason, containerid, quantity, ispackaged) VALUES ('e8b994ee-2656-4875-8c94-3e9ce5e3493d', '15291fcb-6edf-43d4-85e1-6cabc958251b', '{"hp": 17, "rack": "c", "volume": 45, "energy_max_add": 363, "industrialmarket": {"maxprice": 19284, "minprice": 8763, "silosize": 200}}', '2022-12-06 16:36:45.972195-05', '79890293-3e1a-4ee0-a988-5222d251452c', 'Module for new noob ship for player', 'cf85965f-7984-4402-b35a-3565805731d4', 1, false);
    INSERT INTO public.items (id, itemtypeid, meta, created, createdby, createdreason, containerid, quantity, ispackaged) VALUES ('22e81ade-9736-4788-97a4-8d0e9ba90453', 'dd980070-1f58-4e2e-a997-5aed73a38c80', '{"hp": 95, "rack": "c", "volume": 40, "heat_cap_max_add": 925, "industrialmarket": {"maxprice": 7745, "minprice": 4412, "silosize": 1000}}', '2022-12-06 16:36:45.973775-05', '79890293-3e1a-4ee0-a988-5222d251452c', 'Module for new noob ship for player', 'cf85965f-7984-4402-b35a-3565805731d4', 1, false);
    INSERT INTO public.items (id, itemtypeid, meta, created, createdby, createdreason, containerid, quantity, ispackaged) VALUES ('3cd9da3c-5efc-453e-a186-d4d31e091a06', 'eeac9bfc-70f1-45da-965c-fa9101bede4e', '{"hp": 19, "rack": "c", "volume": 47, "industrialmarket": {"maxprice": 67923, "minprice": 38444, "silosize": 200}, "energy_regen_max_add": 48}', '2022-12-06 16:36:45.975369-05', '79890293-3e1a-4ee0-a988-5222d251452c', 'Module for new noob ship for player', 'cf85965f-7984-4402-b35a-3565805731d4', 1, false);
    INSERT INTO public.items (id, itemtypeid, meta, created, createdby, createdreason, containerid, quantity, ispackaged) VALUES ('110f80f3-509d-465b-81b0-b8613f369078', 'c1fab418-79aa-44e0-9f0b-70375171af25', '{"hp": 38, "rack": "a", "range": 15226, "volume": 76, "falloff": "linear", "cooldown": 22.7, "tracking": 25.8, "hull_damage": 5035, "armor_damage": 3677, "can_mine_gas": false, "can_mine_ice": false, "can_mine_ore": false, "needs_target": true, "shield_damage": 2495, "activation_heat": 188.6, "ammunition_name": "Medium Gauss Shell", "ammunition_type": "81fc758a-9a44-41b6-8265-9649332957b9", "industrialmarket": {"maxprice": 37725, "minprice": 17233, "silosize": 1000}, "activation_energy": 81, "ore_mining_volume": 0, "activation_gfx_effect": "medium_gauss_rifle"}', '2022-12-06 16:36:45.989554-05', 'd7b814c9-9755-4b46-bdb1-edbaa4551193', 'Module for new noob ship for player', '98182cbc-3167-42b9-a710-5db8728f9927', 1, false);
    INSERT INTO public.items (id, itemtypeid, meta, created, createdby, createdreason, containerid, quantity, ispackaged) VALUES ('f41e81f0-205b-49ec-9adc-82c27c419d01', 'c1fab418-79aa-44e0-9f0b-70375171af25', '{"hp": 38, "rack": "a", "range": 15226, "volume": 76, "falloff": "linear", "cooldown": 22.7, "tracking": 25.8, "hull_damage": 5035, "armor_damage": 3677, "can_mine_gas": false, "can_mine_ice": false, "can_mine_ore": false, "needs_target": true, "shield_damage": 2495, "activation_heat": 188.6, "ammunition_name": "Medium Gauss Shell", "ammunition_type": "81fc758a-9a44-41b6-8265-9649332957b9", "industrialmarket": {"maxprice": 37725, "minprice": 17233, "silosize": 1000}, "activation_energy": 81, "ore_mining_volume": 0, "activation_gfx_effect": "medium_gauss_rifle"}', '2022-12-06 16:36:45.991245-05', 'd7b814c9-9755-4b46-bdb1-edbaa4551193', 'Module for new noob ship for player', '98182cbc-3167-42b9-a710-5db8728f9927', 1, false);
    INSERT INTO public.items (id, itemtypeid, meta, created, createdby, createdreason, containerid, quantity, ispackaged) VALUES ('605e78f6-f63b-4686-a840-730a6de0970c', 'c1fab418-79aa-44e0-9f0b-70375171af25', '{"hp": 38, "rack": "a", "range": 15226, "volume": 76, "falloff": "linear", "cooldown": 22.7, "tracking": 25.8, "hull_damage": 5035, "armor_damage": 3677, "can_mine_gas": false, "can_mine_ice": false, "can_mine_ore": false, "needs_target": true, "shield_damage": 2495, "activation_heat": 188.6, "ammunition_name": "Medium Gauss Shell", "ammunition_type": "81fc758a-9a44-41b6-8265-9649332957b9", "industrialmarket": {"maxprice": 37725, "minprice": 17233, "silosize": 1000}, "activation_energy": 81, "ore_mining_volume": 0, "activation_gfx_effect": "medium_gauss_rifle"}', '2022-12-06 16:36:45.992961-05', 'd7b814c9-9755-4b46-bdb1-edbaa4551193', 'Module for new noob ship for player', '98182cbc-3167-42b9-a710-5db8728f9927', 1, false);
    INSERT INTO public.items (id, itemtypeid, meta, created, createdby, createdreason, containerid, quantity, ispackaged) VALUES ('317f4ced-45b5-4974-b521-9aebc9eaac3b', 'c1fab418-79aa-44e0-9f0b-70375171af25', '{"hp": 38, "rack": "a", "range": 15226, "volume": 76, "falloff": "linear", "cooldown": 22.7, "tracking": 25.8, "hull_damage": 5035, "armor_damage": 3677, "can_mine_gas": false, "can_mine_ice": false, "can_mine_ore": false, "needs_target": true, "shield_damage": 2495, "activation_heat": 188.6, "ammunition_name": "Medium Gauss Shell", "ammunition_type": "81fc758a-9a44-41b6-8265-9649332957b9", "industrialmarket": {"maxprice": 37725, "minprice": 17233, "silosize": 1000}, "activation_energy": 81, "ore_mining_volume": 0, "activation_gfx_effect": "medium_gauss_rifle"}', '2022-12-06 16:36:45.994725-05', 'd7b814c9-9755-4b46-bdb1-edbaa4551193', 'Module for new noob ship for player', '98182cbc-3167-42b9-a710-5db8728f9927', 1, false);
    INSERT INTO public.items (id, itemtypeid, meta, created, createdby, createdreason, containerid, quantity, ispackaged) VALUES ('5361e5f4-3758-4696-bc76-6b49159b238b', 'fe071049-81a6-4d51-8660-e0a3c32b3853', '{"hp": 20, "rack": "a", "volume": 80, "cooldown": 125.4, "activation_heat": 214.3, "industrialmarket": {"maxprice": 34503, "minprice": 16849, "silosize": 1000}, "activation_energy": 1825}', '2022-12-06 16:36:45.996518-05', 'd7b814c9-9755-4b46-bdb1-edbaa4551193', 'Module for new noob ship for player', '98182cbc-3167-42b9-a710-5db8728f9927', 1, false);
    INSERT INTO public.items (id, itemtypeid, meta, created, createdby, createdreason, containerid, quantity, ispackaged) VALUES ('a119a52e-00ff-442c-a3b4-8ccad0c95e62', '06afcde3-3c8a-4d9f-9e31-7e4a6c75bbd8', '{"hp": 42, "rack": "a", "range": 2799, "volume": 77, "falloff": "linear", "cooldown": 38.5, "tracking": 55, "needs_target": true, "activation_heat": 360, "industrialmarket": {"maxprice": 34677, "minprice": 23904, "silosize": 1000}, "activation_energy": 98, "energy_siphon_amount": 1785, "activation_gfx_effect": "medium_energy_siphon"}', '2022-12-06 16:36:45.998273-05', 'd7b814c9-9755-4b46-bdb1-edbaa4551193', 'Module for new noob ship for player', '98182cbc-3167-42b9-a710-5db8728f9927', 1, false);
    INSERT INTO public.items (id, itemtypeid, meta, created, createdby, createdreason, containerid, quantity, ispackaged) VALUES ('76c9f511-b8dd-4e4b-9eb7-86752b480bfe', '434d961e-09a3-4ba7-90d5-aa702c4e5fdf', '{"hp": 21, "rack": "b", "volume": 63, "cooldown": 27.8, "needs_target": false, "activation_heat": 1134, "industrialmarket": {"maxprice": 5680, "minprice": 1755, "silosize": 1000}, "activation_energy": 225, "shield_boost_amount": 400, "activation_gfx_effect": "medium_shield_booster"}', '2022-12-06 16:36:45.999986-05', 'd7b814c9-9755-4b46-bdb1-edbaa4551193', 'Module for new noob ship for player', '98182cbc-3167-42b9-a710-5db8728f9927', 1, false);
    INSERT INTO public.items (id, itemtypeid, meta, created, createdby, createdreason, containerid, quantity, ispackaged) VALUES ('92bcd94c-2f68-4320-ba9e-8d08e857fa84', '434d961e-09a3-4ba7-90d5-aa702c4e5fdf', '{"hp": 21, "rack": "b", "volume": 63, "cooldown": 27.8, "needs_target": false, "activation_heat": 1134, "industrialmarket": {"maxprice": 5680, "minprice": 1755, "silosize": 1000}, "activation_energy": 225, "shield_boost_amount": 400, "activation_gfx_effect": "medium_shield_booster"}', '2022-12-06 16:36:46.001598-05', 'd7b814c9-9755-4b46-bdb1-edbaa4551193', 'Module for new noob ship for player', '98182cbc-3167-42b9-a710-5db8728f9927', 1, false);
    INSERT INTO public.items (id, itemtypeid, meta, created, createdby, createdreason, containerid, quantity, ispackaged) VALUES ('89d9d69e-9c6e-42f2-a588-867f6d3975da', 'aab8ec7b-6031-4f54-9ab4-434ab5e7b47c', '{"hp": 35, "rack": "b", "volume": 35, "cooldown": 27.5, "needs_target": false, "activation_heat": 490, "industrialmarket": {"maxprice": 7319, "minprice": 4250, "silosize": 1000}, "activation_energy": 385}', '2022-12-06 16:36:46.003288-05', 'd7b814c9-9755-4b46-bdb1-edbaa4551193', 'Module for new noob ship for player', '98182cbc-3167-42b9-a710-5db8728f9927', 1, false);
    INSERT INTO public.items (id, itemtypeid, meta, created, createdby, createdreason, containerid, quantity, ispackaged) VALUES ('968b929d-2f43-4177-9c3a-82cea5a9ec66', '643b06f8-3df2-40d4-abfe-37d55287d628', '{"hp": 13, "rack": "b", "range": 5487, "volume": 33, "falloff": "linear", "cooldown": 21.2, "needs_target": true, "activation_heat": 687, "drag_multiplier": 29.5, "industrialmarket": {"maxprice": 14075, "minprice": 10233, "silosize": 500}, "activation_energy": 760, "activation_gfx_effect": "small_aether_dragger"}', '2022-12-06 16:36:46.004991-05', 'd7b814c9-9755-4b46-bdb1-edbaa4551193', 'Module for new noob ship for player', '98182cbc-3167-42b9-a710-5db8728f9927', 1, false);
    INSERT INTO public.items (id, itemtypeid, meta, created, createdby, createdreason, containerid, quantity, ispackaged) VALUES ('ce2c973a-82e6-4c5c-a42a-34953400a59f', '15291fcb-6edf-43d4-85e1-6cabc958251b', '{"hp": 17, "rack": "c", "volume": 45, "energy_max_add": 363, "industrialmarket": {"maxprice": 19284, "minprice": 8763, "silosize": 200}}', '2022-12-06 16:36:46.006767-05', 'd7b814c9-9755-4b46-bdb1-edbaa4551193', 'Module for new noob ship for player', '98182cbc-3167-42b9-a710-5db8728f9927', 1, false);
    INSERT INTO public.items (id, itemtypeid, meta, created, createdby, createdreason, containerid, quantity, ispackaged) VALUES ('98eafef0-aec3-47d6-a771-0e547f043023', '15291fcb-6edf-43d4-85e1-6cabc958251b', '{"hp": 17, "rack": "c", "volume": 45, "energy_max_add": 363, "industrialmarket": {"maxprice": 19284, "minprice": 8763, "silosize": 200}}', '2022-12-06 16:36:46.008614-05', 'd7b814c9-9755-4b46-bdb1-edbaa4551193', 'Module for new noob ship for player', '98182cbc-3167-42b9-a710-5db8728f9927', 1, false);
    INSERT INTO public.items (id, itemtypeid, meta, created, createdby, createdreason, containerid, quantity, ispackaged) VALUES ('1b8d8e95-c257-4c78-be50-747b75276b40', 'dd980070-1f58-4e2e-a997-5aed73a38c80', '{"hp": 95, "rack": "c", "volume": 40, "heat_cap_max_add": 925, "industrialmarket": {"maxprice": 7745, "minprice": 4412, "silosize": 1000}}', '2022-12-06 16:36:46.010803-05', 'd7b814c9-9755-4b46-bdb1-edbaa4551193', 'Module for new noob ship for player', '98182cbc-3167-42b9-a710-5db8728f9927', 1, false);
    INSERT INTO public.items (id, itemtypeid, meta, created, createdby, createdreason, containerid, quantity, ispackaged) VALUES ('3a32e1c5-2439-4739-b1a0-d3986da6c854', 'eeac9bfc-70f1-45da-965c-fa9101bede4e', '{"hp": 19, "rack": "c", "volume": 47, "industrialmarket": {"maxprice": 67923, "minprice": 38444, "silosize": 200}, "energy_regen_max_add": 48}', '2022-12-06 16:36:46.012604-05', 'd7b814c9-9755-4b46-bdb1-edbaa4551193', 'Module for new noob ship for player', '98182cbc-3167-42b9-a710-5db8728f9927', 1, false);
    INSERT INTO public.items (id, itemtypeid, meta, created, createdby, createdreason, containerid, quantity, ispackaged) VALUES ('1d083e3f-ebe3-47b2-b79f-feef4983a14f', 'c1fab418-79aa-44e0-9f0b-70375171af25', '{"hp": 38, "rack": "a", "range": 15226, "volume": 76, "falloff": "linear", "cooldown": 22.7, "tracking": 25.8, "hull_damage": 5035, "armor_damage": 3677, "can_mine_gas": false, "can_mine_ice": false, "can_mine_ore": false, "needs_target": true, "shield_damage": 2495, "activation_heat": 188.6, "ammunition_name": "Medium Gauss Shell", "ammunition_type": "81fc758a-9a44-41b6-8265-9649332957b9", "industrialmarket": {"maxprice": 37725, "minprice": 17233, "silosize": 1000}, "activation_energy": 81, "ore_mining_volume": 0, "activation_gfx_effect": "medium_gauss_rifle"}', '2022-12-06 16:36:46.027151-05', 'f2fddab4-2044-4b5a-9397-78263329563b', 'Module for new noob ship for player', '18ba825f-7618-4669-adb1-f11481b86ac9', 1, false);
    INSERT INTO public.items (id, itemtypeid, meta, created, createdby, createdreason, containerid, quantity, ispackaged) VALUES ('54b7cd74-b6fe-4720-be04-4f8381d9e079', 'c1fab418-79aa-44e0-9f0b-70375171af25', '{"hp": 38, "rack": "a", "range": 15226, "volume": 76, "falloff": "linear", "cooldown": 22.7, "tracking": 25.8, "hull_damage": 5035, "armor_damage": 3677, "can_mine_gas": false, "can_mine_ice": false, "can_mine_ore": false, "needs_target": true, "shield_damage": 2495, "activation_heat": 188.6, "ammunition_name": "Medium Gauss Shell", "ammunition_type": "81fc758a-9a44-41b6-8265-9649332957b9", "industrialmarket": {"maxprice": 37725, "minprice": 17233, "silosize": 1000}, "activation_energy": 81, "ore_mining_volume": 0, "activation_gfx_effect": "medium_gauss_rifle"}', '2022-12-06 16:36:46.02889-05', 'f2fddab4-2044-4b5a-9397-78263329563b', 'Module for new noob ship for player', '18ba825f-7618-4669-adb1-f11481b86ac9', 1, false);
    INSERT INTO public.items (id, itemtypeid, meta, created, createdby, createdreason, containerid, quantity, ispackaged) VALUES ('50db02d0-c04d-4d34-98f4-d5ab25bcd634', 'c1fab418-79aa-44e0-9f0b-70375171af25', '{"hp": 38, "rack": "a", "range": 15226, "volume": 76, "falloff": "linear", "cooldown": 22.7, "tracking": 25.8, "hull_damage": 5035, "armor_damage": 3677, "can_mine_gas": false, "can_mine_ice": false, "can_mine_ore": false, "needs_target": true, "shield_damage": 2495, "activation_heat": 188.6, "ammunition_name": "Medium Gauss Shell", "ammunition_type": "81fc758a-9a44-41b6-8265-9649332957b9", "industrialmarket": {"maxprice": 37725, "minprice": 17233, "silosize": 1000}, "activation_energy": 81, "ore_mining_volume": 0, "activation_gfx_effect": "medium_gauss_rifle"}', '2022-12-06 16:36:46.030578-05', 'f2fddab4-2044-4b5a-9397-78263329563b', 'Module for new noob ship for player', '18ba825f-7618-4669-adb1-f11481b86ac9', 1, false);
    INSERT INTO public.items (id, itemtypeid, meta, created, createdby, createdreason, containerid, quantity, ispackaged) VALUES ('add472f7-a5e2-44b8-8795-009439d5554c', 'c1fab418-79aa-44e0-9f0b-70375171af25', '{"hp": 38, "rack": "a", "range": 15226, "volume": 76, "falloff": "linear", "cooldown": 22.7, "tracking": 25.8, "hull_damage": 5035, "armor_damage": 3677, "can_mine_gas": false, "can_mine_ice": false, "can_mine_ore": false, "needs_target": true, "shield_damage": 2495, "activation_heat": 188.6, "ammunition_name": "Medium Gauss Shell", "ammunition_type": "81fc758a-9a44-41b6-8265-9649332957b9", "industrialmarket": {"maxprice": 37725, "minprice": 17233, "silosize": 1000}, "activation_energy": 81, "ore_mining_volume": 0, "activation_gfx_effect": "medium_gauss_rifle"}', '2022-12-06 16:36:46.032427-05', 'f2fddab4-2044-4b5a-9397-78263329563b', 'Module for new noob ship for player', '18ba825f-7618-4669-adb1-f11481b86ac9', 1, false);
    INSERT INTO public.items (id, itemtypeid, meta, created, createdby, createdreason, containerid, quantity, ispackaged) VALUES ('c9fff1c8-0602-4e55-9476-50c5970615ef', 'fe071049-81a6-4d51-8660-e0a3c32b3853', '{"hp": 20, "rack": "a", "volume": 80, "cooldown": 125.4, "activation_heat": 214.3, "industrialmarket": {"maxprice": 34503, "minprice": 16849, "silosize": 1000}, "activation_energy": 1825}', '2022-12-06 16:36:46.034151-05', 'f2fddab4-2044-4b5a-9397-78263329563b', 'Module for new noob ship for player', '18ba825f-7618-4669-adb1-f11481b86ac9', 1, false);
    INSERT INTO public.items (id, itemtypeid, meta, created, createdby, createdreason, containerid, quantity, ispackaged) VALUES ('31499592-2a6e-473c-8377-e3505a4b1e9a', '06afcde3-3c8a-4d9f-9e31-7e4a6c75bbd8', '{"hp": 42, "rack": "a", "range": 2799, "volume": 77, "falloff": "linear", "cooldown": 38.5, "tracking": 55, "needs_target": true, "activation_heat": 360, "industrialmarket": {"maxprice": 34677, "minprice": 23904, "silosize": 1000}, "activation_energy": 98, "energy_siphon_amount": 1785, "activation_gfx_effect": "medium_energy_siphon"}', '2022-12-06 16:36:46.035812-05', 'f2fddab4-2044-4b5a-9397-78263329563b', 'Module for new noob ship for player', '18ba825f-7618-4669-adb1-f11481b86ac9', 1, false);
    INSERT INTO public.items (id, itemtypeid, meta, created, createdby, createdreason, containerid, quantity, ispackaged) VALUES ('95d33866-e585-4c05-b4ab-63a81282dc97', '434d961e-09a3-4ba7-90d5-aa702c4e5fdf', '{"hp": 21, "rack": "b", "volume": 63, "cooldown": 27.8, "needs_target": false, "activation_heat": 1134, "industrialmarket": {"maxprice": 5680, "minprice": 1755, "silosize": 1000}, "activation_energy": 225, "shield_boost_amount": 400, "activation_gfx_effect": "medium_shield_booster"}', '2022-12-06 16:36:46.037533-05', 'f2fddab4-2044-4b5a-9397-78263329563b', 'Module for new noob ship for player', '18ba825f-7618-4669-adb1-f11481b86ac9', 1, false);
    INSERT INTO public.items (id, itemtypeid, meta, created, createdby, createdreason, containerid, quantity, ispackaged) VALUES ('468de1c7-f6dd-40ad-9d59-2f683a9553b9', '434d961e-09a3-4ba7-90d5-aa702c4e5fdf', '{"hp": 21, "rack": "b", "volume": 63, "cooldown": 27.8, "needs_target": false, "activation_heat": 1134, "industrialmarket": {"maxprice": 5680, "minprice": 1755, "silosize": 1000}, "activation_energy": 225, "shield_boost_amount": 400, "activation_gfx_effect": "medium_shield_booster"}', '2022-12-06 16:36:46.039165-05', 'f2fddab4-2044-4b5a-9397-78263329563b', 'Module for new noob ship for player', '18ba825f-7618-4669-adb1-f11481b86ac9', 1, false);
    INSERT INTO public.items (id, itemtypeid, meta, created, createdby, createdreason, containerid, quantity, ispackaged) VALUES ('717134a2-17c4-4009-8687-03bd32edd7c4', 'aab8ec7b-6031-4f54-9ab4-434ab5e7b47c', '{"hp": 35, "rack": "b", "volume": 35, "cooldown": 27.5, "needs_target": false, "activation_heat": 490, "industrialmarket": {"maxprice": 7319, "minprice": 4250, "silosize": 1000}, "activation_energy": 385}', '2022-12-06 16:36:46.040844-05', 'f2fddab4-2044-4b5a-9397-78263329563b', 'Module for new noob ship for player', '18ba825f-7618-4669-adb1-f11481b86ac9', 1, false);
    INSERT INTO public.items (id, itemtypeid, meta, created, createdby, createdreason, containerid, quantity, ispackaged) VALUES ('af819ac3-4867-4495-8ff0-8548a942f14c', '643b06f8-3df2-40d4-abfe-37d55287d628', '{"hp": 13, "rack": "b", "range": 5487, "volume": 33, "falloff": "linear", "cooldown": 21.2, "needs_target": true, "activation_heat": 687, "drag_multiplier": 29.5, "industrialmarket": {"maxprice": 14075, "minprice": 10233, "silosize": 500}, "activation_energy": 760, "activation_gfx_effect": "small_aether_dragger"}', '2022-12-06 16:36:46.042575-05', 'f2fddab4-2044-4b5a-9397-78263329563b', 'Module for new noob ship for player', '18ba825f-7618-4669-adb1-f11481b86ac9', 1, false);
    INSERT INTO public.items (id, itemtypeid, meta, created, createdby, createdreason, containerid, quantity, ispackaged) VALUES ('425ac771-01f1-4f5c-acd1-316ceda2e6d9', '15291fcb-6edf-43d4-85e1-6cabc958251b', '{"hp": 17, "rack": "c", "volume": 45, "energy_max_add": 363, "industrialmarket": {"maxprice": 19284, "minprice": 8763, "silosize": 200}}', '2022-12-06 16:36:46.044203-05', 'f2fddab4-2044-4b5a-9397-78263329563b', 'Module for new noob ship for player', '18ba825f-7618-4669-adb1-f11481b86ac9', 1, false);
    INSERT INTO public.items (id, itemtypeid, meta, created, createdby, createdreason, containerid, quantity, ispackaged) VALUES ('5b0e189a-24ae-475b-9541-2d81dcfaa3f5', '15291fcb-6edf-43d4-85e1-6cabc958251b', '{"hp": 17, "rack": "c", "volume": 45, "energy_max_add": 363, "industrialmarket": {"maxprice": 19284, "minprice": 8763, "silosize": 200}}', '2022-12-06 16:36:46.045774-05', 'f2fddab4-2044-4b5a-9397-78263329563b', 'Module for new noob ship for player', '18ba825f-7618-4669-adb1-f11481b86ac9', 1, false);
    INSERT INTO public.items (id, itemtypeid, meta, created, createdby, createdreason, containerid, quantity, ispackaged) VALUES ('904a65fa-3ecc-4dfc-8ae1-ba6d563ef0c4', 'dd980070-1f58-4e2e-a997-5aed73a38c80', '{"hp": 95, "rack": "c", "volume": 40, "heat_cap_max_add": 925, "industrialmarket": {"maxprice": 7745, "minprice": 4412, "silosize": 1000}}', '2022-12-06 16:36:46.047414-05', 'f2fddab4-2044-4b5a-9397-78263329563b', 'Module for new noob ship for player', '18ba825f-7618-4669-adb1-f11481b86ac9', 1, false);
    INSERT INTO public.items (id, itemtypeid, meta, created, createdby, createdreason, containerid, quantity, ispackaged) VALUES ('01803d9b-75ab-404b-b1be-c23cbeaa38c4', 'eeac9bfc-70f1-45da-965c-fa9101bede4e', '{"hp": 19, "rack": "c", "volume": 47, "industrialmarket": {"maxprice": 67923, "minprice": 38444, "silosize": 200}, "energy_regen_max_add": 48}', '2022-12-06 16:36:46.04925-05', 'f2fddab4-2044-4b5a-9397-78263329563b', 'Module for new noob ship for player', '18ba825f-7618-4669-adb1-f11481b86ac9', 1, false);

    -- fix current ship ids
    update users set current_shipid = 'c0140d01-a0ac-4475-a423-095cfe5f739f' where id = '57af0455-964a-45c8-9fe4-9f90e5678860';
    update users set current_shipid = 'c27f3004-1653-4b87-82ca-ca2d692f9067' where id = '79890293-3e1a-4ee0-a988-5222d251452c';
    update users set current_shipid = 'ffc9f760-50f3-40b1-b214-57f9b5e5bbde' where id = 'd7b814c9-9755-4b46-bdb1-edbaa4551193';
    update users set current_shipid = '13a8ab5b-5660-46ef-867c-57b3b7de8661' where id = 'f2fddab4-2044-4b5a-9397-78263329563b';
