-- starts
INSERT INTO public.starts (id, name, shiptemplateid, shipfitting, created, available, systemid, homestationid, wallet, factionid) VALUES ('48f7e067-1183-47cb-b47b-601562bb17b0', 'Star. Gas Miner', 'ab6714d2-0574-492b-aeb9-6da2727faa06', '{"a_rack": [{"item_type_id": "27d43a76-5822-422b-94b7-65592eda9fec"}, {"item_type_id": "27d43a76-5822-422b-94b7-65592eda9fec"}, {"item_type_id": "59ac90f5-77a3-4f36-b46d-dbb1effd30c5"}, {"item_type_id": "59ac90f5-77a3-4f36-b46d-dbb1effd30c5"}, {"item_type_id": "59ac90f5-77a3-4f36-b46d-dbb1effd30c5"}, {"item_type_id": "59ac90f5-77a3-4f36-b46d-dbb1effd30c5"}], "b_rack": [{"item_type_id": "dbc59b6b-1989-46c5-9710-933415f9a263"}, {"item_type_id": "dbc59b6b-1989-46c5-9710-933415f9a263"}, {"item_type_id": "76927c05-d018-4625-a963-f04c426854e3"}, {"item_type_id": "76927c05-d018-4625-a963-f04c426854e3"}], "c_rack": [{"item_type_id": "824b0caa-c9f7-491e-84b4-8a6beb86638e"}, {"item_type_id": "82227782-f5cd-4ba3-bd0e-99e5e17f6ece"}, {"item_type_id": "82227782-f5cd-4ba3-bd0e-99e5e17f6ece"}, {"item_type_id": "7f25b73f-8ad8-4e87-bc76-241aaadcdd3b"}, {"item_type_id": "7f25b73f-8ad8-4e87-bc76-241aaadcdd3b"}]}', '2024-07-21 00:00:00+00', false, '92a049fe-7de8-42a8-9f9c-55c1d2eb0012', 'c45015d5-09bc-486f-a166-93ae796c4052', 10000, '559d7fc1-5470-4ab4-8c66-fa2f0b89a523');
INSERT INTO public.starts (id, name, shiptemplateid, shipfitting, created, available, systemid, homestationid, wallet, factionid) VALUES ('0f1a2660-b47d-4392-b205-2e7a6a4ce169', 'Bad. Gas Miner', '26566ccf-8700-4538-87d8-26e6dd9b136f', '{"a_rack": [{"item_type_id": "fc212b1e-84db-489b-b4af-4a8513516cf7"}, {"item_type_id": "572b92e7-149d-4129-a9a6-91b2e92999a8"}], "b_rack": [{"item_type_id": "21587e95-fdbd-4be7-b103-db3f9ea72a19"}], "c_rack": [{"item_type_id": "6b8b44b8-64fe-48f6-a451-3f14b1be7fa9"}, {"item_type_id": "6b8b44b8-64fe-48f6-a451-3f14b1be7fa9"}, {"item_type_id": "6b8b44b8-64fe-48f6-a451-3f14b1be7fa9"}]}', '2024-07-22 00:00:00+00', false, '0584b6b3-86ba-4cde-b4bd-2063cdc525ac', '257e8dca-661f-4d76-94dc-38b1aa33b0d7', 10000, '7decfd86-9c82-4a17-af3b-5d4af8c4e2ad');
INSERT INTO public.starts (id, name, shiptemplateid, shipfitting, created, available, systemid, homestationid, wallet, factionid) VALUES ('f63c1166-0b5d-49d0-b1e6-ac513fbb59ff', 'Acc. Gas Miner', '62100eb8-a7fb-4241-a157-c6d783cb15d9', '{"a_rack": [{"item_type_id": "ba48329e-0ae5-499f-ad0f-abd609ee04b9"}, {"item_type_id": "ba48329e-0ae5-499f-ad0f-abd609ee04b9"}, {"item_type_id": "ba48329e-0ae5-499f-ad0f-abd609ee04b9"}, {"item_type_id": "073858f3-ec93-41bd-9582-ea12405edc7e"}, {"item_type_id": "073858f3-ec93-41bd-9582-ea12405edc7e"}], "b_rack": [{"item_type_id": "fef05ee8-1cf9-42d0-97e8-4feadf94a852"}, {"item_type_id": "aab8ec7b-6031-4f54-9ab4-434ab5e7b47c"}, {"item_type_id": "643b06f8-3df2-40d4-abfe-37d55287d628"}], "c_rack": [{"item_type_id": "7a187110-ae8d-47d0-ab7d-1e318424284e"}, {"item_type_id": "7a187110-ae8d-47d0-ab7d-1e318424284e"}, {"item_type_id": "0d0d134c-2b7d-4888-839a-d043d6aedca6"}]}', '2024-07-22 00:00:00+00', false, '5aa036f7-14ed-4273-a5ac-e7457ecabdaa', '3efc7fb3-6f61-4b06-b2f1-ea7c4529449f', 10000, 'bdeffd9a-3cab-408c-9cd7-32fce1124f7a');

-- containers
INSERT INTO public.containers (id, meta, created) VALUES ('b9a6371c-7a8f-4721-a7d2-5345554212b9', '{}', '2024-07-26 21:25:09.751938+00');
INSERT INTO public.containers (id, meta, created) VALUES ('f4876a21-65d3-4a67-b2c3-c72a6e004bf0', '{}', '2024-07-26 21:25:09.760455+00');
INSERT INTO public.containers (id, meta, created) VALUES ('42e67f49-9015-48a4-9f65-ff4536bb3588', '{}', '2024-07-26 21:25:09.762034+00');
INSERT INTO public.containers (id, meta, created) VALUES ('b736744d-7a76-4c31-ba9f-6881c650c555', '{}', '2024-07-26 21:25:09.763753+00');
INSERT INTO public.containers (id, meta, created) VALUES ('75c08805-b6fb-44c4-ba5a-5231ae40438c', '{}', '2024-07-26 21:25:09.810024+00');
INSERT INTO public.containers (id, meta, created) VALUES ('e83cd5ef-00b3-41ec-85ab-58600a61369b', '{}', '2024-07-26 21:25:09.814351+00');
INSERT INTO public.containers (id, meta, created) VALUES ('9822aa3a-8556-4d74-8a14-a73a5361eaff', '{}', '2024-07-26 21:25:09.815965+00');
INSERT INTO public.containers (id, meta, created) VALUES ('786b1cdd-0abc-493b-abb1-1ab43b98016e', '{}', '2024-07-26 21:25:09.817345+00');
INSERT INTO public.containers (id, meta, created) VALUES ('323029ba-0600-4ba6-a0b0-dd5fbd9851ff', '{}', '2024-07-26 21:25:09.855142+00');
INSERT INTO public.containers (id, meta, created) VALUES ('030f9d3a-5663-4c12-9d44-0483a1d4c725', '{}', '2024-07-26 21:25:09.859056+00');
INSERT INTO public.containers (id, meta, created) VALUES ('4c76b9b0-b8d5-4b26-adc8-54e770382283', '{}', '2024-07-26 21:25:09.860419+00');
INSERT INTO public.containers (id, meta, created) VALUES ('5123fe29-b85c-44a2-82bb-7f7d571c471b', '{}', '2024-07-26 21:25:09.86182+00');
INSERT INTO public.containers (id, meta, created) VALUES ('c5c6ec7a-171b-45b8-8187-7b84492633f5', '{}', '2024-07-26 21:25:09.89814+00');
INSERT INTO public.containers (id, meta, created) VALUES ('bc5a9b53-ab84-4406-9ac8-4d1527db08cf', '{}', '2024-07-26 21:25:09.902218+00');
INSERT INTO public.containers (id, meta, created) VALUES ('036453ab-db84-49a2-8b2c-dd1c2aa9fd7c', '{}', '2024-07-26 21:25:09.903672+00');
INSERT INTO public.containers (id, meta, created) VALUES ('b330662e-21e2-483e-b656-3d546a3fb20e', '{}', '2024-07-26 21:25:09.905143+00');
INSERT INTO public.containers (id, meta, created) VALUES ('894ab4b4-3264-41f4-9dc1-f78a3fa045f7', '{}', '2024-07-26 21:25:09.94309+00');
INSERT INTO public.containers (id, meta, created) VALUES ('bf834b96-254a-4875-9d60-c63f54cddcf2', '{}', '2024-07-26 21:25:09.947606+00');
INSERT INTO public.containers (id, meta, created) VALUES ('269edcc9-409c-4464-b0af-d9cbdf2bc70d', '{}', '2024-07-26 21:25:09.949272+00');
INSERT INTO public.containers (id, meta, created) VALUES ('58f69c92-566d-431a-8402-5f95bb79da45', '{}', '2024-07-26 21:25:09.950796+00');
INSERT INTO public.containers (id, meta, created) VALUES ('7406db2c-8c0c-4c1d-98a1-00c4c2ed2b6a', '{}', '2024-07-26 21:29:07.959863+00');
INSERT INTO public.containers (id, meta, created) VALUES ('18dd0c57-61d8-4e79-8b39-b2166fa29c2f', '{}', '2024-07-26 21:29:07.97508+00');
INSERT INTO public.containers (id, meta, created) VALUES ('7b7a8b9c-9b35-4b86-8514-81e15c3ea5ca', '{}', '2024-07-26 21:29:07.976363+00');
INSERT INTO public.containers (id, meta, created) VALUES ('56db9abc-6d11-4b4d-b822-94f87139a2e5', '{}', '2024-07-26 21:29:07.977716+00');
INSERT INTO public.containers (id, meta, created) VALUES ('f2a66965-04be-4147-af92-e213a902f36b', '{}', '2024-07-26 21:29:07.99688+00');
INSERT INTO public.containers (id, meta, created) VALUES ('2a63e9c1-8190-46e6-9b06-ba1ae46fb702', '{}', '2024-07-26 21:29:07.999559+00');
INSERT INTO public.containers (id, meta, created) VALUES ('b4919771-c542-4f18-a5c1-7e7182d2ef46', '{}', '2024-07-26 21:29:08.001384+00');
INSERT INTO public.containers (id, meta, created) VALUES ('e8cd51ed-c49a-4e0b-8bd0-612d872e1f0a', '{}', '2024-07-26 21:29:08.002657+00');
INSERT INTO public.containers (id, meta, created) VALUES ('4d52210f-5999-4496-ad78-02786fb84b40', '{}', '2024-07-26 21:29:08.015735+00');
INSERT INTO public.containers (id, meta, created) VALUES ('dbedbc5e-e37c-4cbb-84ce-23d36d3cfa65', '{}', '2024-07-26 21:29:08.019018+00');
INSERT INTO public.containers (id, meta, created) VALUES ('7acb3860-523d-47a1-8c4e-8493d531982d', '{}', '2024-07-26 21:29:08.020099+00');
INSERT INTO public.containers (id, meta, created) VALUES ('45322659-8618-4028-8091-5685c07ffb8b', '{}', '2024-07-26 21:29:08.021091+00');
INSERT INTO public.containers (id, meta, created) VALUES ('a9590184-23a2-4513-86df-597de716f0a1', '{}', '2024-07-26 21:29:08.035235+00');
INSERT INTO public.containers (id, meta, created) VALUES ('cfa69027-29e2-408a-85e3-abf61e0bfa4a', '{}', '2024-07-26 21:29:08.038059+00');
INSERT INTO public.containers (id, meta, created) VALUES ('b45d425e-62ae-47f7-8704-47071d0191de', '{}', '2024-07-26 21:29:08.039211+00');
INSERT INTO public.containers (id, meta, created) VALUES ('771af5eb-0e1d-4ce8-8637-f33cff72c5fd', '{}', '2024-07-26 21:29:08.040335+00');
INSERT INTO public.containers (id, meta, created) VALUES ('21219a18-c9fa-4f7d-aab0-3b008a78394c', '{}', '2024-07-26 21:30:09.002639+00');
INSERT INTO public.containers (id, meta, created) VALUES ('96065bcc-8392-4357-bb54-4a50c065eb39', '{}', '2024-07-26 21:30:09.018036+00');
INSERT INTO public.containers (id, meta, created) VALUES ('f37b43fe-0888-4cbe-9704-cd4d84603f4b', '{}', '2024-07-26 21:30:09.019756+00');
INSERT INTO public.containers (id, meta, created) VALUES ('6cbedb85-764e-48fa-aa3a-d3421cfb80f1', '{}', '2024-07-26 21:30:09.021362+00');
INSERT INTO public.containers (id, meta, created) VALUES ('d02fdb0d-aaee-4222-8d22-22d54581517a', '{}', '2024-07-26 21:33:04.976051+00');
INSERT INTO public.containers (id, meta, created) VALUES ('c67f3ca9-7f0d-4cb8-85d9-2096d6778d98', '{}', '2024-07-26 21:33:04.980658+00');
INSERT INTO public.containers (id, meta, created) VALUES ('e5a894c7-483f-4d0d-ac62-a5181233ae8d', '{}', '2024-07-26 21:33:04.981831+00');
INSERT INTO public.containers (id, meta, created) VALUES ('bbe75cbc-5f91-45fd-8462-1f8e026e29d6', '{}', '2024-07-26 21:33:04.983027+00');
INSERT INTO public.containers (id, meta, created) VALUES ('acaef0db-e6f0-4702-9478-f2499244bce9', '{}', '2024-07-26 21:33:05.00908+00');
INSERT INTO public.containers (id, meta, created) VALUES ('5270e370-8e7c-4267-9078-d651d56ca1d0', '{}', '2024-07-26 21:33:05.012509+00');
INSERT INTO public.containers (id, meta, created) VALUES ('bd7be433-ab50-4b7d-9c9d-739e8ec487cb', '{}', '2024-07-26 21:33:05.014422+00');
INSERT INTO public.containers (id, meta, created) VALUES ('0b814c2b-cf3b-4bb2-b830-cc0144d10be7', '{}', '2024-07-26 21:33:05.015653+00');
INSERT INTO public.containers (id, meta, created) VALUES ('f3c7a9c7-875f-422d-9937-0f64c76af6fb', '{}', '2024-07-26 21:33:05.039606+00');
INSERT INTO public.containers (id, meta, created) VALUES ('59486b9f-e88e-426a-b0fe-30cd223b10c7', '{}', '2024-07-26 21:33:05.04301+00');
INSERT INTO public.containers (id, meta, created) VALUES ('05432adc-da92-4f98-b221-dca6525de248', '{}', '2024-07-26 21:33:05.044314+00');
INSERT INTO public.containers (id, meta, created) VALUES ('57c3f7f5-61fb-40f3-8dbc-c3cb43747ee1', '{}', '2024-07-26 21:33:05.045666+00');
INSERT INTO public.containers (id, meta, created) VALUES ('0813a5e6-ea31-4fc7-b3fc-2d730207a5eb', '{}', '2024-07-26 21:33:05.069696+00');
INSERT INTO public.containers (id, meta, created) VALUES ('1cae40ff-e187-4fba-a663-dc1d80445f5d', '{}', '2024-07-26 21:33:05.073214+00');
INSERT INTO public.containers (id, meta, created) VALUES ('1b20bad4-57d9-4ab3-8c93-e15abf5e1c4b', '{}', '2024-07-26 21:33:05.074536+00');
INSERT INTO public.containers (id, meta, created) VALUES ('ae5ed2c0-7a27-4288-a84c-1853df882a17', '{}', '2024-07-26 21:33:05.075702+00');
INSERT INTO public.containers (id, meta, created) VALUES ('f8fa1efe-2b1b-4000-b5e3-fe0a0303f25f', '{}', '2024-07-26 21:33:05.098897+00');
INSERT INTO public.containers (id, meta, created) VALUES ('9a9ebc56-24bf-4d30-9939-1b6e48d25ef6', '{}', '2024-07-26 21:33:05.102154+00');
INSERT INTO public.containers (id, meta, created) VALUES ('146fa07b-1274-4eab-9c47-697c53b5db58', '{}', '2024-07-26 21:33:05.103465+00');
INSERT INTO public.containers (id, meta, created) VALUES ('633d9c19-80cc-4067-83f5-8029830b50d3', '{}', '2024-07-26 21:33:05.104902+00');

-- ships
INSERT INTO public.ships (id, universe_systemid, userid, pos_x, pos_y, created, shipname, texture, theta, vel_x, vel_y, shield, armor, hull, fuel, heat, energy, shiptemplateid, dockedat_stationid, fitting, destroyed, destroyedat, cargobay_containerid, fittingbay_containerid, remaxdirty, trash_containerid, wallet, noload, flightexperiencemodifier) VALUES ('7d290b3e-f4c6-4660-a918-9afe1eaa21bf', '92a049fe-7de8-42a8-9f9c-55c1d2eb0012', 'd76e250d-c951-4e64-9cf1-38c1898427fe', 0, 0, '2024-07-26 21:25:09.799121+00', 'Erykah Law''s Starter Ship', 'Zebra', 0, 0, 0, 6900, 2200, 72415, 63471, 0, 1694, 'ab6714d2-0574-492b-aeb9-6da2727faa06', 'c45015d5-09bc-486f-a166-93ae796c4052', '{"a_rack": [{"item_id": "2ee512bf-804b-4967-b4a2-11a8fd59216a", "slot_idx": 0, "item_type_id": "27d43a76-5822-422b-94b7-65592eda9fec"}, {"item_id": "5712ebb9-60ce-4c6c-bfe4-4689d349a81b", "slot_idx": 1, "item_type_id": "27d43a76-5822-422b-94b7-65592eda9fec"}, {"item_id": "c3067ce7-5507-4798-9e40-247892197288", "slot_idx": 2, "item_type_id": "59ac90f5-77a3-4f36-b46d-dbb1effd30c5"}, {"item_id": "b40863cc-1567-4c6d-b1c6-653d1dc148e2", "slot_idx": 3, "item_type_id": "59ac90f5-77a3-4f36-b46d-dbb1effd30c5"}, {"item_id": "56965094-7792-4e61-a866-2594ba4a3cc9", "slot_idx": 4, "item_type_id": "59ac90f5-77a3-4f36-b46d-dbb1effd30c5"}, {"item_id": "8a16764e-3b70-4752-af11-50bb9670891a", "slot_idx": 5, "item_type_id": "59ac90f5-77a3-4f36-b46d-dbb1effd30c5"}], "b_rack": [{"item_id": "8e48626c-08d6-4d7e-9dc2-4d34f9cd7e8d", "slot_idx": 0, "item_type_id": "dbc59b6b-1989-46c5-9710-933415f9a263"}, {"item_id": "bb342453-d444-462a-9b29-788e6b8b3085", "slot_idx": 1, "item_type_id": "dbc59b6b-1989-46c5-9710-933415f9a263"}, {"item_id": "947adcd1-d988-41fd-a261-61ae579d95d6", "slot_idx": 2, "item_type_id": "76927c05-d018-4625-a963-f04c426854e3"}, {"item_id": "6a10fc92-92dd-4c2f-b58d-fdfbeb9ffc74", "slot_idx": 3, "item_type_id": "76927c05-d018-4625-a963-f04c426854e3"}], "c_rack": [{"item_id": "843a8c66-1fca-4d83-ab47-ccee09caa9ae", "slot_idx": 0, "item_type_id": "824b0caa-c9f7-491e-84b4-8a6beb86638e"}, {"item_id": "3c501beb-5946-45f8-bb8b-b3215efc2261", "slot_idx": 1, "item_type_id": "82227782-f5cd-4ba3-bd0e-99e5e17f6ece"}, {"item_id": "1ff19feb-7d1b-4264-b4f4-6b3ef178d5f3", "slot_idx": 2, "item_type_id": "82227782-f5cd-4ba3-bd0e-99e5e17f6ece"}, {"item_id": "3bad41ce-c6af-4c1c-a874-13081243d53d", "slot_idx": 3, "item_type_id": "7f25b73f-8ad8-4e87-bc76-241aaadcdd3b"}, {"item_id": "e4045d80-7302-4932-aa5d-0f6e47dbfb82", "slot_idx": 4, "item_type_id": "7f25b73f-8ad8-4e87-bc76-241aaadcdd3b"}]}', false, NULL, '42e67f49-9015-48a4-9f65-ff4536bb3588', 'b736744d-7a76-4c31-ba9f-6881c650c555', true, 'f4876a21-65d3-4a67-b2c3-c72a6e004bf0', 10000, false, 1);
INSERT INTO public.ships (id, universe_systemid, userid, pos_x, pos_y, created, shipname, texture, theta, vel_x, vel_y, shield, armor, hull, fuel, heat, energy, shiptemplateid, dockedat_stationid, fitting, destroyed, destroyedat, cargobay_containerid, fittingbay_containerid, remaxdirty, trash_containerid, wallet, noload, flightexperiencemodifier) VALUES ('8202e0fa-c10f-4d91-bbfb-181ea691de43', '92a049fe-7de8-42a8-9f9c-55c1d2eb0012', '27568514-a057-4295-8749-a951e318d6e6', 0, 0, '2024-07-26 21:25:09.84925+00', 'Audley Shelby''s Starter Ship', 'Zebra', 0, 0, 0, 6900, 2200, 72415, 63471, 0, 1694, 'ab6714d2-0574-492b-aeb9-6da2727faa06', 'c45015d5-09bc-486f-a166-93ae796c4052', '{"a_rack": [{"item_id": "f4ce1173-365a-4197-91f5-822dbaa48834", "slot_idx": 0, "item_type_id": "27d43a76-5822-422b-94b7-65592eda9fec"}, {"item_id": "c6428aac-d1e3-450f-8216-f47cc64640b7", "slot_idx": 1, "item_type_id": "27d43a76-5822-422b-94b7-65592eda9fec"}, {"item_id": "6da62908-0e8f-40ea-8b21-608601d98757", "slot_idx": 2, "item_type_id": "59ac90f5-77a3-4f36-b46d-dbb1effd30c5"}, {"item_id": "aaa9dbdb-6da2-41e2-a023-5f5234bb88c7", "slot_idx": 3, "item_type_id": "59ac90f5-77a3-4f36-b46d-dbb1effd30c5"}, {"item_id": "8f85c17c-56ed-4e6b-8b86-77cee6074c83", "slot_idx": 4, "item_type_id": "59ac90f5-77a3-4f36-b46d-dbb1effd30c5"}, {"item_id": "a3c5c5f9-f391-4e7a-b718-b6e2ff3b0c33", "slot_idx": 5, "item_type_id": "59ac90f5-77a3-4f36-b46d-dbb1effd30c5"}], "b_rack": [{"item_id": "4fb31d71-99c2-4fb6-a7d6-31894c382807", "slot_idx": 0, "item_type_id": "dbc59b6b-1989-46c5-9710-933415f9a263"}, {"item_id": "d5b39e94-18a0-4aa7-8e33-6c4b362d650d", "slot_idx": 1, "item_type_id": "dbc59b6b-1989-46c5-9710-933415f9a263"}, {"item_id": "54cca488-3665-406b-bf90-e78927fd5fb9", "slot_idx": 2, "item_type_id": "76927c05-d018-4625-a963-f04c426854e3"}, {"item_id": "37b88399-b540-4653-b2c6-aa77a9d9ca9b", "slot_idx": 3, "item_type_id": "76927c05-d018-4625-a963-f04c426854e3"}], "c_rack": [{"item_id": "a56f88e3-e786-4b02-89fc-8613f7e3cdc9", "slot_idx": 0, "item_type_id": "824b0caa-c9f7-491e-84b4-8a6beb86638e"}, {"item_id": "8f7a7501-7845-4303-9ebb-20b836529b1f", "slot_idx": 1, "item_type_id": "82227782-f5cd-4ba3-bd0e-99e5e17f6ece"}, {"item_id": "55f512de-3f40-4df7-a635-efc68f886296", "slot_idx": 2, "item_type_id": "82227782-f5cd-4ba3-bd0e-99e5e17f6ece"}, {"item_id": "0122d5a3-d3a1-42d5-965d-608991da22c3", "slot_idx": 3, "item_type_id": "7f25b73f-8ad8-4e87-bc76-241aaadcdd3b"}, {"item_id": "56b0785f-1efc-4a03-86a4-0229a510eec2", "slot_idx": 4, "item_type_id": "7f25b73f-8ad8-4e87-bc76-241aaadcdd3b"}]}', false, NULL, '9822aa3a-8556-4d74-8a14-a73a5361eaff', '786b1cdd-0abc-493b-abb1-1ab43b98016e', true, 'e83cd5ef-00b3-41ec-85ab-58600a61369b', 10000, false, 1);
INSERT INTO public.ships (id, universe_systemid, userid, pos_x, pos_y, created, shipname, texture, theta, vel_x, vel_y, shield, armor, hull, fuel, heat, energy, shiptemplateid, dockedat_stationid, fitting, destroyed, destroyedat, cargobay_containerid, fittingbay_containerid, remaxdirty, trash_containerid, wallet, noload, flightexperiencemodifier) VALUES ('bd7045e9-9468-4b9a-9398-f24ed85697cf', '92a049fe-7de8-42a8-9f9c-55c1d2eb0012', '2f550f0d-36be-4aca-9b69-776604364467', 0, 0, '2024-07-26 21:25:09.892132+00', 'Jessie Taylor''s Starter Ship', 'Zebra', 0, 0, 0, 6900, 2200, 72415, 63471, 0, 1694, 'ab6714d2-0574-492b-aeb9-6da2727faa06', 'c45015d5-09bc-486f-a166-93ae796c4052', '{"a_rack": [{"item_id": "81e31ab7-8e48-4ee2-8596-05e5b83f0b5d", "slot_idx": 0, "item_type_id": "27d43a76-5822-422b-94b7-65592eda9fec"}, {"item_id": "e7b829d7-35df-4dbd-967f-dfca2b7f449b", "slot_idx": 1, "item_type_id": "27d43a76-5822-422b-94b7-65592eda9fec"}, {"item_id": "fa420248-05fb-40f8-9774-51975f046e64", "slot_idx": 2, "item_type_id": "59ac90f5-77a3-4f36-b46d-dbb1effd30c5"}, {"item_id": "6ce65e24-8051-462a-a4bd-bab680453869", "slot_idx": 3, "item_type_id": "59ac90f5-77a3-4f36-b46d-dbb1effd30c5"}, {"item_id": "aebcad88-15b5-4673-a662-0e33bce2511e", "slot_idx": 4, "item_type_id": "59ac90f5-77a3-4f36-b46d-dbb1effd30c5"}, {"item_id": "527230a7-608c-429f-a9c5-b2a1e9308ac2", "slot_idx": 5, "item_type_id": "59ac90f5-77a3-4f36-b46d-dbb1effd30c5"}], "b_rack": [{"item_id": "a4aff4b2-9f71-48c4-acd1-f7582ce4859c", "slot_idx": 0, "item_type_id": "dbc59b6b-1989-46c5-9710-933415f9a263"}, {"item_id": "9a015e5e-4d58-40bf-83f1-99f04533fa26", "slot_idx": 1, "item_type_id": "dbc59b6b-1989-46c5-9710-933415f9a263"}, {"item_id": "9e65b9fa-8aa7-4636-bbdd-3c74951e1ed6", "slot_idx": 2, "item_type_id": "76927c05-d018-4625-a963-f04c426854e3"}, {"item_id": "eaa168df-c98b-4873-96da-914d3cb88e08", "slot_idx": 3, "item_type_id": "76927c05-d018-4625-a963-f04c426854e3"}], "c_rack": [{"item_id": "f1dc7e43-d4b4-4c27-b61d-8f64ad93fa0d", "slot_idx": 0, "item_type_id": "824b0caa-c9f7-491e-84b4-8a6beb86638e"}, {"item_id": "5865ec54-9916-4159-b900-06885c1cfbdf", "slot_idx": 1, "item_type_id": "82227782-f5cd-4ba3-bd0e-99e5e17f6ece"}, {"item_id": "6bef8193-b93e-4dc5-83a6-a66846621ea9", "slot_idx": 2, "item_type_id": "82227782-f5cd-4ba3-bd0e-99e5e17f6ece"}, {"item_id": "b40d36c2-0b50-4099-82a1-c43c62c17666", "slot_idx": 3, "item_type_id": "7f25b73f-8ad8-4e87-bc76-241aaadcdd3b"}, {"item_id": "dc902e07-f456-4ab6-98ef-969679b357c7", "slot_idx": 4, "item_type_id": "7f25b73f-8ad8-4e87-bc76-241aaadcdd3b"}]}', false, NULL, '4c76b9b0-b8d5-4b26-adc8-54e770382283', '5123fe29-b85c-44a2-82bb-7f7d571c471b', true, '030f9d3a-5663-4c12-9d44-0483a1d4c725', 10000, false, 1);
INSERT INTO public.ships (id, universe_systemid, userid, pos_x, pos_y, created, shipname, texture, theta, vel_x, vel_y, shield, armor, hull, fuel, heat, energy, shiptemplateid, dockedat_stationid, fitting, destroyed, destroyedat, cargobay_containerid, fittingbay_containerid, remaxdirty, trash_containerid, wallet, noload, flightexperiencemodifier) VALUES ('ec206a84-83fb-45bb-9dae-3ae304c71be9', '92a049fe-7de8-42a8-9f9c-55c1d2eb0012', '28fbab26-886b-4461-bf53-e1d7c75da0d9', 0, 0, '2024-07-26 21:25:09.936469+00', 'Marvyn Weston''s Starter Ship', 'Zebra', 0, 0, 0, 6900, 2200, 72415, 63471, 0, 1694, 'ab6714d2-0574-492b-aeb9-6da2727faa06', 'c45015d5-09bc-486f-a166-93ae796c4052', '{"a_rack": [{"item_id": "b816160e-018e-4d79-adee-357eb5a63473", "slot_idx": 0, "item_type_id": "27d43a76-5822-422b-94b7-65592eda9fec"}, {"item_id": "ba01fa86-228f-4757-9ee7-2787ba238dbb", "slot_idx": 1, "item_type_id": "27d43a76-5822-422b-94b7-65592eda9fec"}, {"item_id": "918c44c7-6793-4400-a349-367a3fea2502", "slot_idx": 2, "item_type_id": "59ac90f5-77a3-4f36-b46d-dbb1effd30c5"}, {"item_id": "12dffa57-4840-453f-8eaa-ece6664eaea1", "slot_idx": 3, "item_type_id": "59ac90f5-77a3-4f36-b46d-dbb1effd30c5"}, {"item_id": "313833c4-66aa-429a-b7c9-6d7723061d4e", "slot_idx": 4, "item_type_id": "59ac90f5-77a3-4f36-b46d-dbb1effd30c5"}, {"item_id": "f6c9b253-e074-41ad-8440-b8593948cc98", "slot_idx": 5, "item_type_id": "59ac90f5-77a3-4f36-b46d-dbb1effd30c5"}], "b_rack": [{"item_id": "6d09c4e2-e0ab-467a-9cb1-4ae8410334a5", "slot_idx": 0, "item_type_id": "dbc59b6b-1989-46c5-9710-933415f9a263"}, {"item_id": "8a76c488-c65d-4748-99b8-8c2f4a2abdde", "slot_idx": 1, "item_type_id": "dbc59b6b-1989-46c5-9710-933415f9a263"}, {"item_id": "084cc435-b0ce-4682-856f-2906edd91fc9", "slot_idx": 2, "item_type_id": "76927c05-d018-4625-a963-f04c426854e3"}, {"item_id": "d08be236-af65-49d8-bf0b-1cf3092c6dc1", "slot_idx": 3, "item_type_id": "76927c05-d018-4625-a963-f04c426854e3"}], "c_rack": [{"item_id": "d4f9d602-41d4-472d-9683-dd6a5a883160", "slot_idx": 0, "item_type_id": "824b0caa-c9f7-491e-84b4-8a6beb86638e"}, {"item_id": "61639b2d-a51f-4efb-b3b1-a100f6d495ba", "slot_idx": 1, "item_type_id": "82227782-f5cd-4ba3-bd0e-99e5e17f6ece"}, {"item_id": "3e8cf438-a474-443c-8441-eac3197ecfdb", "slot_idx": 2, "item_type_id": "82227782-f5cd-4ba3-bd0e-99e5e17f6ece"}, {"item_id": "fcd44728-dd38-49ae-9bc2-029586a269be", "slot_idx": 3, "item_type_id": "7f25b73f-8ad8-4e87-bc76-241aaadcdd3b"}, {"item_id": "150fccc0-be20-4229-a76b-44761e3ff1ad", "slot_idx": 4, "item_type_id": "7f25b73f-8ad8-4e87-bc76-241aaadcdd3b"}]}', false, NULL, '036453ab-db84-49a2-8b2c-dd1c2aa9fd7c', 'b330662e-21e2-483e-b656-3d546a3fb20e', true, 'bc5a9b53-ab84-4406-9ac8-4d1527db08cf', 10000, false, 1);
INSERT INTO public.ships (id, universe_systemid, userid, pos_x, pos_y, created, shipname, texture, theta, vel_x, vel_y, shield, armor, hull, fuel, heat, energy, shiptemplateid, dockedat_stationid, fitting, destroyed, destroyedat, cargobay_containerid, fittingbay_containerid, remaxdirty, trash_containerid, wallet, noload, flightexperiencemodifier) VALUES ('075e22c9-02c7-430c-b2d3-57edd58b0cf5', '92a049fe-7de8-42a8-9f9c-55c1d2eb0012', '18bc7d30-7dee-422a-b98e-b71cb1c446f4', 0, 0, '2024-07-26 21:25:09.982495+00', 'Miracle Ross''s Starter Ship', 'Zebra', 0, 0, 0, 6900, 2200, 72415, 63471, 0, 1694, 'ab6714d2-0574-492b-aeb9-6da2727faa06', 'c45015d5-09bc-486f-a166-93ae796c4052', '{"a_rack": [{"item_id": "6dcdaf3e-33e3-4790-9372-e6fe49bb6ec1", "slot_idx": 0, "item_type_id": "27d43a76-5822-422b-94b7-65592eda9fec"}, {"item_id": "90a9a163-87b7-48c8-a6bd-f6b4b74ac965", "slot_idx": 1, "item_type_id": "27d43a76-5822-422b-94b7-65592eda9fec"}, {"item_id": "7a0171f4-0004-469e-a370-a8851fed5d6e", "slot_idx": 2, "item_type_id": "59ac90f5-77a3-4f36-b46d-dbb1effd30c5"}, {"item_id": "684c88cf-0455-4631-ab5c-cab135693adc", "slot_idx": 3, "item_type_id": "59ac90f5-77a3-4f36-b46d-dbb1effd30c5"}, {"item_id": "858abcbe-fd4c-4056-a526-97cbdaf36388", "slot_idx": 4, "item_type_id": "59ac90f5-77a3-4f36-b46d-dbb1effd30c5"}, {"item_id": "62e7bfc9-5858-498c-97d2-ee34eb319475", "slot_idx": 5, "item_type_id": "59ac90f5-77a3-4f36-b46d-dbb1effd30c5"}], "b_rack": [{"item_id": "96d49004-431d-47f9-925b-c0150bbc2ce0", "slot_idx": 0, "item_type_id": "dbc59b6b-1989-46c5-9710-933415f9a263"}, {"item_id": "6eeb1a6d-408c-4789-81a8-1805dc0c970f", "slot_idx": 1, "item_type_id": "dbc59b6b-1989-46c5-9710-933415f9a263"}, {"item_id": "34bb42c9-aa28-4285-ad97-60fbdb40b8e0", "slot_idx": 2, "item_type_id": "76927c05-d018-4625-a963-f04c426854e3"}, {"item_id": "18e99de2-79e7-446b-a6e2-4d80a45dedbc", "slot_idx": 3, "item_type_id": "76927c05-d018-4625-a963-f04c426854e3"}], "c_rack": [{"item_id": "ad38c0de-d783-4f9f-a16a-261329318e5b", "slot_idx": 0, "item_type_id": "824b0caa-c9f7-491e-84b4-8a6beb86638e"}, {"item_id": "3bdee3d1-a195-402f-a13c-e69d229745d9", "slot_idx": 1, "item_type_id": "82227782-f5cd-4ba3-bd0e-99e5e17f6ece"}, {"item_id": "59795d2a-50ad-4f15-8951-8b9736f254e8", "slot_idx": 2, "item_type_id": "82227782-f5cd-4ba3-bd0e-99e5e17f6ece"}, {"item_id": "0360ceb9-08c1-4793-a873-daf52b4e1800", "slot_idx": 3, "item_type_id": "7f25b73f-8ad8-4e87-bc76-241aaadcdd3b"}, {"item_id": "a67c1445-94ba-417c-aaf2-62c2b01f98ff", "slot_idx": 4, "item_type_id": "7f25b73f-8ad8-4e87-bc76-241aaadcdd3b"}]}', false, NULL, '269edcc9-409c-4464-b0af-d9cbdf2bc70d', '58f69c92-566d-431a-8402-5f95bb79da45', true, 'bf834b96-254a-4875-9d60-c63f54cddcf2', 10000, false, 1);
INSERT INTO public.ships (id, universe_systemid, userid, pos_x, pos_y, created, shipname, texture, theta, vel_x, vel_y, shield, armor, hull, fuel, heat, energy, shiptemplateid, dockedat_stationid, fitting, destroyed, destroyedat, cargobay_containerid, fittingbay_containerid, remaxdirty, trash_containerid, wallet, noload, flightexperiencemodifier) VALUES ('39751c9b-ffe3-4be1-a47c-9e76c87b8743', '0584b6b3-86ba-4cde-b4bd-2063cdc525ac', 'a0d41195-6e1d-44a4-859c-9262fcde7326', 0, 0, '2024-07-26 21:29:07.990207+00', 'Shi Lee''s Starter Ship', 'Gila', 0, 0, 0, 185, 810, 271, 895, 0, 72, '26566ccf-8700-4538-87d8-26e6dd9b136f', '257e8dca-661f-4d76-94dc-38b1aa33b0d7', '{"a_rack": [{"item_id": "ff7a6742-8d78-4b7f-b71a-8e5ab14a5a5e", "slot_idx": 0, "item_type_id": "fc212b1e-84db-489b-b4af-4a8513516cf7"}, {"item_id": "df4134f3-e89b-4dbb-bd61-7c19469040c1", "slot_idx": 1, "item_type_id": "572b92e7-149d-4129-a9a6-91b2e92999a8"}], "b_rack": [{"item_id": "50c98775-5222-4c57-8325-eacc1f5a37c9", "slot_idx": 0, "item_type_id": "21587e95-fdbd-4be7-b103-db3f9ea72a19"}], "c_rack": [{"item_id": "850ca306-4172-49eb-ada5-a4090c6e35ab", "slot_idx": 0, "item_type_id": "6b8b44b8-64fe-48f6-a451-3f14b1be7fa9"}, {"item_id": "e8e3c821-a66a-4f11-b539-3135a5e30bbb", "slot_idx": 1, "item_type_id": "6b8b44b8-64fe-48f6-a451-3f14b1be7fa9"}, {"item_id": "3f7a7471-0c1e-4ac2-a08c-5f0276eee0d5", "slot_idx": 2, "item_type_id": "6b8b44b8-64fe-48f6-a451-3f14b1be7fa9"}]}', false, NULL, '7b7a8b9c-9b35-4b86-8514-81e15c3ea5ca', '56db9abc-6d11-4b4d-b822-94f87139a2e5', true, '18dd0c57-61d8-4e79-8b39-b2166fa29c2f', 10000, false, 1);
INSERT INTO public.ships (id, universe_systemid, userid, pos_x, pos_y, created, shipname, texture, theta, vel_x, vel_y, shield, armor, hull, fuel, heat, energy, shiptemplateid, dockedat_stationid, fitting, destroyed, destroyedat, cargobay_containerid, fittingbay_containerid, remaxdirty, trash_containerid, wallet, noload, flightexperiencemodifier) VALUES ('f32ab8c1-9c84-479a-a4df-6df655b5f49c', '0584b6b3-86ba-4cde-b4bd-2063cdc525ac', '64a4e7cb-91b8-40ce-a4b4-ca0703784e55', 0, 0, '2024-07-26 21:29:08.011899+00', 'Samu Alba''s Starter Ship', 'Gila', 0, 0, 0, 185, 810, 271, 895, 0, 72, '26566ccf-8700-4538-87d8-26e6dd9b136f', '257e8dca-661f-4d76-94dc-38b1aa33b0d7', '{"a_rack": [{"item_id": "a9e03f6e-8eb5-4bd8-8032-5a29f5f3eff5", "slot_idx": 0, "item_type_id": "fc212b1e-84db-489b-b4af-4a8513516cf7"}, {"item_id": "cb7ffc05-bb2a-4c0e-8bfa-fa768fb5a126", "slot_idx": 1, "item_type_id": "572b92e7-149d-4129-a9a6-91b2e92999a8"}], "b_rack": [{"item_id": "6681bb00-d813-4a91-85b5-eb7128763b9e", "slot_idx": 0, "item_type_id": "21587e95-fdbd-4be7-b103-db3f9ea72a19"}], "c_rack": [{"item_id": "79b02e4e-c193-4392-8088-891db1eaa560", "slot_idx": 0, "item_type_id": "6b8b44b8-64fe-48f6-a451-3f14b1be7fa9"}, {"item_id": "bbdbfcb2-b7b7-40a6-ae9d-3f51cb63824d", "slot_idx": 1, "item_type_id": "6b8b44b8-64fe-48f6-a451-3f14b1be7fa9"}, {"item_id": "f2743d33-38cf-4197-854f-1769fc3a3219", "slot_idx": 2, "item_type_id": "6b8b44b8-64fe-48f6-a451-3f14b1be7fa9"}]}', false, NULL, 'b4919771-c542-4f18-a5c1-7e7182d2ef46', 'e8cd51ed-c49a-4e0b-8bd0-612d872e1f0a', true, '2a63e9c1-8190-46e6-9b06-ba1ae46fb702', 10000, false, 1);
INSERT INTO public.ships (id, universe_systemid, userid, pos_x, pos_y, created, shipname, texture, theta, vel_x, vel_y, shield, armor, hull, fuel, heat, energy, shiptemplateid, dockedat_stationid, fitting, destroyed, destroyedat, cargobay_containerid, fittingbay_containerid, remaxdirty, trash_containerid, wallet, noload, flightexperiencemodifier) VALUES ('2b0b5b4c-21d7-42b9-83f3-a7770f518760', '0584b6b3-86ba-4cde-b4bd-2063cdc525ac', '74ee98c8-77a0-41b4-9ede-bba627e15dee', 0, 0, '2024-07-26 21:29:08.030532+00', 'Jonás Casal''s Starter Ship', 'Gila', 0, 0, 0, 185, 810, 271, 895, 0, 72, '26566ccf-8700-4538-87d8-26e6dd9b136f', '257e8dca-661f-4d76-94dc-38b1aa33b0d7', '{"a_rack": [{"item_id": "a2797404-ac19-4682-84e2-0173e5aa8217", "slot_idx": 0, "item_type_id": "fc212b1e-84db-489b-b4af-4a8513516cf7"}, {"item_id": "23350fcd-606c-49c6-bde9-4b29013a0f5d", "slot_idx": 1, "item_type_id": "572b92e7-149d-4129-a9a6-91b2e92999a8"}], "b_rack": [{"item_id": "f4beb8da-4d83-4c00-a226-e390079d81dd", "slot_idx": 0, "item_type_id": "21587e95-fdbd-4be7-b103-db3f9ea72a19"}], "c_rack": [{"item_id": "a5ca34ba-6195-4665-9a9e-619e02fd7ccf", "slot_idx": 0, "item_type_id": "6b8b44b8-64fe-48f6-a451-3f14b1be7fa9"}, {"item_id": "4d69a6e8-320e-4d79-aebc-4260f2110cc0", "slot_idx": 1, "item_type_id": "6b8b44b8-64fe-48f6-a451-3f14b1be7fa9"}, {"item_id": "4d7c51c6-1bce-4e1d-a3a1-f624c4e8893b", "slot_idx": 2, "item_type_id": "6b8b44b8-64fe-48f6-a451-3f14b1be7fa9"}]}', false, NULL, '7acb3860-523d-47a1-8c4e-8493d531982d', '45322659-8618-4028-8091-5685c07ffb8b', true, 'dbedbc5e-e37c-4cbb-84ce-23d36d3cfa65', 10000, false, 1);
INSERT INTO public.ships (id, universe_systemid, userid, pos_x, pos_y, created, shipname, texture, theta, vel_x, vel_y, shield, armor, hull, fuel, heat, energy, shiptemplateid, dockedat_stationid, fitting, destroyed, destroyedat, cargobay_containerid, fittingbay_containerid, remaxdirty, trash_containerid, wallet, noload, flightexperiencemodifier) VALUES ('73387a23-d9bf-4f14-9569-a022cf8f913c', '0584b6b3-86ba-4cde-b4bd-2063cdc525ac', '0c3978fa-7834-41ec-96b5-19aa820cceb1', 0, 0, '2024-07-26 21:29:08.049846+00', 'Karine Chia''s Starter Ship', 'Gila', 0, 0, 0, 185, 810, 271, 895, 0, 72, '26566ccf-8700-4538-87d8-26e6dd9b136f', '257e8dca-661f-4d76-94dc-38b1aa33b0d7', '{"a_rack": [{"item_id": "55e41b62-99de-4b8f-ad98-be59c925a886", "slot_idx": 0, "item_type_id": "fc212b1e-84db-489b-b4af-4a8513516cf7"}, {"item_id": "bb1ab74f-8d04-41e6-8241-fe36d1a506d4", "slot_idx": 1, "item_type_id": "572b92e7-149d-4129-a9a6-91b2e92999a8"}], "b_rack": [{"item_id": "28832b66-c063-42f9-b71e-98dd7b164ccf", "slot_idx": 0, "item_type_id": "21587e95-fdbd-4be7-b103-db3f9ea72a19"}], "c_rack": [{"item_id": "0548ca25-a9e9-481a-a694-d827314dd159", "slot_idx": 0, "item_type_id": "6b8b44b8-64fe-48f6-a451-3f14b1be7fa9"}, {"item_id": "0f6a31f7-4bab-4f8a-a498-64c76ddc4710", "slot_idx": 1, "item_type_id": "6b8b44b8-64fe-48f6-a451-3f14b1be7fa9"}, {"item_id": "a36a4b57-ccd1-4087-9f8d-599beb8dbda7", "slot_idx": 2, "item_type_id": "6b8b44b8-64fe-48f6-a451-3f14b1be7fa9"}]}', false, NULL, 'b45d425e-62ae-47f7-8704-47071d0191de', '771af5eb-0e1d-4ce8-8637-f33cff72c5fd', true, 'cfa69027-29e2-408a-85e3-abf61e0bfa4a', 10000, false, 1);
INSERT INTO public.ships (id, universe_systemid, userid, pos_x, pos_y, created, shipname, texture, theta, vel_x, vel_y, shield, armor, hull, fuel, heat, energy, shiptemplateid, dockedat_stationid, fitting, destroyed, destroyedat, cargobay_containerid, fittingbay_containerid, remaxdirty, trash_containerid, wallet, noload, flightexperiencemodifier) VALUES ('38115ae3-c2a0-4712-b254-3d38638b07a1', '0584b6b3-86ba-4cde-b4bd-2063cdc525ac', '0260dafc-5db0-4fa9-82d7-4c3aeae5062f', 0, 0, '2024-07-26 21:30:09.034232+00', 'Benadina Toldano''s Starter Ship', 'Gila', 0, 0, 0, 185, 810, 271, 895, 0, 72, '26566ccf-8700-4538-87d8-26e6dd9b136f', '257e8dca-661f-4d76-94dc-38b1aa33b0d7', '{"a_rack": [{"item_id": "b3572f2b-8b34-40c6-9f6d-6fd573062077", "slot_idx": 0, "item_type_id": "fc212b1e-84db-489b-b4af-4a8513516cf7"}, {"item_id": "3530702f-a3c5-4bb0-9a5c-c73c7c8d37e7", "slot_idx": 1, "item_type_id": "572b92e7-149d-4129-a9a6-91b2e92999a8"}], "b_rack": [{"item_id": "2033a825-e4bb-4e65-a742-5d67a72f4d3a", "slot_idx": 0, "item_type_id": "21587e95-fdbd-4be7-b103-db3f9ea72a19"}], "c_rack": [{"item_id": "ce1bf8a7-f100-477b-93ed-24ea0d1a8981", "slot_idx": 0, "item_type_id": "6b8b44b8-64fe-48f6-a451-3f14b1be7fa9"}, {"item_id": "71f59fd1-96e3-4192-abd9-5d63fb7bf716", "slot_idx": 1, "item_type_id": "6b8b44b8-64fe-48f6-a451-3f14b1be7fa9"}, {"item_id": "37f8e76e-7f29-4e37-9e9f-842718bc44b8", "slot_idx": 2, "item_type_id": "6b8b44b8-64fe-48f6-a451-3f14b1be7fa9"}]}', false, NULL, 'f37b43fe-0888-4cbe-9704-cd4d84603f4b', '6cbedb85-764e-48fa-aa3a-d3421cfb80f1', true, '96065bcc-8392-4357-bb54-4a50c065eb39', 10000, false, 1);
INSERT INTO public.ships (id, universe_systemid, userid, pos_x, pos_y, created, shipname, texture, theta, vel_x, vel_y, shield, armor, hull, fuel, heat, energy, shiptemplateid, dockedat_stationid, fitting, destroyed, destroyedat, cargobay_containerid, fittingbay_containerid, remaxdirty, trash_containerid, wallet, noload, flightexperiencemodifier) VALUES ('f798f271-082b-4b07-a5c6-1303a964cf9a', '5aa036f7-14ed-4273-a5ac-e7457ecabdaa', '9e9388d1-98ee-48d2-9f76-711bf68ca6b4', 0, 0, '2024-07-26 21:33:05.00235+00', 'Masaru Al-Amin''s Starter Ship', 'Spectre', 0, 0, 0, 785, 760, 537, 246, 0, 606, '62100eb8-a7fb-4241-a157-c6d783cb15d9', '3efc7fb3-6f61-4b06-b2f1-ea7c4529449f', '{"a_rack": [{"item_id": "b635a4c5-ee15-45be-8fda-2b1a83c1b166", "slot_idx": 0, "item_type_id": "ba48329e-0ae5-499f-ad0f-abd609ee04b9"}, {"item_id": "f2263621-b54b-43e6-90d8-86e6d9aaa6c5", "slot_idx": 1, "item_type_id": "ba48329e-0ae5-499f-ad0f-abd609ee04b9"}, {"item_id": "5213fd72-d316-46ba-aae8-4646eefa8ff4", "slot_idx": 2, "item_type_id": "ba48329e-0ae5-499f-ad0f-abd609ee04b9"}, {"item_id": "9d3eb215-aabe-4360-ba3c-f6cb1e85ea50", "slot_idx": 3, "item_type_id": "073858f3-ec93-41bd-9582-ea12405edc7e"}, {"item_id": "12618e63-4493-4d3b-9554-d79dd05d4f83", "slot_idx": 4, "item_type_id": "073858f3-ec93-41bd-9582-ea12405edc7e"}], "b_rack": [{"item_id": "fb15c8ae-c07d-414e-9161-6954a31e36b4", "slot_idx": 0, "item_type_id": "fef05ee8-1cf9-42d0-97e8-4feadf94a852"}, {"item_id": "5d09a468-fbbb-4cc5-b3b6-3a6039b581d0", "slot_idx": 1, "item_type_id": "aab8ec7b-6031-4f54-9ab4-434ab5e7b47c"}, {"item_id": "1fc7cd78-3fc1-4ac1-9fa1-1e77c91b72ab", "slot_idx": 2, "item_type_id": "643b06f8-3df2-40d4-abfe-37d55287d628"}], "c_rack": [{"item_id": "95f8a33a-d27d-4f2f-bff5-d23b00b8cf65", "slot_idx": 0, "item_type_id": "7a187110-ae8d-47d0-ab7d-1e318424284e"}, {"item_id": "32c05695-eb2a-4abf-9fca-8b0f126dd7fb", "slot_idx": 1, "item_type_id": "7a187110-ae8d-47d0-ab7d-1e318424284e"}, {"item_id": "86ab034b-04b8-49ec-b70c-d39f8e59a2f4", "slot_idx": 2, "item_type_id": "0d0d134c-2b7d-4888-839a-d043d6aedca6"}]}', false, NULL, 'e5a894c7-483f-4d0d-ac62-a5181233ae8d', 'bbe75cbc-5f91-45fd-8462-1f8e026e29d6', true, 'c67f3ca9-7f0d-4cb8-85d9-2096d6778d98', 10000, false, 1);
INSERT INTO public.ships (id, universe_systemid, userid, pos_x, pos_y, created, shipname, texture, theta, vel_x, vel_y, shield, armor, hull, fuel, heat, energy, shiptemplateid, dockedat_stationid, fitting, destroyed, destroyedat, cargobay_containerid, fittingbay_containerid, remaxdirty, trash_containerid, wallet, noload, flightexperiencemodifier) VALUES ('c8ffa3a8-3d8e-4fb4-b6c7-836901406876', '5aa036f7-14ed-4273-a5ac-e7457ecabdaa', '51638bbe-aaf4-4773-9141-21fd7b8ffb69', 0, 0, '2024-07-26 21:33:05.033915+00', 'Iorwerth D''Oidio''s Starter Ship', 'Spectre', 0, 0, 0, 785, 760, 537, 246, 0, 606, '62100eb8-a7fb-4241-a157-c6d783cb15d9', '3efc7fb3-6f61-4b06-b2f1-ea7c4529449f', '{"a_rack": [{"item_id": "6b3680d8-7265-4f68-9bbd-5ff73d500d98", "slot_idx": 0, "item_type_id": "ba48329e-0ae5-499f-ad0f-abd609ee04b9"}, {"item_id": "d67623f8-4f7b-40d9-8b14-94bf5d8b6025", "slot_idx": 1, "item_type_id": "ba48329e-0ae5-499f-ad0f-abd609ee04b9"}, {"item_id": "7e99bab1-9eda-41e4-9036-91e205c928e1", "slot_idx": 2, "item_type_id": "ba48329e-0ae5-499f-ad0f-abd609ee04b9"}, {"item_id": "a94ed8e9-dc63-4daa-8333-6731bcc76504", "slot_idx": 3, "item_type_id": "073858f3-ec93-41bd-9582-ea12405edc7e"}, {"item_id": "b4344e3d-883f-4b3e-b957-68ea6e3feb70", "slot_idx": 4, "item_type_id": "073858f3-ec93-41bd-9582-ea12405edc7e"}], "b_rack": [{"item_id": "a044d3fb-3e75-4800-b939-234f9c77ae7d", "slot_idx": 0, "item_type_id": "fef05ee8-1cf9-42d0-97e8-4feadf94a852"}, {"item_id": "ab6e218e-9b3a-488c-892c-4c636999ce0b", "slot_idx": 1, "item_type_id": "aab8ec7b-6031-4f54-9ab4-434ab5e7b47c"}, {"item_id": "8aaee8cf-9d22-4c17-8451-988eb7384e56", "slot_idx": 2, "item_type_id": "643b06f8-3df2-40d4-abfe-37d55287d628"}], "c_rack": [{"item_id": "e977d3de-64af-42c5-a80e-3a918b613d54", "slot_idx": 0, "item_type_id": "7a187110-ae8d-47d0-ab7d-1e318424284e"}, {"item_id": "548f100b-a7fe-493c-960b-b07556f277f0", "slot_idx": 1, "item_type_id": "7a187110-ae8d-47d0-ab7d-1e318424284e"}, {"item_id": "daf37d6e-3ce3-429c-8a17-234c344d7e27", "slot_idx": 2, "item_type_id": "0d0d134c-2b7d-4888-839a-d043d6aedca6"}]}', false, NULL, 'bd7be433-ab50-4b7d-9c9d-739e8ec487cb', '0b814c2b-cf3b-4bb2-b830-cc0144d10be7', true, '5270e370-8e7c-4267-9078-d651d56ca1d0', 10000, false, 1);
INSERT INTO public.ships (id, universe_systemid, userid, pos_x, pos_y, created, shipname, texture, theta, vel_x, vel_y, shield, armor, hull, fuel, heat, energy, shiptemplateid, dockedat_stationid, fitting, destroyed, destroyedat, cargobay_containerid, fittingbay_containerid, remaxdirty, trash_containerid, wallet, noload, flightexperiencemodifier) VALUES ('1d712575-c6fa-40bf-8456-ae4a74c56e87', '5aa036f7-14ed-4273-a5ac-e7457ecabdaa', 'e1c97013-86a1-4a36-a53b-a8edb25ee5f0', 0, 0, '2024-07-26 21:33:05.064256+00', 'Farida Miyagawa''s Starter Ship', 'Spectre', 0, 0, 0, 785, 760, 537, 246, 0, 606, '62100eb8-a7fb-4241-a157-c6d783cb15d9', '3efc7fb3-6f61-4b06-b2f1-ea7c4529449f', '{"a_rack": [{"item_id": "43f456cd-d8f1-48a5-b1bb-a8867cdc3921", "slot_idx": 0, "item_type_id": "ba48329e-0ae5-499f-ad0f-abd609ee04b9"}, {"item_id": "6ebda2c5-5439-49de-ad60-b679480a19a1", "slot_idx": 1, "item_type_id": "ba48329e-0ae5-499f-ad0f-abd609ee04b9"}, {"item_id": "28056a51-90a0-4fd3-89d3-fa1b7ecfee53", "slot_idx": 2, "item_type_id": "ba48329e-0ae5-499f-ad0f-abd609ee04b9"}, {"item_id": "cc3372a3-530b-4fed-b3b8-5981c990c92a", "slot_idx": 3, "item_type_id": "073858f3-ec93-41bd-9582-ea12405edc7e"}, {"item_id": "b32c2a5c-a4ec-417d-8243-1b9abe4d6029", "slot_idx": 4, "item_type_id": "073858f3-ec93-41bd-9582-ea12405edc7e"}], "b_rack": [{"item_id": "47a3eb00-c508-43d7-8220-d4f12c454a65", "slot_idx": 0, "item_type_id": "fef05ee8-1cf9-42d0-97e8-4feadf94a852"}, {"item_id": "8fba8d96-d962-4983-9d8b-04bbef798a3c", "slot_idx": 1, "item_type_id": "aab8ec7b-6031-4f54-9ab4-434ab5e7b47c"}, {"item_id": "01e46b2d-b2a4-4db0-a6dc-fcb30f8b6a17", "slot_idx": 2, "item_type_id": "643b06f8-3df2-40d4-abfe-37d55287d628"}], "c_rack": [{"item_id": "08fed361-a378-46d4-8f2b-a1087f3b86ce", "slot_idx": 0, "item_type_id": "7a187110-ae8d-47d0-ab7d-1e318424284e"}, {"item_id": "644ebb21-604d-463f-8935-fa1de329bbf2", "slot_idx": 1, "item_type_id": "7a187110-ae8d-47d0-ab7d-1e318424284e"}, {"item_id": "0c8e87e9-b76c-48e1-bff1-d87711e57b3e", "slot_idx": 2, "item_type_id": "0d0d134c-2b7d-4888-839a-d043d6aedca6"}]}', false, NULL, '05432adc-da92-4f98-b221-dca6525de248', '57c3f7f5-61fb-40f3-8dbc-c3cb43747ee1', true, '59486b9f-e88e-426a-b0fe-30cd223b10c7', 10000, false, 1);
INSERT INTO public.ships (id, universe_systemid, userid, pos_x, pos_y, created, shipname, texture, theta, vel_x, vel_y, shield, armor, hull, fuel, heat, energy, shiptemplateid, dockedat_stationid, fitting, destroyed, destroyedat, cargobay_containerid, fittingbay_containerid, remaxdirty, trash_containerid, wallet, noload, flightexperiencemodifier) VALUES ('0930b5d5-9356-4073-9f52-5fe8153d7e02', '5aa036f7-14ed-4273-a5ac-e7457ecabdaa', '7a02d66a-a454-4ec3-b5e1-95f5dc0301d2', 0, 0, '2024-07-26 21:33:05.094161+00', 'Germano Ardovini''s Starter Ship', 'Spectre', 0, 0, 0, 785, 760, 537, 246, 0, 606, '62100eb8-a7fb-4241-a157-c6d783cb15d9', '3efc7fb3-6f61-4b06-b2f1-ea7c4529449f', '{"a_rack": [{"item_id": "f5e5d973-8c81-45ef-b290-f357fe2e871a", "slot_idx": 0, "item_type_id": "ba48329e-0ae5-499f-ad0f-abd609ee04b9"}, {"item_id": "69b0200b-ce6c-4370-870b-8653397b52d9", "slot_idx": 1, "item_type_id": "ba48329e-0ae5-499f-ad0f-abd609ee04b9"}, {"item_id": "6325f861-fdea-408f-beca-87a2010b5a80", "slot_idx": 2, "item_type_id": "ba48329e-0ae5-499f-ad0f-abd609ee04b9"}, {"item_id": "60298881-3761-4f8f-b21c-9b42cca9a2a7", "slot_idx": 3, "item_type_id": "073858f3-ec93-41bd-9582-ea12405edc7e"}, {"item_id": "b9576615-dacf-42f4-9405-00877a2c8b4f", "slot_idx": 4, "item_type_id": "073858f3-ec93-41bd-9582-ea12405edc7e"}], "b_rack": [{"item_id": "1f593312-bf02-41c0-bfb4-b6b5481d9b55", "slot_idx": 0, "item_type_id": "fef05ee8-1cf9-42d0-97e8-4feadf94a852"}, {"item_id": "6f8a70ca-88a8-4de7-a711-4023c11a05cc", "slot_idx": 1, "item_type_id": "aab8ec7b-6031-4f54-9ab4-434ab5e7b47c"}, {"item_id": "74979ca9-bc0d-4cb6-a206-2a3f084b767e", "slot_idx": 2, "item_type_id": "643b06f8-3df2-40d4-abfe-37d55287d628"}], "c_rack": [{"item_id": "449a8f19-f615-402d-b159-5207d74bd975", "slot_idx": 0, "item_type_id": "7a187110-ae8d-47d0-ab7d-1e318424284e"}, {"item_id": "44e08bd8-8139-4195-9374-b2a47a757326", "slot_idx": 1, "item_type_id": "7a187110-ae8d-47d0-ab7d-1e318424284e"}, {"item_id": "296f89c2-be47-4b0a-b0c2-a4daed04dd8f", "slot_idx": 2, "item_type_id": "0d0d134c-2b7d-4888-839a-d043d6aedca6"}]}', false, NULL, '1b20bad4-57d9-4ab3-8c93-e15abf5e1c4b', 'ae5ed2c0-7a27-4288-a84c-1853df882a17', true, '1cae40ff-e187-4fba-a663-dc1d80445f5d', 10000, false, 1);
INSERT INTO public.ships (id, universe_systemid, userid, pos_x, pos_y, created, shipname, texture, theta, vel_x, vel_y, shield, armor, hull, fuel, heat, energy, shiptemplateid, dockedat_stationid, fitting, destroyed, destroyedat, cargobay_containerid, fittingbay_containerid, remaxdirty, trash_containerid, wallet, noload, flightexperiencemodifier) VALUES ('0b52f762-2a7f-4f26-aa7d-0b8041777fd9', '5aa036f7-14ed-4273-a5ac-e7457ecabdaa', 'beaaf2d8-6cc0-4591-a8bc-a8ac511500f7', 0, 0, '2024-07-26 21:33:05.126898+00', 'Oliviero Rice''s Starter Ship', 'Spectre', 0, 0, 0, 785, 760, 537, 246, 0, 606, '62100eb8-a7fb-4241-a157-c6d783cb15d9', '3efc7fb3-6f61-4b06-b2f1-ea7c4529449f', '{"a_rack": [{"item_id": "eb155ea1-cb69-4ea1-bf61-51c9bdc09218", "slot_idx": 0, "item_type_id": "ba48329e-0ae5-499f-ad0f-abd609ee04b9"}, {"item_id": "52685c7d-6604-4485-81d0-f905da824800", "slot_idx": 1, "item_type_id": "ba48329e-0ae5-499f-ad0f-abd609ee04b9"}, {"item_id": "cabf10c0-dcdd-4449-8b87-28d7ebcb6a46", "slot_idx": 2, "item_type_id": "ba48329e-0ae5-499f-ad0f-abd609ee04b9"}, {"item_id": "3b44e6cd-738e-4c46-b5a8-fe97548afb8b", "slot_idx": 3, "item_type_id": "073858f3-ec93-41bd-9582-ea12405edc7e"}, {"item_id": "0ea13e80-084d-44ba-854a-85ddde4af6fa", "slot_idx": 4, "item_type_id": "073858f3-ec93-41bd-9582-ea12405edc7e"}], "b_rack": [{"item_id": "8c77fcce-b025-44e3-a860-853c672ad2eb", "slot_idx": 0, "item_type_id": "fef05ee8-1cf9-42d0-97e8-4feadf94a852"}, {"item_id": "0dc892b6-1427-4d20-ac63-607cc28eb898", "slot_idx": 1, "item_type_id": "aab8ec7b-6031-4f54-9ab4-434ab5e7b47c"}, {"item_id": "32af1578-a951-4e09-b277-7291828f4f40", "slot_idx": 2, "item_type_id": "643b06f8-3df2-40d4-abfe-37d55287d628"}], "c_rack": [{"item_id": "940c146c-9c11-4dac-a4bc-ac945fd100e1", "slot_idx": 0, "item_type_id": "7a187110-ae8d-47d0-ab7d-1e318424284e"}, {"item_id": "e1dbf4dc-291b-4d98-81bd-0d6905820d84", "slot_idx": 1, "item_type_id": "7a187110-ae8d-47d0-ab7d-1e318424284e"}, {"item_id": "2b1347b8-ae42-4a86-8e4a-d0d95e4a38fa", "slot_idx": 2, "item_type_id": "0d0d134c-2b7d-4888-839a-d043d6aedca6"}]}', false, NULL, '146fa07b-1274-4eab-9c47-697c53b5db58', '633d9c19-80cc-4067-83f5-8029830b50d3', true, '9a9ebc56-24bf-4d30-9939-1b6e48d25ef6', 10000, false, 1);

-- users
INSERT INTO public.users (id, charactername, hashpass, registered, banned, current_shipid, startid, escrow_containerid, current_factionid, reputationsheet, isnpc, behaviourmode, emailaddress, experiencesheet, registeredip, isdev, resettoken, is_trueoriginal) VALUES ('a0d41195-6e1d-44a4-859c-9262fcde7326', 'Shi Lee', '2ec2c031083f24c56029a4ec42f0934588f54fff676cc5b81125e5d8ab3b9de3', '2024-07-26 21:29:07.972299+00', B'0', '39751c9b-ffe3-4be1-a47c-9e76c87b8743', '0f1a2660-b47d-4392-b205-2e7a6a4ce169', '7406db2c-8c0c-4c1d-98a1-00c4c2ed2b6a', '7decfd86-9c82-4a17-af3b-5d4af8c4e2ad', '{"factionEntries": {"27a53dfc-a321-4c12-bf7c-bb177955c95b": {"FactionID": "27a53dfc-a321-4c12-bf7c-bb177955c95b", "StandingValue": -0.5, "AreOpenlyHostile": false}, "30bc70eb-2692-47e6-a7e3-2772e131c3d7": {"FactionID": "30bc70eb-2692-47e6-a7e3-2772e131c3d7", "StandingValue": -8, "AreOpenlyHostile": true}, "506286f5-6613-4481-ac26-caa9940fbe68": {"FactionID": "506286f5-6613-4481-ac26-caa9940fbe68", "StandingValue": -3.5, "AreOpenlyHostile": true}, "559d7fc1-5470-4ab4-8c66-fa2f0b89a523": {"FactionID": "559d7fc1-5470-4ab4-8c66-fa2f0b89a523", "StandingValue": -3.5, "AreOpenlyHostile": true}, "5db2bec7-37c3-4f1c-ab88-21024c12d639": {"FactionID": "5db2bec7-37c3-4f1c-ab88-21024c12d639", "StandingValue": -3, "AreOpenlyHostile": true}, "7decfd86-9c82-4a17-af3b-5d4af8c4e2ad": {"FactionID": "7decfd86-9c82-4a17-af3b-5d4af8c4e2ad", "StandingValue": 10, "AreOpenlyHostile": false}, "a0152cbb-8a78-45a4-ae9b-2ad2b60b583b": {"FactionID": "a0152cbb-8a78-45a4-ae9b-2ad2b60b583b", "StandingValue": -0.5, "AreOpenlyHostile": false}, "bdeffd9a-3cab-408c-9cd7-32fce1124f7a": {"FactionID": "bdeffd9a-3cab-408c-9cd7-32fce1124f7a", "StandingValue": -3, "AreOpenlyHostile": true}}}', true, 6, NULL, '{}', '172.18.0.1:52380', false, NULL, false);
INSERT INTO public.users (id, charactername, hashpass, registered, banned, current_shipid, startid, escrow_containerid, current_factionid, reputationsheet, isnpc, behaviourmode, emailaddress, experiencesheet, registeredip, isdev, resettoken, is_trueoriginal) VALUES ('74ee98c8-77a0-41b4-9ede-bba627e15dee', 'Jonás Casal', '2ec2c031083f24c56029a4ec42f0934588f54fff676cc5b81125e5d8ab3b9de3', '2024-07-26 21:29:08.016791+00', B'0', '2b0b5b4c-21d7-42b9-83f3-a7770f518760', '0f1a2660-b47d-4392-b205-2e7a6a4ce169', '4d52210f-5999-4496-ad78-02786fb84b40', '7decfd86-9c82-4a17-af3b-5d4af8c4e2ad', '{"factionEntries": {"27a53dfc-a321-4c12-bf7c-bb177955c95b": {"FactionID": "27a53dfc-a321-4c12-bf7c-bb177955c95b", "StandingValue": -0.5, "AreOpenlyHostile": false}, "30bc70eb-2692-47e6-a7e3-2772e131c3d7": {"FactionID": "30bc70eb-2692-47e6-a7e3-2772e131c3d7", "StandingValue": -8, "AreOpenlyHostile": true}, "506286f5-6613-4481-ac26-caa9940fbe68": {"FactionID": "506286f5-6613-4481-ac26-caa9940fbe68", "StandingValue": -3.5, "AreOpenlyHostile": true}, "559d7fc1-5470-4ab4-8c66-fa2f0b89a523": {"FactionID": "559d7fc1-5470-4ab4-8c66-fa2f0b89a523", "StandingValue": -3.5, "AreOpenlyHostile": true}, "5db2bec7-37c3-4f1c-ab88-21024c12d639": {"FactionID": "5db2bec7-37c3-4f1c-ab88-21024c12d639", "StandingValue": -3, "AreOpenlyHostile": true}, "7decfd86-9c82-4a17-af3b-5d4af8c4e2ad": {"FactionID": "7decfd86-9c82-4a17-af3b-5d4af8c4e2ad", "StandingValue": 10, "AreOpenlyHostile": false}, "a0152cbb-8a78-45a4-ae9b-2ad2b60b583b": {"FactionID": "a0152cbb-8a78-45a4-ae9b-2ad2b60b583b", "StandingValue": -0.5, "AreOpenlyHostile": false}, "bdeffd9a-3cab-408c-9cd7-32fce1124f7a": {"FactionID": "bdeffd9a-3cab-408c-9cd7-32fce1124f7a", "StandingValue": -3, "AreOpenlyHostile": true}}}', true, 6, NULL, '{}', '172.18.0.1:52380', false, NULL, false);
INSERT INTO public.users (id, charactername, hashpass, registered, banned, current_shipid, startid, escrow_containerid, current_factionid, reputationsheet, isnpc, behaviourmode, emailaddress, experiencesheet, registeredip, isdev, resettoken, is_trueoriginal) VALUES ('d76e250d-c951-4e64-9cf1-38c1898427fe', 'Erykah Law', '2494b81ef53ed1f776a307d9f1f835b586606f7ac774ade22147bce2a74701a3', '2024-07-26 21:25:09.753685+00', B'0', '7d290b3e-f4c6-4660-a918-9afe1eaa21bf', '48f7e067-1183-47cb-b47b-601562bb17b0', 'b9a6371c-7a8f-4721-a7d2-5345554212b9', '559d7fc1-5470-4ab4-8c66-fa2f0b89a523', '{"factionEntries": {"27a53dfc-a321-4c12-bf7c-bb177955c95b": {"FactionID": "27a53dfc-a321-4c12-bf7c-bb177955c95b", "StandingValue": -0.5, "AreOpenlyHostile": false}, "30bc70eb-2692-47e6-a7e3-2772e131c3d7": {"FactionID": "30bc70eb-2692-47e6-a7e3-2772e131c3d7", "StandingValue": -5.5, "AreOpenlyHostile": true}, "506286f5-6613-4481-ac26-caa9940fbe68": {"FactionID": "506286f5-6613-4481-ac26-caa9940fbe68", "StandingValue": -7.5, "AreOpenlyHostile": true}, "559d7fc1-5470-4ab4-8c66-fa2f0b89a523": {"FactionID": "559d7fc1-5470-4ab4-8c66-fa2f0b89a523", "StandingValue": 10, "AreOpenlyHostile": false}, "5db2bec7-37c3-4f1c-ab88-21024c12d639": {"FactionID": "5db2bec7-37c3-4f1c-ab88-21024c12d639", "StandingValue": -0.5, "AreOpenlyHostile": false}, "7decfd86-9c82-4a17-af3b-5d4af8c4e2ad": {"FactionID": "7decfd86-9c82-4a17-af3b-5d4af8c4e2ad", "StandingValue": -3.5, "AreOpenlyHostile": true}, "a0152cbb-8a78-45a4-ae9b-2ad2b60b583b": {"FactionID": "a0152cbb-8a78-45a4-ae9b-2ad2b60b583b", "StandingValue": 0.5, "AreOpenlyHostile": false}, "b3d3fa9c-b21e-490f-b39e-128b3af12128": {"FactionID": "b3d3fa9c-b21e-490f-b39e-128b3af12128", "StandingValue": 0, "AreOpenlyHostile": false}, "bdeffd9a-3cab-408c-9cd7-32fce1124f7a": {"FactionID": "bdeffd9a-3cab-408c-9cd7-32fce1124f7a", "StandingValue": 0.5, "AreOpenlyHostile": false}}}', true, 6, NULL, '{}', '172.18.0.1:49594', false, NULL, false);
INSERT INTO public.users (id, charactername, hashpass, registered, banned, current_shipid, startid, escrow_containerid, current_factionid, reputationsheet, isnpc, behaviourmode, emailaddress, experiencesheet, registeredip, isdev, resettoken, is_trueoriginal) VALUES ('27568514-a057-4295-8749-a951e318d6e6', 'Audley Shelby', '2494b81ef53ed1f776a307d9f1f835b586606f7ac774ade22147bce2a74701a3', '2024-07-26 21:25:09.811463+00', B'0', '8202e0fa-c10f-4d91-bbfb-181ea691de43', '48f7e067-1183-47cb-b47b-601562bb17b0', '75c08805-b6fb-44c4-ba5a-5231ae40438c', '559d7fc1-5470-4ab4-8c66-fa2f0b89a523', '{"factionEntries": {"27a53dfc-a321-4c12-bf7c-bb177955c95b": {"FactionID": "27a53dfc-a321-4c12-bf7c-bb177955c95b", "StandingValue": -0.5, "AreOpenlyHostile": false}, "30bc70eb-2692-47e6-a7e3-2772e131c3d7": {"FactionID": "30bc70eb-2692-47e6-a7e3-2772e131c3d7", "StandingValue": -5.5, "AreOpenlyHostile": true}, "506286f5-6613-4481-ac26-caa9940fbe68": {"FactionID": "506286f5-6613-4481-ac26-caa9940fbe68", "StandingValue": -7.5, "AreOpenlyHostile": true}, "559d7fc1-5470-4ab4-8c66-fa2f0b89a523": {"FactionID": "559d7fc1-5470-4ab4-8c66-fa2f0b89a523", "StandingValue": 10, "AreOpenlyHostile": false}, "5db2bec7-37c3-4f1c-ab88-21024c12d639": {"FactionID": "5db2bec7-37c3-4f1c-ab88-21024c12d639", "StandingValue": -0.5, "AreOpenlyHostile": false}, "7decfd86-9c82-4a17-af3b-5d4af8c4e2ad": {"FactionID": "7decfd86-9c82-4a17-af3b-5d4af8c4e2ad", "StandingValue": -3.5, "AreOpenlyHostile": true}, "a0152cbb-8a78-45a4-ae9b-2ad2b60b583b": {"FactionID": "a0152cbb-8a78-45a4-ae9b-2ad2b60b583b", "StandingValue": 0.5, "AreOpenlyHostile": false}, "b3d3fa9c-b21e-490f-b39e-128b3af12128": {"FactionID": "b3d3fa9c-b21e-490f-b39e-128b3af12128", "StandingValue": 0, "AreOpenlyHostile": false}, "bdeffd9a-3cab-408c-9cd7-32fce1124f7a": {"FactionID": "bdeffd9a-3cab-408c-9cd7-32fce1124f7a", "StandingValue": 0.5, "AreOpenlyHostile": false}}}', true, 6, NULL, '{}', '172.18.0.1:49594', false, NULL, false);
INSERT INTO public.users (id, charactername, hashpass, registered, banned, current_shipid, startid, escrow_containerid, current_factionid, reputationsheet, isnpc, behaviourmode, emailaddress, experiencesheet, registeredip, isdev, resettoken, is_trueoriginal) VALUES ('2f550f0d-36be-4aca-9b69-776604364467', 'Jessie Taylor', '2494b81ef53ed1f776a307d9f1f835b586606f7ac774ade22147bce2a74701a3', '2024-07-26 21:25:09.856537+00', B'0', 'bd7045e9-9468-4b9a-9398-f24ed85697cf', '48f7e067-1183-47cb-b47b-601562bb17b0', '323029ba-0600-4ba6-a0b0-dd5fbd9851ff', '559d7fc1-5470-4ab4-8c66-fa2f0b89a523', '{"factionEntries": {"27a53dfc-a321-4c12-bf7c-bb177955c95b": {"FactionID": "27a53dfc-a321-4c12-bf7c-bb177955c95b", "StandingValue": -0.5, "AreOpenlyHostile": false}, "30bc70eb-2692-47e6-a7e3-2772e131c3d7": {"FactionID": "30bc70eb-2692-47e6-a7e3-2772e131c3d7", "StandingValue": -5.5, "AreOpenlyHostile": true}, "506286f5-6613-4481-ac26-caa9940fbe68": {"FactionID": "506286f5-6613-4481-ac26-caa9940fbe68", "StandingValue": -7.5, "AreOpenlyHostile": true}, "559d7fc1-5470-4ab4-8c66-fa2f0b89a523": {"FactionID": "559d7fc1-5470-4ab4-8c66-fa2f0b89a523", "StandingValue": 10, "AreOpenlyHostile": false}, "5db2bec7-37c3-4f1c-ab88-21024c12d639": {"FactionID": "5db2bec7-37c3-4f1c-ab88-21024c12d639", "StandingValue": -0.5, "AreOpenlyHostile": false}, "7decfd86-9c82-4a17-af3b-5d4af8c4e2ad": {"FactionID": "7decfd86-9c82-4a17-af3b-5d4af8c4e2ad", "StandingValue": -3.5, "AreOpenlyHostile": true}, "a0152cbb-8a78-45a4-ae9b-2ad2b60b583b": {"FactionID": "a0152cbb-8a78-45a4-ae9b-2ad2b60b583b", "StandingValue": 0.5, "AreOpenlyHostile": false}, "b3d3fa9c-b21e-490f-b39e-128b3af12128": {"FactionID": "b3d3fa9c-b21e-490f-b39e-128b3af12128", "StandingValue": 0, "AreOpenlyHostile": false}, "bdeffd9a-3cab-408c-9cd7-32fce1124f7a": {"FactionID": "bdeffd9a-3cab-408c-9cd7-32fce1124f7a", "StandingValue": 0.5, "AreOpenlyHostile": false}}}', true, 6, NULL, '{}', '172.18.0.1:49594', false, NULL, false);
INSERT INTO public.users (id, charactername, hashpass, registered, banned, current_shipid, startid, escrow_containerid, current_factionid, reputationsheet, isnpc, behaviourmode, emailaddress, experiencesheet, registeredip, isdev, resettoken, is_trueoriginal) VALUES ('51638bbe-aaf4-4773-9141-21fd7b8ffb69', 'Iorwerth D''Oidio', '5894fb3a99e314f33bfba4428b176c18303d0068484a5e7790cd389605085926', '2024-07-26 21:33:05.010341+00', B'0', 'c8ffa3a8-3d8e-4fb4-b6c7-836901406876', 'f63c1166-0b5d-49d0-b1e6-ac513fbb59ff', 'acaef0db-e6f0-4702-9478-f2499244bce9', 'bdeffd9a-3cab-408c-9cd7-32fce1124f7a', '{"factionEntries": {"27a53dfc-a321-4c12-bf7c-bb177955c95b": {"FactionID": "27a53dfc-a321-4c12-bf7c-bb177955c95b", "StandingValue": -4, "AreOpenlyHostile": true}, "30bc70eb-2692-47e6-a7e3-2772e131c3d7": {"FactionID": "30bc70eb-2692-47e6-a7e3-2772e131c3d7", "StandingValue": -0.5, "AreOpenlyHostile": false}, "506286f5-6613-4481-ac26-caa9940fbe68": {"FactionID": "506286f5-6613-4481-ac26-caa9940fbe68", "StandingValue": -0.5, "AreOpenlyHostile": false}, "559d7fc1-5470-4ab4-8c66-fa2f0b89a523": {"FactionID": "559d7fc1-5470-4ab4-8c66-fa2f0b89a523", "StandingValue": 0.5, "AreOpenlyHostile": false}, "5db2bec7-37c3-4f1c-ab88-21024c12d639": {"FactionID": "5db2bec7-37c3-4f1c-ab88-21024c12d639", "StandingValue": 5, "AreOpenlyHostile": false}, "7decfd86-9c82-4a17-af3b-5d4af8c4e2ad": {"FactionID": "7decfd86-9c82-4a17-af3b-5d4af8c4e2ad", "StandingValue": -3, "AreOpenlyHostile": true}, "a0152cbb-8a78-45a4-ae9b-2ad2b60b583b": {"FactionID": "a0152cbb-8a78-45a4-ae9b-2ad2b60b583b", "StandingValue": -5, "AreOpenlyHostile": true}, "b3d3fa9c-b21e-490f-b39e-128b3af12128": {"FactionID": "b3d3fa9c-b21e-490f-b39e-128b3af12128", "StandingValue": 0, "AreOpenlyHostile": false}, "bdeffd9a-3cab-408c-9cd7-32fce1124f7a": {"FactionID": "bdeffd9a-3cab-408c-9cd7-32fce1124f7a", "StandingValue": 10, "AreOpenlyHostile": false}}}', true, 6, NULL, '{}', '172.18.0.1:57202', false, NULL, false);
INSERT INTO public.users (id, charactername, hashpass, registered, banned, current_shipid, startid, escrow_containerid, current_factionid, reputationsheet, isnpc, behaviourmode, emailaddress, experiencesheet, registeredip, isdev, resettoken, is_trueoriginal) VALUES ('28fbab26-886b-4461-bf53-e1d7c75da0d9', 'Marvyn Weston', '2494b81ef53ed1f776a307d9f1f835b586606f7ac774ade22147bce2a74701a3', '2024-07-26 21:25:09.899568+00', B'0', 'ec206a84-83fb-45bb-9dae-3ae304c71be9', '48f7e067-1183-47cb-b47b-601562bb17b0', 'c5c6ec7a-171b-45b8-8187-7b84492633f5', '559d7fc1-5470-4ab4-8c66-fa2f0b89a523', '{"factionEntries": {"27a53dfc-a321-4c12-bf7c-bb177955c95b": {"FactionID": "27a53dfc-a321-4c12-bf7c-bb177955c95b", "StandingValue": -0.5, "AreOpenlyHostile": false}, "30bc70eb-2692-47e6-a7e3-2772e131c3d7": {"FactionID": "30bc70eb-2692-47e6-a7e3-2772e131c3d7", "StandingValue": -5.5, "AreOpenlyHostile": true}, "506286f5-6613-4481-ac26-caa9940fbe68": {"FactionID": "506286f5-6613-4481-ac26-caa9940fbe68", "StandingValue": -7.5, "AreOpenlyHostile": true}, "559d7fc1-5470-4ab4-8c66-fa2f0b89a523": {"FactionID": "559d7fc1-5470-4ab4-8c66-fa2f0b89a523", "StandingValue": 10, "AreOpenlyHostile": false}, "5db2bec7-37c3-4f1c-ab88-21024c12d639": {"FactionID": "5db2bec7-37c3-4f1c-ab88-21024c12d639", "StandingValue": -0.5, "AreOpenlyHostile": false}, "7decfd86-9c82-4a17-af3b-5d4af8c4e2ad": {"FactionID": "7decfd86-9c82-4a17-af3b-5d4af8c4e2ad", "StandingValue": -3.5, "AreOpenlyHostile": true}, "a0152cbb-8a78-45a4-ae9b-2ad2b60b583b": {"FactionID": "a0152cbb-8a78-45a4-ae9b-2ad2b60b583b", "StandingValue": 0.5, "AreOpenlyHostile": false}, "b3d3fa9c-b21e-490f-b39e-128b3af12128": {"FactionID": "b3d3fa9c-b21e-490f-b39e-128b3af12128", "StandingValue": 0, "AreOpenlyHostile": false}, "bdeffd9a-3cab-408c-9cd7-32fce1124f7a": {"FactionID": "bdeffd9a-3cab-408c-9cd7-32fce1124f7a", "StandingValue": 0.5, "AreOpenlyHostile": false}}}', true, 6, NULL, '{}', '172.18.0.1:49594', false, NULL, false);
INSERT INTO public.users (id, charactername, hashpass, registered, banned, current_shipid, startid, escrow_containerid, current_factionid, reputationsheet, isnpc, behaviourmode, emailaddress, experiencesheet, registeredip, isdev, resettoken, is_trueoriginal) VALUES ('18bc7d30-7dee-422a-b98e-b71cb1c446f4', 'Miracle Ross', '2494b81ef53ed1f776a307d9f1f835b586606f7ac774ade22147bce2a74701a3', '2024-07-26 21:25:09.944526+00', B'0', '075e22c9-02c7-430c-b2d3-57edd58b0cf5', '48f7e067-1183-47cb-b47b-601562bb17b0', '894ab4b4-3264-41f4-9dc1-f78a3fa045f7', '559d7fc1-5470-4ab4-8c66-fa2f0b89a523', '{"factionEntries": {"27a53dfc-a321-4c12-bf7c-bb177955c95b": {"FactionID": "27a53dfc-a321-4c12-bf7c-bb177955c95b", "StandingValue": -0.5, "AreOpenlyHostile": false}, "30bc70eb-2692-47e6-a7e3-2772e131c3d7": {"FactionID": "30bc70eb-2692-47e6-a7e3-2772e131c3d7", "StandingValue": -5.5, "AreOpenlyHostile": true}, "506286f5-6613-4481-ac26-caa9940fbe68": {"FactionID": "506286f5-6613-4481-ac26-caa9940fbe68", "StandingValue": -7.5, "AreOpenlyHostile": true}, "559d7fc1-5470-4ab4-8c66-fa2f0b89a523": {"FactionID": "559d7fc1-5470-4ab4-8c66-fa2f0b89a523", "StandingValue": 10, "AreOpenlyHostile": false}, "5db2bec7-37c3-4f1c-ab88-21024c12d639": {"FactionID": "5db2bec7-37c3-4f1c-ab88-21024c12d639", "StandingValue": -0.5, "AreOpenlyHostile": false}, "7decfd86-9c82-4a17-af3b-5d4af8c4e2ad": {"FactionID": "7decfd86-9c82-4a17-af3b-5d4af8c4e2ad", "StandingValue": -3.5, "AreOpenlyHostile": true}, "a0152cbb-8a78-45a4-ae9b-2ad2b60b583b": {"FactionID": "a0152cbb-8a78-45a4-ae9b-2ad2b60b583b", "StandingValue": 0.5, "AreOpenlyHostile": false}, "b3d3fa9c-b21e-490f-b39e-128b3af12128": {"FactionID": "b3d3fa9c-b21e-490f-b39e-128b3af12128", "StandingValue": 0, "AreOpenlyHostile": false}, "bdeffd9a-3cab-408c-9cd7-32fce1124f7a": {"FactionID": "bdeffd9a-3cab-408c-9cd7-32fce1124f7a", "StandingValue": 0.5, "AreOpenlyHostile": false}}}', true, 6, NULL, '{}', '172.18.0.1:49594', false, NULL, false);
INSERT INTO public.users (id, charactername, hashpass, registered, banned, current_shipid, startid, escrow_containerid, current_factionid, reputationsheet, isnpc, behaviourmode, emailaddress, experiencesheet, registeredip, isdev, resettoken, is_trueoriginal) VALUES ('64a4e7cb-91b8-40ce-a4b4-ca0703784e55', 'Samu Alba', '2ec2c031083f24c56029a4ec42f0934588f54fff676cc5b81125e5d8ab3b9de3', '2024-07-26 21:29:07.997953+00', B'0', 'f32ab8c1-9c84-479a-a4df-6df655b5f49c', '0f1a2660-b47d-4392-b205-2e7a6a4ce169', 'f2a66965-04be-4147-af92-e213a902f36b', '7decfd86-9c82-4a17-af3b-5d4af8c4e2ad', '{"factionEntries": {"27a53dfc-a321-4c12-bf7c-bb177955c95b": {"FactionID": "27a53dfc-a321-4c12-bf7c-bb177955c95b", "StandingValue": -0.5, "AreOpenlyHostile": false}, "30bc70eb-2692-47e6-a7e3-2772e131c3d7": {"FactionID": "30bc70eb-2692-47e6-a7e3-2772e131c3d7", "StandingValue": -8, "AreOpenlyHostile": true}, "506286f5-6613-4481-ac26-caa9940fbe68": {"FactionID": "506286f5-6613-4481-ac26-caa9940fbe68", "StandingValue": -3.5, "AreOpenlyHostile": true}, "559d7fc1-5470-4ab4-8c66-fa2f0b89a523": {"FactionID": "559d7fc1-5470-4ab4-8c66-fa2f0b89a523", "StandingValue": -3.5, "AreOpenlyHostile": true}, "5db2bec7-37c3-4f1c-ab88-21024c12d639": {"FactionID": "5db2bec7-37c3-4f1c-ab88-21024c12d639", "StandingValue": -3, "AreOpenlyHostile": true}, "7decfd86-9c82-4a17-af3b-5d4af8c4e2ad": {"FactionID": "7decfd86-9c82-4a17-af3b-5d4af8c4e2ad", "StandingValue": 10, "AreOpenlyHostile": false}, "a0152cbb-8a78-45a4-ae9b-2ad2b60b583b": {"FactionID": "a0152cbb-8a78-45a4-ae9b-2ad2b60b583b", "StandingValue": -0.5, "AreOpenlyHostile": false}, "bdeffd9a-3cab-408c-9cd7-32fce1124f7a": {"FactionID": "bdeffd9a-3cab-408c-9cd7-32fce1124f7a", "StandingValue": -3, "AreOpenlyHostile": true}}}', true, 6, NULL, '{}', '172.18.0.1:52380', false, NULL, false);
INSERT INTO public.users (id, charactername, hashpass, registered, banned, current_shipid, startid, escrow_containerid, current_factionid, reputationsheet, isnpc, behaviourmode, emailaddress, experiencesheet, registeredip, isdev, resettoken, is_trueoriginal) VALUES ('0c3978fa-7834-41ec-96b5-19aa820cceb1', 'Karine Chia', '2ec2c031083f24c56029a4ec42f0934588f54fff676cc5b81125e5d8ab3b9de3', '2024-07-26 21:29:08.036353+00', B'0', '73387a23-d9bf-4f14-9569-a022cf8f913c', '0f1a2660-b47d-4392-b205-2e7a6a4ce169', 'a9590184-23a2-4513-86df-597de716f0a1', '7decfd86-9c82-4a17-af3b-5d4af8c4e2ad', '{"factionEntries": {"27a53dfc-a321-4c12-bf7c-bb177955c95b": {"FactionID": "27a53dfc-a321-4c12-bf7c-bb177955c95b", "StandingValue": -0.5, "AreOpenlyHostile": false}, "30bc70eb-2692-47e6-a7e3-2772e131c3d7": {"FactionID": "30bc70eb-2692-47e6-a7e3-2772e131c3d7", "StandingValue": -8, "AreOpenlyHostile": true}, "506286f5-6613-4481-ac26-caa9940fbe68": {"FactionID": "506286f5-6613-4481-ac26-caa9940fbe68", "StandingValue": -3.5, "AreOpenlyHostile": true}, "559d7fc1-5470-4ab4-8c66-fa2f0b89a523": {"FactionID": "559d7fc1-5470-4ab4-8c66-fa2f0b89a523", "StandingValue": -3.5, "AreOpenlyHostile": true}, "5db2bec7-37c3-4f1c-ab88-21024c12d639": {"FactionID": "5db2bec7-37c3-4f1c-ab88-21024c12d639", "StandingValue": -3, "AreOpenlyHostile": true}, "7decfd86-9c82-4a17-af3b-5d4af8c4e2ad": {"FactionID": "7decfd86-9c82-4a17-af3b-5d4af8c4e2ad", "StandingValue": 10, "AreOpenlyHostile": false}, "a0152cbb-8a78-45a4-ae9b-2ad2b60b583b": {"FactionID": "a0152cbb-8a78-45a4-ae9b-2ad2b60b583b", "StandingValue": -0.5, "AreOpenlyHostile": false}, "bdeffd9a-3cab-408c-9cd7-32fce1124f7a": {"FactionID": "bdeffd9a-3cab-408c-9cd7-32fce1124f7a", "StandingValue": -3, "AreOpenlyHostile": true}}}', true, 6, NULL, '{}', '172.18.0.1:52380', false, NULL, false);
INSERT INTO public.users (id, charactername, hashpass, registered, banned, current_shipid, startid, escrow_containerid, current_factionid, reputationsheet, isnpc, behaviourmode, emailaddress, experiencesheet, registeredip, isdev, resettoken, is_trueoriginal) VALUES ('0260dafc-5db0-4fa9-82d7-4c3aeae5062f', 'Benadina Toldano', '2ec2c031083f24c56029a4ec42f0934588f54fff676cc5b81125e5d8ab3b9de3', '2024-07-26 21:30:09.01498+00', B'0', '38115ae3-c2a0-4712-b254-3d38638b07a1', '0f1a2660-b47d-4392-b205-2e7a6a4ce169', '21219a18-c9fa-4f7d-aab0-3b008a78394c', '7decfd86-9c82-4a17-af3b-5d4af8c4e2ad', '{"factionEntries": {"27a53dfc-a321-4c12-bf7c-bb177955c95b": {"FactionID": "27a53dfc-a321-4c12-bf7c-bb177955c95b", "StandingValue": -0.5, "AreOpenlyHostile": false}, "30bc70eb-2692-47e6-a7e3-2772e131c3d7": {"FactionID": "30bc70eb-2692-47e6-a7e3-2772e131c3d7", "StandingValue": -8, "AreOpenlyHostile": true}, "506286f5-6613-4481-ac26-caa9940fbe68": {"FactionID": "506286f5-6613-4481-ac26-caa9940fbe68", "StandingValue": -3.5, "AreOpenlyHostile": true}, "559d7fc1-5470-4ab4-8c66-fa2f0b89a523": {"FactionID": "559d7fc1-5470-4ab4-8c66-fa2f0b89a523", "StandingValue": -3.5, "AreOpenlyHostile": true}, "5db2bec7-37c3-4f1c-ab88-21024c12d639": {"FactionID": "5db2bec7-37c3-4f1c-ab88-21024c12d639", "StandingValue": -3, "AreOpenlyHostile": true}, "7decfd86-9c82-4a17-af3b-5d4af8c4e2ad": {"FactionID": "7decfd86-9c82-4a17-af3b-5d4af8c4e2ad", "StandingValue": 10, "AreOpenlyHostile": false}, "a0152cbb-8a78-45a4-ae9b-2ad2b60b583b": {"FactionID": "a0152cbb-8a78-45a4-ae9b-2ad2b60b583b", "StandingValue": -0.5, "AreOpenlyHostile": false}, "bdeffd9a-3cab-408c-9cd7-32fce1124f7a": {"FactionID": "bdeffd9a-3cab-408c-9cd7-32fce1124f7a", "StandingValue": -3, "AreOpenlyHostile": true}}}', true, 6, NULL, '{}', '172.18.0.1:43010', false, NULL, false);
INSERT INTO public.users (id, charactername, hashpass, registered, banned, current_shipid, startid, escrow_containerid, current_factionid, reputationsheet, isnpc, behaviourmode, emailaddress, experiencesheet, registeredip, isdev, resettoken, is_trueoriginal) VALUES ('9e9388d1-98ee-48d2-9f76-711bf68ca6b4', 'Masaru Al-Amin', '5894fb3a99e314f33bfba4428b176c18303d0068484a5e7790cd389605085926', '2024-07-26 21:33:04.977989+00', B'0', 'f798f271-082b-4b07-a5c6-1303a964cf9a', 'f63c1166-0b5d-49d0-b1e6-ac513fbb59ff', 'd02fdb0d-aaee-4222-8d22-22d54581517a', 'bdeffd9a-3cab-408c-9cd7-32fce1124f7a', '{"factionEntries": {"27a53dfc-a321-4c12-bf7c-bb177955c95b": {"FactionID": "27a53dfc-a321-4c12-bf7c-bb177955c95b", "StandingValue": -4, "AreOpenlyHostile": true}, "30bc70eb-2692-47e6-a7e3-2772e131c3d7": {"FactionID": "30bc70eb-2692-47e6-a7e3-2772e131c3d7", "StandingValue": -0.5, "AreOpenlyHostile": false}, "506286f5-6613-4481-ac26-caa9940fbe68": {"FactionID": "506286f5-6613-4481-ac26-caa9940fbe68", "StandingValue": -0.5, "AreOpenlyHostile": false}, "559d7fc1-5470-4ab4-8c66-fa2f0b89a523": {"FactionID": "559d7fc1-5470-4ab4-8c66-fa2f0b89a523", "StandingValue": 0.5, "AreOpenlyHostile": false}, "5db2bec7-37c3-4f1c-ab88-21024c12d639": {"FactionID": "5db2bec7-37c3-4f1c-ab88-21024c12d639", "StandingValue": 5, "AreOpenlyHostile": false}, "7decfd86-9c82-4a17-af3b-5d4af8c4e2ad": {"FactionID": "7decfd86-9c82-4a17-af3b-5d4af8c4e2ad", "StandingValue": -3, "AreOpenlyHostile": true}, "a0152cbb-8a78-45a4-ae9b-2ad2b60b583b": {"FactionID": "a0152cbb-8a78-45a4-ae9b-2ad2b60b583b", "StandingValue": -5, "AreOpenlyHostile": true}, "b3d3fa9c-b21e-490f-b39e-128b3af12128": {"FactionID": "b3d3fa9c-b21e-490f-b39e-128b3af12128", "StandingValue": 0, "AreOpenlyHostile": false}, "bdeffd9a-3cab-408c-9cd7-32fce1124f7a": {"FactionID": "bdeffd9a-3cab-408c-9cd7-32fce1124f7a", "StandingValue": 10, "AreOpenlyHostile": false}}}', true, 6, NULL, '{}', '172.18.0.1:57202', false, NULL, false);
INSERT INTO public.users (id, charactername, hashpass, registered, banned, current_shipid, startid, escrow_containerid, current_factionid, reputationsheet, isnpc, behaviourmode, emailaddress, experiencesheet, registeredip, isdev, resettoken, is_trueoriginal) VALUES ('e1c97013-86a1-4a36-a53b-a8edb25ee5f0', 'Farida Miyagawa', '5894fb3a99e314f33bfba4428b176c18303d0068484a5e7790cd389605085926', '2024-07-26 21:33:05.041025+00', B'0', '1d712575-c6fa-40bf-8456-ae4a74c56e87', 'f63c1166-0b5d-49d0-b1e6-ac513fbb59ff', 'f3c7a9c7-875f-422d-9937-0f64c76af6fb', 'bdeffd9a-3cab-408c-9cd7-32fce1124f7a', '{"factionEntries": {"27a53dfc-a321-4c12-bf7c-bb177955c95b": {"FactionID": "27a53dfc-a321-4c12-bf7c-bb177955c95b", "StandingValue": -4, "AreOpenlyHostile": true}, "30bc70eb-2692-47e6-a7e3-2772e131c3d7": {"FactionID": "30bc70eb-2692-47e6-a7e3-2772e131c3d7", "StandingValue": -0.5, "AreOpenlyHostile": false}, "506286f5-6613-4481-ac26-caa9940fbe68": {"FactionID": "506286f5-6613-4481-ac26-caa9940fbe68", "StandingValue": -0.5, "AreOpenlyHostile": false}, "559d7fc1-5470-4ab4-8c66-fa2f0b89a523": {"FactionID": "559d7fc1-5470-4ab4-8c66-fa2f0b89a523", "StandingValue": 0.5, "AreOpenlyHostile": false}, "5db2bec7-37c3-4f1c-ab88-21024c12d639": {"FactionID": "5db2bec7-37c3-4f1c-ab88-21024c12d639", "StandingValue": 5, "AreOpenlyHostile": false}, "7decfd86-9c82-4a17-af3b-5d4af8c4e2ad": {"FactionID": "7decfd86-9c82-4a17-af3b-5d4af8c4e2ad", "StandingValue": -3, "AreOpenlyHostile": true}, "a0152cbb-8a78-45a4-ae9b-2ad2b60b583b": {"FactionID": "a0152cbb-8a78-45a4-ae9b-2ad2b60b583b", "StandingValue": -5, "AreOpenlyHostile": true}, "b3d3fa9c-b21e-490f-b39e-128b3af12128": {"FactionID": "b3d3fa9c-b21e-490f-b39e-128b3af12128", "StandingValue": 0, "AreOpenlyHostile": false}, "bdeffd9a-3cab-408c-9cd7-32fce1124f7a": {"FactionID": "bdeffd9a-3cab-408c-9cd7-32fce1124f7a", "StandingValue": 10, "AreOpenlyHostile": false}}}', true, 6, NULL, '{}', '172.18.0.1:57202', false, NULL, false);
INSERT INTO public.users (id, charactername, hashpass, registered, banned, current_shipid, startid, escrow_containerid, current_factionid, reputationsheet, isnpc, behaviourmode, emailaddress, experiencesheet, registeredip, isdev, resettoken, is_trueoriginal) VALUES ('7a02d66a-a454-4ec3-b5e1-95f5dc0301d2', 'Germano Ardovini', '5894fb3a99e314f33bfba4428b176c18303d0068484a5e7790cd389605085926', '2024-07-26 21:33:05.070871+00', B'0', '0930b5d5-9356-4073-9f52-5fe8153d7e02', 'f63c1166-0b5d-49d0-b1e6-ac513fbb59ff', '0813a5e6-ea31-4fc7-b3fc-2d730207a5eb', 'bdeffd9a-3cab-408c-9cd7-32fce1124f7a', '{"factionEntries": {"27a53dfc-a321-4c12-bf7c-bb177955c95b": {"FactionID": "27a53dfc-a321-4c12-bf7c-bb177955c95b", "StandingValue": -4, "AreOpenlyHostile": true}, "30bc70eb-2692-47e6-a7e3-2772e131c3d7": {"FactionID": "30bc70eb-2692-47e6-a7e3-2772e131c3d7", "StandingValue": -0.5, "AreOpenlyHostile": false}, "506286f5-6613-4481-ac26-caa9940fbe68": {"FactionID": "506286f5-6613-4481-ac26-caa9940fbe68", "StandingValue": -0.5, "AreOpenlyHostile": false}, "559d7fc1-5470-4ab4-8c66-fa2f0b89a523": {"FactionID": "559d7fc1-5470-4ab4-8c66-fa2f0b89a523", "StandingValue": 0.5, "AreOpenlyHostile": false}, "5db2bec7-37c3-4f1c-ab88-21024c12d639": {"FactionID": "5db2bec7-37c3-4f1c-ab88-21024c12d639", "StandingValue": 5, "AreOpenlyHostile": false}, "7decfd86-9c82-4a17-af3b-5d4af8c4e2ad": {"FactionID": "7decfd86-9c82-4a17-af3b-5d4af8c4e2ad", "StandingValue": -3, "AreOpenlyHostile": true}, "a0152cbb-8a78-45a4-ae9b-2ad2b60b583b": {"FactionID": "a0152cbb-8a78-45a4-ae9b-2ad2b60b583b", "StandingValue": -5, "AreOpenlyHostile": true}, "b3d3fa9c-b21e-490f-b39e-128b3af12128": {"FactionID": "b3d3fa9c-b21e-490f-b39e-128b3af12128", "StandingValue": 0, "AreOpenlyHostile": false}, "bdeffd9a-3cab-408c-9cd7-32fce1124f7a": {"FactionID": "bdeffd9a-3cab-408c-9cd7-32fce1124f7a", "StandingValue": 10, "AreOpenlyHostile": false}}}', true, 6, NULL, '{}', '172.18.0.1:57202', false, NULL, false);
INSERT INTO public.users (id, charactername, hashpass, registered, banned, current_shipid, startid, escrow_containerid, current_factionid, reputationsheet, isnpc, behaviourmode, emailaddress, experiencesheet, registeredip, isdev, resettoken, is_trueoriginal) VALUES ('beaaf2d8-6cc0-4591-a8bc-a8ac511500f7', 'Oliviero Rice', '5894fb3a99e314f33bfba4428b176c18303d0068484a5e7790cd389605085926', '2024-07-26 21:33:05.100246+00', B'0', '0b52f762-2a7f-4f26-aa7d-0b8041777fd9', 'f63c1166-0b5d-49d0-b1e6-ac513fbb59ff', 'f8fa1efe-2b1b-4000-b5e3-fe0a0303f25f', 'bdeffd9a-3cab-408c-9cd7-32fce1124f7a', '{"factionEntries": {"27a53dfc-a321-4c12-bf7c-bb177955c95b": {"FactionID": "27a53dfc-a321-4c12-bf7c-bb177955c95b", "StandingValue": -4, "AreOpenlyHostile": true}, "30bc70eb-2692-47e6-a7e3-2772e131c3d7": {"FactionID": "30bc70eb-2692-47e6-a7e3-2772e131c3d7", "StandingValue": -0.5, "AreOpenlyHostile": false}, "506286f5-6613-4481-ac26-caa9940fbe68": {"FactionID": "506286f5-6613-4481-ac26-caa9940fbe68", "StandingValue": -0.5, "AreOpenlyHostile": false}, "559d7fc1-5470-4ab4-8c66-fa2f0b89a523": {"FactionID": "559d7fc1-5470-4ab4-8c66-fa2f0b89a523", "StandingValue": 0.5, "AreOpenlyHostile": false}, "5db2bec7-37c3-4f1c-ab88-21024c12d639": {"FactionID": "5db2bec7-37c3-4f1c-ab88-21024c12d639", "StandingValue": 5, "AreOpenlyHostile": false}, "7decfd86-9c82-4a17-af3b-5d4af8c4e2ad": {"FactionID": "7decfd86-9c82-4a17-af3b-5d4af8c4e2ad", "StandingValue": -3, "AreOpenlyHostile": true}, "a0152cbb-8a78-45a4-ae9b-2ad2b60b583b": {"FactionID": "a0152cbb-8a78-45a4-ae9b-2ad2b60b583b", "StandingValue": -5, "AreOpenlyHostile": true}, "b3d3fa9c-b21e-490f-b39e-128b3af12128": {"FactionID": "b3d3fa9c-b21e-490f-b39e-128b3af12128", "StandingValue": 0, "AreOpenlyHostile": false}, "bdeffd9a-3cab-408c-9cd7-32fce1124f7a": {"FactionID": "bdeffd9a-3cab-408c-9cd7-32fce1124f7a", "StandingValue": 10, "AreOpenlyHostile": false}}}', true, 6, NULL, '{}', '172.18.0.1:57202', false, NULL, false);
