--
-- Data for Name: processes; Type: TABLE DATA; Schema: public; Owner: heliaagent
--

INSERT INTO public.processes (id, name, meta, "time") VALUES ('03471e7f-9265-4e3c-acb7-8c7c56d67801', 'Ore Sink (Generic)', '{}', 99427);
INSERT INTO public.processes (id, name, meta, "time") VALUES ('e763bd26-3a00-44dd-ad9f-c11a214f5bcd', 'Betro Faucet', '{}', 24278);
INSERT INTO public.processes (id, name, meta, "time") VALUES ('76c29e55-e057-4e2e-ac6e-824c19dd5d41', 'Betro Sink', '{}', 68941);
INSERT INTO public.processes (id, name, meta, "time") VALUES ('8178e044-b8fc-4e8f-bd46-ed9ab3d9a66c', 'Ore Faucet (Generic)', '{}', 129600);


--
-- Data for Name: processinputs; Type: TABLE DATA; Schema: public; Owner: heliaagent
--

INSERT INTO public.processinputs (id, itemtypeid, quantity, meta, processid) VALUES ('efe4532c-a430-41e8-ad5e-dd1c01770010', 'dd522f03-2f52-4e82-b2f8-d7e0029cb82f', 25000, '{}', '03471e7f-9265-4e3c-acb7-8c7c56d67801');
INSERT INTO public.processinputs (id, itemtypeid, quantity, meta, processid) VALUES ('0cbf7c99-d66a-4e73-9186-c451bfbbcf22', '56617d30-6c30-425c-84bf-2484ae8c1156', 20000, '{}', '03471e7f-9265-4e3c-acb7-8c7c56d67801');
INSERT INTO public.processinputs (id, itemtypeid, quantity, meta, processid) VALUES ('f46b170c-fac3-4c2b-bb70-339f6936b597', '26a3fc9e-db2f-439d-a929-ba755d11d09c', 15000, '{}', '03471e7f-9265-4e3c-acb7-8c7c56d67801');
INSERT INTO public.processinputs (id, itemtypeid, quantity, meta, processid) VALUES ('d3b0c736-a1bd-4565-94fd-b47ec3192661', '1d0d344b-ef28-43c8-a7a6-3275936b2dea', 10000, '{}', '03471e7f-9265-4e3c-acb7-8c7c56d67801');
INSERT INTO public.processinputs (id, itemtypeid, quantity, meta, processid) VALUES ('bab106c0-ebb6-4e21-80af-6a38362fa4f5', '0cd04eea-a150-410c-91eb-6af00d8c6eae', 9000, '{}', '03471e7f-9265-4e3c-acb7-8c7c56d67801');
INSERT INTO public.processinputs (id, itemtypeid, quantity, meta, processid) VALUES ('0856f46a-7914-48c1-8885-da97ca985534', '39b8eedf-ef80-4c29-a4bf-99abc4d84fa6', 8000, '{}', '03471e7f-9265-4e3c-acb7-8c7c56d67801');
INSERT INTO public.processinputs (id, itemtypeid, quantity, meta, processid) VALUES ('54893f30-fa76-49b3-9797-52c759840b13', 'dd0c9b0a-279e-418e-b3b6-2f569fda0186', 7000, '{}', '03471e7f-9265-4e3c-acb7-8c7c56d67801');
INSERT INTO public.processinputs (id, itemtypeid, quantity, meta, processid) VALUES ('26580712-8092-44ef-a5ec-313c108ca360', '7dcd5138-d7e0-419f-867a-6f0f23b99b5b', 6000, '{}', '03471e7f-9265-4e3c-acb7-8c7c56d67801');
INSERT INTO public.processinputs (id, itemtypeid, quantity, meta, processid) VALUES ('29117d5e-f66d-4252-8516-643f358e0e61', '61f52ba3-654b-45cf-88e3-33399d12350d', 5000, '{}', '03471e7f-9265-4e3c-acb7-8c7c56d67801');
INSERT INTO public.processinputs (id, itemtypeid, quantity, meta, processid) VALUES ('97965463-dad1-4799-b511-be6273372372', '11688112-f3d4-4d30-864a-684a8b96ea23', 4000, '{}', '03471e7f-9265-4e3c-acb7-8c7c56d67801');
INSERT INTO public.processinputs (id, itemtypeid, quantity, meta, processid) VALUES ('fa68bcd0-e6f5-402f-b920-3d33b7dcc0f8', '2ce48bef-f06b-4550-b20c-0e64864db051', 3000, '{}', '03471e7f-9265-4e3c-acb7-8c7c56d67801');
INSERT INTO public.processinputs (id, itemtypeid, quantity, meta, processid) VALUES ('16df64f1-9155-4705-b7bd-f4a0e7ea8d63', '66b7a322-8cfc-4467-9410-492e6b58f159', 2000, '{}', '03471e7f-9265-4e3c-acb7-8c7c56d67801');
INSERT INTO public.processinputs (id, itemtypeid, quantity, meta, processid) VALUES ('fe525e2c-f55f-45c2-8bed-188bbaf74372', 'd1866be4-5c3e-4b95-b6d9-020832338014', 500, '{}', '76c29e55-e057-4e2e-ac6e-824c19dd5d41');


--
-- Data for Name: processoutputs; Type: TABLE DATA; Schema: public; Owner: heliaagent
--

INSERT INTO public.processoutputs (id, itemtypeid, quantity, meta, processid) VALUES ('5748a0df-5a51-4296-9ecf-f24d9181e0be', '66b7a322-8cfc-4467-9410-492e6b58f159', 2000, '{}', '8178e044-b8fc-4e8f-bd46-ed9ab3d9a66c');
INSERT INTO public.processoutputs (id, itemtypeid, quantity, meta, processid) VALUES ('361f1ad9-6f0f-4f61-9f7b-75b329ce56e0', '2ce48bef-f06b-4550-b20c-0e64864db051', 3000, '{}', '8178e044-b8fc-4e8f-bd46-ed9ab3d9a66c');
INSERT INTO public.processoutputs (id, itemtypeid, quantity, meta, processid) VALUES ('f0816cc9-1b2f-4d16-9115-141dbe16e433', '11688112-f3d4-4d30-864a-684a8b96ea23', 4000, '{}', '8178e044-b8fc-4e8f-bd46-ed9ab3d9a66c');
INSERT INTO public.processoutputs (id, itemtypeid, quantity, meta, processid) VALUES ('281d0faa-e1fb-4e38-af67-b735a7ae516d', '61f52ba3-654b-45cf-88e3-33399d12350d', 5000, '{}', '8178e044-b8fc-4e8f-bd46-ed9ab3d9a66c');
INSERT INTO public.processoutputs (id, itemtypeid, quantity, meta, processid) VALUES ('dea944fb-d35a-4c41-a3c0-1ea517783c25', '7dcd5138-d7e0-419f-867a-6f0f23b99b5b', 6000, '{}', '8178e044-b8fc-4e8f-bd46-ed9ab3d9a66c');
INSERT INTO public.processoutputs (id, itemtypeid, quantity, meta, processid) VALUES ('1d797ddf-dc83-439a-ab31-fb74bc1f768f', 'dd0c9b0a-279e-418e-b3b6-2f569fda0186', 7000, '{}', '8178e044-b8fc-4e8f-bd46-ed9ab3d9a66c');
INSERT INTO public.processoutputs (id, itemtypeid, quantity, meta, processid) VALUES ('7cd64b26-3d81-41be-b385-ba556aa839d7', '39b8eedf-ef80-4c29-a4bf-99abc4d84fa6', 8000, '{}', '8178e044-b8fc-4e8f-bd46-ed9ab3d9a66c');
INSERT INTO public.processoutputs (id, itemtypeid, quantity, meta, processid) VALUES ('8d4e4157-deb0-4fca-a051-cb30ef9019a9', '0cd04eea-a150-410c-91eb-6af00d8c6eae', 9000, '{}', '8178e044-b8fc-4e8f-bd46-ed9ab3d9a66c');
INSERT INTO public.processoutputs (id, itemtypeid, quantity, meta, processid) VALUES ('39c79800-05fb-4cf8-a74b-697e7fdc0d40', '1d0d344b-ef28-43c8-a7a6-3275936b2dea', 10000, '{}', '8178e044-b8fc-4e8f-bd46-ed9ab3d9a66c');
INSERT INTO public.processoutputs (id, itemtypeid, quantity, meta, processid) VALUES ('017793c7-b07c-4cbe-9cca-72d85bebd7ee', '26a3fc9e-db2f-439d-a929-ba755d11d09c', 15000, '{}', '8178e044-b8fc-4e8f-bd46-ed9ab3d9a66c');
INSERT INTO public.processoutputs (id, itemtypeid, quantity, meta, processid) VALUES ('dd522f03-2f52-4e82-b2f8-d7e0029cb82f', 'dd522f03-2f52-4e82-b2f8-d7e0029cb82f', 25000, '{}', '8178e044-b8fc-4e8f-bd46-ed9ab3d9a66c');
INSERT INTO public.processoutputs (id, itemtypeid, quantity, meta, processid) VALUES ('9096676e-3f85-4a0a-921b-0d12504e05a3', 'd1866be4-5c3e-4b95-b6d9-020832338014', 500, '{}', 'e763bd26-3a00-44dd-ad9f-c11a214f5bcd');


--
-- Data for Name: stationprocesses; Type: TABLE DATA; Schema: public; Owner: heliaagent
--

INSERT INTO public.stationprocesses (id, universe_stationid, processid, progress, installed, internalstate, meta) VALUES ('4f41fffe-5c30-4505-bb12-0405d87587c9', 'ec137e1d-546f-4ebb-ac99-12973a9669fb', '76c29e55-e057-4e2e-ac6e-824c19dd5d41', 0, false, '{"inputs": null, "outputs": null, "isRunning": false}', 'null');
INSERT INTO public.stationprocesses (id, universe_stationid, processid, progress, installed, internalstate, meta) VALUES ('60553a83-ff2a-43f5-9100-b95d7c52c21e', 'ed87052f-7225-4350-9420-458dd6d02248', '76c29e55-e057-4e2e-ac6e-824c19dd5d41', 0, false, '{"inputs": null, "outputs": null, "isRunning": false}', 'null');
INSERT INTO public.stationprocesses (id, universe_stationid, processid, progress, installed, internalstate, meta) VALUES ('4a3a6e9e-64ad-4721-baa2-7fe9c97a0663', '958865b7-6a5a-440a-81c9-ea040a4ee690', '76c29e55-e057-4e2e-ac6e-824c19dd5d41', 0, false, '{"inputs": null, "outputs": null, "isRunning": false}', 'null');
INSERT INTO public.stationprocesses (id, universe_stationid, processid, progress, installed, internalstate, meta) VALUES ('200c886a-90be-4d95-85e1-efb66f64ddb8', 'e6e14ebc-7098-4fd7-88c5-36a35bbd57c9', '76c29e55-e057-4e2e-ac6e-824c19dd5d41', 0, false, '{"inputs": null, "outputs": null, "isRunning": false}', 'null');
INSERT INTO public.stationprocesses (id, universe_stationid, processid, progress, installed, internalstate, meta) VALUES ('e40e97fb-4406-44c3-8719-37a412ceffdd', '955129f4-d1b2-4418-904b-58ee53790bf3', '76c29e55-e057-4e2e-ac6e-824c19dd5d41', 0, false, '{"inputs": null, "outputs": null, "isRunning": false}', 'null');
INSERT INTO public.stationprocesses (id, universe_stationid, processid, progress, installed, internalstate, meta) VALUES ('dd6f8924-9e1c-4771-a329-a4c5a4cadb7c', 'be4c727d-07f4-460e-9344-c7992ea74c04', '76c29e55-e057-4e2e-ac6e-824c19dd5d41', 0, false, '{"inputs": null, "outputs": null, "isRunning": false}', 'null');
INSERT INTO public.stationprocesses (id, universe_stationid, processid, progress, installed, internalstate, meta) VALUES ('14b8bd2f-86c0-460c-b02f-7faeed29b032', 'aba679c3-35b8-4ade-9d07-b7b8393cf71d', '76c29e55-e057-4e2e-ac6e-824c19dd5d41', 0, false, '{"inputs": null, "outputs": null, "isRunning": false}', 'null');
INSERT INTO public.stationprocesses (id, universe_stationid, processid, progress, installed, internalstate, meta) VALUES ('f2a5b508-2d8f-4158-bf01-8821a974a5eb', '3a898824-bebf-491d-88ea-4c5eae40f477', '76c29e55-e057-4e2e-ac6e-824c19dd5d41', 0, false, '{"inputs": null, "outputs": null, "isRunning": false}', 'null');
INSERT INTO public.stationprocesses (id, universe_stationid, processid, progress, installed, internalstate, meta) VALUES ('d6dcd815-f1ba-4afc-958b-1975c9fc2341', '4fcbf1bd-8466-4a58-b8d3-2f12a9c8be69', '76c29e55-e057-4e2e-ac6e-824c19dd5d41', 0, false, '{"inputs": null, "outputs": null, "isRunning": false}', 'null');
INSERT INTO public.stationprocesses (id, universe_stationid, processid, progress, installed, internalstate, meta) VALUES ('0c4b656c-098b-4818-a1e0-15fe63cfcfd0', '37ca74ef-ac07-4dff-a337-971c11c36e18', '76c29e55-e057-4e2e-ac6e-824c19dd5d41', 0, false, '{"inputs": null, "outputs": null, "isRunning": false}', 'null');
INSERT INTO public.stationprocesses (id, universe_stationid, processid, progress, installed, internalstate, meta) VALUES ('993a5b75-edae-4dbd-9a0c-752a306f5ae7', '5d9f46fa-5999-474f-96cf-37d4984d0963', '76c29e55-e057-4e2e-ac6e-824c19dd5d41', 0, false, '{"inputs": null, "outputs": null, "isRunning": false}', 'null');
INSERT INTO public.stationprocesses (id, universe_stationid, processid, progress, installed, internalstate, meta) VALUES ('a3fa1e9e-e087-4934-9dc2-96bb35b5e2ca', '5108ba98-ce12-4af4-a8cb-8584f3b6e0d6', '76c29e55-e057-4e2e-ac6e-824c19dd5d41', 0, false, '{"inputs": null, "outputs": null, "isRunning": false}', 'null');
INSERT INTO public.stationprocesses (id, universe_stationid, processid, progress, installed, internalstate, meta) VALUES ('e0963dc0-1258-43f7-ba26-531e8990d8ae', '6d289120-4c5c-493d-8c8b-165f1cfb6730', '76c29e55-e057-4e2e-ac6e-824c19dd5d41', 0, false, '{"inputs": null, "outputs": null, "isRunning": false}', 'null');
INSERT INTO public.stationprocesses (id, universe_stationid, processid, progress, installed, internalstate, meta) VALUES ('c5b64297-15a7-4519-a7ba-aa2c8750010d', 'ef591dba-bcad-4ffd-9977-554c6f2895a4', '76c29e55-e057-4e2e-ac6e-824c19dd5d41', 0, false, '{"inputs": null, "outputs": null, "isRunning": false}', 'null');
INSERT INTO public.stationprocesses (id, universe_stationid, processid, progress, installed, internalstate, meta) VALUES ('9e7e9cac-eb4d-4a60-932d-8f5652279510', '0f38e468-f12d-48ee-8cfe-482210917cb5', '76c29e55-e057-4e2e-ac6e-824c19dd5d41', 0, false, '{"inputs": null, "outputs": null, "isRunning": false}', 'null');
INSERT INTO public.stationprocesses (id, universe_stationid, processid, progress, installed, internalstate, meta) VALUES ('9b71c26a-5d54-4308-9a70-a66d3ea48d21', '48235e3a-bc46-4fce-b87d-7101bb602252', '76c29e55-e057-4e2e-ac6e-824c19dd5d41', 0, false, '{"inputs": null, "outputs": null, "isRunning": false}', 'null');
INSERT INTO public.stationprocesses (id, universe_stationid, processid, progress, installed, internalstate, meta) VALUES ('4b9cfa31-1a8c-4879-adcb-ad6353f2f88e', '94821a39-6610-439c-86d0-c04339b16873', '76c29e55-e057-4e2e-ac6e-824c19dd5d41', 0, false, '{"inputs": null, "outputs": null, "isRunning": false}', 'null');
INSERT INTO public.stationprocesses (id, universe_stationid, processid, progress, installed, internalstate, meta) VALUES ('29a762da-f4d7-4e2c-af1a-cc098c2704c7', '589a6742-0d09-43dc-8847-6a55bbef8b1d', '76c29e55-e057-4e2e-ac6e-824c19dd5d41', 0, false, '{"inputs": null, "outputs": null, "isRunning": false}', 'null');
INSERT INTO public.stationprocesses (id, universe_stationid, processid, progress, installed, internalstate, meta) VALUES ('37a23b43-926a-49bd-9f34-6742bdddaf19', 'dae67138-2e4d-4d55-b9af-b537df7835e2', '76c29e55-e057-4e2e-ac6e-824c19dd5d41', 0, false, '{"inputs": null, "outputs": null, "isRunning": false}', 'null');
INSERT INTO public.stationprocesses (id, universe_stationid, processid, progress, installed, internalstate, meta) VALUES ('2ed6ad11-fb9e-4b9c-80e9-1e88bb663491', 'b870619c-733f-4aeb-9943-d05b8ba0cded', '76c29e55-e057-4e2e-ac6e-824c19dd5d41', 0, false, '{"inputs": null, "outputs": null, "isRunning": false}', 'null');
INSERT INTO public.stationprocesses (id, universe_stationid, processid, progress, installed, internalstate, meta) VALUES ('174aed9d-e3a7-4a2f-84ab-53cd7a93c242', '06ec94b2-4be1-4ccd-a96a-ad6805a4af38', '76c29e55-e057-4e2e-ac6e-824c19dd5d41', 0, false, '{"inputs": null, "outputs": null, "isRunning": false}', 'null');
INSERT INTO public.stationprocesses (id, universe_stationid, processid, progress, installed, internalstate, meta) VALUES ('da592765-ee65-4bb6-ae3c-6d7b5fa395b8', 'f7c060cd-11f9-4b65-8351-6331b4f7a28c', '76c29e55-e057-4e2e-ac6e-824c19dd5d41', 0, false, '{"inputs": null, "outputs": null, "isRunning": false}', 'null');
INSERT INTO public.stationprocesses (id, universe_stationid, processid, progress, installed, internalstate, meta) VALUES ('45cd4c61-39e2-44ac-9c77-8b1cccaaf24f', '7d64f1ea-f82f-40b8-b84d-732ad8803482', '76c29e55-e057-4e2e-ac6e-824c19dd5d41', 0, false, '{"inputs": null, "outputs": null, "isRunning": false}', 'null');
INSERT INTO public.stationprocesses (id, universe_stationid, processid, progress, installed, internalstate, meta) VALUES ('f9843182-186b-4ff5-a79b-4a4dbbae856e', '87a2f8dd-569f-46e1-898e-ce87c5b78ddf', '76c29e55-e057-4e2e-ac6e-824c19dd5d41', 0, false, '{"inputs": null, "outputs": null, "isRunning": false}', 'null');
INSERT INTO public.stationprocesses (id, universe_stationid, processid, progress, installed, internalstate, meta) VALUES ('0f144437-8c78-4fd5-94a2-8c6d5d5a29ad', '871ed105-f0c9-495d-b0a5-dc163032b4d3', '76c29e55-e057-4e2e-ac6e-824c19dd5d41', 0, false, '{"inputs": null, "outputs": null, "isRunning": false}', 'null');
INSERT INTO public.stationprocesses (id, universe_stationid, processid, progress, installed, internalstate, meta) VALUES ('99da74fa-bbd3-47f7-9c43-fefe100ed160', '03e81cf9-e308-4eef-a15f-4ceebdad8a52', '76c29e55-e057-4e2e-ac6e-824c19dd5d41', 0, false, '{"inputs": null, "outputs": null, "isRunning": false}', 'null');
INSERT INTO public.stationprocesses (id, universe_stationid, processid, progress, installed, internalstate, meta) VALUES ('b37b9554-b4c2-450e-9841-d76208e9e02c', 'c267a12b-a16f-422a-a6c7-6b4cbc55ff80', '76c29e55-e057-4e2e-ac6e-824c19dd5d41', 0, false, '{"inputs": null, "outputs": null, "isRunning": false}', 'null');
INSERT INTO public.stationprocesses (id, universe_stationid, processid, progress, installed, internalstate, meta) VALUES ('8b0c8dc6-75e2-4988-91dc-bebdffc8eaca', '7189c12b-3f82-44c0-a1e4-ef46fcaa22a0', 'e763bd26-3a00-44dd-ad9f-c11a214f5bcd', 0, false, '{"inputs": null, "outputs": null, "isRunning": false}', 'null');
INSERT INTO public.stationprocesses (id, universe_stationid, processid, progress, installed, internalstate, meta) VALUES ('38cf2894-daf2-4b82-a22b-e62991816050', '52408361-6f4f-466f-97e1-40a8b1fdc11b', 'e763bd26-3a00-44dd-ad9f-c11a214f5bcd', 0, false, '{"inputs": null, "outputs": null, "isRunning": false}', 'null');
INSERT INTO public.stationprocesses (id, universe_stationid, processid, progress, installed, internalstate, meta) VALUES ('bd6e3a54-3ee7-4f43-94f3-5774bde29529', '925e5e69-c852-4994-adbb-1fd5836f4529', 'e763bd26-3a00-44dd-ad9f-c11a214f5bcd', 0, false, '{"inputs": null, "outputs": null, "isRunning": false}', 'null');
INSERT INTO public.stationprocesses (id, universe_stationid, processid, progress, installed, internalstate, meta) VALUES ('893e662a-154a-48b1-88eb-3b6b398e0a77', 'e774133d-9fd2-4940-9a82-3f8260776477', 'e763bd26-3a00-44dd-ad9f-c11a214f5bcd', 0, false, '{"inputs": null, "outputs": null, "isRunning": false}', 'null');
INSERT INTO public.stationprocesses (id, universe_stationid, processid, progress, installed, internalstate, meta) VALUES ('a0af6589-776b-42fa-83ab-b16c1c9fb3bb', '1ebde036-b7d5-4a10-8ba7-a915391a28f1', 'e763bd26-3a00-44dd-ad9f-c11a214f5bcd', 0, false, '{"inputs": null, "outputs": null, "isRunning": false}', 'null');
INSERT INTO public.stationprocesses (id, universe_stationid, processid, progress, installed, internalstate, meta) VALUES ('2055b342-f366-4326-9e77-941b33c75665', '3ff73b5e-c7ed-491e-b7c3-7508bacf1ddf', 'e763bd26-3a00-44dd-ad9f-c11a214f5bcd', 0, false, '{"inputs": null, "outputs": null, "isRunning": false}', 'null');
INSERT INTO public.stationprocesses (id, universe_stationid, processid, progress, installed, internalstate, meta) VALUES ('43dd459f-6adb-4d1b-887b-5de7b9e68b63', '8363411e-f853-41b4-ae6d-c56f9b6b17ec', 'e763bd26-3a00-44dd-ad9f-c11a214f5bcd', 0, false, '{"inputs": null, "outputs": null, "isRunning": false}', 'null');
INSERT INTO public.stationprocesses (id, universe_stationid, processid, progress, installed, internalstate, meta) VALUES ('5f05dee0-d6dc-4aa9-8a14-c6b6e04abd19', '3cec9ff4-9e1b-4da6-8801-3e55666b1927', 'e763bd26-3a00-44dd-ad9f-c11a214f5bcd', 0, false, '{"inputs": null, "outputs": null, "isRunning": false}', 'null');
INSERT INTO public.stationprocesses (id, universe_stationid, processid, progress, installed, internalstate, meta) VALUES ('604e4b11-659a-476b-8716-e3ed6c44720c', 'f48d562f-1e95-440c-b3fb-a0409bb32cb1', 'e763bd26-3a00-44dd-ad9f-c11a214f5bcd', 0, false, '{"inputs": null, "outputs": null, "isRunning": false}', 'null');
INSERT INTO public.stationprocesses (id, universe_stationid, processid, progress, installed, internalstate, meta) VALUES ('fc04ceba-a4b3-4cf8-9cbf-d3dd927623b2', '486743d0-5dbe-446d-a01c-6fa0c8faacb8', 'e763bd26-3a00-44dd-ad9f-c11a214f5bcd', 0, false, '{"inputs": null, "outputs": null, "isRunning": false}', 'null');
INSERT INTO public.stationprocesses (id, universe_stationid, processid, progress, installed, internalstate, meta) VALUES ('be1c6ff5-7255-4a9e-bd2b-fa259494ddd6', '5563d2ef-c4a1-49e8-b7ec-1563b9c3b6a9', 'e763bd26-3a00-44dd-ad9f-c11a214f5bcd', 0, false, '{"inputs": null, "outputs": null, "isRunning": false}', 'null');
INSERT INTO public.stationprocesses (id, universe_stationid, processid, progress, installed, internalstate, meta) VALUES ('36a49e15-cf84-4213-b56f-05ec4e818d1d', 'd3b2dd3b-f406-4a3d-b3cc-9cfdfa7aa258', 'e763bd26-3a00-44dd-ad9f-c11a214f5bcd', 0, false, '{"inputs": null, "outputs": null, "isRunning": false}', 'null');
INSERT INTO public.stationprocesses (id, universe_stationid, processid, progress, installed, internalstate, meta) VALUES ('a5e6ce94-fc95-4f6e-a41c-27e75629c7d6', '38cf1dbc-bbec-4355-93e6-3cda71c7e9a5', 'e763bd26-3a00-44dd-ad9f-c11a214f5bcd', 0, false, '{"inputs": null, "outputs": null, "isRunning": false}', 'null');
INSERT INTO public.stationprocesses (id, universe_stationid, processid, progress, installed, internalstate, meta) VALUES ('54632f95-9a7d-4de5-96aa-0ea6b0b8ac31', '2e2b25bb-60d1-4884-9818-455e013a6727', 'e763bd26-3a00-44dd-ad9f-c11a214f5bcd', 0, false, '{"inputs": null, "outputs": null, "isRunning": false}', 'null');
INSERT INTO public.stationprocesses (id, universe_stationid, processid, progress, installed, internalstate, meta) VALUES ('6e91954a-89e1-4c7f-b11c-9237a9e1f537', '63878ae8-eac0-4333-816f-7690a0cd620f', 'e763bd26-3a00-44dd-ad9f-c11a214f5bcd', 0, false, '{"inputs": null, "outputs": null, "isRunning": false}', 'null');
INSERT INTO public.stationprocesses (id, universe_stationid, processid, progress, installed, internalstate, meta) VALUES ('7f99dfd0-d469-4b9b-b18d-1eac72eb35ef', 'a17d645d-e519-42a7-9e49-121e97246e11', 'e763bd26-3a00-44dd-ad9f-c11a214f5bcd', 0, false, '{"inputs": null, "outputs": null, "isRunning": false}', 'null');
INSERT INTO public.stationprocesses (id, universe_stationid, processid, progress, installed, internalstate, meta) VALUES ('337fe69e-411c-43ab-8162-5ca424eebed4', '4e231c58-4c16-41e5-bb20-7466423838a9', 'e763bd26-3a00-44dd-ad9f-c11a214f5bcd', 0, false, '{"inputs": null, "outputs": null, "isRunning": false}', 'null');
INSERT INTO public.stationprocesses (id, universe_stationid, processid, progress, installed, internalstate, meta) VALUES ('2b65482a-57e2-4145-a50f-dce3d02e9f25', '683bfd67-9a69-4f7f-8cb6-3f11b753f9b3', 'e763bd26-3a00-44dd-ad9f-c11a214f5bcd', 0, false, '{"inputs": null, "outputs": null, "isRunning": false}', 'null');
INSERT INTO public.stationprocesses (id, universe_stationid, processid, progress, installed, internalstate, meta) VALUES ('7a80e44c-d927-4ffb-b516-5acab295d453', 'ad1ac6f9-bf91-46e3-8d33-075cd385b1a9', 'e763bd26-3a00-44dd-ad9f-c11a214f5bcd', 0, false, '{"inputs": null, "outputs": null, "isRunning": false}', 'null');
INSERT INTO public.stationprocesses (id, universe_stationid, processid, progress, installed, internalstate, meta) VALUES ('f425da7f-be63-46f7-aaff-dd9bff5ac46c', '1b9c2ff0-ca84-4085-be4e-157b09ca0024', 'e763bd26-3a00-44dd-ad9f-c11a214f5bcd', 0, false, '{"inputs": null, "outputs": null, "isRunning": false}', 'null');
INSERT INTO public.stationprocesses (id, universe_stationid, processid, progress, installed, internalstate, meta) VALUES ('efd6a45c-98e9-42b4-9097-48a870f1656d', '4114ec5f-d191-4f7b-8d30-b4a857535339', 'e763bd26-3a00-44dd-ad9f-c11a214f5bcd', 0, false, '{"inputs": null, "outputs": null, "isRunning": false}', 'null');
INSERT INTO public.stationprocesses (id, universe_stationid, processid, progress, installed, internalstate, meta) VALUES ('66f09ccf-491b-49ed-969c-f9cfee83bf22', '2899777e-d5d7-4942-b759-5e7780acc78f', 'e763bd26-3a00-44dd-ad9f-c11a214f5bcd', 0, false, '{"inputs": null, "outputs": null, "isRunning": false}', 'null');
INSERT INTO public.stationprocesses (id, universe_stationid, processid, progress, installed, internalstate, meta) VALUES ('3c841252-35e6-4002-9501-b3eff0f373c4', 'ec6ca593-6e7b-4827-b655-31870939e160', 'e763bd26-3a00-44dd-ad9f-c11a214f5bcd', 0, false, '{"inputs": null, "outputs": null, "isRunning": false}', 'null');
INSERT INTO public.stationprocesses (id, universe_stationid, processid, progress, installed, internalstate, meta) VALUES ('2d35a04e-ac81-4bc5-b46f-80db29160969', 'e7b670a7-40b6-4b69-a063-e4c87a6016aa', 'e763bd26-3a00-44dd-ad9f-c11a214f5bcd', 0, false, '{"inputs": null, "outputs": null, "isRunning": false}', 'null');
INSERT INTO public.stationprocesses (id, universe_stationid, processid, progress, installed, internalstate, meta) VALUES ('53122965-c687-4388-817a-f1e0f19ee1b2', 'dcb5aa69-b7d1-465e-b94e-90aa92114569', 'e763bd26-3a00-44dd-ad9f-c11a214f5bcd', 0, false, '{"inputs": null, "outputs": null, "isRunning": false}', 'null');
INSERT INTO public.stationprocesses (id, universe_stationid, processid, progress, installed, internalstate, meta) VALUES ('0f8f523b-8939-4807-a731-943963c91560', '9d2bd459-45c9-4234-b22e-ff2e5ca233b1', 'e763bd26-3a00-44dd-ad9f-c11a214f5bcd', 0, false, '{"inputs": null, "outputs": null, "isRunning": false}', 'null');
INSERT INTO public.stationprocesses (id, universe_stationid, processid, progress, installed, internalstate, meta) VALUES ('ff10b1b0-998a-4b67-9d05-6a0ec0087633', '5c1f1a03-15a5-4e69-8ab7-56f6673dd7d6', 'e763bd26-3a00-44dd-ad9f-c11a214f5bcd', 0, false, '{"inputs": null, "outputs": null, "isRunning": false}', 'null');
INSERT INTO public.stationprocesses (id, universe_stationid, processid, progress, installed, internalstate, meta) VALUES ('aacb222b-fc42-4380-a8f8-6eec108d34ab', 'e4758d74-c80c-4ed1-af84-c0d8116ae8b4', 'e763bd26-3a00-44dd-ad9f-c11a214f5bcd', 0, false, '{"inputs": null, "outputs": null, "isRunning": false}', 'null');
INSERT INTO public.stationprocesses (id, universe_stationid, processid, progress, installed, internalstate, meta) VALUES ('622cc7dd-cec2-4638-9142-737e6f10c401', '3450709a-a93f-49c2-9fe2-ac1dcc7988e7', 'e763bd26-3a00-44dd-ad9f-c11a214f5bcd', 0, false, '{"inputs": null, "outputs": null, "isRunning": false}', 'null');
INSERT INTO public.stationprocesses (id, universe_stationid, processid, progress, installed, internalstate, meta) VALUES ('e884a29e-3b34-4799-a7fc-8aa98c19d783', 'd2af9878-3bd5-452d-897f-d6e3f2ab8e96', 'e763bd26-3a00-44dd-ad9f-c11a214f5bcd', 0, false, '{"inputs": null, "outputs": null, "isRunning": false}', 'null');
INSERT INTO public.stationprocesses (id, universe_stationid, processid, progress, installed, internalstate, meta) VALUES ('60594333-3ba8-45cd-acea-7036322f03d4', 'a932568d-6040-430c-8db4-d0f33ae7d6aa', 'e763bd26-3a00-44dd-ad9f-c11a214f5bcd', 0, false, '{"inputs": null, "outputs": null, "isRunning": false}', 'null');
INSERT INTO public.stationprocesses (id, universe_stationid, processid, progress, installed, internalstate, meta) VALUES ('9a48199f-d57e-448a-8873-bc15897fd0b2', 'c2855d92-e204-43d8-ad3b-082aae9a5841', 'e763bd26-3a00-44dd-ad9f-c11a214f5bcd', 0, false, '{"inputs": null, "outputs": null, "isRunning": false}', 'null');
INSERT INTO public.stationprocesses (id, universe_stationid, processid, progress, installed, internalstate, meta) VALUES ('5b87d742-423e-4ac9-ab35-aa6cc39c0d35', '765c60a8-6bc5-483c-a464-14f3a0140d67', 'e763bd26-3a00-44dd-ad9f-c11a214f5bcd', 0, false, '{"inputs": null, "outputs": null, "isRunning": false}', 'null');
INSERT INTO public.stationprocesses (id, universe_stationid, processid, progress, installed, internalstate, meta) VALUES ('2ae12ee8-4a82-44bd-b0a7-6f37adf19fde', '1338fe4d-6a73-483b-a449-8ddf4845349f', 'e763bd26-3a00-44dd-ad9f-c11a214f5bcd', 0, false, '{"inputs": null, "outputs": null, "isRunning": false}', 'null');
INSERT INTO public.stationprocesses (id, universe_stationid, processid, progress, installed, internalstate, meta) VALUES ('b7d1f3a3-901f-4d8a-8251-c67878cadfc5', 'd9766e14-054b-4b62-b2e9-006a6eb218ec', 'e763bd26-3a00-44dd-ad9f-c11a214f5bcd', 0, false, '{"inputs": null, "outputs": null, "isRunning": false}', 'null');
INSERT INTO public.stationprocesses (id, universe_stationid, processid, progress, installed, internalstate, meta) VALUES ('6faf2510-e54a-4676-abbf-ae9b6095b902', 'f3a6cc4d-5446-4dd4-b8fd-e0389f501294', 'e763bd26-3a00-44dd-ad9f-c11a214f5bcd', 0, false, '{"inputs": null, "outputs": null, "isRunning": false}', 'null');
INSERT INTO public.stationprocesses (id, universe_stationid, processid, progress, installed, internalstate, meta) VALUES ('4092cb46-c225-4245-9881-439d7f9a630f', '0aa97c3a-f627-4795-8a57-7e31f633753d', 'e763bd26-3a00-44dd-ad9f-c11a214f5bcd', 0, false, '{"inputs": null, "outputs": null, "isRunning": false}', 'null');
INSERT INTO public.stationprocesses (id, universe_stationid, processid, progress, installed, internalstate, meta) VALUES ('fc7b1abb-f27d-4e22-8287-710470dc1d8d', 'b669deb3-a490-46f9-8cfc-68ecea4e56ca', 'e763bd26-3a00-44dd-ad9f-c11a214f5bcd', 0, false, '{"inputs": null, "outputs": null, "isRunning": false}', 'null');
INSERT INTO public.stationprocesses (id, universe_stationid, processid, progress, installed, internalstate, meta) VALUES ('da492d26-e19d-445f-9603-fc4f86bf9b5b', '367cfcf2-0ac6-4bf8-965b-e04889e0badd', 'e763bd26-3a00-44dd-ad9f-c11a214f5bcd', 0, false, '{"inputs": null, "outputs": null, "isRunning": false}', 'null');
INSERT INTO public.stationprocesses (id, universe_stationid, processid, progress, installed, internalstate, meta) VALUES ('b376fd8f-1f8b-4221-b919-e1e6601419cf', '3f8ad96b-2180-449b-b9c4-6fc1ca405756', 'e763bd26-3a00-44dd-ad9f-c11a214f5bcd', 0, false, '{"inputs": null, "outputs": null, "isRunning": false}', 'null');
INSERT INTO public.stationprocesses (id, universe_stationid, processid, progress, installed, internalstate, meta) VALUES ('76476b6f-fcd2-470f-8f1a-296c6809ff03', '5a74dc65-20b5-4ea6-b6eb-a03d5ec3857d', 'e763bd26-3a00-44dd-ad9f-c11a214f5bcd', 0, false, '{"inputs": null, "outputs": null, "isRunning": false}', 'null');
INSERT INTO public.stationprocesses (id, universe_stationid, processid, progress, installed, internalstate, meta) VALUES ('e1625f3f-4ea8-4fd7-9139-674aea880b85', 'e54f7263-496c-4a26-b8b0-a36d160e86c7', 'e763bd26-3a00-44dd-ad9f-c11a214f5bcd', 0, false, '{"inputs": null, "outputs": null, "isRunning": false}', 'null');
INSERT INTO public.stationprocesses (id, universe_stationid, processid, progress, installed, internalstate, meta) VALUES ('e2ab7f79-f118-47c8-b348-3be1e479e804', '0cee13e7-d77f-4e3f-96ec-db33d5f0dcc6', 'e763bd26-3a00-44dd-ad9f-c11a214f5bcd', 0, false, '{"inputs": null, "outputs": null, "isRunning": false}', 'null');
INSERT INTO public.stationprocesses (id, universe_stationid, processid, progress, installed, internalstate, meta) VALUES ('2713caf4-17b3-47b3-a692-8172944a8c34', 'd5e1f8ce-d0fd-485b-8b9a-eebec579f6d6', 'e763bd26-3a00-44dd-ad9f-c11a214f5bcd', 0, false, '{"inputs": null, "outputs": null, "isRunning": false}', 'null');
INSERT INTO public.stationprocesses (id, universe_stationid, processid, progress, installed, internalstate, meta) VALUES ('927a2134-fc0e-4dc8-889f-18254b0c7039', 'dcbf2380-64f5-46a0-a69c-2dfd2e3eae75', 'e763bd26-3a00-44dd-ad9f-c11a214f5bcd', 0, false, '{"inputs": null, "outputs": null, "isRunning": false}', 'null');
INSERT INTO public.stationprocesses (id, universe_stationid, processid, progress, installed, internalstate, meta) VALUES ('77a2ee5e-8c50-432e-817f-ac4e49f1d115', '2aee5eb2-5c31-4f1d-9056-0d252bc04e5d', 'e763bd26-3a00-44dd-ad9f-c11a214f5bcd', 0, false, '{"inputs": null, "outputs": null, "isRunning": false}', 'null');
INSERT INTO public.stationprocesses (id, universe_stationid, processid, progress, installed, internalstate, meta) VALUES ('66869816-8867-457a-b9d9-07d8fe5e8623', '44401f00-2c39-4dc6-b6af-04ffece91cca', 'e763bd26-3a00-44dd-ad9f-c11a214f5bcd', 0, false, '{"inputs": null, "outputs": null, "isRunning": false}', 'null');
INSERT INTO public.stationprocesses (id, universe_stationid, processid, progress, installed, internalstate, meta) VALUES ('7d86e2a5-8b3b-44bf-8e96-7b810748280e', '36f84a89-5592-4b91-9170-4fbcd150f52d', 'e763bd26-3a00-44dd-ad9f-c11a214f5bcd', 0, false, '{"inputs": null, "outputs": null, "isRunning": false}', 'null');
INSERT INTO public.stationprocesses (id, universe_stationid, processid, progress, installed, internalstate, meta) VALUES ('9ed35201-6eb5-4d26-8ddf-8cb3037977fa', 'bf99c84f-9fb2-4029-af13-483cd4e1046d', 'e763bd26-3a00-44dd-ad9f-c11a214f5bcd', 0, false, '{"inputs": null, "outputs": null, "isRunning": false}', 'null');
INSERT INTO public.stationprocesses (id, universe_stationid, processid, progress, installed, internalstate, meta) VALUES ('e9fffe2a-a8d4-4a21-9547-c40eacbd8e06', '16890cda-0e2d-40a5-820a-35cf3de58eed', 'e763bd26-3a00-44dd-ad9f-c11a214f5bcd', 0, false, '{"inputs": null, "outputs": null, "isRunning": false}', 'null');
INSERT INTO public.stationprocesses (id, universe_stationid, processid, progress, installed, internalstate, meta) VALUES ('66c92ded-79dd-48f4-9b61-de20fff0795b', '28f4fc73-2923-439f-ac32-7ab25292c8ef', 'e763bd26-3a00-44dd-ad9f-c11a214f5bcd', 0, false, '{"inputs": null, "outputs": null, "isRunning": false}', 'null');
INSERT INTO public.stationprocesses (id, universe_stationid, processid, progress, installed, internalstate, meta) VALUES ('b017317c-baee-4a3b-b9a2-48c63771e4e6', 'e03267d0-1bf9-4bfc-b710-367f285a7e33', 'e763bd26-3a00-44dd-ad9f-c11a214f5bcd', 0, false, '{"inputs": null, "outputs": null, "isRunning": false}', 'null');
INSERT INTO public.stationprocesses (id, universe_stationid, processid, progress, installed, internalstate, meta) VALUES ('495e0588-d052-4c15-bcf3-1b9c08c98402', '692781c6-272b-41a9-8319-c1e05d2cb23b', 'e763bd26-3a00-44dd-ad9f-c11a214f5bcd', 0, false, '{"inputs": null, "outputs": null, "isRunning": false}', 'null');
INSERT INTO public.stationprocesses (id, universe_stationid, processid, progress, installed, internalstate, meta) VALUES ('8ad7314a-93a4-4a6d-8fd4-5548592a65d4', 'd8c787b0-b4cb-4b9a-89b7-92a3c07c9c38', 'e763bd26-3a00-44dd-ad9f-c11a214f5bcd', 0, false, '{"inputs": null, "outputs": null, "isRunning": false}', 'null');
INSERT INTO public.stationprocesses (id, universe_stationid, processid, progress, installed, internalstate, meta) VALUES ('59fc9dd5-79e5-4128-95ea-f1f447a56e6b', '4d14be63-c2cd-479b-bb25-38d4d5b4c6cf', 'e763bd26-3a00-44dd-ad9f-c11a214f5bcd', 0, false, '{"inputs": null, "outputs": null, "isRunning": false}', 'null');
INSERT INTO public.stationprocesses (id, universe_stationid, processid, progress, installed, internalstate, meta) VALUES ('c70bf32e-004f-4cb3-ac51-6d0d504f4382', '6a9e4013-74b2-4a53-be26-57ceadbe2875', 'e763bd26-3a00-44dd-ad9f-c11a214f5bcd', 0, false, '{"inputs": null, "outputs": null, "isRunning": false}', 'null');
INSERT INTO public.stationprocesses (id, universe_stationid, processid, progress, installed, internalstate, meta) VALUES ('95351e91-5af7-40ef-b242-b0e76556055a', 'cf61e6bb-c389-425c-93ae-471c3fc6835b', 'e763bd26-3a00-44dd-ad9f-c11a214f5bcd', 0, false, '{"inputs": null, "outputs": null, "isRunning": false}', 'null');
INSERT INTO public.stationprocesses (id, universe_stationid, processid, progress, installed, internalstate, meta) VALUES ('cdc2a2b8-75ff-4eac-aa3c-8c14b3ab0266', '1141c75d-1f40-4f48-b641-8f88649e8367', 'e763bd26-3a00-44dd-ad9f-c11a214f5bcd', 0, false, '{"inputs": null, "outputs": null, "isRunning": false}', 'null');
INSERT INTO public.stationprocesses (id, universe_stationid, processid, progress, installed, internalstate, meta) VALUES ('0355aa85-3c94-4dfd-a0b3-32522d3299fd', '860a0fc8-bc56-4a5c-83d1-1bc3e2e7cf9e', 'e763bd26-3a00-44dd-ad9f-c11a214f5bcd', 0, false, '{"inputs": null, "outputs": null, "isRunning": false}', 'null');
INSERT INTO public.stationprocesses (id, universe_stationid, processid, progress, installed, internalstate, meta) VALUES ('c7a97558-eb9b-4321-ad2a-0932ee68a746', 'b8d12a1b-52e4-4410-b009-95ffc9db2063', 'e763bd26-3a00-44dd-ad9f-c11a214f5bcd', 0, false, '{"inputs": null, "outputs": null, "isRunning": false}', 'null');
INSERT INTO public.stationprocesses (id, universe_stationid, processid, progress, installed, internalstate, meta) VALUES ('3b2e64fb-5d42-46c2-9b6f-a7060381e3e4', 'd99098c0-333e-408d-a613-e30dfed54895', 'e763bd26-3a00-44dd-ad9f-c11a214f5bcd', 0, false, '{"inputs": null, "outputs": null, "isRunning": false}', 'null');
INSERT INTO public.stationprocesses (id, universe_stationid, processid, progress, installed, internalstate, meta) VALUES ('9ed638d3-1522-4e14-93b3-be1bf9025328', '18ceb3b8-0dfa-473f-8765-ff4daa1648fb', 'e763bd26-3a00-44dd-ad9f-c11a214f5bcd', 0, false, '{"inputs": null, "outputs": null, "isRunning": false}', 'null');
INSERT INTO public.stationprocesses (id, universe_stationid, processid, progress, installed, internalstate, meta) VALUES ('82ecc5a0-5413-475d-b1d9-400e9b2a5533', 'a306a858-2d42-4e57-ac17-cbfb06db826d', 'e763bd26-3a00-44dd-ad9f-c11a214f5bcd', 0, false, '{"inputs": null, "outputs": null, "isRunning": false}', 'null');
INSERT INTO public.stationprocesses (id, universe_stationid, processid, progress, installed, internalstate, meta) VALUES ('acb348d7-dccd-4d40-ae08-0c34b7a08406', '8aff3887-9437-4f66-b4af-6a4d6a048457', 'e763bd26-3a00-44dd-ad9f-c11a214f5bcd', 0, false, '{"inputs": null, "outputs": null, "isRunning": false}', 'null');
INSERT INTO public.stationprocesses (id, universe_stationid, processid, progress, installed, internalstate, meta) VALUES ('5f5588bf-bf12-4851-98e8-734ce67e068a', 'f4b5807b-3d8d-4ac2-831e-bcfa574f7143', 'e763bd26-3a00-44dd-ad9f-c11a214f5bcd', 0, false, '{"inputs": null, "outputs": null, "isRunning": false}', 'null');
INSERT INTO public.stationprocesses (id, universe_stationid, processid, progress, installed, internalstate, meta) VALUES ('f2da3eb0-da25-4c31-aa1f-f959eccba21d', 'f7533e67-3175-4f0a-b719-d1ccefc3a8c8', 'e763bd26-3a00-44dd-ad9f-c11a214f5bcd', 0, false, '{"inputs": null, "outputs": null, "isRunning": false}', 'null');
INSERT INTO public.stationprocesses (id, universe_stationid, processid, progress, installed, internalstate, meta) VALUES ('9579347f-0252-4fea-b589-bee6dc4a3262', '9e6bbfe6-eb2b-48a4-8b0e-94c2c57cadf9', 'e763bd26-3a00-44dd-ad9f-c11a214f5bcd', 0, false, '{"inputs": null, "outputs": null, "isRunning": false}', 'null');
INSERT INTO public.stationprocesses (id, universe_stationid, processid, progress, installed, internalstate, meta) VALUES ('5eb2e89d-70cd-42b8-96e6-62bc01bce3f5', '638c0009-cf22-4bd2-b510-b9329c84df37', 'e763bd26-3a00-44dd-ad9f-c11a214f5bcd', 0, false, '{"inputs": null, "outputs": null, "isRunning": false}', 'null');
INSERT INTO public.stationprocesses (id, universe_stationid, processid, progress, installed, internalstate, meta) VALUES ('a7c96bd4-8477-4627-9052-36d6c4560d1b', '555fa30a-d49a-49a0-a947-34f068017f42', 'e763bd26-3a00-44dd-ad9f-c11a214f5bcd', 0, false, '{"inputs": null, "outputs": null, "isRunning": false}', 'null');
INSERT INTO public.stationprocesses (id, universe_stationid, processid, progress, installed, internalstate, meta) VALUES ('26d3154a-8c08-4390-86b4-5669fe774e59', '9883afa0-fa11-480b-8dfc-36fd7d7ebbbe', 'e763bd26-3a00-44dd-ad9f-c11a214f5bcd', 0, false, '{"inputs": null, "outputs": null, "isRunning": false}', 'null');
INSERT INTO public.stationprocesses (id, universe_stationid, processid, progress, installed, internalstate, meta) VALUES ('6eccaafa-f4f1-413f-bdcf-66bbc4dc3c42', 'e37092a2-e15e-45c9-bd06-c6d7c5dd2dc7', 'e763bd26-3a00-44dd-ad9f-c11a214f5bcd', 0, false, '{"inputs": null, "outputs": null, "isRunning": false}', 'null');
INSERT INTO public.stationprocesses (id, universe_stationid, processid, progress, installed, internalstate, meta) VALUES ('ce588b70-1c9e-4b4c-bde7-7b3e3d3a150d', 'a45507ed-0654-4e7a-9989-04c52913a8ea', 'e763bd26-3a00-44dd-ad9f-c11a214f5bcd', 0, false, '{"inputs": null, "outputs": null, "isRunning": false}', 'null');
INSERT INTO public.stationprocesses (id, universe_stationid, processid, progress, installed, internalstate, meta) VALUES ('7d33bfb1-5558-4161-9575-24cbd308fa0c', '082b43e1-e27a-4422-a5dd-f5863d9cfb4e', 'e763bd26-3a00-44dd-ad9f-c11a214f5bcd', 0, false, '{"inputs": null, "outputs": null, "isRunning": false}', 'null');
INSERT INTO public.stationprocesses (id, universe_stationid, processid, progress, installed, internalstate, meta) VALUES ('a261e72a-71a2-40be-aea3-711188c3f848', '80ff6fa3-b934-470f-8e5e-be226e34dfe8', 'e763bd26-3a00-44dd-ad9f-c11a214f5bcd', 0, false, '{"inputs": null, "outputs": null, "isRunning": false}', 'null');
INSERT INTO public.stationprocesses (id, universe_stationid, processid, progress, installed, internalstate, meta) VALUES ('49f4e8fd-cfdd-43fe-95f8-b39e976abc80', '13e3621a-0383-4264-b9c2-87af19f1ce06', 'e763bd26-3a00-44dd-ad9f-c11a214f5bcd', 0, false, '{"inputs": null, "outputs": null, "isRunning": false}', 'null');
INSERT INTO public.stationprocesses (id, universe_stationid, processid, progress, installed, internalstate, meta) VALUES ('21578318-45f7-43eb-bfbf-ffaf8ff6f524', 'b4e2205c-ad21-4a87-aba7-8bf351876d22', 'e763bd26-3a00-44dd-ad9f-c11a214f5bcd', 0, false, '{"inputs": null, "outputs": null, "isRunning": false}', 'null');
INSERT INTO public.stationprocesses (id, universe_stationid, processid, progress, installed, internalstate, meta) VALUES ('99bcd0ff-64ac-4cd9-a1b7-22ce91b0bcf6', '87e51e6e-2a52-4435-b0a2-e6c39cd11991', 'e763bd26-3a00-44dd-ad9f-c11a214f5bcd', 0, false, '{"inputs": null, "outputs": null, "isRunning": false}', 'null');
INSERT INTO public.stationprocesses (id, universe_stationid, processid, progress, installed, internalstate, meta) VALUES ('378081c2-ee9f-46ad-b869-223eb80f7148', '545d60bc-94ff-41ea-91de-6337fdf6a002', 'e763bd26-3a00-44dd-ad9f-c11a214f5bcd', 0, false, '{"inputs": null, "outputs": null, "isRunning": false}', 'null');
INSERT INTO public.stationprocesses (id, universe_stationid, processid, progress, installed, internalstate, meta) VALUES ('83800a10-d99c-4611-86b6-6634c8b402b4', '698becb3-6335-42f6-96ff-b0af156bab4b', 'e763bd26-3a00-44dd-ad9f-c11a214f5bcd', 0, false, '{"inputs": null, "outputs": null, "isRunning": false}', 'null');
INSERT INTO public.stationprocesses (id, universe_stationid, processid, progress, installed, internalstate, meta) VALUES ('43b7b7a0-6063-4d53-90f4-4f10d336a233', 'b45d75e1-27d1-43ff-b3de-82dc3cbc03b2', 'e763bd26-3a00-44dd-ad9f-c11a214f5bcd', 0, false, '{"inputs": null, "outputs": null, "isRunning": false}', 'null');
INSERT INTO public.stationprocesses (id, universe_stationid, processid, progress, installed, internalstate, meta) VALUES ('139d5071-ce3d-43a2-b099-4ebae667b28f', '529f8de4-ce64-421a-a240-ee850038b82f', '8178e044-b8fc-4e8f-bd46-ed9ab3d9a66c', 0, false, '{"inputs": null, "outputs": null, "isRunning": false}', 'null');
INSERT INTO public.stationprocesses (id, universe_stationid, processid, progress, installed, internalstate, meta) VALUES ('0c18cab8-1b5c-4530-a66e-a185a3af1dd6', '5ffd84f2-5db7-4a1f-944a-b0b538c0eb20', '8178e044-b8fc-4e8f-bd46-ed9ab3d9a66c', 0, false, '{"inputs": null, "outputs": null, "isRunning": false}', 'null');
INSERT INTO public.stationprocesses (id, universe_stationid, processid, progress, installed, internalstate, meta) VALUES ('f1a957df-f4d0-4ba3-aec1-7c2f3aa77dde', '2e49d331-e195-42b4-9e30-9bd38b843c6b', '8178e044-b8fc-4e8f-bd46-ed9ab3d9a66c', 0, false, '{"inputs": null, "outputs": null, "isRunning": false}', 'null');
INSERT INTO public.stationprocesses (id, universe_stationid, processid, progress, installed, internalstate, meta) VALUES ('1b1d7c22-0187-428d-b12a-02c1ef919061', 'af910082-8076-47c1-8d87-7c4fa77c8bd0', '8178e044-b8fc-4e8f-bd46-ed9ab3d9a66c', 0, false, '{"inputs": null, "outputs": null, "isRunning": false}', 'null');
INSERT INTO public.stationprocesses (id, universe_stationid, processid, progress, installed, internalstate, meta) VALUES ('6dfcea25-3607-426a-98ac-e52657ddc418', 'c3947538-2108-4fd6-b494-366502f56e45', '8178e044-b8fc-4e8f-bd46-ed9ab3d9a66c', 0, false, '{"inputs": null, "outputs": null, "isRunning": false}', 'null');
INSERT INTO public.stationprocesses (id, universe_stationid, processid, progress, installed, internalstate, meta) VALUES ('14070b31-2f06-4a36-b6b2-1dfa58f710f2', '23e2ca8a-438d-44df-87d1-1c274879b46f', '8178e044-b8fc-4e8f-bd46-ed9ab3d9a66c', 0, false, '{"inputs": null, "outputs": null, "isRunning": false}', 'null');
INSERT INTO public.stationprocesses (id, universe_stationid, processid, progress, installed, internalstate, meta) VALUES ('a98fd842-d97d-45aa-a29c-9b7d0c2102ab', '64ebc411-7504-4996-ac3a-358d63bcdeb0', '8178e044-b8fc-4e8f-bd46-ed9ab3d9a66c', 0, false, '{"inputs": null, "outputs": null, "isRunning": false}', 'null');
INSERT INTO public.stationprocesses (id, universe_stationid, processid, progress, installed, internalstate, meta) VALUES ('13d55094-8bec-427d-8fda-5484f6950146', '486743d0-5dbe-446d-a01c-6fa0c8faacb8', '8178e044-b8fc-4e8f-bd46-ed9ab3d9a66c', 0, false, '{"inputs": null, "outputs": null, "isRunning": false}', 'null');
INSERT INTO public.stationprocesses (id, universe_stationid, processid, progress, installed, internalstate, meta) VALUES ('78d1cad0-e555-4fca-89be-e58d0fe7cbd0', '3368f040-d253-4674-ba53-d9ccf86a0749', '8178e044-b8fc-4e8f-bd46-ed9ab3d9a66c', 0, false, '{"inputs": null, "outputs": null, "isRunning": false}', 'null');
INSERT INTO public.stationprocesses (id, universe_stationid, processid, progress, installed, internalstate, meta) VALUES ('cb2c8469-f6dc-474d-8890-42642bd9d9de', 'e54f7263-496c-4a26-b8b0-a36d160e86c7', '8178e044-b8fc-4e8f-bd46-ed9ab3d9a66c', 0, false, '{"inputs": null, "outputs": null, "isRunning": false}', 'null');
INSERT INTO public.stationprocesses (id, universe_stationid, processid, progress, installed, internalstate, meta) VALUES ('114018b6-2909-438d-8f50-5f52096384a9', '744e5cc8-f5fe-4ee9-b097-2e7df33442ba', '8178e044-b8fc-4e8f-bd46-ed9ab3d9a66c', 0, false, '{"inputs": null, "outputs": null, "isRunning": false}', 'null');
INSERT INTO public.stationprocesses (id, universe_stationid, processid, progress, installed, internalstate, meta) VALUES ('38ed9f3c-8981-425f-9dec-23344fec172b', '638c0009-cf22-4bd2-b510-b9329c84df37', '8178e044-b8fc-4e8f-bd46-ed9ab3d9a66c', 0, false, '{"inputs": null, "outputs": null, "isRunning": false}', 'null');
INSERT INTO public.stationprocesses (id, universe_stationid, processid, progress, installed, internalstate, meta) VALUES ('98c22129-58e7-436b-9bbd-337414038804', 'aee8094f-450c-4421-93c6-224a201fd666', '8178e044-b8fc-4e8f-bd46-ed9ab3d9a66c', 0, false, '{"inputs": null, "outputs": null, "isRunning": false}', 'null');
INSERT INTO public.stationprocesses (id, universe_stationid, processid, progress, installed, internalstate, meta) VALUES ('f23ecaa4-68ad-4bf8-9fcc-cad1c62e8a06', 'eea9865f-a1d1-4bee-b687-9bafb91de2c5', '8178e044-b8fc-4e8f-bd46-ed9ab3d9a66c', 0, false, '{"inputs": null, "outputs": null, "isRunning": false}', 'null');
INSERT INTO public.stationprocesses (id, universe_stationid, processid, progress, installed, internalstate, meta) VALUES ('3107ea70-2091-4bd7-ba0b-a50fb9719900', 'b40a8eec-d5d7-4d41-8e08-f21db82adc85', '8178e044-b8fc-4e8f-bd46-ed9ab3d9a66c', 0, false, '{"inputs": null, "outputs": null, "isRunning": false}', 'null');
INSERT INTO public.stationprocesses (id, universe_stationid, processid, progress, installed, internalstate, meta) VALUES ('af32f7fe-16fa-4df4-8353-553b6236491a', 'b2765576-4456-4e12-bfb6-13aa7380e41d', '8178e044-b8fc-4e8f-bd46-ed9ab3d9a66c', 0, false, '{"inputs": null, "outputs": null, "isRunning": false}', 'null');
INSERT INTO public.stationprocesses (id, universe_stationid, processid, progress, installed, internalstate, meta) VALUES ('f509d4d0-c1b2-4720-ac59-33d039826b35', '8408df9c-b914-49d9-8586-6237e89e9855', '8178e044-b8fc-4e8f-bd46-ed9ab3d9a66c', 0, false, '{"inputs": null, "outputs": null, "isRunning": false}', 'null');
INSERT INTO public.stationprocesses (id, universe_stationid, processid, progress, installed, internalstate, meta) VALUES ('90be3433-febf-4b49-a14e-a3b0a9da8649', 'e20fa87e-5a48-4225-bdce-294a8b13c1e2', '8178e044-b8fc-4e8f-bd46-ed9ab3d9a66c', 0, false, '{"inputs": null, "outputs": null, "isRunning": false}', 'null');
INSERT INTO public.stationprocesses (id, universe_stationid, processid, progress, installed, internalstate, meta) VALUES ('29db1c24-5ff0-4a3e-b8e6-1283eeb7a2f8', '84e0825f-b3e4-46ed-8161-19cb8a5649ed', '8178e044-b8fc-4e8f-bd46-ed9ab3d9a66c', 0, false, '{"inputs": null, "outputs": null, "isRunning": false}', 'null');
INSERT INTO public.stationprocesses (id, universe_stationid, processid, progress, installed, internalstate, meta) VALUES ('3acec02f-0345-4a00-904e-44bfe9103a75', 'c28b631c-b903-4b73-b717-173fb8c79051', '8178e044-b8fc-4e8f-bd46-ed9ab3d9a66c', 0, false, '{"inputs": null, "outputs": null, "isRunning": false}', 'null');
INSERT INTO public.stationprocesses (id, universe_stationid, processid, progress, installed, internalstate, meta) VALUES ('7b3bf882-e32a-4d99-ac52-e3767ad477db', 'cd6fea48-6646-419b-b7b9-dd7a154ff907', '8178e044-b8fc-4e8f-bd46-ed9ab3d9a66c', 0, false, '{"inputs": null, "outputs": null, "isRunning": false}', 'null');
INSERT INTO public.stationprocesses (id, universe_stationid, processid, progress, installed, internalstate, meta) VALUES ('76167f36-2416-4cf4-8867-0175ea3d4d84', '903fe248-28a5-40c7-a861-519932a2c1b0', '8178e044-b8fc-4e8f-bd46-ed9ab3d9a66c', 0, false, '{"inputs": null, "outputs": null, "isRunning": false}', 'null');
INSERT INTO public.stationprocesses (id, universe_stationid, processid, progress, installed, internalstate, meta) VALUES ('e62d2491-6e18-4875-a60b-56b362c1d628', '9d2bd459-45c9-4234-b22e-ff2e5ca233b1', '8178e044-b8fc-4e8f-bd46-ed9ab3d9a66c', 0, false, '{"inputs": null, "outputs": null, "isRunning": false}', 'null');
INSERT INTO public.stationprocesses (id, universe_stationid, processid, progress, installed, internalstate, meta) VALUES ('70a0a273-efcc-4db4-8c39-e7414a3e8901', '8b477d85-ec9d-4896-b172-0ff7d9720c09', '8178e044-b8fc-4e8f-bd46-ed9ab3d9a66c', 0, false, '{"inputs": null, "outputs": null, "isRunning": false}', 'null');
INSERT INTO public.stationprocesses (id, universe_stationid, processid, progress, installed, internalstate, meta) VALUES ('44f1782e-1acf-48fa-b8ad-93c8d6a83e70', '57d52599-afc6-4373-bb16-62efad2f295b', '8178e044-b8fc-4e8f-bd46-ed9ab3d9a66c', 0, false, '{"inputs": null, "outputs": null, "isRunning": false}', 'null');
INSERT INTO public.stationprocesses (id, universe_stationid, processid, progress, installed, internalstate, meta) VALUES ('82b8a0b5-6344-4654-ba7a-6cc9d2d25945', '02722b86-4518-4e71-916b-b9fe7d9aa32d', '8178e044-b8fc-4e8f-bd46-ed9ab3d9a66c', 0, false, '{"inputs": null, "outputs": null, "isRunning": false}', 'null');
INSERT INTO public.stationprocesses (id, universe_stationid, processid, progress, installed, internalstate, meta) VALUES ('6f539993-4049-4e23-bd0e-1e8f9a4da49e', 'c536edd4-6e3b-4e35-979f-72bf1a5aed3e', '8178e044-b8fc-4e8f-bd46-ed9ab3d9a66c', 0, false, '{"inputs": null, "outputs": null, "isRunning": false}', 'null');
INSERT INTO public.stationprocesses (id, universe_stationid, processid, progress, installed, internalstate, meta) VALUES ('b37f2d15-cb28-4b6e-9fbf-373ca2ed273b', '1a9dcd31-50dc-4655-ba96-c939470268d2', '8178e044-b8fc-4e8f-bd46-ed9ab3d9a66c', 0, false, '{"inputs": null, "outputs": null, "isRunning": false}', 'null');
INSERT INTO public.stationprocesses (id, universe_stationid, processid, progress, installed, internalstate, meta) VALUES ('d3e91bb1-be53-4490-a85e-7d480ae80319', '6a9e4013-74b2-4a53-be26-57ceadbe2875', '8178e044-b8fc-4e8f-bd46-ed9ab3d9a66c', 0, false, '{"inputs": null, "outputs": null, "isRunning": false}', 'null');
INSERT INTO public.stationprocesses (id, universe_stationid, processid, progress, installed, internalstate, meta) VALUES ('a2c5b577-73bd-44d9-b7f3-6dee3b8a9f48', '1886ccbe-5ef4-4b6d-9e76-c59cb31e79a0', '8178e044-b8fc-4e8f-bd46-ed9ab3d9a66c', 0, false, '{"inputs": null, "outputs": null, "isRunning": false}', 'null');
INSERT INTO public.stationprocesses (id, universe_stationid, processid, progress, installed, internalstate, meta) VALUES ('6bfb3f2b-be1a-4999-946c-db6c4d512415', 'b44a8db6-fe7f-47f3-9d8b-a92f8687f2af', '8178e044-b8fc-4e8f-bd46-ed9ab3d9a66c', 0, false, '{"inputs": null, "outputs": null, "isRunning": false}', 'null');
INSERT INTO public.stationprocesses (id, universe_stationid, processid, progress, installed, internalstate, meta) VALUES ('4bd9470c-1814-4ee9-aa9a-da07085eb5b3', '51ce21ca-ddde-4f52-a9db-2788b2c1053a', '8178e044-b8fc-4e8f-bd46-ed9ab3d9a66c', 0, false, '{"inputs": null, "outputs": null, "isRunning": false}', 'null');
INSERT INTO public.stationprocesses (id, universe_stationid, processid, progress, installed, internalstate, meta) VALUES ('2a03da9c-984b-4d73-a2f4-d3e83a25c722', 'd4544791-8704-4282-b41b-714ed28ee6ff', '8178e044-b8fc-4e8f-bd46-ed9ab3d9a66c', 0, false, '{"inputs": null, "outputs": null, "isRunning": false}', 'null');
INSERT INTO public.stationprocesses (id, universe_stationid, processid, progress, installed, internalstate, meta) VALUES ('f2e30114-567b-4ec3-b99c-2e2967cbd5ea', 'dd8506bc-60de-4d01-9b64-4be9a7fe359a', '8178e044-b8fc-4e8f-bd46-ed9ab3d9a66c', 0, false, '{"inputs": null, "outputs": null, "isRunning": false}', 'null');
INSERT INTO public.stationprocesses (id, universe_stationid, processid, progress, installed, internalstate, meta) VALUES ('68cc1249-4429-4dbb-a8de-342b0a06bfaa', '5a78da49-70e7-438d-91e8-9d228ab83a1b', '8178e044-b8fc-4e8f-bd46-ed9ab3d9a66c', 0, false, '{"inputs": null, "outputs": null, "isRunning": false}', 'null');
INSERT INTO public.stationprocesses (id, universe_stationid, processid, progress, installed, internalstate, meta) VALUES ('d325122d-de0a-42c9-affb-ea119111da5b', 'f60d378f-508e-499a-b891-2437e85e4538', '8178e044-b8fc-4e8f-bd46-ed9ab3d9a66c', 0, false, '{"inputs": null, "outputs": null, "isRunning": false}', 'null');
INSERT INTO public.stationprocesses (id, universe_stationid, processid, progress, installed, internalstate, meta) VALUES ('058ff034-c7f1-4b9d-8bdc-3b084fbd3391', '08f8d8ad-5a6c-4aaf-a752-79cac8504792', '8178e044-b8fc-4e8f-bd46-ed9ab3d9a66c', 0, false, '{"inputs": null, "outputs": null, "isRunning": false}', 'null');
INSERT INTO public.stationprocesses (id, universe_stationid, processid, progress, installed, internalstate, meta) VALUES ('a173d1ad-d612-4b4a-a6c7-87b129128aaa', 'af5a6982-4885-4f2f-a04f-e30c4f502db4', '8178e044-b8fc-4e8f-bd46-ed9ab3d9a66c', 0, false, '{"inputs": null, "outputs": null, "isRunning": false}', 'null');
INSERT INTO public.stationprocesses (id, universe_stationid, processid, progress, installed, internalstate, meta) VALUES ('ec4023df-eb5a-4101-aee8-ba6ac857073c', '86fe7cdc-3255-43f7-9641-80474decb109', '8178e044-b8fc-4e8f-bd46-ed9ab3d9a66c', 0, false, '{"inputs": null, "outputs": null, "isRunning": false}', 'null');
INSERT INTO public.stationprocesses (id, universe_stationid, processid, progress, installed, internalstate, meta) VALUES ('22de3140-e3ab-4827-9beb-11ea0708e08c', '24f1798b-55ba-4d4f-b857-6310730625a1', '8178e044-b8fc-4e8f-bd46-ed9ab3d9a66c', 0, false, '{"inputs": null, "outputs": null, "isRunning": false}', 'null');
INSERT INTO public.stationprocesses (id, universe_stationid, processid, progress, installed, internalstate, meta) VALUES ('831e5133-6884-48dc-ba48-b21607d323f3', '83f9e131-3ba6-4ac8-80e9-c8db92c0418e', '8178e044-b8fc-4e8f-bd46-ed9ab3d9a66c', 0, false, '{"inputs": null, "outputs": null, "isRunning": false}', 'null');
INSERT INTO public.stationprocesses (id, universe_stationid, processid, progress, installed, internalstate, meta) VALUES ('dcf13635-3b13-4c9d-a280-37ef5de1b9aa', '9345a612-ed55-4c51-8d63-b8ea6ff01497', '8178e044-b8fc-4e8f-bd46-ed9ab3d9a66c', 0, false, '{"inputs": null, "outputs": null, "isRunning": false}', 'null');
INSERT INTO public.stationprocesses (id, universe_stationid, processid, progress, installed, internalstate, meta) VALUES ('b7e80de7-610e-4319-952d-be439bb605df', '6f7a3f35-8154-4d2e-9c43-663ad235746b', '8178e044-b8fc-4e8f-bd46-ed9ab3d9a66c', 0, false, '{"inputs": null, "outputs": null, "isRunning": false}', 'null');
INSERT INTO public.stationprocesses (id, universe_stationid, processid, progress, installed, internalstate, meta) VALUES ('3c172bd7-48ac-49dd-8613-5db718d4e629', '44a2d068-8ecd-48c0-9176-9efa84c8686a', '8178e044-b8fc-4e8f-bd46-ed9ab3d9a66c', 0, false, '{"inputs": null, "outputs": null, "isRunning": false}', 'null');
INSERT INTO public.stationprocesses (id, universe_stationid, processid, progress, installed, internalstate, meta) VALUES ('0d31064d-0511-425c-8d2e-ec6665cacfad', '37fba1c6-68e0-4e47-9eeb-d36ff0ec396f', '8178e044-b8fc-4e8f-bd46-ed9ab3d9a66c', 0, false, '{"inputs": null, "outputs": null, "isRunning": false}', 'null');
INSERT INTO public.stationprocesses (id, universe_stationid, processid, progress, installed, internalstate, meta) VALUES ('1365769a-56d6-41dc-afc0-36c520261235', '56f68541-fac4-4ea9-88e0-bd05477714d4', '8178e044-b8fc-4e8f-bd46-ed9ab3d9a66c', 0, false, '{"inputs": null, "outputs": null, "isRunning": false}', 'null');
INSERT INTO public.stationprocesses (id, universe_stationid, processid, progress, installed, internalstate, meta) VALUES ('360a3c49-128f-4bf1-ad8b-a45a138e8750', '6dd7b47c-117a-44cc-9892-1d5ef5189245', '8178e044-b8fc-4e8f-bd46-ed9ab3d9a66c', 0, false, '{"inputs": null, "outputs": null, "isRunning": false}', 'null');
INSERT INTO public.stationprocesses (id, universe_stationid, processid, progress, installed, internalstate, meta) VALUES ('3a6a0802-3c77-4dec-92ae-f725a2fb3722', '4d27e95a-7cc9-410b-8dba-3b2dd421f0c5', '8178e044-b8fc-4e8f-bd46-ed9ab3d9a66c', 0, false, '{"inputs": null, "outputs": null, "isRunning": false}', 'null');
INSERT INTO public.stationprocesses (id, universe_stationid, processid, progress, installed, internalstate, meta) VALUES ('95a35211-7d95-40ca-8137-129e8550e2db', 'a31a931f-1c07-4e50-bbe9-54db27ee8e68', '8178e044-b8fc-4e8f-bd46-ed9ab3d9a66c', 0, false, '{"inputs": null, "outputs": null, "isRunning": false}', 'null');
INSERT INTO public.stationprocesses (id, universe_stationid, processid, progress, installed, internalstate, meta) VALUES ('2405ad84-8425-4bc0-a2fa-c70aaab195a1', '6ffa1969-4a19-4b34-b91f-07f8a5482c91', '8178e044-b8fc-4e8f-bd46-ed9ab3d9a66c', 0, false, '{"inputs": null, "outputs": null, "isRunning": false}', 'null');
INSERT INTO public.stationprocesses (id, universe_stationid, processid, progress, installed, internalstate, meta) VALUES ('e9b3dd95-c051-4d31-88aa-69e140228ed1', '092f5679-97c4-4981-9135-763cdc4b5ee0', '8178e044-b8fc-4e8f-bd46-ed9ab3d9a66c', 0, false, '{"inputs": null, "outputs": null, "isRunning": false}', 'null');
INSERT INTO public.stationprocesses (id, universe_stationid, processid, progress, installed, internalstate, meta) VALUES ('fde7fd3e-a50f-495f-80c6-204e588b7746', 'ac102125-787f-4629-a11a-63ab0eaee696', '8178e044-b8fc-4e8f-bd46-ed9ab3d9a66c', 0, false, '{"inputs": null, "outputs": null, "isRunning": false}', 'null');
INSERT INTO public.stationprocesses (id, universe_stationid, processid, progress, installed, internalstate, meta) VALUES ('16f32676-d6f2-42ce-bacb-d43f50b2ffc7', 'b905d3fc-bd7e-4356-a0e9-d1a7135bf53d', '8178e044-b8fc-4e8f-bd46-ed9ab3d9a66c', 0, false, '{"inputs": null, "outputs": null, "isRunning": false}', 'null');
INSERT INTO public.stationprocesses (id, universe_stationid, processid, progress, installed, internalstate, meta) VALUES ('f79aa1c1-3c30-436d-85a5-2c3c5b5d1f19', '35fe5549-440b-4c56-a2fd-b7cdc40e3d9e', '8178e044-b8fc-4e8f-bd46-ed9ab3d9a66c', 0, false, '{"inputs": null, "outputs": null, "isRunning": false}', 'null');
INSERT INTO public.stationprocesses (id, universe_stationid, processid, progress, installed, internalstate, meta) VALUES ('cd01dc13-cf0f-43a1-b00e-2f11534e7b49', '70b8a4f9-e413-47e6-975f-315f409af9f8', '8178e044-b8fc-4e8f-bd46-ed9ab3d9a66c', 0, false, '{"inputs": null, "outputs": null, "isRunning": false}', 'null');
INSERT INTO public.stationprocesses (id, universe_stationid, processid, progress, installed, internalstate, meta) VALUES ('09e6720b-a2c6-4cf5-9ca6-697152c29358', '94426063-833f-49bb-84d7-438507feca14', '8178e044-b8fc-4e8f-bd46-ed9ab3d9a66c', 0, false, '{"inputs": null, "outputs": null, "isRunning": false}', 'null');
INSERT INTO public.stationprocesses (id, universe_stationid, processid, progress, installed, internalstate, meta) VALUES ('62478466-f9e3-4308-94b8-204bbbd0c753', 'c8a1b88b-1af2-4ba7-b6e9-542eca20cd0e', '8178e044-b8fc-4e8f-bd46-ed9ab3d9a66c', 0, false, '{"inputs": null, "outputs": null, "isRunning": false}', 'null');
INSERT INTO public.stationprocesses (id, universe_stationid, processid, progress, installed, internalstate, meta) VALUES ('5cffab43-c426-4790-bc79-0c61695d04f6', '3249453d-ebd6-4dab-92d6-c2d742304cfa', '8178e044-b8fc-4e8f-bd46-ed9ab3d9a66c', 0, false, '{"inputs": null, "outputs": null, "isRunning": false}', 'null');
INSERT INTO public.stationprocesses (id, universe_stationid, processid, progress, installed, internalstate, meta) VALUES ('72d6c5b0-6448-419b-83a1-a6cfa32cd7d5', '2dff3d02-f722-44b3-9e69-dc661594fc82', '8178e044-b8fc-4e8f-bd46-ed9ab3d9a66c', 0, false, '{"inputs": null, "outputs": null, "isRunning": false}', 'null');
INSERT INTO public.stationprocesses (id, universe_stationid, processid, progress, installed, internalstate, meta) VALUES ('dd033409-0758-42c6-937d-a4ebb64b8bc2', 'eaea63c5-88df-40eb-bd97-9fbb4cb25e95', '8178e044-b8fc-4e8f-bd46-ed9ab3d9a66c', 0, false, '{"inputs": null, "outputs": null, "isRunning": false}', 'null');
INSERT INTO public.stationprocesses (id, universe_stationid, processid, progress, installed, internalstate, meta) VALUES ('5984c3b7-c101-457b-8822-c632ae3ababf', '5699bc79-0e47-4091-abb6-46c4d1380123', '8178e044-b8fc-4e8f-bd46-ed9ab3d9a66c', 0, false, '{"inputs": null, "outputs": null, "isRunning": false}', 'null');
INSERT INTO public.stationprocesses (id, universe_stationid, processid, progress, installed, internalstate, meta) VALUES ('86be8066-6f20-4a0c-897f-fe6a8efef2a0', 'd0ef3217-89d0-4d67-9321-984e643692ef', '8178e044-b8fc-4e8f-bd46-ed9ab3d9a66c', 0, false, '{"inputs": null, "outputs": null, "isRunning": false}', 'null');
INSERT INTO public.stationprocesses (id, universe_stationid, processid, progress, installed, internalstate, meta) VALUES ('d1f6e1bc-19db-47c6-bcf1-bdb7cb67a582', '46dd66c2-6b99-4e83-a30e-4dd33a2eae23', '8178e044-b8fc-4e8f-bd46-ed9ab3d9a66c', 0, false, '{"inputs": null, "outputs": null, "isRunning": false}', 'null');
INSERT INTO public.stationprocesses (id, universe_stationid, processid, progress, installed, internalstate, meta) VALUES ('834463fd-89cd-4562-ad31-c62e68430236', '26120161-fb7f-42aa-9b40-741f78456179', '8178e044-b8fc-4e8f-bd46-ed9ab3d9a66c', 0, false, '{"inputs": null, "outputs": null, "isRunning": false}', 'null');
INSERT INTO public.stationprocesses (id, universe_stationid, processid, progress, installed, internalstate, meta) VALUES ('bcbbb2a9-318f-4b88-943c-67a3693b263a', '1efe8ee9-9076-4e0d-812c-e1e1f4a92660', '8178e044-b8fc-4e8f-bd46-ed9ab3d9a66c', 0, false, '{"inputs": null, "outputs": null, "isRunning": false}', 'null');
INSERT INTO public.stationprocesses (id, universe_stationid, processid, progress, installed, internalstate, meta) VALUES ('ce9b6984-1abc-4815-a8c5-6998fee188de', 'e1ac7bdf-fc40-4400-a25c-e689dbb224c6', '8178e044-b8fc-4e8f-bd46-ed9ab3d9a66c', 0, false, '{"inputs": null, "outputs": null, "isRunning": false}', 'null');
INSERT INTO public.stationprocesses (id, universe_stationid, processid, progress, installed, internalstate, meta) VALUES ('870b42a1-e14c-4591-b9fc-3b0ec468a298', '50fc6fd2-6e81-4632-92d3-2d0fc42b4c07', '8178e044-b8fc-4e8f-bd46-ed9ab3d9a66c', 0, false, '{"inputs": null, "outputs": null, "isRunning": false}', 'null');
INSERT INTO public.stationprocesses (id, universe_stationid, processid, progress, installed, internalstate, meta) VALUES ('5547c5c2-e23a-4f66-ba2a-f0b9ef2e1e16', 'd354771f-586d-469b-8651-8c1494a5482c', '8178e044-b8fc-4e8f-bd46-ed9ab3d9a66c', 0, false, '{"inputs": null, "outputs": null, "isRunning": false}', 'null');
INSERT INTO public.stationprocesses (id, universe_stationid, processid, progress, installed, internalstate, meta) VALUES ('0e8e8677-d3cf-408e-818a-ace2891ab961', '9d4c21dc-0f0e-4c39-96e5-1a1fd83ae6fe', '8178e044-b8fc-4e8f-bd46-ed9ab3d9a66c', 0, false, '{"inputs": null, "outputs": null, "isRunning": false}', 'null');
INSERT INTO public.stationprocesses (id, universe_stationid, processid, progress, installed, internalstate, meta) VALUES ('af1788f4-7fa2-4ead-80ed-9d2889ed84bc', 'f1c438d0-a310-4d1b-895e-a21ee75c0c88', '8178e044-b8fc-4e8f-bd46-ed9ab3d9a66c', 0, false, '{"inputs": null, "outputs": null, "isRunning": false}', 'null');
INSERT INTO public.stationprocesses (id, universe_stationid, processid, progress, installed, internalstate, meta) VALUES ('f3511018-b591-4220-b806-9b1a84be9ca0', 'bbacd2cf-d4c7-422b-880c-db7e30b97c00', '03471e7f-9265-4e3c-acb7-8c7c56d67801', 0, false, '{"inputs": null, "outputs": null, "isRunning": false}', 'null');
INSERT INTO public.stationprocesses (id, universe_stationid, processid, progress, installed, internalstate, meta) VALUES ('e398b917-3db2-4f30-8b63-d7839badda53', '515628f5-7eff-4284-8010-7c850167d4b2', '03471e7f-9265-4e3c-acb7-8c7c56d67801', 0, false, '{"inputs": null, "outputs": null, "isRunning": false}', 'null');
INSERT INTO public.stationprocesses (id, universe_stationid, processid, progress, installed, internalstate, meta) VALUES ('c9ef2a14-4064-41c2-9ade-814b6b8b558a', '1f592c44-ab3d-4e7b-89b0-ce2e66e968e9', '03471e7f-9265-4e3c-acb7-8c7c56d67801', 0, false, '{"inputs": null, "outputs": null, "isRunning": false}', 'null');
INSERT INTO public.stationprocesses (id, universe_stationid, processid, progress, installed, internalstate, meta) VALUES ('16dbfe18-93a7-4958-9677-36083015e25d', '04133095-03ff-4f88-94cc-c3d3d8300a43', '03471e7f-9265-4e3c-acb7-8c7c56d67801', 0, false, '{"inputs": null, "outputs": null, "isRunning": false}', 'null');
INSERT INTO public.stationprocesses (id, universe_stationid, processid, progress, installed, internalstate, meta) VALUES ('a152bc3e-6d76-4475-bc97-7d421a96acad', '961e25ce-54c0-400b-a2a4-195c0893ba61', '03471e7f-9265-4e3c-acb7-8c7c56d67801', 0, false, '{"inputs": null, "outputs": null, "isRunning": false}', 'null');
INSERT INTO public.stationprocesses (id, universe_stationid, processid, progress, installed, internalstate, meta) VALUES ('b3b6716d-4c2b-4838-a14d-9fb01f887cb1', 'd1848fe9-3756-4880-bbb5-8280f853f92b', '03471e7f-9265-4e3c-acb7-8c7c56d67801', 0, false, '{"inputs": null, "outputs": null, "isRunning": false}', 'null');
INSERT INTO public.stationprocesses (id, universe_stationid, processid, progress, installed, internalstate, meta) VALUES ('e5326489-9d84-41ba-b8f7-e20fe186a9c0', '72436fce-8687-4f60-9d9d-c7c26fbab765', '03471e7f-9265-4e3c-acb7-8c7c56d67801', 0, false, '{"inputs": null, "outputs": null, "isRunning": false}', 'null');
INSERT INTO public.stationprocesses (id, universe_stationid, processid, progress, installed, internalstate, meta) VALUES ('300c79e3-debe-4ea8-bb31-7a014cd79e39', 'b4d96946-b4cb-4b30-91ad-82ec4e6496ed', '03471e7f-9265-4e3c-acb7-8c7c56d67801', 0, false, '{"inputs": null, "outputs": null, "isRunning": false}', 'null');
INSERT INTO public.stationprocesses (id, universe_stationid, processid, progress, installed, internalstate, meta) VALUES ('baf908b6-212b-4f8d-9116-e8200ad387b7', '826fb99b-94cf-49e2-aefe-7acf0bbb7134', '03471e7f-9265-4e3c-acb7-8c7c56d67801', 0, false, '{"inputs": null, "outputs": null, "isRunning": false}', 'null');
INSERT INTO public.stationprocesses (id, universe_stationid, processid, progress, installed, internalstate, meta) VALUES ('0406585b-c609-4736-8f62-852f421a2c3c', 'b15482eb-337a-4359-952d-011a2a913d77', '03471e7f-9265-4e3c-acb7-8c7c56d67801', 0, false, '{"inputs": null, "outputs": null, "isRunning": false}', 'null');
INSERT INTO public.stationprocesses (id, universe_stationid, processid, progress, installed, internalstate, meta) VALUES ('2c3a19f9-c515-4fa6-a97a-d7501edcd037', 'd386b967-61b5-4532-a9ec-19a2b5104797', '03471e7f-9265-4e3c-acb7-8c7c56d67801', 0, false, '{"inputs": null, "outputs": null, "isRunning": false}', 'null');
INSERT INTO public.stationprocesses (id, universe_stationid, processid, progress, installed, internalstate, meta) VALUES ('60fcaea0-ea15-4609-b172-2b1443ecc59a', 'aafb3863-5114-47e7-a793-329c5a185ac7', '03471e7f-9265-4e3c-acb7-8c7c56d67801', 0, false, '{"inputs": null, "outputs": null, "isRunning": false}', 'null');
INSERT INTO public.stationprocesses (id, universe_stationid, processid, progress, installed, internalstate, meta) VALUES ('a018bd4a-a0b2-4055-9333-8d97c630dc28', '0f4909e0-90aa-4fb4-a6b8-5b1cb8423545', '03471e7f-9265-4e3c-acb7-8c7c56d67801', 0, false, '{"inputs": null, "outputs": null, "isRunning": false}', 'null');
INSERT INTO public.stationprocesses (id, universe_stationid, processid, progress, installed, internalstate, meta) VALUES ('2ff3d454-2feb-4207-9199-24e6747fe1b4', '532f70ce-6f80-4a15-acf2-3d360cf19fa5', '03471e7f-9265-4e3c-acb7-8c7c56d67801', 0, false, '{"inputs": null, "outputs": null, "isRunning": false}', 'null');
INSERT INTO public.stationprocesses (id, universe_stationid, processid, progress, installed, internalstate, meta) VALUES ('ab952d55-1422-4b3d-8c12-bcc1464f7fd4', '91833e7e-dcea-47fd-8fe0-bdf0ff0a052a', '03471e7f-9265-4e3c-acb7-8c7c56d67801', 0, false, '{"inputs": null, "outputs": null, "isRunning": false}', 'null');
INSERT INTO public.stationprocesses (id, universe_stationid, processid, progress, installed, internalstate, meta) VALUES ('976c4739-258b-4139-890c-530ea3f6b8b1', '1bc5085a-7850-4d0d-8d45-995c70e3bd30', '03471e7f-9265-4e3c-acb7-8c7c56d67801', 0, false, '{"inputs": null, "outputs": null, "isRunning": false}', 'null');
INSERT INTO public.stationprocesses (id, universe_stationid, processid, progress, installed, internalstate, meta) VALUES ('879e64e6-b7b2-4b8a-a793-c4082951cb3f', '6719eaee-c535-4725-827b-2a3a325472d4', '03471e7f-9265-4e3c-acb7-8c7c56d67801', 0, false, '{"inputs": null, "outputs": null, "isRunning": false}', 'null');
INSERT INTO public.stationprocesses (id, universe_stationid, processid, progress, installed, internalstate, meta) VALUES ('b8c4ad63-2b22-4c97-9b7f-733920636de5', '11de27d7-2ea7-4069-878e-7aabc9b763f7', '03471e7f-9265-4e3c-acb7-8c7c56d67801', 0, false, '{"inputs": null, "outputs": null, "isRunning": false}', 'null');
INSERT INTO public.stationprocesses (id, universe_stationid, processid, progress, installed, internalstate, meta) VALUES ('1863d3ea-437b-4f77-9e8b-41e0da9c0461', '08f8d8ad-5a6c-4aaf-a752-79cac8504792', '03471e7f-9265-4e3c-acb7-8c7c56d67801', 0, false, '{"inputs": null, "outputs": null, "isRunning": false}', 'null');
INSERT INTO public.stationprocesses (id, universe_stationid, processid, progress, installed, internalstate, meta) VALUES ('f6dc89c9-b545-4c72-bb9f-3a5a6fa0810a', 'b33764f7-49ec-4eaa-a490-2e0023067555', '03471e7f-9265-4e3c-acb7-8c7c56d67801', 0, false, '{"inputs": null, "outputs": null, "isRunning": false}', 'null');
INSERT INTO public.stationprocesses (id, universe_stationid, processid, progress, installed, internalstate, meta) VALUES ('069a6cb9-5b04-4d0d-8e35-95b21cd4ce2d', '59b355bc-2c2f-4ed6-89b6-9c02c6c99a27', '03471e7f-9265-4e3c-acb7-8c7c56d67801', 0, false, '{"inputs": null, "outputs": null, "isRunning": false}', 'null');
INSERT INTO public.stationprocesses (id, universe_stationid, processid, progress, installed, internalstate, meta) VALUES ('396e505a-d1e0-45dd-96a2-7662e1b8c6a9', 'eb63b86c-0608-4e15-b2f8-5702025271b5', '03471e7f-9265-4e3c-acb7-8c7c56d67801', 0, false, '{"inputs": null, "outputs": null, "isRunning": false}', 'null');
INSERT INTO public.stationprocesses (id, universe_stationid, processid, progress, installed, internalstate, meta) VALUES ('409bbb9b-0e50-4a70-8025-a8a9f6070f22', 'ed0153ae-c7ed-48cc-9678-b145a1bf126c', '03471e7f-9265-4e3c-acb7-8c7c56d67801', 0, false, '{"inputs": null, "outputs": null, "isRunning": false}', 'null');
INSERT INTO public.stationprocesses (id, universe_stationid, processid, progress, installed, internalstate, meta) VALUES ('f7982c09-5a0a-4439-8145-69c4bcea9d59', '6e8f75fe-ced3-4e1d-806f-52a80f7e4eea', '03471e7f-9265-4e3c-acb7-8c7c56d67801', 0, false, '{"inputs": null, "outputs": null, "isRunning": false}', 'null');
INSERT INTO public.stationprocesses (id, universe_stationid, processid, progress, installed, internalstate, meta) VALUES ('8a059393-991d-429b-8e4f-773d1d307af8', 'a0ce7cbd-7dc8-4b9b-85ab-68a0ad8608f1', '03471e7f-9265-4e3c-acb7-8c7c56d67801', 0, false, '{"inputs": null, "outputs": null, "isRunning": false}', 'null');
INSERT INTO public.stationprocesses (id, universe_stationid, processid, progress, installed, internalstate, meta) VALUES ('c6f3c7b5-9031-47d2-a70d-407e4ba4a3e3', '6b6d1bc8-b401-46e6-8392-aa71a8b893c9', '03471e7f-9265-4e3c-acb7-8c7c56d67801', 0, false, '{"inputs": null, "outputs": null, "isRunning": false}', 'null');
INSERT INTO public.stationprocesses (id, universe_stationid, processid, progress, installed, internalstate, meta) VALUES ('4ae8b827-6aa0-4536-a918-955bdaace6ab', '6c5d6da5-df57-44d6-89de-f86c4f091f8f', '03471e7f-9265-4e3c-acb7-8c7c56d67801', 0, false, '{"inputs": null, "outputs": null, "isRunning": false}', 'null');
INSERT INTO public.stationprocesses (id, universe_stationid, processid, progress, installed, internalstate, meta) VALUES ('3b135c6e-8ced-4ba3-8cd8-877f4fa82672', 'a47c482d-e9fb-41d2-a1d1-c959748629b4', '03471e7f-9265-4e3c-acb7-8c7c56d67801', 0, false, '{"inputs": null, "outputs": null, "isRunning": false}', 'null');
INSERT INTO public.stationprocesses (id, universe_stationid, processid, progress, installed, internalstate, meta) VALUES ('8d4eebb2-6cce-4bdc-8cb8-d8c33937f51b', 'b05d94e8-cf0a-4d88-9081-ba6a9c094039', '03471e7f-9265-4e3c-acb7-8c7c56d67801', 0, false, '{"inputs": null, "outputs": null, "isRunning": false}', 'null');
INSERT INTO public.stationprocesses (id, universe_stationid, processid, progress, installed, internalstate, meta) VALUES ('4052bdb0-bc72-4ce6-a210-7ed944010f52', 'ed78f272-a8e3-4abb-b8af-7aa83d9e95bb', '03471e7f-9265-4e3c-acb7-8c7c56d67801', 0, false, '{"inputs": null, "outputs": null, "isRunning": false}', 'null');
INSERT INTO public.stationprocesses (id, universe_stationid, processid, progress, installed, internalstate, meta) VALUES ('7206b6c7-dcb2-42fd-99e6-b4bb50741952', 'e2ab5e96-c516-403e-b8c2-e79723b5c039', '03471e7f-9265-4e3c-acb7-8c7c56d67801', 0, false, '{"inputs": null, "outputs": null, "isRunning": false}', 'null');
INSERT INTO public.stationprocesses (id, universe_stationid, processid, progress, installed, internalstate, meta) VALUES ('9fa3e213-b0f5-4ceb-88ee-6591ef73bce8', '4c0c239e-ddcd-4fb7-8842-ea7bfa791121', '03471e7f-9265-4e3c-acb7-8c7c56d67801', 0, false, '{"inputs": null, "outputs": null, "isRunning": false}', 'null');
INSERT INTO public.stationprocesses (id, universe_stationid, processid, progress, installed, internalstate, meta) VALUES ('5f9c101a-6196-4781-9d34-7b2d1a038444', 'e3a6357d-1faa-4067-bdde-227714eb8cfe', '03471e7f-9265-4e3c-acb7-8c7c56d67801', 0, false, '{"inputs": null, "outputs": null, "isRunning": false}', 'null');
INSERT INTO public.stationprocesses (id, universe_stationid, processid, progress, installed, internalstate, meta) VALUES ('ac1153bf-fcb3-49e1-972a-b1b8c8e1ff8f', '40923619-cb48-44c3-8ec7-a72de0f18cd9', '03471e7f-9265-4e3c-acb7-8c7c56d67801', 0, false, '{"inputs": null, "outputs": null, "isRunning": false}', 'null');
INSERT INTO public.stationprocesses (id, universe_stationid, processid, progress, installed, internalstate, meta) VALUES ('508bf410-7b51-4bfb-b084-f78f91a42fd8', '3238bd4c-8d11-48b8-bc2a-b7363aeb0808', '03471e7f-9265-4e3c-acb7-8c7c56d67801', 0, false, '{"inputs": null, "outputs": null, "isRunning": false}', 'null');
INSERT INTO public.stationprocesses (id, universe_stationid, processid, progress, installed, internalstate, meta) VALUES ('333021f3-16ad-4921-b3eb-91c004e4d136', '659e7e45-dccb-4b52-afe6-7b4b75ba7999', '03471e7f-9265-4e3c-acb7-8c7c56d67801', 0, false, '{"inputs": null, "outputs": null, "isRunning": false}', 'null');
INSERT INTO public.stationprocesses (id, universe_stationid, processid, progress, installed, internalstate, meta) VALUES ('52140626-4a09-4dae-b1c3-24d8530b2c32', '08b42bb2-a17c-41b1-89df-2d19efd24d10', '03471e7f-9265-4e3c-acb7-8c7c56d67801', 0, false, '{"inputs": null, "outputs": null, "isRunning": false}', 'null');
INSERT INTO public.stationprocesses (id, universe_stationid, processid, progress, installed, internalstate, meta) VALUES ('b55051c9-e084-461c-b7fa-acc0f89624b4', 'c26e43a4-4015-414a-8bf4-37f2b1b885f9', '03471e7f-9265-4e3c-acb7-8c7c56d67801', 0, false, '{"inputs": null, "outputs": null, "isRunning": false}', 'null');
INSERT INTO public.stationprocesses (id, universe_stationid, processid, progress, installed, internalstate, meta) VALUES ('a15519e8-13be-4d2c-9ba6-9e5387df0df5', 'de9a0c5f-37e5-4ab9-b9db-82a802d0cd0c', '03471e7f-9265-4e3c-acb7-8c7c56d67801', 0, false, '{"inputs": null, "outputs": null, "isRunning": false}', 'null');
INSERT INTO public.stationprocesses (id, universe_stationid, processid, progress, installed, internalstate, meta) VALUES ('98f91c51-0ef2-4a05-b4eb-462b4dd004f7', '423e1a2e-0660-4878-9db7-b449c2542631', '03471e7f-9265-4e3c-acb7-8c7c56d67801', 0, false, '{"inputs": null, "outputs": null, "isRunning": false}', 'null');
INSERT INTO public.stationprocesses (id, universe_stationid, processid, progress, installed, internalstate, meta) VALUES ('5fb2fa9f-6865-474f-9a77-4ca4611cf8b4', '221a84e2-d568-4d32-a8cf-981e354f5f78', '03471e7f-9265-4e3c-acb7-8c7c56d67801', 0, false, '{"inputs": null, "outputs": null, "isRunning": false}', 'null');
INSERT INTO public.stationprocesses (id, universe_stationid, processid, progress, installed, internalstate, meta) VALUES ('2c4ce0fa-c743-4596-9b36-90afae3ef30f', 'fd70e080-9fa4-4a2f-952c-42a32b13823b', '03471e7f-9265-4e3c-acb7-8c7c56d67801', 0, false, '{"inputs": null, "outputs": null, "isRunning": false}', 'null');
INSERT INTO public.stationprocesses (id, universe_stationid, processid, progress, installed, internalstate, meta) VALUES ('a00d6904-caab-4fe4-95b5-1629f1d54d88', 'ff371015-8edc-4584-9049-1d531e71690b', '03471e7f-9265-4e3c-acb7-8c7c56d67801', 0, false, '{"inputs": null, "outputs": null, "isRunning": false}', 'null');
INSERT INTO public.stationprocesses (id, universe_stationid, processid, progress, installed, internalstate, meta) VALUES ('eb848502-84ef-48a8-becb-cf4a38a31fab', 'f60d378f-508e-499a-b891-2437e85e4538', '03471e7f-9265-4e3c-acb7-8c7c56d67801', 0, false, '{"inputs": null, "outputs": null, "isRunning": false}', 'null');
INSERT INTO public.stationprocesses (id, universe_stationid, processid, progress, installed, internalstate, meta) VALUES ('a3a038b2-b945-4006-9d54-13caee60a91b', '920508ed-ad53-4215-8f7c-9e511bf51634', '03471e7f-9265-4e3c-acb7-8c7c56d67801', 0, false, '{"inputs": null, "outputs": null, "isRunning": false}', 'null');
INSERT INTO public.stationprocesses (id, universe_stationid, processid, progress, installed, internalstate, meta) VALUES ('118e02cd-379a-4472-9d6e-c04763167a0e', 'b4e2205c-ad21-4a87-aba7-8bf351876d22', '03471e7f-9265-4e3c-acb7-8c7c56d67801', 0, false, '{"inputs": null, "outputs": null, "isRunning": false}', 'null');
INSERT INTO public.stationprocesses (id, universe_stationid, processid, progress, installed, internalstate, meta) VALUES ('a2656b21-dd21-4415-a386-ddb51a58b59b', 'e20fa87e-5a48-4225-bdce-294a8b13c1e2', '03471e7f-9265-4e3c-acb7-8c7c56d67801', 0, false, '{"inputs": null, "outputs": null, "isRunning": false}', 'null');
INSERT INTO public.stationprocesses (id, universe_stationid, processid, progress, installed, internalstate, meta) VALUES ('7aa163ad-4c31-4383-858d-1a23cf018df3', '45548883-a93b-4ddc-909c-d935dd9e2401', '03471e7f-9265-4e3c-acb7-8c7c56d67801', 0, false, '{"inputs": null, "outputs": null, "isRunning": false}', 'null');
INSERT INTO public.stationprocesses (id, universe_stationid, processid, progress, installed, internalstate, meta) VALUES ('7121aeb2-1652-43b1-bca4-0afe70e3ff7e', 'b9c9a300-8255-4339-afac-ae38e22aa6ad', '03471e7f-9265-4e3c-acb7-8c7c56d67801', 0, false, '{"inputs": null, "outputs": null, "isRunning": false}', 'null');
INSERT INTO public.stationprocesses (id, universe_stationid, processid, progress, installed, internalstate, meta) VALUES ('a7f09efd-6f8f-4d9c-88a9-4efc671165b6', 'd8c787b0-b4cb-4b9a-89b7-92a3c07c9c38', '03471e7f-9265-4e3c-acb7-8c7c56d67801', 0, false, '{"inputs": null, "outputs": null, "isRunning": false}', 'null');
INSERT INTO public.stationprocesses (id, universe_stationid, processid, progress, installed, internalstate, meta) VALUES ('311d2914-c4fe-4a73-891f-d225bbefe9ed', 'ab2e7d1b-3c84-4c9d-a82a-aba4652c4ced', '03471e7f-9265-4e3c-acb7-8c7c56d67801', 0, false, '{"inputs": null, "outputs": null, "isRunning": false}', 'null');
INSERT INTO public.stationprocesses (id, universe_stationid, processid, progress, installed, internalstate, meta) VALUES ('91b04f9c-fae0-4eea-bfd1-906376f3ece4', 'a578748a-e14f-4b4b-b3bd-94857f4fe3c9', '03471e7f-9265-4e3c-acb7-8c7c56d67801', 0, false, '{"inputs": null, "outputs": null, "isRunning": false}', 'null');
INSERT INTO public.stationprocesses (id, universe_stationid, processid, progress, installed, internalstate, meta) VALUES ('e9fef98f-b17e-4d21-87bf-33a91f979c8e', '206119c5-735a-4ebb-be40-4caa9df66d96', '03471e7f-9265-4e3c-acb7-8c7c56d67801', 0, false, '{"inputs": null, "outputs": null, "isRunning": false}', 'null');
INSERT INTO public.stationprocesses (id, universe_stationid, processid, progress, installed, internalstate, meta) VALUES ('8277995b-8ba1-49f1-a2f6-8cd12148c115', '4c7d21fd-d413-4077-a8cd-9edde720ac28', '03471e7f-9265-4e3c-acb7-8c7c56d67801', 0, false, '{"inputs": null, "outputs": null, "isRunning": false}', 'null');
INSERT INTO public.stationprocesses (id, universe_stationid, processid, progress, installed, internalstate, meta) VALUES ('26433c1e-9f2a-4471-a2bd-ecbf629eba79', 'a932568d-6040-430c-8db4-d0f33ae7d6aa', '03471e7f-9265-4e3c-acb7-8c7c56d67801', 0, false, '{"inputs": null, "outputs": null, "isRunning": false}', 'null');
INSERT INTO public.stationprocesses (id, universe_stationid, processid, progress, installed, internalstate, meta) VALUES ('021480f4-e357-4f59-99de-9350c3a2a73c', '89ddada6-6397-4406-bb88-e8c32c7a75e2', '03471e7f-9265-4e3c-acb7-8c7c56d67801', 0, false, '{"inputs": null, "outputs": null, "isRunning": false}', 'null');
INSERT INTO public.stationprocesses (id, universe_stationid, processid, progress, installed, internalstate, meta) VALUES ('d5f0db97-b444-4ac9-bda6-65fe75b72e03', '8727cc33-2ac3-42ea-b84a-be4c5cf2123c', '03471e7f-9265-4e3c-acb7-8c7c56d67801', 0, false, '{"inputs": null, "outputs": null, "isRunning": false}', 'null');
INSERT INTO public.stationprocesses (id, universe_stationid, processid, progress, installed, internalstate, meta) VALUES ('c5b7c7e5-b795-4ed3-8115-e39f494df958', 'db74f253-c311-4d6b-a463-f8075308da0c', '03471e7f-9265-4e3c-acb7-8c7c56d67801', 0, false, '{"inputs": null, "outputs": null, "isRunning": false}', 'null');
INSERT INTO public.stationprocesses (id, universe_stationid, processid, progress, installed, internalstate, meta) VALUES ('bb9a2a01-87b9-4243-8e6c-3a864d19231e', 'e6d7c19a-c54a-4956-aa37-e365c0c80d0f', '03471e7f-9265-4e3c-acb7-8c7c56d67801', 0, false, '{"inputs": null, "outputs": null, "isRunning": false}', 'null');
INSERT INTO public.stationprocesses (id, universe_stationid, processid, progress, installed, internalstate, meta) VALUES ('2b03cc68-13a5-45df-90da-a49e8baac47d', '1c15bb2d-9dbb-4dd1-8720-56baf4f749e8', '03471e7f-9265-4e3c-acb7-8c7c56d67801', 0, false, '{"inputs": null, "outputs": null, "isRunning": false}', 'null');
INSERT INTO public.stationprocesses (id, universe_stationid, processid, progress, installed, internalstate, meta) VALUES ('20d5c3cb-cc10-47b9-a391-a1f63130ee0b', '17bad11b-11c0-451e-801c-af2b1f831696', '03471e7f-9265-4e3c-acb7-8c7c56d67801', 0, false, '{"inputs": null, "outputs": null, "isRunning": false}', 'null');
INSERT INTO public.stationprocesses (id, universe_stationid, processid, progress, installed, internalstate, meta) VALUES ('01d6837b-4b5a-4a66-90b3-3bd82927a2c7', '3cab46e0-6690-4026-ab2a-0ce647c95444', '03471e7f-9265-4e3c-acb7-8c7c56d67801', 0, false, '{"inputs": null, "outputs": null, "isRunning": false}', 'null');
INSERT INTO public.stationprocesses (id, universe_stationid, processid, progress, installed, internalstate, meta) VALUES ('c62b1ac3-9a85-4d76-98af-368ed245714a', 'd67875b8-6dfa-4aa4-87e9-783d88b45c69', '03471e7f-9265-4e3c-acb7-8c7c56d67801', 0, false, '{"inputs": null, "outputs": null, "isRunning": false}', 'null');
INSERT INTO public.stationprocesses (id, universe_stationid, processid, progress, installed, internalstate, meta) VALUES ('698124b0-81d8-4dc6-a850-c2447c619f59', '176aa06b-bac7-4201-a86b-340294d7c5ab', '03471e7f-9265-4e3c-acb7-8c7c56d67801', 0, false, '{"inputs": null, "outputs": null, "isRunning": false}', 'null');
INSERT INTO public.stationprocesses (id, universe_stationid, processid, progress, installed, internalstate, meta) VALUES ('d44ce082-f4df-4faa-991c-393c3187128a', 'bc958f6e-ab17-4940-809a-4cb7ff88ca0b', '03471e7f-9265-4e3c-acb7-8c7c56d67801', 0, false, '{"inputs": null, "outputs": null, "isRunning": false}', 'null');
INSERT INTO public.stationprocesses (id, universe_stationid, processid, progress, installed, internalstate, meta) VALUES ('8f2ba82a-d1a6-4b8d-95a3-2282c24e2502', '2ae21a70-095d-4da1-aa57-bca9df644fa1', '03471e7f-9265-4e3c-acb7-8c7c56d67801', 0, false, '{"inputs": null, "outputs": null, "isRunning": false}', 'null');
INSERT INTO public.stationprocesses (id, universe_stationid, processid, progress, installed, internalstate, meta) VALUES ('5ef9a3dc-4368-4b50-9fac-8ec66efaed42', '500dd26e-99ab-41d9-ab17-ad43c1c65ee2', '03471e7f-9265-4e3c-acb7-8c7c56d67801', 0, false, '{"inputs": null, "outputs": null, "isRunning": false}', 'null');
INSERT INTO public.stationprocesses (id, universe_stationid, processid, progress, installed, internalstate, meta) VALUES ('0fff8e24-701f-4fca-a4e0-b4c66f4fb8ae', '178b878c-cfd4-4f5b-9753-31b30e4435e3', '03471e7f-9265-4e3c-acb7-8c7c56d67801', 0, false, '{"inputs": null, "outputs": null, "isRunning": false}', 'null');
INSERT INTO public.stationprocesses (id, universe_stationid, processid, progress, installed, internalstate, meta) VALUES ('c27640a7-6485-4735-ba3e-7084adcf0d0e', '45dbf9ee-e2e2-4036-a518-b345f5027bd4', '03471e7f-9265-4e3c-acb7-8c7c56d67801', 0, false, '{"inputs": null, "outputs": null, "isRunning": false}', 'null');
INSERT INTO public.stationprocesses (id, universe_stationid, processid, progress, installed, internalstate, meta) VALUES ('7b06f739-23c4-4729-8141-fa19cfea90f5', '772a6e91-b548-4793-b9ed-4e01f7d12cae', '03471e7f-9265-4e3c-acb7-8c7c56d67801', 0, false, '{"inputs": null, "outputs": null, "isRunning": false}', 'null');
INSERT INTO public.stationprocesses (id, universe_stationid, processid, progress, installed, internalstate, meta) VALUES ('cfb85d91-4fec-4957-99d9-8749d1273547', '9c39ba64-1f2c-416e-9026-ca5aaa692505', '03471e7f-9265-4e3c-acb7-8c7c56d67801', 0, false, '{"inputs": null, "outputs": null, "isRunning": false}', 'null');
INSERT INTO public.stationprocesses (id, universe_stationid, processid, progress, installed, internalstate, meta) VALUES ('dc89237c-853e-4339-8154-7ff605d7f0d3', '6a9e4013-74b2-4a53-be26-57ceadbe2875', '03471e7f-9265-4e3c-acb7-8c7c56d67801', 0, false, '{"inputs": null, "outputs": null, "isRunning": false}', 'null');
INSERT INTO public.stationprocesses (id, universe_stationid, processid, progress, installed, internalstate, meta) VALUES ('f281ad5c-4c52-485b-9f08-ed110789471f', '5a362974-e0c9-4ca2-be27-c8c2cb90d82c', '03471e7f-9265-4e3c-acb7-8c7c56d67801', 0, false, '{"inputs": null, "outputs": null, "isRunning": false}', 'null');
INSERT INTO public.stationprocesses (id, universe_stationid, processid, progress, installed, internalstate, meta) VALUES ('1084d570-9543-4dc5-8f06-d4a4bdf46b4e', 'e1a93a3e-0015-4d2c-a09b-535d3393aab1', '03471e7f-9265-4e3c-acb7-8c7c56d67801', 0, false, '{"inputs": null, "outputs": null, "isRunning": false}', 'null');
